student_id,course_type,institute_tier,region,cgpa,internship_months,employer_tier,iqi,behavioral_activity_score,field_demand_score,macro_climate_index,monthly_emi,placed_3m,placed_6m,placed_12m,actual_salary
AMCAT-203097,Engineering,B,Hyderabad,7.8,5,SME,0.305,58,53,0.84,15000,0,0,1,420000
AMCAT-579905,Engineering,B,Mumbai,7.01,6,MNC,0.391,59,48,0.78,11500,0,0,0,500000
AMCAT-810601,Engineering,B,Delhi NCR,7.0,5,SME,0.287,76,50,0.88,16000,1,1,1,325000
AMCAT-267447,Engineering,A,Delhi NCR,7.46,5,MNC,0.346,50,53,0.84,20500,1,1,1,1100000
AMCAT-343523,Engineering,B,Delhi NCR,7.39,5,Startup,0.307,26,48,0.78,9000,0,0,0,200000
AMCAT-1027655,Engineering,B,Bengaluru,7.63,5,SME,0.325,25,48,0.88,10500,1,1,1,300000
AMCAT-947847,Engineering,B,Bengaluru,7.3,4,SME,0.263,76,52,0.88,14500,1,1,1,300000
AMCAT-912934,Engineering,A,Chennai,8.58,4,SME,0.317,60,57,0.93,17000,1,1,1,400000
AMCAT-552574,Engineering,A,Delhi NCR,8.5,4,MNC,0.34,52,49,0.76,18000,1,1,1,600000
AMCAT-1203363,Engineering,B,Chennai,7.8,4,Startup,0.322,20,48,0.88,12000,1,1,1,230000
AMCAT-087291,Engineering,B,Mumbai,7.49,4,MNC,0.297,55,53,0.87,16000,0,0,1,600000
AMCAT-190393,Engineering,A,Mumbai,7.23,5,SME,0.34,39,50,0.84,20000,1,1,1,450000
AMCAT-606655,Engineering,B,Mumbai,6.0,4,Startup,0.268,60,46,0.76,14000,0,1,1,270000
AMCAT-431800,Engineering,B,Delhi NCR,6.0,4,Startup,0.293,48,48,0.78,17000,0,0,0,200000
AMCAT-1279958,Engineering,B,Delhi NCR,6.77,4,SME,0.301,75,53,0.76,15000,1,1,1,300000
AMCAT-536517,Engineering,B,Delhi NCR,6.3,4,SME,0.255,97,50,0.78,12000,0,0,0,350000
AMCAT-1087625,Engineering,B,Delhi NCR,6.48,4,SME,0.344,81,48,0.88,15000,1,1,1,325000
AMCAT-711342,Engineering,B,Delhi NCR,6.95,5,Startup,0.277,70,52,0.76,11500,0,0,1,120000
AMCAT-466888,Engineering,B,Delhi NCR,7.63,3,SME,0.256,63,53,0.78,16000,0,0,0,325000
AMCAT-140069,Engineering,B,Bengaluru,7.82,3,SME,0.269,63,53,0.87,14000,0,1,1,320000
AMCAT-339689,Engineering,B,Delhi NCR,7.4,4,Startup,0.26,16,50,0.78,13500,1,1,1,200000
AMCAT-995191,Engineering,B,Hyderabad,7.6,3,Startup,0.25,19,48,0.76,12500,0,1,1,190000
AMCAT-990077,Engineering,B,Bengaluru,5.55,2,Startup,0.188,0,48,0.88,17000,1,1,1,180000
AMCAT-963123,Engineering,B,Hyderabad,7.6,4,SME,0.339,69,52,0.88,13500,1,1,1,335000
AMCAT-350211,Engineering,B,Delhi NCR,7.8,5,SME,0.325,44,52,0.78,13000,1,1,1,435000
AMCAT-065096,Engineering,B,Chennai,6.62,3,SME,0.217,31,53,0.87,13000,0,0,1,345000
AMCAT-810458,Engineering,B,Delhi NCR,7.64,5,SME,0.309,78,48,0.88,15500,1,1,1,300000
AMCAT-918981,Engineering,B,Delhi NCR,7.2,4,Startup,0.288,72,48,0.91,15000,1,1,1,145000
AMCAT-472956,Engineering,B,Delhi NCR,6.8,3,Startup,0.243,0,50,0.88,15000,0,1,1,220000
AMCAT-192703,Engineering,B,Hyderabad,7.72,5,MNC,0.295,57,53,0.84,15000,0,1,1,530000
AMCAT-1094324,Engineering,B,Chennai,7.1,5,SME,0.28,83,52,0.88,19500,1,1,1,340000
AMCAT-580616,Engineering,A,Delhi NCR,7.93,4,SME,0.251,16,53,0.76,17000,0,1,1,360000
AMCAT-1208010,Engineering,B,Chennai,7.43,5,Startup,0.318,47,50,0.88,12500,0,1,1,145000
AMCAT-1073190,Engineering,B,Delhi NCR,7.09,4,Startup,0.252,100,52,0.76,12000,0,0,0,215000
AMCAT-942679,Engineering,B,Delhi NCR,6.5,5,SME,0.277,73,48,0.84,15500,0,0,0,350000
AMCAT-602377,Engineering,A,Hyderabad,7.41,5,Startup,0.271,40,53,0.76,21000,1,1,1,270000
AMCAT-922508,Engineering,B,Delhi NCR,6.39,5,Startup,0.28,76,48,0.88,13500,1,1,1,80000
AMCAT-533417,Engineering,B,Bengaluru,7.64,5,Startup,0.335,84,48,0.78,12000,0,0,1,200000
AMCAT-245887,Engineering,B,Delhi NCR,6.02,4,Startup,0.28,54,57,0.84,12000,1,1,1,120000
AMCAT-955678,Engineering,B,Delhi NCR,6.6,4,Startup,0.26,29,52,0.88,15500,1,1,1,145000
AMCAT-895673,Engineering,A,Delhi NCR,7.1,5,SME,0.359,53,50,0.88,20000,1,1,1,350000
AMCAT-1207660,Engineering,B,Hyderabad,7.1,2,Startup,0.187,18,48,0.88,15500,1,1,1,120000
AMCAT-247617,Engineering,B,Bengaluru,9.21,5,SME,0.275,52,53,0.84,12500,0,0,1,380000
AMCAT-1230582,Engineering,B,Chennai,7.9,3,Startup,0.248,43,57,0.88,14500,1,1,1,110000
AMCAT-592833,Engineering,B,Delhi NCR,7.4,4,Startup,0.247,64,52,0.78,14500,0,0,0,205000
AMCAT-434621,Engineering,B,Chennai,7.7,5,Startup,0.277,26,53,0.78,14500,0,1,1,95000
AMCAT-338428,Engineering,B,Mumbai,7.4,4,SME,0.303,22,52,0.76,16000,1,1,1,390000
AMCAT-305559,Engineering,B,Bengaluru,5.75,4,Startup,0.271,100,50,0.84,14500,0,0,1,270000
AMCAT-852310,Engineering,B,Hyderabad,5.78,4,Startup,0.285,31,32,0.76,15500,0,0,0,120000
AMCAT-794209,Engineering,B,Delhi NCR,5.76,3,SME,0.265,71,52,0.88,14000,0,0,1,400000
AMCAT-1082717,Engineering,B,Chennai,8.0,4,SME,0.305,52,52,0.88,14500,1,1,1,350000
AMCAT-989860,Engineering,B,Bengaluru,6.77,5,Startup,0.309,36,52,0.88,15500,1,1,1,250000
AMCAT-416752,Engineering,B,Delhi NCR,6.82,5,Startup,0.282,58,48,0.84,10500,0,0,0,240000
AMCAT-294700,Engineering,B,Hyderabad,8.08,4,MNC,0.312,49,48,0.84,13000,0,0,1,525000
AMCAT-1063642,Engineering,B,Delhi NCR,6.69,5,Startup,0.299,28,48,0.76,13000,1,1,1,200000
AMCAT-536053,Engineering,B,Bengaluru,5.5,4,Startup,0.253,37,53,0.84,12500,1,1,1,120000
AMCAT-652717,Engineering,B,Hyderabad,7.0,4,SME,0.216,34,50,0.76,13500,0,1,1,305000
AMCAT-940402,Engineering,B,Chennai,8.5,4,SME,0.201,84,52,0.88,17500,0,1,1,300000
AMCAT-1218578,Engineering,B,Delhi NCR,6.53,3,Startup,0.269,34,48,0.88,12000,1,1,1,145000
AMCAT-636871,Engineering,B,Delhi NCR,6.93,4,Startup,0.234,0,57,0.76,16500,0,0,0,150000
AMCAT-031330,Engineering,A,Delhi NCR,7.21,4,MNC,0.318,62,50,0.87,14000,1,1,1,600000
AMCAT-1044453,Engineering,B,Chennai,7.0,4,SME,0.322,82,49,0.76,13000,0,0,1,310000
AMCAT-125529,Engineering,B,Hyderabad,7.61,4,SME,0.305,58,48,0.87,14500,0,0,1,455000
AMCAT-810433,Engineering,B,Delhi NCR,7.15,4,SME,0.297,0,48,0.88,15500,1,1,1,400000
AMCAT-086373,Engineering,B,Chennai,7.76,5,Startup,0.288,55,53,0.87,16000,1,1,1,150000
AMCAT-1237891,Engineering,B,Delhi NCR,7.0,4,Startup,0.284,61,52,0.91,16000,1,1,1,250000
AMCAT-801755,Engineering,B,Hyderabad,7.64,5,SME,0.352,0,52,0.76,13000,0,0,1,320000
AMCAT-1089599,Engineering,B,Mumbai,6.12,4,Startup,0.305,100,50,0.76,13000,0,0,1,250000
AMCAT-1230478,Engineering,B,Bengaluru,6.0,5,Startup,0.31,84,52,0.88,16000,1,1,1,200000
AMCAT-982400,Engineering,B,Delhi NCR,6.7,5,Startup,0.277,60,52,0.88,13500,1,1,1,240000
AMCAT-1225896,Engineering,B,Mumbai,7.5,4,Startup,0.212,53,52,0.76,11000,0,0,0,120000
AMCAT-1067148,Engineering,B,Bengaluru,7.58,4,SME,0.295,51,48,0.88,11000,1,1,1,300000
AMCAT-361583,Engineering,B,Bengaluru,8.76,5,MNC,0.305,53,53,0.78,11500,1,1,1,800000
AMCAT-754392,Engineering,B,Chennai,6.32,3,Startup,0.226,47,52,0.76,15000,0,0,0,120000
AMCAT-1168608,Engineering,B,Bengaluru,7.35,3,SME,0.264,75,48,0.88,14500,0,1,1,325000
AMCAT-1089852,Engineering,B,Hyderabad,7.86,3,Startup,0.262,61,48,0.76,15500,1,1,1,100000
AMCAT-1098869,Engineering,B,Delhi NCR,7.41,6,SME,0.368,62,52,0.88,13000,1,1,1,300000
AMCAT-661546,Engineering,B,Delhi NCR,6.94,5,Startup,0.271,57,48,0.76,14500,0,0,0,280000
AMCAT-087067,Engineering,B,Mumbai,7.62,4,Startup,0.248,40,52,0.87,15500,0,0,0,215000
AMCAT-836060,Engineering,B,Delhi NCR,5.5,3,Startup,0.237,45,48,0.88,13000,1,1,1,145000
AMCAT-1255801,Engineering,B,Delhi NCR,6.31,5,SME,0.291,100,48,0.91,15000,1,1,1,315000
AMCAT-662008,Engineering,B,Chennai,7.11,3,Startup,0.227,93,53,0.76,12500,0,1,1,100000
AMCAT-1259641,Engineering,B,Delhi NCR,7.08,5,Startup,0.308,85,52,0.76,13000,0,0,0,220000
AMCAT-525290,Engineering,B,Chennai,7.99,5,SME,0.292,69,50,0.78,13000,0,0,1,370000
AMCAT-324269,Engineering,B,Mumbai,6.0,4,Startup,0.307,96,46,0.78,11000,0,0,1,145000
AMCAT-1151485,Engineering,B,Bengaluru,7.74,4,Startup,0.233,74,48,0.76,15000,0,0,1,275000
AMCAT-1250429,Engineering,B,Hyderabad,6.6,4,MNC,0.207,76,52,0.76,13000,0,0,0,1500000
AMCAT-1274522,Engineering,B,Mumbai,6.6,4,SME,0.266,57,50,0.88,14000,0,1,1,325000
AMCAT-843467,Engineering,B,Chennai,6.15,5,Startup,0.272,90,49,0.76,15000,1,1,1,275000
AMCAT-318391,Engineering,B,Hyderabad,8.82,4,SME,0.269,60,50,0.78,15000,1,1,1,425000
AMCAT-060260,Engineering,B,Delhi NCR,6.4,4,SME,0.306,39,50,0.87,15500,0,0,1,450000
AMCAT-1026621,Engineering,B,Hyderabad,7.01,6,SME,0.36,81,52,0.88,14000,1,1,1,300000
AMCAT-112994,Engineering,B,Delhi NCR,7.78,4,SME,0.305,65,50,0.87,13000,0,0,1,470000
AMCAT-1085716,Engineering,B,Delhi NCR,8.0,3,SME,0.255,95,50,0.76,14000,0,0,1,300000
AMCAT-043693,Engineering,B,Chennai,6.67,2,Startup,0.187,42,49,0.87,10000,0,0,0,205000
AMCAT-836781,Engineering,B,Mumbai,6.5,5,SME,0.306,100,48,0.78,10500,0,0,1,310000
AMCAT-682615,Engineering,B,Delhi NCR,7.0,3,SME,0.176,62,53,0.76,10500,0,0,0,300000
AMCAT-773975,Engineering,B,Delhi NCR,6.3,5,SME,0.312,8,52,0.76,11500,1,1,1,460000
AMCAT-1190941,Engineering,B,Hyderabad,7.2,5,SME,0.283,64,48,0.88,15000,0,0,1,320000
AMCAT-957046,Engineering,B,Delhi NCR,6.97,6,SME,0.374,71,50,0.88,11500,0,1,1,340000
AMCAT-1074693,Engineering,B,Delhi NCR,6.22,4,Startup,0.215,3,52,0.76,13000,0,0,1,120000
AMCAT-985092,Engineering,B,Delhi NCR,6.7,4,MNC,0.338,30,48,0.88,17000,1,1,1,510000
AMCAT-1059903,Engineering,B,Mumbai,6.93,4,SME,0.193,22,41,0.78,13000,1,1,1,300000
AMCAT-246607,Engineering,B,Chennai,7.85,5,SME,0.276,72,53,0.84,16000,0,1,1,480000
AMCAT-295383,Engineering,B,Chennai,7.35,3,Startup,0.265,56,53,0.84,11500,0,1,1,170000
AMCAT-1087220,Engineering,B,Hyderabad,7.0,4,SME,0.318,62,52,0.93,13500,1,1,1,340000
AMCAT-050876,Engineering,B,Mumbai,6.7,5,MNC,0.316,49,50,0.68,11500,0,0,1,640000
AMCAT-815219,Engineering,B,Delhi NCR,7.8,4,SME,0.309,22,52,0.76,13000,0,1,1,330000
AMCAT-794194,Engineering,B,Delhi NCR,6.41,5,Startup,0.292,52,48,0.88,16000,1,1,1,225000
AMCAT-261236,Engineering,B,Delhi NCR,6.19,2,Startup,0.188,61,53,0.84,9500,1,1,1,180000
AMCAT-354011,Engineering,B,Delhi NCR,7.27,4,SME,0.29,61,48,0.78,15000,0,1,1,440000
AMCAT-407824,Engineering,B,Bengaluru,7.7,4,SME,0.303,45,41,0.78,14500,0,0,0,305000
AMCAT-483864,Engineering,B,Delhi NCR,7.76,4,MNC,0.325,21,53,0.78,12500,0,1,1,500000
AMCAT-302031,Engineering,B,Delhi NCR,6.2,4,Startup,0.228,44,48,0.87,10500,0,0,0,270000
AMCAT-823180,Engineering,B,Delhi NCR,7.56,3,SME,0.251,63,52,0.88,14000,1,1,1,300000
AMCAT-312164,Engineering,B,Delhi NCR,6.86,4,MNC,0.295,83,57,0.87,12500,1,1,1,1200000
AMCAT-614524,Engineering,B,Delhi NCR,6.8,5,SME,0.279,39,49,0.88,14500,0,1,1,315000
AMCAT-796063,Engineering,B,Chennai,6.57,5,SME,0.271,55,52,0.88,14000,0,1,1,300000
AMCAT-340246,Engineering,B,Delhi NCR,6.99,3,SME,0.26,42,48,0.76,18000,1,1,1,320000
AMCAT-359281,Engineering,B,Bengaluru,6.15,5,Startup,0.318,64,53,0.78,13500,0,0,1,180000
AMCAT-206734,Engineering,B,Delhi NCR,6.7,4,MNC,0.28,28,53,0.84,11500,0,1,1,675000
AMCAT-1044420,Engineering,B,Chennai,6.8,4,Startup,0.216,56,50,0.88,14500,0,1,1,120000
AMCAT-902366,Engineering,B,Bengaluru,6.75,4,SME,0.29,66,52,0.88,14500,1,1,1,325000
AMCAT-529858,Engineering,B,Delhi NCR,7.1,5,SME,0.298,50,50,0.76,17500,0,0,1,350000
AMCAT-801733,Engineering,B,Hyderabad,7.1,4,Startup,0.224,93,52,0.76,16000,0,0,1,205000
AMCAT-434552,Engineering,B,Chennai,5.53,4,SME,0.224,36,48,0.78,15000,0,0,0,300000
AMCAT-1097197,Engineering,B,Hyderabad,7.49,5,SME,0.334,69,48,0.76,17500,0,0,1,325000
AMCAT-925705,Engineering,B,Delhi NCR,6.7,3,Startup,0.234,30,50,0.76,11000,0,1,1,105000
AMCAT-036759,Engineering,B,Delhi NCR,6.86,5,Startup,0.303,42,48,0.87,12500,0,1,1,250000
AMCAT-198026,Engineering,A,Delhi NCR,7.01,4,SME,0.271,39,50,0.84,15500,0,0,0,340000
AMCAT-964319,Engineering,B,Chennai,6.63,2,Startup,0.177,60,50,0.88,13000,0,1,1,195000
AMCAT-1089133,Engineering,B,Delhi NCR,6.0,4,SME,0.343,57,57,0.88,10500,1,1,1,320000
AMCAT-633445,Engineering,B,Delhi NCR,7.23,5,SME,0.382,100,57,0.76,15500,0,0,1,360000
AMCAT-1062173,Engineering,B,Hyderabad,6.2,3,Startup,0.236,69,52,0.76,13500,1,1,1,145000
AMCAT-991197,Engineering,B,Bengaluru,6.0,4,Startup,0.256,11,48,0.88,10500,0,1,1,100000
AMCAT-053690,Engineering,B,Mumbai,5.3,3,SME,0.202,56,49,0.87,11500,0,0,0,325000
AMCAT-612253,Engineering,B,Delhi NCR,6.5,4,SME,0.282,50,52,0.76,15000,1,1,1,385000
AMCAT-1218606,Engineering,B,Delhi NCR,5.99,4,Startup,0.222,57,50,0.88,16000,0,1,1,120000
AMCAT-1207950,Engineering,B,Chennai,7.4,5,Startup,0.29,100,52,0.88,19000,1,1,1,235000
AMCAT-611620,Engineering,B,Delhi NCR,7.68,5,MNC,0.357,9,50,0.76,21500,1,1,1,615000
AMCAT-721786,Engineering,B,Hyderabad,6.45,3,Startup,0.232,32,48,0.76,15000,0,0,0,105000
AMCAT-992663,Engineering,B,Chennai,8.4,5,Startup,0.308,41,52,0.88,11500,1,1,1,290000
AMCAT-924485,Engineering,B,Delhi NCR,6.4,3,Startup,0.238,38,52,0.88,8500,1,1,1,145000
AMCAT-861982,Engineering,B,Delhi NCR,6.3,5,SME,0.35,76,48,0.76,14500,1,1,1,305000
AMCAT-813473,Engineering,B,Delhi NCR,6.57,4,Startup,0.332,100,52,0.78,12000,0,0,0,275000
AMCAT-126316,Engineering,B,Chennai,7.06,4,Startup,0.224,41,46,0.87,13000,0,1,1,180000
AMCAT-333433,Engineering,B,Delhi NCR,8.35,3,Startup,0.269,36,48,0.78,12500,0,0,1,140000
AMCAT-1088496,Engineering,B,Bengaluru,6.08,6,Startup,0.356,48,48,0.76,13500,0,0,0,120000
AMCAT-474217,Engineering,B,Chennai,7.32,4,SME,0.241,80,52,0.78,16500,1,1,1,320000
AMCAT-728009,Engineering,B,Delhi NCR,6.85,4,SME,0.29,17,50,0.78,14500,0,0,0,405000
AMCAT-895695,Engineering,A,Delhi NCR,7.5,5,SME,0.317,53,50,0.88,17500,1,1,1,325000
AMCAT-755080,Engineering,B,Chennai,7.8,5,SME,0.292,0,52,0.76,11500,0,0,1,340000
AMCAT-211700,Engineering,B,Delhi NCR,7.2,3,Startup,0.228,65,53,0.84,10000,0,1,1,225000
AMCAT-954862,Engineering,B,Bengaluru,5.8,4,Startup,0.231,70,52,0.88,13000,0,1,1,200000
AMCAT-1296310,Engineering,B,Delhi NCR,6.4,5,Startup,0.309,92,50,0.88,14000,1,1,1,225000
AMCAT-1271681,Engineering,A,Delhi NCR,6.3,5,SME,0.272,34,50,0.88,22500,0,0,1,335000
AMCAT-582303,Engineering,A,Delhi NCR,7.86,6,SME,0.368,52,48,0.76,18500,0,1,1,350000
AMCAT-344262,Engineering,A,Delhi NCR,7.9,5,Startup,0.31,97,48,0.78,20500,0,0,1,240000
AMCAT-323894,Engineering,A,Delhi NCR,8.39,4,MNC,0.338,17,52,0.78,17000,1,1,1,1860000
AMCAT-307910,Engineering,B,Delhi NCR,6.5,4,SME,0.278,76,57,0.78,11000,0,0,1,435000
AMCAT-827550,Engineering,A,Delhi NCR,7.76,5,SME,0.275,68,52,0.88,15500,1,1,1,375000
AMCAT-693625,Engineering,B,Delhi NCR,7.97,3,Startup,0.228,80,52,0.76,12000,0,0,1,275000
AMCAT-467560,Engineering,B,Hyderabad,7.14,4,Startup,0.254,77,53,0.78,19500,0,1,1,235000
AMCAT-326795,Engineering,B,Mumbai,7.45,4,SME,0.263,66,53,0.78,12000,0,0,1,455000
AMCAT-1089283,Engineering,B,Delhi NCR,6.5,3,Startup,0.252,84,69,0.88,16000,1,1,1,110000
AMCAT-1057665,Engineering,B,Hyderabad,7.49,5,Startup,0.306,49,52,0.88,11500,1,1,1,180000
AMCAT-670276,Engineering,B,Chennai,6.72,4,SME,0.316,80,48,0.76,16500,0,1,1,430000
AMCAT-509882,Engineering,B,Delhi NCR,7.47,4,SME,0.306,42,53,0.78,15000,0,0,1,450000
AMCAT-1288245,Engineering,B,Delhi NCR,7.9,4,Startup,0.331,55,48,0.76,13500,1,1,1,240000
AMCAT-1269394,Engineering,B,Chennai,7.9,5,SME,0.309,62,50,0.76,14000,0,1,1,300000
AMCAT-639785,Engineering,B,Delhi NCR,7.75,4,Startup,0.262,26,52,0.76,12500,1,1,1,180000
AMCAT-692668,Engineering,B,Chennai,7.61,4,Startup,0.206,33,52,0.76,15000,0,1,1,70000
AMCAT-1193753,Engineering,B,Hyderabad,7.53,5,SME,0.292,34,48,0.88,13000,0,1,1,300000
AMCAT-542424,Engineering,B,Delhi NCR,7.5,4,Startup,0.268,35,49,0.76,11000,0,0,0,215000
AMCAT-082837,Engineering,A,Delhi NCR,6.72,4,SME,0.303,0,41,0.84,15000,0,0,1,450000
AMCAT-317627,Engineering,B,Delhi NCR,6.26,4,Startup,0.307,60,48,0.87,14500,0,0,1,180000
AMCAT-197194,Engineering,B,Delhi NCR,6.82,5,Startup,0.273,36,50,0.84,18000,0,0,0,240000
AMCAT-336792,Engineering,B,Chennai,9.3,4,SME,0.325,69,53,0.78,14500,0,0,1,410000
AMCAT-1036813,Engineering,B,Delhi NCR,7.52,4,SME,0.343,29,52,0.78,13500,0,0,0,305000
AMCAT-864904,Engineering,B,Chennai,7.43,3,Startup,0.224,93,50,0.78,14500,0,0,1,215000
AMCAT-531765,Engineering,B,Hyderabad,7.28,4,Startup,0.193,29,57,0.76,17500,1,1,1,200000
AMCAT-872116,Engineering,B,Chennai,7.44,4,SME,0.291,63,57,0.88,14500,1,1,1,300000
AMCAT-231253,Engineering,A,Delhi NCR,6.0,5,MNC,0.271,46,48,0.84,17000,1,1,1,550000
AMCAT-211840,Engineering,B,Delhi NCR,7.66,5,Startup,0.273,14,50,0.84,17000,0,0,1,35000
AMCAT-863466,Engineering,A,Delhi NCR,7.17,6,SME,0.379,67,52,0.76,19000,0,1,1,350000
AMCAT-320969,Engineering,A,Delhi NCR,7.2,4,MNC,0.346,42,76,0.78,22000,1,1,1,500000
AMCAT-1001099,Engineering,B,Chennai,7.51,4,Startup,0.248,38,52,0.88,14500,1,1,1,240000
AMCAT-688499,Engineering,A,Delhi NCR,7.83,6,SME,0.395,29,48,0.78,15000,0,1,1,385000
AMCAT-1250484,Engineering,B,Hyderabad,6.8,3,Startup,0.243,56,48,0.88,10500,0,1,1,105000
AMCAT-283267,Engineering,A,Delhi NCR,9.02,5,SME,0.367,30,53,0.76,22000,0,1,1,440000
AMCAT-1270390,Engineering,B,Delhi NCR,8.01,4,Startup,0.303,100,48,0.88,18500,1,1,1,200000
AMCAT-1043571,Engineering,B,Delhi NCR,6.9,5,Startup,0.305,19,52,0.76,13500,0,0,1,115000
AMCAT-134828,Engineering,B,Chennai,7.93,3,Startup,0.245,24,69,0.87,13000,1,1,1,180000
AMCAT-1081403,Engineering,B,Chennai,8.21,4,SME,0.32,78,76,0.88,17500,0,1,1,305000
AMCAT-1171130,Engineering,B,Delhi NCR,7.03,5,SME,0.282,19,52,0.88,11000,0,0,1,325000
AMCAT-918301,Engineering,A,Bengaluru,8.78,5,SME,0.382,59,48,0.88,16000,1,1,1,450000
AMCAT-457244,Engineering,B,Chennai,8.58,4,SME,0.215,0,52,0.78,15500,0,0,1,360000
AMCAT-189121,Engineering,B,Chennai,8.32,4,SME,0.31,85,48,0.84,13000,0,1,1,450000
AMCAT-602058,Engineering,B,Hyderabad,7.67,4,SME,0.204,84,50,0.76,14000,0,0,1,300000
AMCAT-030739,Engineering,B,Delhi NCR,6.78,4,SME,0.303,0,48,0.87,13500,1,1,1,310000
AMCAT-046302,Engineering,B,Delhi NCR,6.91,4,SME,0.282,54,57,0.87,15000,0,1,1,350000
AMCAT-1173129,Engineering,B,Chennai,7.98,5,Startup,0.338,69,57,0.76,17500,0,0,1,240000
AMCAT-391074,Engineering,B,Bengaluru,6.82,4,SME,0.293,20,50,0.78,14000,0,0,1,445000
AMCAT-1045625,Engineering,A,Chennai,7.3,5,SME,0.29,0,48,0.88,19500,0,0,1,300000
AMCAT-713778,Engineering,B,Delhi NCR,6.35,5,Startup,0.283,70,48,0.76,9000,1,1,1,225000
AMCAT-339367,Engineering,B,Hyderabad,6.56,3,Startup,0.243,40,50,0.78,14000,0,0,0,170000
AMCAT-543139,Engineering,B,Delhi NCR,6.54,3,Startup,0.217,9,45,0.76,12000,0,0,1,110000
AMCAT-627921,Engineering,B,Delhi NCR,6.19,5,MNC,0.308,81,48,0.78,11000,0,0,1,510000
AMCAT-552848,Engineering,A,Delhi NCR,7.63,4,Startup,0.327,61,48,0.76,16000,1,1,1,120000
AMCAT-539133,Engineering,B,Mumbai,7.7,5,SME,0.328,70,48,0.78,13000,0,0,1,425000
AMCAT-226736,Engineering,B,Chennai,6.83,4,Startup,0.207,64,50,0.84,16500,0,0,0,100000
AMCAT-530435,Engineering,B,Delhi NCR,8.27,4,SME,0.307,15,53,0.76,10500,1,1,1,370000
AMCAT-1029931,Engineering,B,Hyderabad,7.14,3,Startup,0.203,79,52,0.88,14000,0,1,1,240000
AMCAT-390177,Engineering,B,Bengaluru,8.1,5,MNC,0.307,28,48,0.78,13000,1,1,1,500000
AMCAT-274730,Engineering,B,Delhi NCR,7.03,4,Startup,0.282,45,50,0.84,13000,1,1,1,230000
AMCAT-190981,Engineering,A,Chennai,8.4,6,MNC,0.383,26,53,0.84,20500,1,1,1,550000
AMCAT-196759,Engineering,B,Delhi NCR,7.17,4,SME,0.269,36,53,0.84,15500,0,0,1,415000
AMCAT-1081710,Engineering,A,Hyderabad,7.6,5,SME,0.365,100,57,0.88,21500,1,1,1,320000
AMCAT-919397,Engineering,A,Delhi NCR,8.02,6,SME,0.377,49,48,0.88,17500,1,1,1,350000
AMCAT-790713,Engineering,B,Hyderabad,7.14,5,SME,0.28,66,50,0.76,12500,0,1,1,310000
AMCAT-1118166,Engineering,B,Mumbai,6.1,4,Startup,0.22,78,52,0.76,13500,0,0,0,100000
AMCAT-1007216,Engineering,B,Chennai,7.26,5,SME,0.292,77,48,0.88,14500,1,1,1,300000
AMCAT-423209,Engineering,B,Delhi NCR,5.9,4,Startup,0.248,28,52,0.78,14500,0,0,0,180000
AMCAT-421588,Engineering,B,Delhi NCR,7.19,4,Startup,0.269,43,53,0.78,11500,0,0,0,120000
AMCAT-1171272,Engineering,B,Mumbai,6.5,4,Startup,0.252,69,48,0.76,14000,0,1,1,100000
AMCAT-325611,Engineering,B,Chennai,7.63,3,Startup,0.239,37,50,0.78,14500,0,0,0,220000
AMCAT-1163951,Engineering,B,Bengaluru,7.4,4,SME,0.287,55,52,0.76,20500,1,1,1,300000
AMCAT-348134,Engineering,B,Hyderabad,7.37,5,SME,0.301,35,50,0.78,18500,0,0,0,410000
AMCAT-330102,Engineering,B,Hyderabad,8.1,3,Startup,0.267,49,48,0.78,12000,1,1,1,100000
AMCAT-1196014,Engineering,B,Delhi NCR,6.55,3,Startup,0.255,46,50,0.88,13500,1,1,1,180000
AMCAT-133085,Engineering,B,Delhi NCR,6.63,5,SME,0.322,13,48,0.87,10500,0,0,1,445000
AMCAT-329402,Engineering,B,Hyderabad,7.1,4,Startup,0.235,66,53,0.78,12500,1,1,1,265000
AMCAT-277307,Engineering,B,Delhi NCR,7.24,5,Startup,0.318,2,53,0.84,15000,0,0,0,215000
AMCAT-984958,Engineering,B,Delhi NCR,6.0,4,Startup,0.203,65,52,0.88,17000,1,1,1,285000
AMCAT-1069569,Engineering,B,Hyderabad,7.05,4,SME,0.219,99,52,0.88,12000,1,1,1,300000
AMCAT-1088625,Engineering,B,Chennai,7.7,4,Startup,0.272,66,50,0.88,12500,0,1,1,275000
AMCAT-633535,Engineering,B,Delhi NCR,7.3,5,Startup,0.289,80,50,0.76,8500,1,1,1,265000
AMCAT-746050,Engineering,A,Delhi NCR,6.91,4,SME,0.322,71,48,0.76,17500,0,1,1,300000
AMCAT-216972,Engineering,B,Delhi NCR,6.9,5,SME,0.31,63,53,0.84,11500,0,0,0,300000
AMCAT-533473,Engineering,B,Mumbai,6.5,5,SME,0.281,77,53,0.78,12500,0,0,1,325000
AMCAT-1097212,Engineering,B,Hyderabad,6.95,5,Startup,0.322,30,52,0.76,12000,0,0,1,170000
AMCAT-060259,Engineering,B,Delhi NCR,7.2,4,Startup,0.277,11,45,0.87,14000,1,1,1,220000
AMCAT-721591,Engineering,B,Hyderabad,6.6,4,Startup,0.217,38,50,0.76,9500,1,1,1,215000
AMCAT-662113,Engineering,B,Chennai,7.99,5,Startup,0.28,56,52,0.76,10500,1,1,1,180000
AMCAT-466683,Engineering,B,Bengaluru,6.82,3,Startup,0.25,76,53,0.78,19500,0,0,1,95000
AMCAT-1243402,Engineering,B,Bengaluru,6.6,5,Startup,0.3,96,48,0.76,11000,0,0,1,245000
AMCAT-272869,Engineering,B,Mumbai,6.3,4,SME,0.241,66,50,0.84,11500,0,0,1,350000
AMCAT-349796,Engineering,B,Hyderabad,6.94,6,SME,0.37,25,52,0.78,18500,1,1,1,370000
AMCAT-230628,Engineering,B,Delhi NCR,7.39,3,SME,0.263,100,50,0.84,21500,0,0,1,425000
AMCAT-360992,Engineering,B,Chennai,7.6,4,Startup,0.267,52,48,0.78,11000,1,1,1,235000
AMCAT-1065937,Engineering,B,Delhi NCR,8.1,4,SME,0.321,43,48,0.88,13000,1,1,1,300000
AMCAT-927996,Engineering,B,Bengaluru,7.5,4,SME,0.333,35,46,0.88,15000,0,1,1,325000
AMCAT-693698,Engineering,B,Delhi NCR,7.84,4,Startup,0.341,73,52,0.76,18500,1,1,1,120000
AMCAT-431838,Engineering,B,Delhi NCR,7.72,3,SME,0.209,25,44,0.78,11500,0,0,1,330000
AMCAT-781756,Engineering,B,Chennai,7.49,5,Startup,0.27,87,49,0.76,13500,0,1,1,180000
AMCAT-945679,Engineering,A,Chennai,7.2,5,SME,0.369,62,78,0.88,20000,1,1,1,335000
AMCAT-1195196,Engineering,B,Delhi NCR,7.84,4,SME,0.324,87,52,0.91,15000,1,1,1,350000
AMCAT-326089,Engineering,B,Chennai,7.75,3,SME,0.267,51,48,0.78,13000,1,1,1,395000
AMCAT-1205168,Engineering,B,Delhi NCR,6.7,3,Startup,0.264,43,52,0.88,13500,0,1,1,95000
AMCAT-225114,Engineering,B,Delhi NCR,7.2,3,SME,0.209,34,53,0.84,10500,1,1,1,360000
AMCAT-342928,Engineering,B,Delhi NCR,6.88,4,SME,0.273,59,52,0.88,13500,0,1,1,325000
AMCAT-794736,Engineering,B,Delhi NCR,7.06,6,SME,0.368,47,49,0.88,13500,1,1,1,320000
AMCAT-1023622,Engineering,B,Hyderabad,7.3,5,SME,0.339,54,52,0.88,14500,1,1,1,305000
AMCAT-350055,Engineering,B,Delhi NCR,8.07,5,SME,0.288,60,53,0.78,12500,1,1,1,420000
AMCAT-636583,Engineering,B,Chennai,6.0,4,Startup,0.221,23,52,0.76,15000,0,0,1,115000
AMCAT-1268410,Engineering,B,Delhi NCR,6.1,4,Startup,0.289,40,52,0.88,16500,0,0,1,105000
AMCAT-599393,Engineering,B,Chennai,7.66,4,SME,0.322,90,50,0.76,14500,0,0,1,350000
AMCAT-407709,Engineering,B,Bengaluru,8.78,4,SME,0.308,41,52,0.78,15000,0,0,1,425000
AMCAT-525365,Engineering,B,Chennai,7.6,3,Startup,0.262,19,53,0.78,14000,0,1,1,110000
AMCAT-807970,Engineering,B,Hyderabad,8.1,6,SME,0.353,83,48,0.76,14000,0,0,1,350000
AMCAT-865540,Engineering,B,Hyderabad,7.15,4,SME,0.289,60,52,0.88,12000,1,1,1,305000
AMCAT-454921,Engineering,B,Delhi NCR,8.0,4,SME,0.297,47,50,0.78,15000,0,0,0,320000
AMCAT-1232775,Engineering,B,Delhi NCR,6.2,4,SME,0.344,25,50,0.76,14000,0,0,0,300000
AMCAT-804042,Engineering,B,Chennai,8.39,5,Startup,0.335,73,50,0.78,19000,0,0,1,250000
AMCAT-942851,Engineering,B,Delhi NCR,6.3,4,MNC,0.303,41,52,0.76,18000,0,0,1,500000
AMCAT-988334,Engineering,B,Delhi NCR,6.5,4,Startup,0.203,70,52,0.88,15000,1,1,1,110000
AMCAT-1009094,Engineering,B,Delhi NCR,7.13,6,MNC,0.358,21,52,0.88,12000,0,1,1,560000
AMCAT-784879,Engineering,B,Hyderabad,7.8,5,SME,0.322,19,48,0.76,11000,1,1,1,390000
AMCAT-342188,Engineering,B,Delhi NCR,7.0,5,SME,0.288,66,50,0.78,17000,0,0,1,420000
AMCAT-519248,Engineering,A,Delhi NCR,7.2,5,SME,0.291,83,52,0.78,18500,0,0,0,360000
AMCAT-333542,Engineering,B,Hyderabad,7.1,5,SME,0.282,62,50,0.78,15000,0,0,1,400000
AMCAT-1078264,Engineering,B,Hyderabad,7.1,4,Startup,0.234,73,32,0.76,9500,0,0,1,240000
AMCAT-1224787,Engineering,A,Delhi NCR,6.8,5,MNC,0.34,0,52,0.91,20500,1,1,1,700000
AMCAT-1122862,Engineering,B,Delhi NCR,7.42,5,SME,0.333,49,52,0.88,15000,1,1,1,300000
AMCAT-1086480,Engineering,A,Delhi NCR,7.1,5,SME,0.308,29,52,0.88,15000,0,1,1,320000
AMCAT-133758,Engineering,B,Chennai,8.22,4,Startup,0.32,34,53,0.87,13000,1,1,1,200000
AMCAT-430002,Engineering,B,Chennai,6.92,5,SME,0.282,23,50,0.78,14500,0,0,1,310000
AMCAT-856638,Engineering,B,Mumbai,6.3,5,Startup,0.294,69,57,0.76,14000,0,1,1,185000
AMCAT-302684,Engineering,B,Mumbai,6.6,3,Startup,0.245,62,53,0.84,13500,0,0,0,105000
AMCAT-618289,Engineering,A,Mumbai,7.7,4,SME,0.346,45,48,0.76,17500,0,1,1,395000
AMCAT-425471,Engineering,B,Delhi NCR,7.91,5,SME,0.304,20,53,0.78,13500,1,1,1,305000
AMCAT-633303,Engineering,B,Delhi NCR,7.43,5,Startup,0.273,55,48,0.76,14500,0,0,0,160000
AMCAT-258837,Engineering,B,Delhi NCR,7.16,3,SME,0.247,52,52,0.84,17500,0,0,1,350000
AMCAT-345959,Engineering,B,Chennai,8.82,3,SME,0.246,43,53,0.78,7500,0,0,1,305000
AMCAT-811379,Engineering,A,Delhi NCR,7.44,4,SME,0.337,32,48,0.88,17500,1,1,1,325000
AMCAT-599306,Engineering,B,Bengaluru,6.74,4,Startup,0.29,44,48,0.78,14500,1,1,1,200000
AMCAT-340877,Engineering,B,Delhi NCR,7.8,4,SME,0.278,48,50,0.78,14500,1,1,1,470000
AMCAT-335789,Engineering,B,Hyderabad,8.01,5,SME,0.284,70,48,0.78,13000,0,0,1,325000
AMCAT-1187201,Engineering,B,Mumbai,7.13,6,SME,0.382,7,48,0.88,9500,0,0,1,315000
AMCAT-823838,Engineering,B,Delhi NCR,6.52,5,SME,0.279,14,52,0.88,15000,0,1,1,315000
AMCAT-820734,Engineering,B,Delhi NCR,6.84,4,Startup,0.234,22,52,0.88,18500,0,0,1,240000
AMCAT-232430,Engineering,B,Delhi NCR,7.07,3,SME,0.248,0,48,0.84,10000,0,0,1,360000
AMCAT-1048553,Engineering,B,Delhi NCR,7.61,6,SME,0.365,61,52,0.88,16000,1,1,1,320000
AMCAT-543951,Engineering,B,Delhi NCR,6.06,5,Startup,0.27,80,50,0.76,13000,1,1,1,160000
AMCAT-845625,Engineering,B,Delhi NCR,7.66,5,Startup,0.276,9,50,0.88,14000,1,1,1,150000
AMCAT-451903,Engineering,B,Chennai,8.1,4,SME,0.256,73,52,0.78,11500,0,0,0,300000
AMCAT-542967,Engineering,B,Delhi NCR,7.4,4,SME,0.305,27,50,0.76,13000,1,1,1,320000
AMCAT-389348,Engineering,B,Delhi NCR,7.8,5,MNC,0.32,46,53,0.78,17500,1,1,1,625000
AMCAT-216508,Engineering,B,Delhi NCR,6.78,3,Startup,0.22,76,48,0.84,15500,0,1,1,205000
AMCAT-304344,Engineering,B,Mumbai,5.2,4,Startup,0.239,40,53,0.84,18500,0,0,0,85000
AMCAT-1091595,Engineering,B,Chennai,9.0,5,Startup,0.283,94,52,0.76,17000,1,1,1,135000
AMCAT-555599,Engineering,B,Bengaluru,7.6,5,MNC,0.317,62,53,0.76,15000,0,1,1,550000
AMCAT-533998,Engineering,B,Mumbai,6.09,4,Startup,0.31,50,50,0.88,18500,1,1,1,240000
AMCAT-1203085,Engineering,A,Delhi NCR,7.07,4,MNC,0.331,93,52,0.88,19000,0,1,1,785000
AMCAT-914981,Engineering,B,Mumbai,5.89,5,Startup,0.333,83,60,0.76,16000,0,0,1,200000
AMCAT-335460,Engineering,B,Delhi NCR,7.75,4,Startup,0.286,22,48,0.78,13500,1,1,1,200000
AMCAT-341114,Engineering,B,Mumbai,6.48,6,MNC,0.367,67,69,0.78,14000,0,0,0,700000
AMCAT-597966,Engineering,A,Delhi NCR,7.54,5,Startup,0.364,55,76,0.76,16500,1,1,1,180000
AMCAT-662316,Engineering,B,Chennai,7.49,4,Startup,0.29,81,53,0.76,16500,1,1,1,180000
AMCAT-052916,Engineering,B,Mumbai,6.37,5,SME,0.353,14,50,0.87,11000,0,1,1,300000
AMCAT-1042343,Engineering,B,Chennai,6.9,3,Startup,0.235,0,52,0.76,16000,0,0,1,120000
AMCAT-1248068,Engineering,B,Delhi NCR,8.0,3,Startup,0.244,69,50,0.88,13500,1,1,1,190000
AMCAT-655515,Engineering,B,Delhi NCR,7.3,4,SME,0.302,81,53,0.76,17000,1,1,1,420000
AMCAT-468637,Engineering,B,Mumbai,7.26,4,Startup,0.254,42,53,0.78,16000,0,0,1,150000
AMCAT-607854,Engineering,B,Bengaluru,6.21,4,Startup,0.237,71,50,0.76,18500,0,0,1,105000
AMCAT-1077214,Engineering,B,Delhi NCR,7.07,5,Startup,0.315,28,50,0.76,16000,0,0,1,240000
AMCAT-815553,Engineering,B,Mumbai,7.01,5,Startup,0.293,68,52,0.76,10000,0,1,1,120000
AMCAT-241960,Engineering,B,Chennai,7.8,4,SME,0.314,57,41,0.84,14000,0,0,1,440000
AMCAT-929120,Engineering,B,Delhi NCR,7.2,5,SME,0.323,42,53,0.76,11000,0,0,1,300000
AMCAT-1083403,Engineering,B,Chennai,8.3,5,SME,0.282,85,50,0.88,12500,0,0,1,315000
AMCAT-060315,Engineering,B,Delhi NCR,6.1,3,Startup,0.168,53,45,0.87,18000,0,0,0,110000
AMCAT-046343,Engineering,B,Delhi NCR,7.53,4,MNC,0.286,71,53,0.87,15500,0,0,1,510000
AMCAT-1117619,Engineering,B,Mumbai,6.6,3,Startup,0.247,64,50,0.76,12500,0,0,0,120000
AMCAT-640827,Engineering,B,Mumbai,6.67,5,SME,0.338,50,53,0.76,11500,1,1,1,300000
AMCAT-656288,Engineering,B,Chennai,8.5,3,Startup,0.263,41,48,0.76,14000,0,1,1,180000
AMCAT-038162,Engineering,A,Chennai,8.77,5,SME,0.337,13,52,0.87,15000,1,1,1,340000
AMCAT-1034766,Engineering,B,Delhi NCR,7.08,4,SME,0.322,46,52,0.88,12500,1,1,1,330000
AMCAT-982729,Engineering,B,Delhi NCR,6.06,3,Startup,0.216,45,50,0.88,15000,0,0,1,240000
AMCAT-1091250,Engineering,B,Chennai,6.1,4,Startup,0.278,90,48,0.78,17000,0,0,0,200000
AMCAT-688018,Engineering,B,Delhi NCR,6.71,5,Startup,0.298,35,44,0.76,15500,1,1,1,180000
AMCAT-862250,Engineering,B,Delhi NCR,6.57,5,Startup,0.271,51,52,0.78,8500,0,0,0,210000
AMCAT-310092,Engineering,B,Delhi NCR,8.1,3,Startup,0.256,100,53,0.78,15000,0,1,1,120000
AMCAT-033747,Engineering,B,Delhi NCR,7.17,3,SME,0.241,27,48,0.78,14000,1,1,1,390000
AMCAT-1208154,Engineering,B,Chennai,7.4,5,Startup,0.303,72,48,0.88,15000,1,1,1,200000
AMCAT-102923,Engineering,B,Chennai,8.0,3,SME,0.226,41,41,0.87,18000,1,1,1,350000
AMCAT-296724,Engineering,B,Delhi NCR,7.0,5,SME,0.282,19,50,0.84,9000,0,0,1,400000
AMCAT-1168723,Engineering,B,Bengaluru,8.55,4,MNC,0.276,37,48,0.88,12500,0,0,1,500000
AMCAT-964017,Engineering,B,Hyderabad,6.5,4,Startup,0.303,33,50,0.88,15500,1,1,1,140000
AMCAT-1239599,Engineering,B,Hyderabad,6.8,4,Startup,0.249,63,48,0.76,10000,1,1,1,155000
AMCAT-389425,Engineering,B,Delhi NCR,7.16,5,SME,0.365,45,53,0.78,17500,1,1,1,380000
AMCAT-327983,Engineering,B,Bengaluru,6.5,5,SME,0.295,9,50,0.78,15000,0,1,1,420000
AMCAT-626328,Engineering,B,Mumbai,7.66,4,SME,0.317,56,48,0.76,16000,1,1,1,355000
AMCAT-455759,Engineering,B,Delhi NCR,7.84,4,MNC,0.319,17,53,0.78,12500,1,1,1,535000
AMCAT-240420,Engineering,B,Chennai,8.11,6,MNC,0.357,41,50,0.84,16000,1,1,1,690000
AMCAT-445830,Engineering,B,Delhi NCR,7.03,4,SME,0.25,35,50,0.76,16500,0,0,1,300000
AMCAT-1087060,Engineering,B,Chennai,6.1,3,Startup,0.188,8,53,0.88,14500,1,1,1,200000
AMCAT-215639,Engineering,B,Chennai,6.5,5,SME,0.335,0,57,0.84,14500,0,0,0,370000
AMCAT-467473,Engineering,B,Mumbai,5.93,5,SME,0.28,63,50,0.84,14500,0,0,1,380000
AMCAT-133773,Engineering,B,Chennai,7.9,5,SME,0.305,54,48,0.87,12000,0,1,1,405000
AMCAT-063106,Engineering,B,Delhi NCR,7.22,4,SME,0.329,58,53,0.84,13500,0,0,1,460000
AMCAT-1085603,Engineering,B,Hyderabad,6.5,4,Startup,0.24,57,48,0.76,13500,0,0,0,180000
AMCAT-820537,Engineering,B,Delhi NCR,7.08,5,MNC,0.305,1,52,0.76,15000,0,1,1,700000
AMCAT-561757,Engineering,B,Delhi NCR,6.03,4,Startup,0.258,69,53,0.79,16500,1,1,1,120000
AMCAT-1087646,Engineering,B,Delhi NCR,6.4,5,Startup,0.287,48,52,0.88,11500,1,1,1,220000
AMCAT-1000998,Engineering,B,Chennai,7.45,4,Startup,0.21,32,57,0.88,13500,1,1,1,100000
AMCAT-050739,Engineering,B,Bengaluru,5.57,4,Startup,0.211,0,53,0.68,17500,0,0,0,260000
AMCAT-053921,Engineering,B,Delhi NCR,8.0,5,MNC,0.327,83,50,0.87,12000,1,1,1,1110000
AMCAT-663169,Engineering,B,Bengaluru,7.18,6,SME,0.355,56,52,0.76,12000,0,0,0,320000
AMCAT-984121,Engineering,B,Bengaluru,8.02,5,SME,0.29,76,48,0.88,14500,1,1,1,300000
AMCAT-676634,Engineering,B,Mumbai,6.85,5,SME,0.282,72,50,0.76,16000,1,1,1,310000
AMCAT-760965,Engineering,B,Bengaluru,7.0,3,Startup,0.214,78,52,0.78,14000,0,0,1,250000
AMCAT-1098801,Engineering,A,Delhi NCR,7.83,4,SME,0.326,69,52,0.88,21500,1,1,1,340000
AMCAT-1043845,Engineering,B,Chennai,8.0,4,Startup,0.316,42,52,0.76,16000,0,0,1,275000
AMCAT-1230264,Engineering,B,Chennai,7.8,4,SME,0.321,76,50,0.88,16000,0,1,1,320000
AMCAT-275185,Engineering,B,Bengaluru,6.78,3,SME,0.262,80,50,0.84,15500,0,1,1,425000
AMCAT-593198,Engineering,B,Hyderabad,6.71,4,Startup,0.299,52,26,0.76,20000,1,1,1,120000
AMCAT-901358,Engineering,B,Bengaluru,7.62,5,SME,0.358,40,48,0.88,13500,1,1,1,370000
AMCAT-030706,Engineering,A,Delhi NCR,6.65,5,MNC,0.385,100,48,0.87,13000,0,0,1,1200000
AMCAT-279824,Engineering,B,Delhi NCR,7.62,5,MNC,0.299,70,57,0.84,18000,0,0,0,1000000
AMCAT-1123118,Engineering,B,Delhi NCR,7.32,3,Startup,0.269,29,48,0.88,13000,1,1,1,100000
AMCAT-1123185,Engineering,B,Chennai,6.72,5,Startup,0.296,59,52,0.88,14500,1,1,1,100000
AMCAT-1269397,Engineering,B,Bengaluru,6.26,4,Startup,0.273,83,48,0.88,17500,0,1,1,240000
AMCAT-510158,Engineering,B,Delhi NCR,6.58,4,SME,0.223,0,53,0.78,10000,0,1,1,335000
AMCAT-677102,Engineering,B,Delhi NCR,6.62,4,Startup,0.268,32,48,0.76,11000,0,0,1,170000
AMCAT-407686,Engineering,B,Bengaluru,8.88,5,SME,0.348,67,50,0.78,10000,1,1,1,400000
AMCAT-464125,Engineering,B,Hyderabad,6.27,3,Startup,0.267,52,53,0.84,12000,0,0,1,215000
AMCAT-795799,Engineering,B,Chennai,6.78,5,SME,0.372,35,69,0.88,15000,1,1,1,405000
AMCAT-1088559,Engineering,B,Chennai,7.99,5,SME,0.274,61,49,0.76,15500,0,0,0,300000
AMCAT-601563,Engineering,B,Delhi NCR,6.15,4,Startup,0.33,76,48,0.76,14500,0,1,1,145000
AMCAT-921436,Engineering,B,Chennai,8.3,4,Startup,0.277,63,50,0.88,10500,1,1,1,180000
AMCAT-807434,Engineering,B,Delhi NCR,6.55,3,Startup,0.269,9,49,0.88,8000,1,1,1,200000
AMCAT-036296,Engineering,B,Delhi NCR,7.0,5,SME,0.299,55,50,0.87,14000,1,1,1,400000
AMCAT-1084021,Engineering,B,Pune,7.6,4,SME,0.307,37,52,0.76,13000,0,0,1,300000
AMCAT-249875,Engineering,B,Chennai,6.28,3,SME,0.26,24,53,0.84,15000,1,1,1,460000
AMCAT-960228,Engineering,B,Delhi NCR,6.56,3,Startup,0.215,34,48,0.88,16000,0,1,1,225000
AMCAT-653010,Engineering,B,Delhi NCR,6.87,4,Startup,0.271,78,52,0.76,14500,1,1,1,205000
AMCAT-351149,Engineering,B,Delhi NCR,7.09,4,SME,0.263,31,52,0.88,16000,1,1,1,325000
AMCAT-1259599,Engineering,B,Chennai,7.6,5,Startup,0.281,59,52,0.88,14500,0,1,1,100000
AMCAT-898540,Engineering,B,Delhi NCR,7.64,4,Startup,0.265,32,57,0.88,15500,1,1,1,215000
AMCAT-605021,Engineering,B,Delhi NCR,7.0,5,SME,0.305,51,48,0.76,12000,1,1,1,375000
AMCAT-895719,Engineering,A,Delhi NCR,7.2,6,SME,0.388,83,48,0.88,17500,1,1,1,310000
AMCAT-535627,Engineering,B,Delhi NCR,7.7,5,MNC,0.322,81,50,0.88,14500,1,1,1,505000
AMCAT-959934,Engineering,B,Delhi NCR,6.37,4,Startup,0.313,53,50,0.88,16000,0,1,1,145000
AMCAT-1041623,Engineering,B,Hyderabad,7.52,4,Startup,0.197,64,52,0.76,13000,0,0,1,105000
AMCAT-320706,Engineering,B,Hyderabad,7.6,3,SME,0.233,30,49,0.78,15500,1,1,1,405000
AMCAT-655183,Engineering,B,Delhi NCR,7.56,5,SME,0.305,59,50,0.76,13500,0,1,1,450000
AMCAT-988541,Engineering,B,Delhi NCR,7.73,3,Startup,0.226,37,50,0.88,13500,1,1,1,275000
AMCAT-435338,Engineering,B,Chennai,7.2,3,Startup,0.245,60,52,0.78,16000,0,0,0,120000
AMCAT-297430,Engineering,B,Bengaluru,6.52,5,SME,0.327,78,48,0.84,9000,1,1,1,445000
AMCAT-905195,Engineering,A,Delhi NCR,6.5,5,SME,0.281,31,50,0.88,15000,1,1,1,400000
AMCAT-1087295,Engineering,B,Hyderabad,7.7,3,SME,0.248,67,50,0.88,10500,0,1,1,330000
AMCAT-360581,Engineering,B,Hyderabad,7.2,3,Startup,0.211,32,53,0.78,8000,1,1,1,155000
AMCAT-103858,Engineering,B,Chennai,7.1,3,SME,0.258,46,53,0.87,12500,0,1,1,300000
AMCAT-896469,Engineering,B,Bengaluru,6.76,5,SME,0.28,54,52,0.88,16000,0,1,1,475000
AMCAT-064118,Engineering,B,Mumbai,7.2,3,Startup,0.241,74,53,0.87,13500,0,0,1,200000
AMCAT-509283,Engineering,B,Delhi NCR,6.93,6,MNC,0.359,55,53,0.78,14500,0,0,1,500000
AMCAT-543685,Engineering,B,Delhi NCR,6.68,5,SME,0.279,83,53,0.76,16500,0,0,1,360000
AMCAT-1087018,Engineering,B,Chennai,7.59,4,Startup,0.223,53,49,0.88,17500,0,1,1,95000
AMCAT-1093626,Engineering,B,Mumbai,7.56,3,SME,0.267,55,48,0.88,14000,0,0,1,325000
AMCAT-1264748,Engineering,B,Delhi NCR,7.2,4,Startup,0.286,71,50,0.88,17500,1,1,1,205000
AMCAT-128849,Engineering,B,Hyderabad,6.4,5,Startup,0.295,54,52,0.68,14000,0,0,0,160000
AMCAT-1219078,Engineering,B,Chennai,8.15,5,SME,0.355,93,52,0.88,12000,1,1,1,325000
AMCAT-198041,Engineering,A,Delhi NCR,6.7,6,SME,0.355,51,53,0.84,16500,1,1,1,385000
AMCAT-261183,Engineering,B,Delhi NCR,6.15,4,SME,0.277,21,57,0.84,10500,0,0,1,400000
AMCAT-283164,Engineering,B,Delhi NCR,7.01,4,MNC,0.336,66,53,0.84,12000,0,0,1,715000
AMCAT-1238752,Engineering,B,Chennai,8.1,3,Startup,0.244,49,52,0.76,13000,0,0,0,180000
AMCAT-627087,Engineering,B,Delhi NCR,6.0,4,MNC,0.321,76,48,0.76,16000,1,1,1,500000
AMCAT-756514,Engineering,B,Mumbai,6.7,4,Startup,0.234,51,48,0.84,18500,0,0,0,240000
AMCAT-712297,Engineering,A,Mumbai,6.6,5,SME,0.406,42,57,0.76,14500,0,0,0,300000
AMCAT-450922,Engineering,B,Bengaluru,7.57,4,Startup,0.222,0,48,0.78,15000,0,0,0,200000
AMCAT-296790,Engineering,B,Delhi NCR,6.3,4,Startup,0.305,62,53,0.84,11500,1,1,1,230000
AMCAT-1189128,Engineering,B,Hyderabad,7.52,4,Startup,0.298,75,48,0.76,15000,0,0,0,170000
AMCAT-1072592,Engineering,B,Bengaluru,5.59,6,Startup,0.351,88,48,0.76,13500,0,0,1,230000
AMCAT-1253724,Engineering,B,Mumbai,8.1,4,SME,0.248,22,69,0.91,9500,1,1,1,300000
AMCAT-1269213,Engineering,B,Chennai,7.4,4,Startup,0.319,24,52,0.88,16500,1,1,1,120000
AMCAT-216101,Engineering,B,Delhi NCR,6.78,4,Startup,0.224,63,53,0.84,12500,1,1,1,180000
AMCAT-611076,Engineering,B,Delhi NCR,7.2,3,SME,0.22,12,50,0.84,12500,0,0,0,325000
AMCAT-1171381,Engineering,B,Delhi NCR,5.8,4,Startup,0.314,61,50,0.76,11500,1,1,1,240000
AMCAT-082915,Engineering,B,Delhi NCR,7.9,5,SME,0.346,62,53,0.87,12500,0,1,1,380000
AMCAT-941785,Engineering,B,Delhi NCR,7.0,5,Startup,0.287,45,57,0.88,15000,1,1,1,180000
AMCAT-937940,Engineering,B,Delhi NCR,7.59,5,Startup,0.298,45,50,0.88,13500,1,1,1,145000
AMCAT-1281171,Engineering,B,Delhi NCR,8.04,5,SME,0.294,72,52,0.88,15000,1,1,1,300000
AMCAT-873020,Engineering,B,Hyderabad,8.06,4,Startup,0.33,67,52,0.76,15000,1,1,1,240000
AMCAT-632402,Engineering,B,Delhi NCR,7.11,4,Startup,0.281,94,52,0.76,17500,1,1,1,240000
AMCAT-325665,Engineering,B,Chennai,7.78,5,SME,0.307,54,53,0.78,13000,0,0,1,335000
AMCAT-1094787,Engineering,B,Chennai,6.33,5,Startup,0.278,67,48,0.88,10500,1,1,1,170000
AMCAT-644845,Engineering,B,Chennai,9.03,4,SME,0.329,38,52,0.76,16500,1,1,1,350000
AMCAT-1073243,Engineering,B,Chennai,8.1,5,Startup,0.304,0,52,0.76,13000,1,1,1,240000
AMCAT-216967,Engineering,B,Delhi NCR,6.57,3,SME,0.262,18,48,0.84,17000,1,1,1,360000
AMCAT-335896,Engineering,B,Hyderabad,6.2,4,Startup,0.267,70,48,0.78,15000,0,0,0,200000
AMCAT-360290,Engineering,B,Bengaluru,7.22,4,SME,0.218,69,50,0.78,13500,0,0,0,400000
AMCAT-818701,Engineering,B,Delhi NCR,7.2,4,SME,0.316,65,52,0.78,15000,0,0,0,335000
AMCAT-385547,Engineering,B,Delhi NCR,8.2,5,MNC,0.368,66,48,0.78,19000,1,1,1,820000
AMCAT-1189996,Engineering,B,Chennai,7.0,6,Startup,0.368,46,57,0.88,19000,1,1,1,100000
AMCAT-958966,Engineering,B,Delhi NCR,7.04,4,Startup,0.296,56,52,0.88,14000,1,1,1,190000
AMCAT-345838,Engineering,B,Chennai,9.2,4,Startup,0.258,28,48,0.78,14500,0,0,1,225000
AMCAT-815859,Engineering,B,Delhi NCR,6.56,5,SME,0.319,77,48,0.88,16500,1,1,1,330000
AMCAT-1281646,Engineering,B,Delhi NCR,6.72,5,Startup,0.303,29,50,0.76,12000,1,1,1,110000
AMCAT-339451,Engineering,B,Hyderabad,7.75,5,SME,0.333,69,53,0.78,15000,0,1,1,420000
AMCAT-507132,Engineering,B,Mumbai,5.86,4,Startup,0.219,21,69,0.78,14000,0,1,1,170000
AMCAT-1089682,Engineering,B,Chennai,8.77,3,SME,0.264,96,48,0.76,15000,0,0,1,325000
AMCAT-1202633,Engineering,B,Hyderabad,7.25,4,SME,0.317,77,49,0.76,12000,0,0,0,300000
AMCAT-595845,Engineering,B,Delhi NCR,7.43,4,SME,0.32,34,50,0.88,10000,1,1,1,340000
AMCAT-261484,Engineering,B,Delhi NCR,7.4,6,SME,0.365,34,48,0.84,9000,0,0,1,390000
AMCAT-053264,Engineering,B,Mumbai,5.78,3,SME,0.222,45,50,0.87,11000,0,1,1,300000
AMCAT-846760,Engineering,B,Delhi NCR,7.2,5,Startup,0.312,63,50,0.78,13000,0,0,1,90000
AMCAT-860597,Engineering,B,Delhi NCR,7.69,4,SME,0.344,26,48,0.76,13500,0,1,1,395000
AMCAT-302937,Engineering,B,Mumbai,6.4,4,Startup,0.235,58,46,0.84,19000,1,1,1,150000
AMCAT-795862,Engineering,B,Chennai,7.85,5,MNC,0.377,58,69,0.88,17000,1,1,1,525000
AMCAT-609066,Engineering,A,Delhi NCR,7.47,4,MNC,0.315,29,69,0.76,15500,0,0,1,720000
AMCAT-794528,Engineering,B,Delhi NCR,8.1,4,Startup,0.315,73,57,0.88,15000,1,1,1,200000
AMCAT-1209279,Engineering,B,Mumbai,6.98,3,SME,0.256,100,44,0.88,13000,0,0,1,310000
AMCAT-302687,Engineering,B,Mumbai,5.83,3,SME,0.254,13,46,0.84,13500,1,1,1,445000
AMCAT-1114870,Engineering,B,Delhi NCR,6.42,5,Startup,0.277,91,53,0.76,14500,0,0,0,120000
AMCAT-416029,Engineering,B,Delhi NCR,7.2,4,SME,0.26,34,50,0.78,15500,0,0,1,385000
AMCAT-845544,Engineering,B,Delhi NCR,8.3,4,SME,0.292,87,52,0.88,13000,0,1,1,300000
AMCAT-260866,Engineering,B,Delhi NCR,7.2,4,MNC,0.323,67,53,0.84,16500,1,1,1,2600000
AMCAT-336787,Engineering,B,Chennai,8.92,5,SME,0.299,64,50,0.78,11000,1,1,1,385000
AMCAT-1160766,Engineering,A,Delhi NCR,7.7,4,Startup,0.232,34,49,0.91,18000,1,1,1,240000
AMCAT-636944,Engineering,B,Delhi NCR,7.08,4,Startup,0.263,24,53,0.76,20500,1,1,1,260000
AMCAT-353470,Engineering,B,Bengaluru,8.1,4,SME,0.267,74,48,0.78,14500,0,1,1,460000
AMCAT-112626,Engineering,B,Bengaluru,6.93,3,MNC,0.222,22,48,0.87,17500,0,0,0,500000
AMCAT-274695,Engineering,B,Delhi NCR,6.82,3,Startup,0.262,73,48,0.84,14000,1,1,1,120000
AMCAT-121233,Engineering,B,Delhi NCR,6.5,3,Startup,0.213,42,50,0.87,15500,0,1,1,150000
AMCAT-1272180,Engineering,B,Mumbai,6.8,5,SME,0.298,33,48,0.76,14000,0,0,1,310000
AMCAT-192781,Engineering,B,Hyderabad,7.26,4,SME,0.346,46,53,0.84,13500,0,1,1,450000
AMCAT-112449,Engineering,B,Mumbai,7.7,5,MNC,0.318,0,53,0.87,12000,0,0,1,715000
AMCAT-455164,Engineering,B,Delhi NCR,7.4,4,Startup,0.265,68,53,0.78,15000,1,1,1,200000
AMCAT-941310,Engineering,B,Hyderabad,6.8,5,SME,0.298,100,60,0.88,12000,1,1,1,325000
AMCAT-597773,Engineering,A,Delhi NCR,6.9,5,SME,0.358,64,53,0.76,19500,1,1,1,400000
AMCAT-831042,Engineering,A,Delhi NCR,7.7,5,SME,0.343,60,50,0.88,20500,0,0,1,300000
AMCAT-328451,Engineering,B,Delhi NCR,6.17,4,SME,0.292,46,57,0.78,15000,0,0,0,430000
AMCAT-625251,Engineering,B,Delhi NCR,7.66,5,MNC,0.322,55,48,0.76,13500,1,1,1,515000
AMCAT-285838,Engineering,B,Mumbai,7.2,4,SME,0.28,53,46,0.84,15000,0,0,0,400000
AMCAT-534043,Engineering,B,Mumbai,5.8,3,Startup,0.26,50,57,0.76,13000,0,0,1,120000
AMCAT-640774,Engineering,B,Mumbai,6.84,3,Startup,0.164,43,52,0.76,16500,0,0,1,55000
AMCAT-1061906,Engineering,B,Hyderabad,7.23,3,Startup,0.174,0,50,0.76,9500,0,0,1,120000
AMCAT-339334,Engineering,B,Hyderabad,7.92,4,Startup,0.215,50,48,0.78,13000,0,0,0,100000
AMCAT-863437,Engineering,B,Bengaluru,6.7,6,SME,0.37,63,52,0.76,9000,0,0,1,325000
AMCAT-354954,Engineering,B,Chennai,6.5,3,Startup,0.198,71,48,0.78,10500,0,0,1,100000
AMCAT-224757,Engineering,B,Bengaluru,7.98,4,SME,0.32,36,48,0.84,17500,0,0,0,400000
AMCAT-289374,Engineering,B,Delhi NCR,6.0,4,Startup,0.284,49,57,0.84,16000,1,1,1,250000
AMCAT-414039,Engineering,B,Mumbai,7.06,4,SME,0.265,11,52,0.76,12000,0,0,1,345000
AMCAT-994256,Engineering,B,Mumbai,7.37,5,SME,0.274,63,46,0.76,10000,0,0,1,340000
AMCAT-284543,Engineering,B,Bengaluru,6.59,3,Startup,0.217,31,50,0.84,6500,0,0,1,250000
AMCAT-775846,Engineering,B,Chennai,8.4,4,SME,0.314,76,52,0.76,12500,1,1,1,375000
AMCAT-416231,Engineering,B,Delhi NCR,7.38,5,Startup,0.286,80,53,0.78,20000,1,1,1,105000
AMCAT-980852,Engineering,B,Delhi NCR,7.15,4,Startup,0.316,29,49,0.88,15000,1,1,1,200000
AMCAT-611740,Engineering,B,Delhi NCR,7.23,4,SME,0.333,48,54,0.76,12500,0,1,1,300000
AMCAT-600984,Engineering,B,Mumbai,6.64,3,SME,0.266,98,50,0.78,15000,0,1,1,350000
AMCAT-529904,Engineering,B,Delhi NCR,8.0,4,Startup,0.235,80,52,0.76,10000,0,1,1,100000
AMCAT-445747,Engineering,B,Delhi NCR,6.3,4,Startup,0.325,16,50,0.78,13500,0,1,1,180000
AMCAT-289190,Engineering,B,Delhi NCR,7.1,4,SME,0.228,56,53,0.78,14000,0,0,1,340000
AMCAT-048150,Engineering,A,Delhi NCR,7.7,4,SME,0.34,80,53,0.87,18000,0,1,1,495000
AMCAT-959981,Engineering,B,Delhi NCR,7.2,3,Startup,0.221,57,50,0.88,16000,1,1,1,90000
AMCAT-331256,Engineering,B,Hyderabad,7.61,5,MNC,0.318,69,50,0.78,15000,1,1,1,500000
AMCAT-909112,Engineering,B,Delhi NCR,7.21,4,Startup,0.257,93,48,0.76,15500,1,1,1,190000
AMCAT-1236393,Engineering,B,Delhi NCR,7.03,4,Startup,0.267,45,48,0.91,12500,1,1,1,120000
AMCAT-728310,Engineering,A,Delhi NCR,5.8,5,Startup,0.281,41,53,0.78,20000,0,1,1,240000
AMCAT-053722,Engineering,B,Mumbai,5.89,3,SME,0.235,0,53,0.68,18000,0,0,0,460000
AMCAT-340628,Engineering,B,Delhi NCR,6.73,4,SME,0.317,34,52,0.78,11500,0,0,1,300000
AMCAT-542295,Engineering,B,Delhi NCR,7.47,3,Startup,0.214,47,49,0.76,12000,0,0,0,180000
AMCAT-1251681,Engineering,B,Chennai,8.25,4,SME,0.279,77,52,0.88,17500,1,1,1,450000
AMCAT-374790,Engineering,B,Delhi NCR,7.4,4,SME,0.224,17,52,0.78,13500,0,0,1,380000
AMCAT-353517,Engineering,B,Bengaluru,7.85,5,SME,0.301,49,46,0.78,17500,0,1,1,450000
AMCAT-034990,Engineering,A,Delhi NCR,6.45,5,MNC,0.363,66,53,0.87,17000,1,1,1,500000
AMCAT-1211611,Engineering,B,Delhi NCR,7.39,6,SME,0.369,96,48,0.76,17500,0,0,1,330000
AMCAT-318523,Engineering,B,Hyderabad,8.0,3,SME,0.23,100,48,0.78,14500,1,1,1,400000
AMCAT-650400,Engineering,B,Mumbai,8.41,5,SME,0.281,86,52,0.88,14500,1,1,1,320000
AMCAT-837421,Engineering,B,Delhi NCR,8.0,4,SME,0.298,22,52,0.88,18000,0,0,1,305000
AMCAT-597624,Engineering,A,Delhi NCR,6.94,5,Startup,0.285,66,52,0.76,17000,0,0,0,185000
AMCAT-823556,Engineering,B,Delhi NCR,8.6,4,Startup,0.277,46,52,0.88,11500,1,1,1,260000
AMCAT-536794,Engineering,B,Chennai,8.68,5,SME,0.325,47,53,0.76,13000,1,1,1,450000
AMCAT-483538,Engineering,B,Chennai,8.22,4,Startup,0.26,37,48,0.78,15000,0,1,1,275000
AMCAT-220601,Engineering,A,Delhi NCR,7.52,5,Startup,0.316,55,68,0.84,14000,1,1,1,180000
AMCAT-794430,Engineering,B,Delhi NCR,5.5,4,Startup,0.325,33,57,0.88,15500,1,1,1,180000
AMCAT-558050,Engineering,B,Chennai,8.01,3,Startup,0.181,45,53,0.78,12500,1,1,1,185000
AMCAT-845576,Engineering,B,Delhi NCR,7.46,4,Startup,0.294,66,52,0.88,17000,1,1,1,65000
AMCAT-1101730,Engineering,B,Chennai,7.0,5,SME,0.34,71,52,0.76,8000,0,0,1,370000
AMCAT-1152563,Engineering,B,Mumbai,7.21,6,SME,0.352,83,48,0.76,12000,0,0,1,310000
AMCAT-661581,Engineering,B,Delhi NCR,7.16,4,Startup,0.322,82,53,0.76,10000,1,1,1,180000
AMCAT-604399,Engineering,A,Delhi NCR,7.38,6,SME,0.397,62,53,0.76,16000,1,1,1,445000
AMCAT-267894,Engineering,B,Bengaluru,5.8,5,Startup,0.299,26,48,0.84,14500,1,1,1,190000
AMCAT-797119,Engineering,B,Bengaluru,6.58,4,Startup,0.28,77,52,0.76,13500,1,1,1,240000
AMCAT-681928,Engineering,B,Delhi NCR,7.11,4,Startup,0.314,100,52,0.76,13500,0,0,0,290000
AMCAT-345800,Engineering,B,Chennai,8.25,4,SME,0.31,37,48,0.78,13500,0,0,0,400000
AMCAT-919418,Engineering,B,Delhi NCR,6.34,3,Startup,0.238,12,52,0.88,14500,0,0,1,180000
AMCAT-468092,Engineering,B,Mumbai,7.35,5,Startup,0.292,56,48,0.78,11500,0,0,0,120000
AMCAT-818651,Engineering,B,Delhi NCR,6.6,5,Startup,0.323,74,45,0.78,16000,1,1,1,275000
AMCAT-042232,Engineering,B,Delhi NCR,7.15,4,SME,0.288,27,48,0.87,15500,0,0,1,420000
AMCAT-615313,Engineering,B,Delhi NCR,7.6,4,SME,0.318,24,53,0.88,15000,1,1,1,305000
AMCAT-1043392,Engineering,B,Delhi NCR,5.7,6,Startup,0.352,50,46,0.88,15500,1,1,1,180000
AMCAT-1262987,Engineering,B,Hyderabad,6.3,3,Startup,0.211,65,57,0.88,14500,0,1,1,260000
AMCAT-344605,Engineering,B,Chennai,7.96,3,SME,0.25,20,53,0.78,19000,0,1,1,460000
AMCAT-244056,Engineering,B,Chennai,6.7,4,SME,0.226,19,57,0.84,14000,0,1,1,405000
AMCAT-203323,Engineering,B,Bengaluru,6.3,4,SME,0.265,37,50,0.84,13000,1,1,1,430000
AMCAT-661080,Engineering,B,Chennai,8.0,4,Startup,0.29,100,50,0.76,12000,1,1,1,290000
AMCAT-959964,Engineering,B,Delhi NCR,7.07,4,Startup,0.253,30,48,0.88,11500,0,0,1,180000
AMCAT-543832,Engineering,B,Delhi NCR,6.86,5,SME,0.294,7,48,0.76,11000,0,0,1,335000
AMCAT-611859,Engineering,B,Delhi NCR,6.79,5,Startup,0.297,69,45,0.76,12000,0,1,1,275000
AMCAT-823357,Engineering,B,Delhi NCR,7.96,5,Startup,0.301,0,52,0.88,14000,1,1,1,275000
AMCAT-918908,Engineering,B,Delhi NCR,7.52,5,Startup,0.282,52,48,0.88,15000,0,1,1,240000
AMCAT-454775,Engineering,B,Delhi NCR,7.21,4,SME,0.331,47,48,0.78,14000,0,0,0,390000
AMCAT-752115,Engineering,B,Chennai,7.52,5,SME,0.368,76,50,0.76,12000,1,1,1,300000
AMCAT-089702,Engineering,B,Mumbai,6.4,5,MNC,0.293,39,50,0.87,16500,0,0,1,525000
AMCAT-1116466,Engineering,B,Hyderabad,6.12,2,Startup,0.171,3,52,0.88,16000,0,0,1,180000
AMCAT-536526,Engineering,B,Delhi NCR,6.96,5,Startup,0.359,51,53,0.78,13500,0,0,0,150000
AMCAT-990438,Engineering,B,Hyderabad,8.0,5,Startup,0.32,97,48,0.93,12500,1,1,1,290000
AMCAT-349723,Engineering,B,Hyderabad,8.15,5,SME,0.342,33,57,0.78,15500,1,1,1,320000
AMCAT-918414,Engineering,B,Bengaluru,8.8,4,Startup,0.245,4,70,0.88,14500,1,1,1,200000
AMCAT-1019771,Engineering,B,Bengaluru,6.48,4,Startup,0.256,85,52,0.88,10500,1,1,1,240000
AMCAT-1231995,Engineering,B,Hyderabad,7.86,4,Startup,0.301,69,48,0.76,14000,0,1,1,200000
AMCAT-820700,Engineering,B,Delhi NCR,7.3,4,Startup,0.298,57,52,0.93,14500,1,1,1,265000
AMCAT-334275,Engineering,B,Mumbai,7.6,3,SME,0.241,11,50,0.78,12000,1,1,1,420000
AMCAT-319130,Engineering,B,Hyderabad,6.83,5,SME,0.282,0,69,0.78,14500,1,1,1,350000
AMCAT-921303,Engineering,B,Chennai,8.1,5,SME,0.316,46,48,0.88,10500,0,1,1,300000
AMCAT-642404,Engineering,A,Delhi NCR,7.78,5,MNC,0.406,88,69,0.76,21500,1,1,1,600000
AMCAT-275033,Engineering,B,Hyderabad,6.3,5,Startup,0.286,93,53,0.84,17000,0,1,1,275000
AMCAT-1063324,Engineering,B,Mumbai,6.45,5,SME,0.302,83,46,0.76,13500,0,0,1,300000
AMCAT-643096,Engineering,B,Delhi NCR,8.12,5,SME,0.33,77,48,0.88,15000,1,1,1,325000
AMCAT-216484,Engineering,B,Delhi NCR,6.57,5,MNC,0.318,47,48,0.84,8000,0,0,0,500000
AMCAT-228081,Engineering,B,Delhi NCR,5.9,3,SME,0.254,57,53,0.84,11000,0,0,0,440000
AMCAT-237941,Engineering,B,Bengaluru,9.36,5,MNC,0.335,47,48,0.84,13500,1,1,1,655000
AMCAT-692879,Engineering,B,Chennai,7.36,5,Startup,0.351,79,52,0.76,11500,0,1,1,160000
AMCAT-814788,Engineering,B,Chennai,7.43,4,SME,0.338,45,52,0.78,16000,0,0,1,360000
AMCAT-374150,Engineering,A,Pune,6.52,4,MNC,0.262,77,57,0.78,23000,1,1,1,800000
AMCAT-1231828,Engineering,B,Hyderabad,7.2,4,SME,0.318,30,57,0.76,11000,0,0,1,335000
AMCAT-901134,Engineering,B,Bengaluru,6.92,5,SME,0.322,18,48,0.88,12000,1,1,1,325000
AMCAT-051320,Engineering,B,Bengaluru,6.85,3,MNC,0.254,75,53,0.87,14500,0,0,1,545000
AMCAT-666142,Engineering,A,Delhi NCR,7.51,6,SME,0.35,41,52,0.88,22000,1,1,1,350000
AMCAT-669645,Engineering,B,Chennai,6.8,4,Startup,0.281,100,50,0.78,11000,1,1,1,95000
AMCAT-1218330,Engineering,B,Hyderabad,6.5,5,Startup,0.271,84,52,0.88,14500,0,1,1,200000
AMCAT-656427,Engineering,B,Chennai,6.98,3,Startup,0.158,24,50,0.76,18500,0,0,1,120000
AMCAT-553460,Engineering,B,Hyderabad,6.8,4,Startup,0.262,100,50,0.78,10000,1,1,1,100000
AMCAT-796593,Engineering,B,Mumbai,7.03,6,SME,0.357,38,50,0.76,11000,0,0,1,420000
AMCAT-047805,Engineering,B,Delhi NCR,6.6,3,MNC,0.192,0,46,0.87,13000,0,1,1,505000
AMCAT-082444,Engineering,B,Hyderabad,8.52,5,Startup,0.353,77,46,0.87,12500,1,1,1,200000
AMCAT-205705,Engineering,B,Chennai,7.4,5,MNC,0.282,38,50,0.84,16000,1,1,1,500000
AMCAT-242211,Engineering,B,Delhi NCR,7.15,5,SME,0.327,61,50,0.84,14500,0,1,1,400000
AMCAT-1077591,Engineering,B,Delhi NCR,6.86,4,Startup,0.309,33,52,0.76,9500,0,1,1,240000
AMCAT-276911,Engineering,B,Delhi NCR,7.57,4,SME,0.316,37,53,0.84,15500,0,0,1,410000
AMCAT-078723,Engineering,B,Delhi NCR,6.8,5,SME,0.292,28,50,0.87,12500,0,1,1,425000
AMCAT-1251095,Engineering,B,Delhi NCR,7.01,3,Startup,0.248,86,48,0.76,17000,1,1,1,150000
AMCAT-345016,Engineering,B,Delhi NCR,6.0,2,Startup,0.177,81,48,0.78,12500,0,0,0,180000
AMCAT-505974,Engineering,B,Delhi NCR,7.62,5,SME,0.339,19,53,0.78,12500,0,0,1,300000
AMCAT-439109,Engineering,B,Chennai,7.76,5,SME,0.312,36,46,0.78,15500,0,1,1,400000
AMCAT-1120742,Engineering,B,Delhi NCR,6.12,4,MNC,0.226,69,52,0.76,16000,0,0,1,505000
AMCAT-755084,Engineering,B,Chennai,7.73,5,SME,0.279,0,52,0.76,15000,0,0,1,300000
AMCAT-1242190,Engineering,B,Chennai,7.6,4,Startup,0.28,56,52,0.88,10000,1,1,1,215000
AMCAT-918889,Engineering,B,Delhi NCR,6.14,4,Startup,0.247,54,48,0.88,15500,1,1,1,180000
AMCAT-505963,Engineering,B,Delhi NCR,6.62,3,Startup,0.257,74,53,0.78,11500,0,0,1,240000
AMCAT-341806,Engineering,B,Delhi NCR,7.5,4,Startup,0.29,50,50,0.78,14500,0,0,0,140000
AMCAT-1088714,Engineering,B,Delhi NCR,6.23,5,Startup,0.349,100,52,0.76,10500,0,0,0,120000
AMCAT-922603,Engineering,B,Delhi NCR,6.21,4,SME,0.33,73,48,0.88,15000,1,1,1,320000
AMCAT-1119098,Engineering,B,Chennai,6.8,3,Startup,0.208,78,52,0.88,12000,0,0,1,180000
AMCAT-1018051,Engineering,B,Mumbai,6.94,4,Startup,0.285,64,52,0.76,11000,0,0,1,145000
AMCAT-577380,Engineering,A,Delhi NCR,7.54,4,SME,0.346,45,48,0.76,20000,0,0,1,380000
AMCAT-660772,Engineering,B,Delhi NCR,7.54,5,SME,0.366,59,50,0.78,14500,0,0,1,480000
AMCAT-029054,Engineering,B,Delhi NCR,9.0,4,SME,0.282,33,50,0.87,12500,1,1,1,375000
AMCAT-238294,Engineering,B,Chennai,6.8,5,SME,0.301,58,50,0.84,17500,1,1,1,445000
AMCAT-1094706,Engineering,B,Bengaluru,6.9,4,SME,0.32,81,57,0.88,13000,0,0,1,450000
AMCAT-553381,Engineering,B,Delhi NCR,6.83,5,SME,0.329,43,52,0.76,14000,0,0,1,325000
AMCAT-121509,Engineering,B,Chennai,7.39,3,MNC,0.269,59,48,0.87,14500,0,0,1,520000
AMCAT-641531,Engineering,B,Mumbai,7.08,4,SME,0.346,46,50,0.76,12500,1,1,1,330000
AMCAT-133282,Engineering,B,Delhi NCR,6.5,5,Startup,0.282,65,50,0.87,15000,0,0,1,160000
AMCAT-052503,Engineering,B,Delhi NCR,6.38,5,Startup,0.286,78,48,0.68,12500,1,1,1,240000
AMCAT-1077909,Engineering,B,Mumbai,6.8,4,SME,0.326,96,46,0.76,13000,0,0,1,300000
AMCAT-211812,Engineering,B,Delhi NCR,6.5,4,Startup,0.254,18,53,0.84,17500,0,0,0,245000
AMCAT-978959,Engineering,B,Mumbai,6.46,6,Startup,0.375,100,70,0.88,11500,1,1,1,240000
AMCAT-820152,Engineering,B,Chennai,8.14,4,Startup,0.276,23,53,0.76,8000,0,0,1,110000
AMCAT-580714,Engineering,A,Delhi NCR,7.38,4,SME,0.333,35,52,0.76,22000,0,0,1,450000
AMCAT-609043,Engineering,A,Delhi NCR,7.6,6,SME,0.378,7,48,0.76,24500,0,1,1,440000
AMCAT-1034763,Engineering,B,Delhi NCR,7.66,4,SME,0.275,59,53,0.76,13000,0,1,1,480000
AMCAT-300951,Engineering,B,Bengaluru,7.54,5,SME,0.337,66,53,0.84,9000,1,1,1,360000
AMCAT-325147,Engineering,B,Chennai,8.82,4,SME,0.292,24,48,0.78,13000,0,0,1,335000
AMCAT-1098811,Engineering,B,Chennai,8.42,5,SME,0.355,100,52,0.88,13500,1,1,1,325000
AMCAT-637306,Engineering,B,Hyderabad,6.0,4,Startup,0.218,0,26,0.76,13500,0,0,0,145000
AMCAT-951294,Engineering,B,Hyderabad,6.69,3,Startup,0.222,92,48,0.76,11000,0,0,1,220000
AMCAT-243425,Engineering,B,Chennai,7.38,4,SME,0.277,47,48,0.84,15500,0,0,0,330000
AMCAT-563023,Engineering,B,Delhi NCR,8.03,6,SME,0.384,100,50,0.78,15500,0,0,1,480000
AMCAT-1133192,Engineering,B,Bengaluru,7.5,5,Startup,0.305,46,48,0.88,10500,0,1,1,200000
AMCAT-1200378,Engineering,B,Delhi NCR,6.59,4,Startup,0.262,86,48,0.76,15500,1,1,1,200000
AMCAT-332860,Engineering,B,Hyderabad,7.82,3,SME,0.237,44,53,0.78,19000,0,0,1,380000
AMCAT-192918,Engineering,B,Delhi NCR,6.9,4,MNC,0.271,56,53,0.84,14500,1,1,1,645000
AMCAT-353167,Engineering,B,Bengaluru,6.53,3,Startup,0.241,0,48,0.78,13000,0,0,0,200000
AMCAT-455432,Engineering,B,Delhi NCR,6.62,4,Startup,0.26,43,50,0.78,13500,0,0,0,270000
AMCAT-863619,Engineering,B,Delhi NCR,6.6,5,Startup,0.274,71,50,0.76,15500,1,1,1,160000
AMCAT-104314,Engineering,B,Chennai,8.39,5,MNC,0.272,19,50,0.87,9500,1,1,1,530000
AMCAT-425550,Engineering,B,Delhi NCR,6.51,3,SME,0.265,22,53,0.78,14500,1,1,1,310000
AMCAT-220608,Engineering,A,Delhi NCR,5.9,5,SME,0.338,21,53,0.84,17000,1,1,1,300000
AMCAT-736093,Engineering,B,Mumbai,6.56,4,SME,0.314,58,44,0.76,18500,0,0,1,300000
AMCAT-1099490,Engineering,B,Delhi NCR,7.0,3,Startup,0.206,58,48,0.88,13500,1,1,1,140000
AMCAT-609356,Engineering,A,Delhi NCR,9.99,4,SME,0.328,58,53,0.76,22000,0,1,1,440000
AMCAT-256715,Engineering,B,Bengaluru,7.8,4,SME,0.278,4,53,0.84,11000,0,0,1,400000
AMCAT-643479,Engineering,B,Delhi NCR,7.26,4,SME,0.256,61,57,0.88,15500,0,0,1,325000
AMCAT-785663,Engineering,B,Delhi NCR,6.73,4,Startup,0.247,67,53,0.88,15000,1,1,1,220000
AMCAT-279695,Engineering,B,Delhi NCR,6.97,4,SME,0.327,62,53,0.84,12000,0,1,1,400000
AMCAT-924663,Engineering,B,Delhi NCR,7.81,3,Startup,0.256,46,52,0.88,14500,1,1,1,105000
AMCAT-895977,Engineering,B,Chennai,7.3,3,SME,0.257,56,52,0.76,17000,1,1,1,320000
AMCAT-285843,Engineering,B,Mumbai,6.93,4,SME,0.273,79,50,0.84,13000,0,0,1,380000
AMCAT-1122860,Engineering,B,Delhi NCR,7.5,6,SME,0.353,89,48,0.88,10000,1,1,1,300000
AMCAT-030142,Engineering,B,Delhi NCR,6.42,5,SME,0.286,9,57,0.87,14000,1,1,1,320000
AMCAT-595052,Engineering,B,Mumbai,6.1,4,Startup,0.254,64,46,0.78,11500,0,1,1,205000
AMCAT-227704,Engineering,B,Hyderabad,7.81,4,SME,0.333,53,48,0.84,13000,0,1,1,375000
AMCAT-1204500,Engineering,B,Delhi NCR,6.37,5,SME,0.326,74,52,0.88,14000,0,0,1,320000
AMCAT-637114,Engineering,B,Delhi NCR,6.83,4,Startup,0.265,25,46,0.88,9500,1,1,1,210000
AMCAT-552730,Engineering,B,Delhi NCR,6.98,4,SME,0.248,69,52,0.76,10000,0,0,1,375000
AMCAT-982441,Engineering,B,Delhi NCR,7.02,3,Startup,0.24,42,50,0.88,15000,1,1,1,225000
AMCAT-053982,Engineering,B,Delhi NCR,6.45,3,SME,0.265,19,48,0.87,12500,1,1,1,350000
AMCAT-052947,Engineering,B,Mumbai,5.48,4,Startup,0.252,38,50,0.87,7500,0,0,1,220000
AMCAT-1218505,Engineering,B,Mumbai,7.52,4,Startup,0.266,52,48,0.76,16000,0,0,0,105000
AMCAT-425551,Engineering,B,Delhi NCR,6.65,4,SME,0.301,72,48,0.78,14500,1,1,1,360000
AMCAT-082270,Engineering,B,Chennai,7.52,5,SME,0.316,60,57,0.87,12000,1,1,1,395000
AMCAT-304426,Engineering,B,Mumbai,6.09,5,SME,0.297,49,53,0.84,10500,0,0,0,345000
AMCAT-628753,Engineering,B,Chennai,7.5,4,SME,0.293,30,50,0.76,16000,0,1,1,315000
AMCAT-991636,Engineering,B,Delhi NCR,6.76,3,Startup,0.258,70,48,0.88,15000,1,1,1,180000
AMCAT-390079,Engineering,B,Bengaluru,7.3,3,Startup,0.231,64,53,0.88,20000,1,1,1,200000
AMCAT-111929,Engineering,B,Chennai,6.0,3,Startup,0.209,58,49,0.87,15000,0,0,1,240000
AMCAT-600150,Engineering,B,Hyderabad,7.62,4,Startup,0.298,14,49,0.76,15000,0,0,0,225000
AMCAT-1169464,Engineering,B,Mumbai,6.38,3,SME,0.242,72,52,0.78,13500,0,0,0,300000
AMCAT-227650,Engineering,B,Hyderabad,7.61,3,MNC,0.239,100,48,0.84,16000,1,1,1,500000
AMCAT-431891,Engineering,B,Delhi NCR,7.12,4,Startup,0.275,4,53,0.78,15500,1,1,1,280000
AMCAT-602139,Engineering,B,Mumbai,7.06,5,SME,0.351,21,53,0.76,17000,1,1,1,355000
AMCAT-1208350,Engineering,B,Chennai,7.3,3,SME,0.255,80,48,0.88,12500,0,0,1,345000
AMCAT-958388,Engineering,B,Bengaluru,8.3,4,SME,0.311,82,52,0.76,13000,0,1,1,420000
AMCAT-431853,Engineering,B,Delhi NCR,6.97,4,Startup,0.262,41,52,0.78,13000,0,0,1,215000
AMCAT-1174291,Engineering,B,Chennai,7.3,2,MNC,0.192,1,52,0.91,16000,1,1,1,1025000
AMCAT-471413,Engineering,B,Delhi NCR,8.5,4,SME,0.29,0,50,0.76,17500,1,1,1,480000
AMCAT-440689,Engineering,B,Hyderabad,7.58,4,SME,0.258,25,50,0.78,13000,1,1,1,450000
AMCAT-713751,Engineering,B,Delhi NCR,7.66,4,Startup,0.278,58,52,0.79,13000,1,1,1,100000
AMCAT-053952,Engineering,B,Delhi NCR,7.02,5,MNC,0.314,56,48,0.87,15000,0,0,0,775000
AMCAT-817754,Engineering,B,Bengaluru,5.6,5,Startup,0.346,77,48,0.88,13500,1,1,1,250000
AMCAT-473843,Engineering,B,Delhi NCR,6.8,4,SME,0.308,44,53,0.84,16500,0,0,1,350000
AMCAT-117081,Engineering,B,Chennai,7.86,5,SME,0.284,61,53,0.87,8500,1,1,1,450000
AMCAT-271119,Engineering,B,Mumbai,5.59,4,SME,0.342,52,50,0.84,12000,1,1,1,470000
AMCAT-983664,Engineering,B,Delhi NCR,6.81,5,SME,0.275,34,53,0.91,12000,1,1,1,300000
AMCAT-911856,Engineering,B,Delhi NCR,6.78,5,SME,0.338,62,50,0.88,8000,0,0,1,315000
AMCAT-298494,Engineering,B,Bengaluru,5.78,3,Startup,0.217,56,48,0.84,11500,0,0,0,280000
AMCAT-432156,Engineering,B,Hyderabad,6.2,3,Startup,0.254,77,50,0.84,11500,0,0,1,290000
AMCAT-1156362,Engineering,B,Delhi NCR,7.34,3,Startup,0.261,85,50,0.76,13500,1,1,1,210000
AMCAT-283113,Engineering,B,Delhi NCR,7.17,5,SME,0.292,80,53,0.84,17000,0,0,1,305000
AMCAT-611020,Engineering,B,Hyderabad,6.85,3,Startup,0.245,45,52,0.76,13500,0,1,1,240000
AMCAT-334312,Engineering,B,Mumbai,8.03,5,SME,0.323,23,53,0.78,11500,1,1,1,490000
AMCAT-238326,Engineering,B,Bengaluru,6.56,4,MNC,0.322,48,53,0.84,14000,1,1,1,645000
AMCAT-456753,Engineering,B,Hyderabad,7.0,5,Startup,0.355,100,50,0.78,16500,1,1,1,95000
AMCAT-311404,Engineering,B,Bengaluru,6.71,4,Startup,0.277,72,53,0.84,11500,0,0,1,180000
AMCAT-1084321,Engineering,B,Bengaluru,7.2,5,MNC,0.307,74,52,0.76,11500,0,0,1,525000
AMCAT-222870,Engineering,B,Delhi NCR,6.8,4,MNC,0.267,53,48,0.84,15500,0,0,1,500000
AMCAT-1077212,Engineering,B,Delhi NCR,6.71,4,Startup,0.247,84,52,0.78,13500,0,0,1,170000
AMCAT-1002565,Engineering,B,Hyderabad,7.99,3,Startup,0.264,35,57,0.88,15500,1,1,1,225000
AMCAT-1190002,Engineering,B,Mumbai,8.5,4,SME,0.284,88,46,0.88,14000,1,1,1,300000
AMCAT-1157366,Engineering,B,Delhi NCR,6.0,3,Startup,0.216,100,52,0.88,16000,0,0,1,215000
AMCAT-691206,Engineering,B,Chennai,8.1,5,SME,0.273,75,50,0.76,11500,0,1,1,310000
AMCAT-961464,Engineering,B,Delhi NCR,7.43,4,Startup,0.261,68,50,0.88,14000,1,1,1,200000
AMCAT-1250499,Engineering,B,Hyderabad,6.0,4,Startup,0.259,66,49,0.88,13500,1,1,1,185000
AMCAT-1122901,Engineering,B,Delhi NCR,7.35,5,Startup,0.353,43,48,0.78,11000,0,0,1,245000
AMCAT-214343,Engineering,B,Delhi NCR,7.43,5,SME,0.297,20,50,0.78,10000,1,1,1,350000
AMCAT-275243,Engineering,B,Mumbai,6.67,3,SME,0.222,19,53,0.84,15500,1,1,1,300000
AMCAT-350149,Engineering,B,Delhi NCR,6.98,4,SME,0.288,35,48,0.78,13000,1,1,1,420000
AMCAT-285799,Engineering,B,Mumbai,6.2,4,SME,0.248,52,53,0.84,11500,0,0,1,325000
AMCAT-555652,Engineering,B,Bengaluru,7.0,6,SME,0.356,54,49,0.76,14000,1,1,1,305000
AMCAT-1261348,Engineering,B,Mumbai,5.72,5,Startup,0.36,14,50,0.88,17000,1,1,1,250000
AMCAT-895770,Engineering,A,Delhi NCR,7.1,4,SME,0.324,71,48,0.88,12500,1,1,1,300000
AMCAT-879126,Engineering,A,Mumbai,8.35,6,SME,0.364,24,75,0.88,14500,1,1,1,350000
AMCAT-493696,Engineering,B,Chennai,8.74,5,SME,0.298,50,52,0.78,11500,0,0,0,350000
AMCAT-1120553,Engineering,B,Delhi NCR,7.3,3,SME,0.208,48,48,0.76,17500,0,0,1,300000
AMCAT-693715,Engineering,B,Delhi NCR,7.16,5,SME,0.342,71,52,0.76,14500,0,0,1,340000
AMCAT-1098816,Engineering,B,Chennai,9.0,5,Startup,0.284,86,54,0.76,16000,0,0,0,145000
AMCAT-1077037,Engineering,B,Chennai,7.51,6,Startup,0.368,52,52,0.76,11000,0,0,0,200000
AMCAT-600660,Engineering,B,Delhi NCR,6.7,6,Startup,0.35,75,53,0.78,11000,0,1,1,285000
AMCAT-134963,Engineering,B,Chennai,8.44,4,MNC,0.312,41,53,0.87,15000,0,0,1,1300000
AMCAT-322522,Engineering,B,Chennai,8.7,4,Startup,0.248,88,48,0.78,14000,0,0,0,160000
AMCAT-1029538,Engineering,B,Chennai,8.39,5,SME,0.338,81,50,0.76,15500,0,0,1,340000
AMCAT-1203344,Engineering,B,Chennai,7.1,4,SME,0.322,37,48,0.88,13500,1,1,1,325000
AMCAT-1171251,Engineering,B,Delhi NCR,6.8,4,Startup,0.253,72,52,0.76,14500,0,0,0,210000
AMCAT-955483,Engineering,B,Delhi NCR,6.6,5,SME,0.27,32,45,0.88,14500,0,0,1,315000
AMCAT-683018,Engineering,B,Delhi NCR,7.56,4,SME,0.321,80,50,0.78,16000,0,0,1,480000
AMCAT-325412,Engineering,B,Mumbai,6.9,4,MNC,0.256,55,53,0.78,16000,0,0,1,3500000
AMCAT-1171203,Engineering,B,Delhi NCR,7.49,5,SME,0.347,57,50,0.88,10000,0,1,1,325000
AMCAT-1096948,Engineering,B,Chennai,7.0,2,Startup,0.185,30,49,0.88,8500,0,0,1,70000
AMCAT-099935,Engineering,B,Hyderabad,6.29,4,SME,0.307,41,48,0.87,16500,0,0,0,300000
AMCAT-1262957,Engineering,B,Chennai,7.85,3,Startup,0.249,5,41,0.76,17000,0,1,1,190000
AMCAT-812597,Engineering,B,Bengaluru,6.95,4,MNC,0.304,87,48,0.76,11500,0,0,0,910000
AMCAT-116707,Engineering,B,Delhi NCR,6.5,3,SME,0.247,83,53,0.87,9500,0,0,1,300000
AMCAT-505831,Engineering,B,Delhi NCR,6.6,5,Startup,0.286,41,50,0.78,14000,1,1,1,100000
AMCAT-132996,Engineering,B,Chennai,7.7,4,MNC,0.194,77,49,0.87,16500,1,1,1,570000
AMCAT-249853,Engineering,B,Delhi NCR,6.8,5,Startup,0.282,40,70,0.91,18500,1,1,1,180000
AMCAT-1029318,Engineering,B,Delhi NCR,7.24,5,SME,0.324,61,48,0.76,15500,0,1,1,310000
AMCAT-1112003,Engineering,B,Delhi NCR,6.57,3,Startup,0.231,51,52,0.76,13000,0,0,0,120000
AMCAT-391116,Engineering,B,Bengaluru,7.24,4,SME,0.273,45,53,0.78,12000,1,1,1,350000
AMCAT-801764,Engineering,B,Hyderabad,8.43,6,SME,0.349,24,48,0.76,14000,0,1,1,335000
AMCAT-604570,Engineering,B,Delhi NCR,6.01,4,Startup,0.25,59,48,0.76,13500,1,1,1,180000
AMCAT-1204743,Engineering,B,Delhi NCR,6.6,4,SME,0.224,50,52,0.91,11500,1,1,1,300000
AMCAT-407934,Engineering,B,Bengaluru,8.86,4,SME,0.277,76,57,0.78,19000,1,1,1,440000
AMCAT-1224920,Engineering,B,Delhi NCR,6.87,5,SME,0.343,65,52,0.88,18500,1,1,1,425000
AMCAT-961030,Engineering,B,Delhi NCR,6.66,5,Startup,0.278,39,48,0.88,17000,1,1,1,180000
AMCAT-1266709,Engineering,B,Chennai,7.0,3,Startup,0.23,100,52,0.88,11500,0,0,1,195000
AMCAT-230778,Engineering,B,Mumbai,7.1,4,SME,0.28,69,53,0.84,16000,0,0,1,325000
AMCAT-1077576,Engineering,B,Bengaluru,7.01,5,SME,0.314,57,48,0.76,15500,0,0,1,450000
AMCAT-670672,Engineering,B,Delhi NCR,6.67,5,Startup,0.274,51,52,0.76,15000,0,0,1,280000
AMCAT-342610,Engineering,B,Delhi NCR,6.8,4,SME,0.232,70,50,0.78,17000,1,1,1,475000
AMCAT-927081,Engineering,B,Delhi NCR,6.5,3,Startup,0.262,66,53,0.88,15500,1,1,1,250000
AMCAT-265225,Engineering,B,Delhi NCR,6.63,4,Startup,0.246,54,50,0.84,16000,1,1,1,200000
AMCAT-326418,Engineering,B,Mumbai,7.18,3,Startup,0.239,38,48,0.78,15500,0,0,0,180000
AMCAT-1089064,Engineering,B,Chennai,6.65,3,Startup,0.262,68,52,0.76,15000,0,0,0,120000
AMCAT-1297757,Engineering,B,Bengaluru,6.5,4,Startup,0.241,65,48,0.76,9500,0,0,0,100000
AMCAT-465319,Engineering,B,Hyderabad,7.2,5,SME,0.29,73,48,0.78,14000,1,1,1,360000
AMCAT-435062,Engineering,B,Delhi NCR,6.9,4,Startup,0.282,52,57,0.78,12500,0,0,0,255000
AMCAT-852303,Engineering,B,Hyderabad,8.4,5,SME,0.3,90,48,0.76,11000,1,1,1,300000
AMCAT-359928,Engineering,B,Mumbai,5.8,3,Startup,0.196,54,46,0.78,18000,0,0,1,200000
AMCAT-871997,Engineering,B,Delhi NCR,7.0,5,SME,0.304,81,52,0.88,18500,0,1,1,335000
AMCAT-954272,Engineering,B,Hyderabad,7.4,4,SME,0.335,91,48,0.78,17500,1,1,1,350000
AMCAT-295347,Engineering,B,Delhi NCR,6.77,5,SME,0.273,64,53,0.78,14500,0,1,1,400000
AMCAT-800561,Engineering,B,Delhi NCR,6.7,5,SME,0.308,17,52,0.76,17500,1,1,1,300000
AMCAT-1068402,Engineering,B,Hyderabad,6.93,4,SME,0.276,73,52,0.88,14000,1,1,1,350000
AMCAT-616935,Engineering,B,Chennai,7.5,4,Startup,0.204,46,52,0.76,14500,1,1,1,130000
AMCAT-479784,Engineering,B,Chennai,8.75,4,SME,0.269,38,50,0.78,11500,0,0,0,315000
AMCAT-1063224,Engineering,B,Hyderabad,7.59,4,Startup,0.266,98,57,0.88,15000,0,1,1,105000
AMCAT-451825,Engineering,B,Delhi NCR,6.71,5,SME,0.288,81,53,0.84,14000,0,0,1,435000
AMCAT-232381,Engineering,B,Delhi NCR,6.54,5,Startup,0.303,48,53,0.84,10500,1,1,1,120000
AMCAT-309214,Engineering,B,Delhi NCR,7.3,5,SME,0.292,50,52,0.76,14000,0,0,1,420000
AMCAT-857260,Engineering,B,Delhi NCR,7.09,5,Startup,0.315,14,48,0.76,14000,0,0,1,180000
AMCAT-222887,Engineering,B,Delhi NCR,6.85,4,SME,0.284,24,53,0.84,18500,0,0,0,360000
AMCAT-054579,Engineering,B,Delhi NCR,6.32,5,Startup,0.286,60,44,0.68,16000,0,0,1,195000
AMCAT-1269203,Engineering,B,Chennai,6.89,5,Startup,0.271,93,50,0.76,14000,1,1,1,120000
AMCAT-356739,Engineering,B,Chennai,6.5,6,SME,0.348,70,46,0.78,14500,0,0,0,350000
AMCAT-1094255,Engineering,B,Delhi NCR,7.17,6,SME,0.359,55,41,0.88,14000,0,0,1,320000
AMCAT-669240,Engineering,B,Delhi NCR,6.56,3,Startup,0.192,58,50,0.76,13500,0,0,1,280000
AMCAT-336003,Engineering,B,Hyderabad,6.3,4,Startup,0.305,58,57,0.78,11500,1,1,1,255000
AMCAT-1111415,Engineering,B,Delhi NCR,8.0,4,SME,0.3,80,52,0.88,13500,1,1,1,310000
AMCAT-653103,Engineering,B,Delhi NCR,6.8,4,Startup,0.327,59,52,0.76,12000,0,0,1,200000
AMCAT-609147,Engineering,A,Delhi NCR,6.77,5,SME,0.356,35,52,0.76,15000,1,1,1,415000
AMCAT-1093783,Engineering,B,Delhi NCR,6.91,3,Startup,0.241,4,48,0.88,15500,1,1,1,100000
AMCAT-576137,Engineering,B,Delhi NCR,6.88,3,Startup,0.181,66,52,0.76,15000,1,1,1,200000
AMCAT-693533,Engineering,B,Delhi NCR,7.3,6,SME,0.396,73,48,0.76,9500,1,1,1,315000
AMCAT-668714,Engineering,B,Delhi NCR,7.89,4,Startup,0.321,2,52,0.78,13500,1,1,1,220000
AMCAT-822635,Engineering,B,Delhi NCR,8.2,4,Startup,0.302,65,57,0.88,16500,0,0,1,200000
AMCAT-1068625,Engineering,B,Hyderabad,7.26,5,Startup,0.274,52,48,0.88,16500,0,0,1,180000
AMCAT-247003,Engineering,B,Chennai,7.87,5,SME,0.284,74,49,0.84,16500,0,1,1,345000
AMCAT-121686,Engineering,B,Chennai,8.03,5,SME,0.277,84,53,0.87,14000,0,0,1,415000
AMCAT-1008832,Engineering,B,Delhi NCR,7.1,5,SME,0.303,90,57,0.76,12000,0,0,0,325000
AMCAT-608938,Engineering,A,Delhi NCR,7.23,5,MNC,0.351,11,57,0.76,15500,1,1,1,600000
AMCAT-604198,Engineering,B,Delhi NCR,6.8,5,SME,0.315,79,52,0.76,15000,0,0,1,350000
AMCAT-033169,Engineering,A,Delhi NCR,7.7,5,MNC,0.288,15,48,0.87,19000,1,1,1,730000
AMCAT-276354,Engineering,B,Delhi NCR,8.29,5,SME,0.277,54,50,0.84,17000,1,1,1,380000
AMCAT-204592,Engineering,A,Delhi NCR,8.8,3,SME,0.256,55,53,0.84,20500,1,1,1,450000
AMCAT-510169,Engineering,B,Delhi NCR,6.8,5,Startup,0.348,39,53,0.78,13500,1,1,1,240000
AMCAT-504451,Engineering,B,Mumbai,5.3,5,Startup,0.29,34,50,0.78,11000,0,1,1,85000
AMCAT-692875,Engineering,B,Chennai,8.8,4,SME,0.308,52,50,0.76,13000,0,0,1,380000
AMCAT-258509,Engineering,B,Hyderabad,7.11,4,MNC,0.301,70,48,0.87,14500,0,0,0,555000
AMCAT-1098954,Engineering,B,Mumbai,6.52,4,Startup,0.305,59,50,0.78,13500,1,1,1,105000
AMCAT-849071,Engineering,A,Delhi NCR,6.59,6,SME,0.391,48,49,0.76,16500,0,0,1,325000
AMCAT-549816,Engineering,B,Hyderabad,7.0,4,SME,0.301,74,48,0.78,14500,0,0,1,330000
AMCAT-612621,Engineering,B,Chennai,7.5,4,Startup,0.222,28,48,0.76,12500,0,0,0,240000
AMCAT-283428,Engineering,B,Delhi NCR,6.81,4,MNC,0.272,26,50,0.84,12500,0,0,1,520000
AMCAT-1098761,Engineering,B,Delhi NCR,6.9,5,Startup,0.324,92,52,0.76,15000,1,1,1,100000
AMCAT-470584,Engineering,B,Delhi NCR,7.23,4,SME,0.282,56,53,0.76,13000,1,1,1,420000
AMCAT-1189528,Engineering,B,Hyderabad,7.82,4,Startup,0.291,100,50,0.88,14500,0,1,1,200000
AMCAT-330914,Engineering,B,Hyderabad,7.38,4,SME,0.265,50,53,0.78,14500,0,0,1,335000
AMCAT-342044,Engineering,B,Delhi NCR,8.39,6,SME,0.361,38,53,0.78,11000,1,1,1,420000
AMCAT-351307,Engineering,A,Mumbai,6.8,4,MNC,0.303,46,53,0.78,17000,1,1,1,550000
AMCAT-223303,Engineering,A,Chennai,7.89,5,SME,0.292,10,48,0.84,21500,0,1,1,405000
AMCAT-815061,Engineering,B,Delhi NCR,7.45,5,SME,0.338,83,48,0.78,11000,0,0,0,340000
AMCAT-214231,Engineering,B,Delhi NCR,7.3,6,SME,0.357,32,53,0.78,8500,0,0,1,465000
AMCAT-576127,Engineering,B,Delhi NCR,6.96,5,Startup,0.341,56,50,0.76,9500,1,1,1,195000
AMCAT-1069119,Engineering,B,Chennai,7.5,5,Startup,0.293,29,49,0.78,14000,1,1,1,120000
AMCAT-337594,Engineering,B,Chennai,9.45,4,SME,0.292,81,50,0.78,14000,0,0,1,400000
AMCAT-661957,Engineering,B,Chennai,8.6,4,Startup,0.322,78,52,0.76,13500,0,0,0,250000
AMCAT-138253,Engineering,B,Chennai,7.7,4,MNC,0.295,41,53,0.87,17000,0,1,1,680000
AMCAT-295111,Engineering,B,Mumbai,5.54,3,Startup,0.232,37,46,0.84,7500,1,1,1,265000
AMCAT-868924,Engineering,B,Chennai,6.7,3,Startup,0.229,5,48,0.88,15000,1,1,1,240000
AMCAT-423068,Engineering,B,Delhi NCR,6.2,5,Startup,0.275,64,48,0.78,18000,1,1,1,195000
AMCAT-078587,Engineering,B,Bengaluru,5.7,3,Startup,0.2,40,49,0.84,11000,0,0,1,255000
AMCAT-1251710,Engineering,B,Delhi NCR,8.3,4,Startup,0.247,42,52,0.76,13000,0,0,1,140000
AMCAT-668821,Engineering,B,Bengaluru,6.52,5,Startup,0.287,43,48,0.76,12000,0,1,1,200000
AMCAT-1152411,Engineering,B,Mumbai,5.96,4,SME,0.332,56,53,0.88,12000,0,0,1,315000
AMCAT-1274668,Engineering,B,Delhi NCR,7.34,4,SME,0.274,69,48,0.76,13000,0,0,1,330000
AMCAT-1077184,Engineering,A,Delhi NCR,6.78,5,Startup,0.294,50,52,0.76,21500,0,0,1,100000
AMCAT-1035913,Engineering,B,Mumbai,6.15,3,Startup,0.214,66,53,0.76,18500,0,0,0,110000
AMCAT-1290109,Engineering,B,Delhi NCR,6.14,4,Startup,0.277,94,53,0.88,13000,1,1,1,215000
AMCAT-243279,Engineering,B,Delhi NCR,7.0,3,SME,0.247,56,53,0.84,19000,1,1,1,300000
AMCAT-332800,Engineering,B,Delhi NCR,6.1,4,Startup,0.207,32,48,0.76,14000,0,0,1,200000
AMCAT-1100533,Engineering,B,Bengaluru,6.86,4,SME,0.238,52,52,0.88,18500,0,1,1,400000
AMCAT-609914,Engineering,B,Delhi NCR,7.5,5,SME,0.299,57,52,0.76,14000,0,0,1,300000
AMCAT-242078,Engineering,B,Chennai,8.0,4,SME,0.29,10,48,0.84,14500,0,0,1,480000
AMCAT-285145,Engineering,B,Hyderabad,8.4,4,SME,0.297,8,69,0.78,15000,1,1,1,300000
AMCAT-452593,Engineering,B,Delhi NCR,6.91,5,SME,0.325,54,53,0.78,22000,1,1,1,465000
AMCAT-212005,Engineering,B,Delhi NCR,6.8,5,Startup,0.278,18,50,0.84,16000,0,0,0,270000
AMCAT-602267,Engineering,A,Hyderabad,8.57,6,SME,0.355,22,48,0.76,16000,0,0,0,320000
AMCAT-857517,Engineering,B,Delhi NCR,7.2,3,SME,0.263,53,48,0.84,16500,0,1,1,300000
AMCAT-356190,Engineering,B,Delhi NCR,6.77,4,Startup,0.2,26,50,0.78,13000,0,0,0,230000
AMCAT-1230190,Engineering,B,Delhi NCR,6.8,5,SME,0.28,79,52,0.88,13000,1,1,1,300000
AMCAT-614413,Engineering,B,Delhi NCR,6.2,5,Startup,0.339,76,53,0.88,16500,0,1,1,120000
AMCAT-108193,Engineering,B,Hyderabad,6.4,3,Startup,0.25,33,48,0.87,14000,0,0,1,130000
AMCAT-539191,Engineering,B,Hyderabad,6.88,4,SME,0.292,43,50,0.78,14500,0,0,1,440000
AMCAT-1250337,Engineering,B,Chennai,7.7,4,SME,0.3,3,50,0.88,14000,0,1,1,325000
AMCAT-324190,Engineering,B,Mumbai,5.0,2,Startup,0.179,21,46,0.78,15000,0,0,1,100000
AMCAT-798620,Engineering,B,Delhi NCR,8.79,4,SME,0.267,69,48,0.91,15000,1,1,1,400000
AMCAT-896540,Engineering,B,Bengaluru,5.75,5,SME,0.301,86,52,0.76,9000,0,0,1,400000
AMCAT-467504,Engineering,B,Delhi NCR,9.04,5,SME,0.284,75,49,0.78,15500,0,0,0,340000
AMCAT-1061897,Engineering,B,Chennai,7.6,5,Startup,0.308,58,48,0.76,11500,1,1,1,180000
AMCAT-533466,Engineering,B,Mumbai,6.38,5,Startup,0.322,72,41,0.78,10500,1,1,1,240000
AMCAT-841260,Engineering,B,Hyderabad,6.56,6,SME,0.355,70,52,0.84,14000,0,0,0,330000
AMCAT-333793,Engineering,B,Hyderabad,7.95,3,SME,0.256,100,48,0.78,14000,0,0,1,425000
AMCAT-325637,Engineering,B,Chennai,6.5,4,SME,0.263,35,53,0.78,12500,0,1,1,400000
AMCAT-1169332,Engineering,B,Mumbai,7.5,4,Startup,0.206,41,52,0.78,16000,0,0,0,120000
AMCAT-692945,Engineering,B,Chennai,7.6,3,SME,0.25,81,52,0.76,10500,0,0,1,320000
AMCAT-1231953,Engineering,B,Bengaluru,7.25,4,SME,0.208,70,52,0.88,13000,1,1,1,450000
AMCAT-273865,Engineering,B,Bengaluru,6.88,3,MNC,0.26,49,48,0.84,12500,0,0,1,500000
AMCAT-112617,Engineering,B,Bengaluru,6.5,5,SME,0.293,77,53,0.87,14000,1,1,1,445000
AMCAT-021229,Engineering,B,Bengaluru,6.2,4,MNC,0.25,67,48,0.68,14500,0,0,1,500000
AMCAT-1258895,Engineering,B,Mumbai,6.8,3,Startup,0.247,41,48,0.78,11500,0,0,1,205000
AMCAT-785378,Engineering,B,Delhi NCR,7.0,4,Startup,0.21,49,50,0.88,16000,1,1,1,170000
AMCAT-1122867,Engineering,B,Delhi NCR,6.93,4,SME,0.304,30,49,0.88,14000,1,1,1,305000
AMCAT-280505,Engineering,B,Hyderabad,7.8,4,MNC,0.277,85,53,0.84,9500,1,1,1,515000
AMCAT-329920,Engineering,B,Hyderabad,7.18,5,MNC,0.28,83,53,0.78,9000,0,1,1,1300000
AMCAT-321293,Engineering,B,Hyderabad,7.91,4,SME,0.325,49,48,0.78,14000,0,1,1,390000
AMCAT-330490,Engineering,B,Hyderabad,5.8,4,Startup,0.233,31,49,0.78,13500,0,0,0,165000
AMCAT-330647,Engineering,B,Hyderabad,7.72,4,SME,0.239,51,53,0.78,13500,1,1,1,430000
AMCAT-606548,Engineering,A,Delhi NCR,8.93,4,MNC,0.329,51,48,0.76,18000,0,0,1,630000
AMCAT-988346,Engineering,B,Delhi NCR,6.6,5,Startup,0.275,100,52,0.88,14500,0,0,1,85000
AMCAT-1259836,Engineering,B,Chennai,7.67,4,SME,0.267,94,52,0.76,16500,0,0,0,330000
AMCAT-212018,Engineering,B,Delhi NCR,7.07,3,Startup,0.269,69,57,0.84,11000,0,1,1,275000
AMCAT-513149,Engineering,B,Mumbai,7.12,3,Startup,0.231,28,50,0.78,11000,1,1,1,150000
AMCAT-1297805,Engineering,B,Delhi NCR,6.7,4,Startup,0.28,56,48,0.78,11500,0,0,0,210000
AMCAT-1075753,Engineering,B,Hyderabad,7.9,3,SME,0.262,91,53,0.91,14500,1,1,1,300000
AMCAT-1063131,Engineering,B,Hyderabad,7.53,4,Startup,0.304,7,52,0.88,17000,0,1,1,100000
AMCAT-264071,Engineering,B,Delhi NCR,6.93,6,SME,0.353,85,48,0.84,13000,0,1,1,365000
AMCAT-831967,Engineering,B,Hyderabad,8.06,5,SME,0.329,31,52,0.88,7500,0,1,1,305000
AMCAT-327623,Engineering,B,Delhi NCR,7.45,4,SME,0.327,52,50,0.78,9500,0,0,1,450000
AMCAT-538390,Engineering,B,Bengaluru,8.03,6,SME,0.372,40,52,0.78,12000,0,0,1,375000
AMCAT-102662,Engineering,B,Chennai,8.02,3,MNC,0.256,81,50,0.87,12500,1,1,1,1050000
AMCAT-669934,Engineering,B,Delhi NCR,6.9,4,Startup,0.266,0,53,0.76,13000,0,0,0,200000
AMCAT-203388,Engineering,B,Bengaluru,7.0,5,SME,0.336,100,48,0.84,14000,1,1,1,320000
AMCAT-342865,Engineering,B,Delhi NCR,6.29,4,Startup,0.202,45,57,0.88,13000,0,0,1,120000
AMCAT-676834,Engineering,B,Mumbai,6.48,5,SME,0.308,83,29,0.76,16500,0,0,1,380000
AMCAT-242775,Engineering,B,Bengaluru,7.2,3,Startup,0.233,55,48,0.84,12500,0,0,0,240000
AMCAT-555735,Engineering,B,Bengaluru,7.38,4,SME,0.247,74,50,0.76,12000,0,1,1,350000
AMCAT-320646,Engineering,B,Hyderabad,7.78,4,SME,0.333,21,53,0.78,15000,0,1,1,405000
AMCAT-869050,Engineering,B,Chennai,8.0,5,MNC,0.304,83,49,0.88,10000,1,1,1,505000
AMCAT-1262846,Engineering,B,Bengaluru,8.0,4,SME,0.336,76,48,0.88,15000,0,1,1,325000
AMCAT-614217,Engineering,B,Delhi NCR,6.28,4,Startup,0.282,50,49,0.88,14500,1,1,1,200000
AMCAT-350128,Engineering,B,Delhi NCR,7.2,6,SME,0.352,3,48,0.78,13500,1,1,1,340000
AMCAT-050216,Engineering,B,Delhi NCR,7.18,5,Startup,0.331,39,46,0.87,18000,1,1,1,160000
AMCAT-605611,Engineering,B,Mumbai,7.1,4,MNC,0.312,57,50,0.78,12500,0,0,0,550000
AMCAT-629345,Engineering,A,Bengaluru,8.66,5,SME,0.322,36,48,0.76,23000,1,1,1,335000
AMCAT-910069,Engineering,B,Chennai,7.24,4,SME,0.288,95,52,0.88,13500,1,1,1,420000
AMCAT-557677,Engineering,B,Delhi NCR,7.0,5,SME,0.304,69,48,0.78,11000,0,0,0,315000
AMCAT-319385,Engineering,B,Hyderabad,9.12,5,SME,0.278,28,69,0.78,14000,1,1,1,400000
AMCAT-345175,Engineering,B,Delhi NCR,6.24,5,MNC,0.312,31,53,0.87,11500,0,0,0,2000000
AMCAT-577489,Engineering,B,Delhi NCR,7.78,5,SME,0.359,75,57,0.76,12000,1,1,1,310000
AMCAT-032133,Engineering,B,Mumbai,5.98,4,Startup,0.277,66,52,0.68,15000,0,0,1,150000
AMCAT-094788,Engineering,B,Chennai,8.0,3,SME,0.254,0,48,0.68,15500,0,0,0,300000
AMCAT-963058,Engineering,B,Hyderabad,7.43,5,SME,0.319,65,52,0.88,12500,1,1,1,335000
AMCAT-439791,Engineering,B,Delhi NCR,6.01,4,SME,0.273,44,50,0.78,16500,0,0,1,350000
AMCAT-325567,Engineering,B,Chennai,7.71,3,SME,0.248,11,50,0.78,17000,0,0,1,380000
AMCAT-1133187,Engineering,B,Bengaluru,5.2,3,Startup,0.238,39,48,0.88,17500,1,1,1,150000
AMCAT-1293728,Engineering,B,Chennai,7.7,5,SME,0.28,23,48,0.91,15500,1,1,1,330000
AMCAT-503221,Engineering,B,Mumbai,7.5,5,SME,0.318,39,57,0.76,17500,1,1,1,350000
AMCAT-358389,Engineering,B,Delhi NCR,6.77,4,Startup,0.312,9,48,0.78,9500,1,1,1,140000
AMCAT-864186,Engineering,B,Delhi NCR,8.08,5,MNC,0.376,61,52,0.76,13000,1,1,1,515000
AMCAT-479805,Engineering,B,Chennai,7.8,3,Startup,0.267,22,53,0.78,12000,0,0,1,200000
AMCAT-330078,Engineering,B,Hyderabad,6.4,3,Startup,0.217,34,50,0.78,14500,0,0,0,230000
AMCAT-1066680,Engineering,B,Chennai,8.14,6,SME,0.394,94,48,0.88,12500,1,1,1,325000
AMCAT-806424,Engineering,B,Delhi NCR,8.27,5,SME,0.322,40,52,0.88,13500,0,1,1,350000
AMCAT-676401,Engineering,B,Mumbai,7.43,4,Startup,0.249,11,50,0.76,18500,1,1,1,105000
AMCAT-1143459,Engineering,B,Chennai,7.4,4,Startup,0.323,82,52,0.88,13500,1,1,1,275000
AMCAT-347313,Engineering,B,Delhi NCR,6.98,3,Startup,0.232,100,50,0.78,15000,0,1,1,260000
AMCAT-1034772,Engineering,B,Chennai,7.98,4,SME,0.324,52,48,0.76,13500,0,0,0,300000
AMCAT-1125683,Engineering,B,Hyderabad,7.17,5,Startup,0.28,82,48,0.76,14000,0,0,1,175000
AMCAT-786404,Engineering,B,Hyderabad,6.86,6,SME,0.36,33,52,0.76,14000,1,1,1,350000
AMCAT-847671,Engineering,B,Delhi NCR,6.43,4,Startup,0.282,55,48,0.78,15000,0,0,0,200000
AMCAT-247078,Engineering,B,Chennai,6.5,4,Startup,0.278,63,53,0.84,17000,0,0,1,275000
AMCAT-312286,Engineering,B,Hyderabad,6.35,4,SME,0.226,74,53,0.84,18000,0,1,1,395000
AMCAT-692823,Engineering,B,Chennai,7.86,4,MNC,0.33,51,50,0.76,15000,0,1,1,520000
AMCAT-272917,Engineering,B,Mumbai,6.75,4,Startup,0.26,44,50,0.84,15500,0,0,0,80000
AMCAT-662991,Engineering,B,Delhi NCR,7.6,4,Startup,0.231,81,50,0.84,11000,0,0,0,215000
AMCAT-607667,Engineering,B,Bengaluru,8.36,4,Startup,0.341,69,50,0.76,14000,1,1,1,275000
AMCAT-962376,Engineering,A,Delhi NCR,7.28,5,MNC,0.324,46,100,0.88,20500,1,1,1,700000
AMCAT-1088773,Engineering,B,Bengaluru,7.28,5,Startup,0.317,44,46,0.76,16000,0,0,1,240000
AMCAT-425274,Engineering,B,Delhi NCR,7.06,4,SME,0.233,85,53,0.78,14500,0,0,0,300000
AMCAT-1152429,Engineering,B,Mumbai,5.4,4,SME,0.3,64,52,0.76,16000,0,0,1,340000
AMCAT-324284,Engineering,B,Mumbai,6.23,5,MNC,0.295,56,46,0.78,15000,0,0,1,520000
AMCAT-668771,Engineering,B,Bengaluru,6.18,4,SME,0.292,46,57,0.76,17000,0,1,1,300000
AMCAT-244735,Engineering,B,Bengaluru,5.84,4,SME,0.265,22,48,0.84,14500,1,1,1,325000
AMCAT-619605,Engineering,B,Bengaluru,8.25,5,SME,0.344,87,57,0.76,13000,0,0,1,475000
AMCAT-034238,Engineering,A,Delhi NCR,7.34,4,MNC,0.32,55,57,0.87,19000,1,1,1,570000
AMCAT-514731,Engineering,B,Delhi NCR,7.9,5,SME,0.294,11,50,0.78,6500,0,0,1,445000
AMCAT-047476,Engineering,B,Chennai,6.7,4,Startup,0.308,32,48,0.87,15000,0,0,0,205000
AMCAT-1082927,Engineering,B,Chennai,8.78,5,SME,0.34,100,45,0.76,5000,0,0,1,340000
AMCAT-600997,Engineering,B,Delhi NCR,6.7,5,Startup,0.334,100,53,0.76,9500,1,1,1,240000
AMCAT-745903,Engineering,B,Hyderabad,7.51,6,SME,0.36,97,52,0.76,15000,1,1,1,300000
AMCAT-239868,Engineering,B,Bengaluru,8.28,5,MNC,0.303,77,53,0.84,15000,0,0,1,510000
AMCAT-922592,Engineering,B,Delhi NCR,7.3,5,Startup,0.313,14,48,0.88,11000,0,1,1,180000
AMCAT-937943,Engineering,B,Delhi NCR,7.22,3,Startup,0.21,32,50,0.88,12000,1,1,1,145000
AMCAT-334686,Engineering,B,Mumbai,7.22,5,SME,0.286,23,53,0.78,17500,1,1,1,410000
AMCAT-1262255,Engineering,B,Delhi NCR,6.5,4,SME,0.313,61,52,0.88,13000,0,0,1,315000
AMCAT-300968,Engineering,B,Bengaluru,7.24,4,SME,0.333,69,53,0.84,19500,1,1,1,450000
AMCAT-1238094,Engineering,B,Delhi NCR,8.8,4,Startup,0.276,43,52,0.91,14000,1,1,1,145000
AMCAT-1154787,Engineering,B,Chennai,8.63,4,SME,0.303,67,53,0.76,15000,0,0,1,335000
AMCAT-244386,Engineering,B,Chennai,7.0,3,Startup,0.263,47,48,0.84,18000,0,0,1,225000
AMCAT-436253,Engineering,A,Delhi NCR,7.61,4,Startup,0.284,16,53,0.78,18500,0,0,1,200000
AMCAT-649530,Engineering,B,Mumbai,5.86,6,SME,0.397,74,50,0.76,11500,0,0,1,350000
AMCAT-991880,Engineering,B,Delhi NCR,6.1,3,Startup,0.234,42,49,0.88,13500,0,1,1,200000
AMCAT-622495,Engineering,B,Delhi NCR,7.19,3,SME,0.256,26,50,0.78,14000,0,0,0,325000
AMCAT-988691,Engineering,B,Delhi NCR,6.0,3,Startup,0.263,85,52,0.88,10500,1,1,1,120000
AMCAT-309289,Engineering,B,Delhi NCR,7.6,5,SME,0.284,51,53,0.78,13500,1,1,1,385000
AMCAT-458867,Engineering,B,Delhi NCR,6.59,5,SME,0.308,89,50,0.76,12000,0,0,0,320000
AMCAT-407662,Engineering,B,Bengaluru,7.71,4,SME,0.267,59,50,0.78,16500,0,0,1,360000
AMCAT-552651,Engineering,B,Delhi NCR,6.89,3,SME,0.254,45,50,0.76,14000,0,0,1,325000
AMCAT-455057,Engineering,B,Delhi NCR,5.5,3,Startup,0.269,66,53,0.78,13500,0,1,1,240000
AMCAT-1115290,Engineering,B,Mumbai,6.25,3,Startup,0.244,63,44,0.76,13500,0,0,1,110000
AMCAT-1232895,Engineering,B,Delhi NCR,7.25,4,SME,0.257,100,52,0.88,14500,0,0,1,300000
AMCAT-995359,Engineering,B,Hyderabad,7.17,3,Startup,0.264,62,52,0.76,15500,0,0,0,220000
AMCAT-353118,Engineering,B,Bengaluru,7.44,4,SME,0.278,77,53,0.78,11500,0,0,0,415000
AMCAT-337629,Engineering,B,Chennai,9.23,4,SME,0.262,41,53,0.78,11500,0,0,1,300000
AMCAT-277278,Engineering,B,Delhi NCR,7.4,4,SME,0.217,43,49,0.84,17000,1,1,1,300000
AMCAT-1218624,Engineering,B,Pune,6.9,5,SME,0.27,43,50,0.88,13000,0,0,1,345000
AMCAT-121950,Engineering,B,Mumbai,6.4,4,MNC,0.284,24,53,0.87,10500,0,0,1,515000
AMCAT-814230,Engineering,B,Delhi NCR,6.58,5,Startup,0.292,32,48,0.76,15000,0,0,0,120000
AMCAT-1083098,Engineering,B,Chennai,8.25,6,SME,0.347,59,48,0.88,15000,1,1,1,400000
AMCAT-062159,Engineering,B,Mumbai,7.12,4,MNC,0.29,34,53,0.68,10000,0,0,1,860000
AMCAT-468083,Engineering,B,Mumbai,6.8,3,Startup,0.235,63,53,0.78,14500,0,1,1,100000
AMCAT-047767,Engineering,A,Delhi NCR,6.89,4,MNC,0.292,3,50,0.68,20000,0,0,1,800000
AMCAT-1263022,Engineering,B,Hyderabad,7.5,4,SME,0.275,53,50,0.88,15000,0,0,1,325000
AMCAT-340337,Engineering,B,Mumbai,6.19,4,SME,0.207,75,53,0.78,15500,0,0,1,480000
AMCAT-990568,Engineering,B,Hyderabad,7.3,4,SME,0.278,73,52,0.88,10500,1,1,1,320000
AMCAT-1225970,Engineering,B,Delhi NCR,7.11,4,Startup,0.273,31,57,0.91,15000,1,1,1,145000
AMCAT-1136577,Engineering,B,Chennai,7.6,5,SME,0.308,66,52,0.76,13000,0,0,0,360000
AMCAT-337656,Engineering,B,Chennai,8.71,5,MNC,0.333,63,48,0.78,13000,0,1,1,500000
AMCAT-920388,Engineering,B,Delhi NCR,7.25,4,SME,0.335,87,48,0.88,16000,0,1,1,400000
AMCAT-243493,Engineering,B,Chennai,7.51,4,SME,0.314,29,52,0.84,17500,1,1,1,300000
AMCAT-911962,Engineering,B,Delhi NCR,7.58,4,SME,0.343,35,50,0.88,18500,1,1,1,400000
AMCAT-350819,Engineering,B,Delhi NCR,7.23,4,Startup,0.258,34,45,0.88,17500,0,1,1,200000
AMCAT-796197,Engineering,B,Chennai,8.19,5,MNC,0.382,56,53,0.88,13500,1,1,1,800000
AMCAT-262989,Engineering,B,Delhi NCR,6.2,3,Startup,0.213,58,53,0.84,15000,0,1,1,180000
AMCAT-1152450,Engineering,B,Delhi NCR,7.61,6,SME,0.348,57,52,0.76,16000,0,0,1,370000
AMCAT-416468,Engineering,A,Delhi NCR,8.0,4,SME,0.342,74,50,0.78,18500,1,1,1,350000
AMCAT-421568,Engineering,B,Mumbai,5.84,3,Startup,0.226,59,53,0.78,14500,1,1,1,235000
AMCAT-997622,Engineering,B,Bengaluru,7.23,4,MNC,0.329,0,52,0.88,16000,1,1,1,500000
AMCAT-1101727,Engineering,B,Bengaluru,6.65,5,SME,0.305,82,48,0.76,14000,0,0,1,300000
AMCAT-920246,Engineering,B,Delhi NCR,6.9,3,Startup,0.265,18,50,0.88,12000,0,1,1,125000
AMCAT-374573,Engineering,B,Mumbai,5.57,4,MNC,0.331,89,53,0.78,13000,0,0,0,500000
AMCAT-1224952,Engineering,A,Delhi NCR,6.52,4,SME,0.242,88,52,0.88,19500,0,1,1,325000
AMCAT-812145,Engineering,B,Mumbai,6.1,3,Startup,0.197,44,53,0.88,14000,1,1,1,50000
AMCAT-539201,Engineering,A,Chennai,7.52,5,SME,0.326,81,48,0.76,19000,1,1,1,300000
AMCAT-1279810,Engineering,B,Bengaluru,6.73,3,Startup,0.204,35,57,0.88,15500,1,1,1,150000
AMCAT-632497,Engineering,B,Delhi NCR,8.3,5,Startup,0.355,48,52,0.76,13000,1,1,1,240000
AMCAT-1227702,Engineering,B,Delhi NCR,7.32,4,Startup,0.202,89,52,0.91,16000,1,1,1,220000
AMCAT-753317,Engineering,B,Hyderabad,7.55,5,SME,0.308,40,48,0.76,15000,0,0,1,335000
AMCAT-823489,Engineering,B,Delhi NCR,7.8,5,SME,0.289,75,48,0.88,11000,0,0,0,300000
AMCAT-1087484,Engineering,B,Mumbai,7.2,3,Startup,0.199,38,50,0.88,17500,1,1,1,110000
AMCAT-037132,Engineering,B,Mumbai,6.3,5,SME,0.288,19,57,0.87,12500,0,0,0,470000
AMCAT-1171292,Engineering,A,Chennai,6.12,4,SME,0.337,89,52,0.88,14000,1,1,1,330000
AMCAT-1238258,Engineering,B,Mumbai,6.38,5,SME,0.3,40,52,0.88,11500,0,1,1,400000
AMCAT-324782,Engineering,B,Chennai,7.56,5,SME,0.293,59,48,0.78,11500,0,0,1,350000
AMCAT-351385,Engineering,A,Mumbai,5.56,5,SME,0.365,13,46,0.78,18000,0,1,1,305000
AMCAT-286955,Engineering,B,Mumbai,7.37,4,SME,0.293,52,53,0.84,13500,1,1,1,350000
AMCAT-872494,Engineering,B,Chennai,8.58,4,SME,0.245,51,52,0.88,13000,1,1,1,315000
AMCAT-955377,Engineering,B,Delhi NCR,6.8,4,SME,0.306,68,50,0.88,15500,0,1,1,330000
AMCAT-352906,Engineering,B,Chennai,6.19,4,Startup,0.248,26,48,0.78,15000,0,0,1,150000
AMCAT-1279785,Engineering,B,Hyderabad,7.8,5,Startup,0.313,61,52,0.76,15000,1,1,1,180000
AMCAT-358100,Engineering,B,Delhi NCR,6.87,4,SME,0.25,28,50,0.78,15000,0,0,0,350000
AMCAT-1242048,Engineering,B,Delhi NCR,5.9,4,Startup,0.226,1,52,0.88,15500,1,1,1,105000
AMCAT-1274066,Engineering,B,Mumbai,7.59,4,Startup,0.208,93,52,0.88,8500,1,1,1,180000
AMCAT-243897,Engineering,B,Delhi NCR,7.58,3,SME,0.213,6,48,0.84,13000,0,0,1,400000
AMCAT-1034607,Engineering,B,Mumbai,5.65,4,SME,0.276,85,52,0.88,8500,1,1,1,300000
AMCAT-493796,Engineering,B,Chennai,8.1,6,MNC,0.349,45,48,0.78,14000,0,0,1,600000
AMCAT-319780,Engineering,B,Delhi NCR,7.31,5,SME,0.295,71,53,0.84,14000,0,0,1,310000
AMCAT-1089260,Engineering,B,Chennai,8.17,5,SME,0.28,60,52,0.76,16500,1,1,1,450000
AMCAT-343490,Engineering,B,Delhi NCR,6.0,4,Startup,0.314,17,48,0.78,17000,1,1,1,225000
AMCAT-306449,Engineering,B,Mumbai,5.64,5,Startup,0.35,60,46,0.84,14500,0,1,1,280000
AMCAT-189234,Engineering,B,Chennai,8.64,4,MNC,0.329,52,50,0.84,12500,0,1,1,520000
AMCAT-1043850,Engineering,B,Bengaluru,7.0,4,SME,0.338,58,48,0.76,15000,0,0,1,350000
AMCAT-1255797,Engineering,B,Delhi NCR,6.6,3,SME,0.23,61,48,0.91,12500,1,1,1,320000
AMCAT-651925,Engineering,B,Bengaluru,6.4,5,SME,0.345,77,48,0.76,14000,0,1,1,325000
AMCAT-906387,Engineering,B,Delhi NCR,6.3,4,Startup,0.241,40,50,0.88,16500,1,1,1,120000
AMCAT-668043,Engineering,B,Chennai,7.4,3,SME,0.243,27,75,0.76,12500,1,1,1,350000
AMCAT-223143,Engineering,B,Delhi NCR,6.21,3,MNC,0.231,64,53,0.84,16000,1,1,1,580000
AMCAT-1003364,Engineering,B,Delhi NCR,6.89,4,Startup,0.2,7,50,0.88,15500,1,1,1,180000
AMCAT-1066385,Engineering,B,Delhi NCR,6.8,3,Startup,0.258,62,52,0.76,11500,0,0,0,240000
AMCAT-1088410,Engineering,B,Hyderabad,5.8,2,Startup,0.181,46,52,0.76,16500,0,1,1,120000
AMCAT-415273,Engineering,B,Chennai,7.85,4,Startup,0.312,63,46,0.78,15500,0,0,0,240000
AMCAT-311098,Engineering,B,Delhi NCR,6.5,4,Startup,0.263,92,50,0.84,14500,0,0,0,120000
AMCAT-906896,Engineering,B,Hyderabad,7.62,6,SME,0.349,94,48,0.88,12000,1,1,1,310000
AMCAT-1075225,Engineering,B,Chennai,7.3,4,SME,0.311,24,50,0.76,12000,0,0,1,345000
AMCAT-242799,Engineering,B,Bengaluru,5.8,3,Startup,0.215,9,64,0.84,12500,0,1,1,100000
AMCAT-990516,Engineering,B,Hyderabad,7.56,4,SME,0.297,74,50,0.88,15500,1,1,1,325000
AMCAT-440636,Engineering,A,Delhi NCR,7.63,4,SME,0.322,44,50,0.78,15500,0,0,1,310000
AMCAT-1284153,Engineering,B,Delhi NCR,6.62,5,Startup,0.278,83,69,0.91,15000,1,1,1,225000
AMCAT-767562,Engineering,B,Hyderabad,8.46,5,Startup,0.281,81,52,0.76,11000,1,1,1,240000
AMCAT-243794,Engineering,B,Delhi NCR,7.9,5,SME,0.323,67,49,0.84,13500,0,1,1,475000
AMCAT-387430,Engineering,B,Chennai,7.3,3,Startup,0.247,49,48,0.78,14500,1,1,1,235000
AMCAT-598081,Engineering,A,Mumbai,7.68,5,MNC,0.372,70,52,0.76,24000,1,1,1,560000
AMCAT-676000,Engineering,A,Mumbai,7.41,4,SME,0.322,21,53,0.76,14500,1,1,1,335000
AMCAT-1191730,Engineering,B,Delhi NCR,7.24,4,Startup,0.258,73,49,0.76,17500,1,1,1,105000
AMCAT-896584,Engineering,B,Delhi NCR,7.5,4,Startup,0.342,100,52,0.76,14500,0,1,1,100000
AMCAT-060599,Engineering,B,Chennai,8.2,4,Startup,0.297,70,53,0.88,15000,1,1,1,265000
AMCAT-796713,Engineering,B,Chennai,6.27,5,SME,0.297,70,48,0.88,14500,1,1,1,380000
AMCAT-731107,Engineering,B,Chennai,7.67,4,SME,0.288,77,49,0.76,15000,0,1,1,300000
AMCAT-1251355,Engineering,B,Hyderabad,7.82,4,SME,0.296,41,52,0.76,13500,1,1,1,300000
AMCAT-781274,Engineering,B,Chennai,7.78,4,Startup,0.284,35,46,0.76,17500,0,0,1,280000
AMCAT-1204990,Engineering,B,Mumbai,7.43,3,SME,0.258,84,50,0.88,13000,0,0,1,350000
AMCAT-1072371,Engineering,B,Delhi NCR,7.3,4,Startup,0.277,61,52,0.76,17000,0,0,0,240000
AMCAT-407688,Engineering,B,Bengaluru,8.58,5,SME,0.293,43,50,0.78,12500,1,1,1,320000
AMCAT-278742,Engineering,B,Delhi NCR,7.11,4,Startup,0.28,88,53,0.84,14000,0,0,0,180000
AMCAT-1218764,Engineering,B,Delhi NCR,6.83,5,SME,0.343,52,50,0.88,11500,0,1,1,320000
AMCAT-064897,Engineering,B,Bengaluru,6.9,4,SME,0.235,32,50,0.87,15000,0,1,1,400000
AMCAT-216420,Engineering,B,Delhi NCR,6.5,4,SME,0.299,87,57,0.84,17500,1,1,1,315000
AMCAT-698109,Engineering,B,Delhi NCR,8.13,5,SME,0.288,19,48,0.76,14000,0,0,1,360000
AMCAT-1218872,Engineering,B,Delhi NCR,5.4,6,Startup,0.352,9,50,0.88,13500,1,1,1,150000
AMCAT-261516,Engineering,B,Delhi NCR,6.25,2,Startup,0.187,40,50,0.84,11000,0,0,0,190000
AMCAT-675529,Engineering,B,Delhi NCR,6.86,4,Startup,0.309,88,48,0.76,13500,1,1,1,70000
AMCAT-056871,Engineering,B,Delhi NCR,9.6,4,SME,0.312,93,48,0.68,10000,0,0,1,350000
AMCAT-636997,Engineering,B,Delhi NCR,6.95,3,Startup,0.209,53,50,0.76,11500,1,1,1,235000
AMCAT-1068768,Engineering,A,Delhi NCR,6.72,5,SME,0.363,53,48,0.76,18500,0,0,1,400000
AMCAT-542410,Engineering,B,Delhi NCR,6.99,5,SME,0.296,58,50,0.76,17500,1,1,1,440000
AMCAT-765370,Engineering,B,Hyderabad,8.09,5,SME,0.336,5,57,0.76,21000,1,1,1,345000
AMCAT-948677,Engineering,B,Chennai,8.1,3,SME,0.243,86,52,0.88,12500,1,1,1,315000
AMCAT-1015209,Engineering,B,Delhi NCR,7.49,4,SME,0.305,71,53,0.88,17500,0,1,1,300000
AMCAT-1207752,Engineering,B,Mumbai,7.5,4,Startup,0.239,84,50,0.88,14500,1,1,1,180000
AMCAT-455934,Engineering,B,Delhi NCR,6.25,4,Startup,0.269,15,52,0.78,13500,0,0,0,60000
AMCAT-336814,Engineering,B,Chennai,7.35,4,SME,0.278,48,53,0.78,15000,1,1,1,415000
AMCAT-606325,Engineering,B,Hyderabad,8.41,5,SME,0.293,58,53,0.76,14000,1,1,1,420000
AMCAT-955810,Engineering,B,Chennai,8.6,5,SME,0.273,80,49,0.88,14500,1,1,1,300000
AMCAT-610842,Engineering,B,Hyderabad,7.1,4,Startup,0.21,50,52,0.76,13000,0,0,0,105000
AMCAT-802944,Engineering,B,Delhi NCR,6.0,4,Startup,0.262,24,57,0.88,10500,0,1,1,180000
AMCAT-1145718,Engineering,B,Chennai,7.23,4,Startup,0.232,65,57,0.91,10000,1,1,1,100000
AMCAT-304390,Engineering,B,Mumbai,6.09,4,SME,0.295,36,46,0.84,15500,0,0,0,400000
AMCAT-250399,Engineering,B,Bengaluru,5.9,4,Startup,0.245,52,50,0.84,13500,0,0,0,90000
AMCAT-346395,Engineering,B,Bengaluru,6.37,4,Startup,0.314,53,48,0.78,12500,1,1,1,140000
AMCAT-352484,Engineering,B,Mumbai,6.4,3,Startup,0.209,60,50,0.78,14000,0,0,1,100000
AMCAT-051378,Engineering,B,Bengaluru,7.0,3,SME,0.248,43,53,0.87,16000,1,1,1,485000
AMCAT-982410,Engineering,B,Delhi NCR,7.07,3,Startup,0.223,42,52,0.88,14500,0,1,1,180000
AMCAT-921298,Engineering,B,Chennai,6.98,5,Startup,0.296,89,50,0.88,12500,1,1,1,180000
AMCAT-059699,Engineering,A,Delhi NCR,7.54,5,MNC,0.381,42,53,0.87,21000,1,1,1,690000
AMCAT-455593,Engineering,B,Delhi NCR,5.5,3,Startup,0.201,14,50,0.78,18000,0,1,1,190000
AMCAT-109292,Engineering,B,Hyderabad,6.5,4,Startup,0.31,60,41,0.87,15000,0,1,1,250000
AMCAT-065483,Engineering,B,Bengaluru,6.0,2,SME,0.17,33,53,0.87,16500,0,0,0,325000
AMCAT-1241846,Engineering,B,Chennai,8.25,4,Startup,0.305,73,49,0.88,17000,1,1,1,175000
AMCAT-060279,Engineering,B,Delhi NCR,6.87,3,Startup,0.267,19,48,0.87,17000,0,0,0,200000
AMCAT-1052809,Engineering,B,Mumbai,6.14,3,Startup,0.221,31,52,0.76,15500,1,1,1,120000
AMCAT-211934,Engineering,B,Delhi NCR,6.4,3,Startup,0.245,61,53,0.78,15500,1,1,1,50000
AMCAT-640103,Engineering,B,Bengaluru,6.01,5,Startup,0.293,50,57,0.76,15500,0,1,1,220000
AMCAT-652877,Engineering,B,Hyderabad,7.6,3,Startup,0.248,45,64,0.91,11500,1,1,1,100000
AMCAT-597142,Engineering,B,Delhi NCR,6.31,4,SME,0.319,63,50,0.91,16000,1,1,1,340000
AMCAT-343541,Engineering,B,Delhi NCR,7.72,5,Startup,0.274,90,48,0.78,10500,0,1,1,250000
AMCAT-1148365,Engineering,B,Chennai,6.2,3,Startup,0.243,0,50,0.76,12000,1,1,1,105000
AMCAT-1187474,Engineering,B,Bengaluru,6.7,3,Startup,0.235,31,48,0.76,17500,0,0,0,120000
AMCAT-644037,Engineering,B,Bengaluru,7.26,4,SME,0.319,60,48,0.76,16000,0,0,1,300000
AMCAT-079007,Engineering,B,Delhi NCR,7.31,4,MNC,0.256,84,50,0.87,17500,0,0,1,505000
AMCAT-660954,Engineering,B,Chennai,7.5,4,Startup,0.294,57,48,0.76,13500,1,1,1,265000
AMCAT-1247339,Engineering,B,Delhi NCR,6.67,4,Startup,0.226,81,49,0.76,11000,0,0,0,140000
AMCAT-579375,Engineering,B,Delhi NCR,7.16,5,MNC,0.32,17,50,0.76,13500,1,1,1,500000
AMCAT-970373,Engineering,B,Chennai,7.4,4,SME,0.305,81,49,0.88,14500,0,1,1,325000
AMCAT-1289938,Engineering,B,Chennai,7.6,4,SME,0.334,78,52,0.88,14000,0,0,1,345000
AMCAT-999212,Engineering,B,Chennai,8.38,4,SME,0.318,75,52,0.76,17000,0,0,1,300000
AMCAT-859668,Engineering,A,Bengaluru,6.94,5,SME,0.391,91,52,0.76,17000,1,1,1,330000
AMCAT-1083037,Engineering,B,Chennai,7.36,5,SME,0.377,18,48,0.88,15000,1,1,1,310000
AMCAT-237243,Engineering,A,Delhi NCR,6.39,3,Startup,0.247,71,53,0.78,15500,1,1,1,150000
AMCAT-326014,Engineering,B,Chennai,8.37,4,Startup,0.226,63,48,0.78,15000,0,1,1,85000
AMCAT-708034,Engineering,B,Bengaluru,5.81,4,Startup,0.334,32,73,0.76,14000,1,1,1,260000
AMCAT-872029,Engineering,B,Delhi NCR,7.3,5,Startup,0.338,74,49,0.88,12000,0,0,1,180000
AMCAT-911998,Engineering,B,Delhi NCR,7.62,5,SME,0.351,53,52,0.88,13500,1,1,1,350000
AMCAT-958809,Engineering,B,Delhi NCR,7.6,3,SME,0.264,5,52,0.88,13500,1,1,1,350000
AMCAT-1006872,Engineering,B,Chennai,7.1,3,Startup,0.199,53,52,0.76,13500,0,1,1,210000
AMCAT-356498,Engineering,B,Chennai,8.16,4,SME,0.273,62,50,0.78,18500,0,0,1,445000
AMCAT-580044,Engineering,B,Delhi NCR,6.32,4,Startup,0.287,24,48,0.78,14000,0,1,1,145000
AMCAT-309190,Engineering,B,Delhi NCR,5.8,3,Startup,0.263,52,48,0.78,13500,0,1,1,180000
AMCAT-1212036,Engineering,B,Delhi NCR,7.5,4,Startup,0.272,77,52,0.88,9000,1,1,1,185000
AMCAT-1287037,Engineering,B,Hyderabad,7.48,5,SME,0.316,61,52,0.91,12000,1,1,1,325000
AMCAT-329604,Engineering,B,Chennai,7.56,5,SME,0.275,57,52,0.78,13500,1,1,1,320000
AMCAT-640915,Engineering,B,Mumbai,6.37,4,Startup,0.255,57,52,0.76,12500,0,0,1,95000
AMCAT-852880,Engineering,B,Mumbai,7.7,3,SME,0.212,36,46,0.88,17500,1,1,1,310000
AMCAT-963241,Engineering,B,Hyderabad,7.5,4,SME,0.282,93,48,0.88,13500,1,1,1,380000
AMCAT-451221,Engineering,B,Delhi NCR,6.83,4,Startup,0.247,85,48,0.78,17000,0,0,0,145000
AMCAT-313406,Engineering,B,Hyderabad,7.66,4,SME,0.271,85,48,0.78,14000,0,0,1,410000
AMCAT-214148,Engineering,B,Delhi NCR,7.32,4,SME,0.327,48,48,0.78,14000,0,0,1,400000
AMCAT-636523,Engineering,B,Mumbai,6.76,5,SME,0.337,67,49,0.76,14000,0,1,1,410000
AMCAT-324950,Engineering,B,Chennai,8.43,5,SME,0.361,8,49,0.78,14000,0,1,1,305000
AMCAT-628333,Engineering,B,Delhi NCR,7.98,4,Startup,0.317,100,53,0.76,18500,0,0,1,180000
AMCAT-462008,Engineering,B,Delhi NCR,7.23,4,Startup,0.248,36,48,0.84,8000,0,0,1,250000
AMCAT-600127,Engineering,B,Hyderabad,7.78,4,SME,0.268,54,49,0.76,9000,0,0,1,325000
AMCAT-350244,Engineering,B,Delhi NCR,7.8,5,SME,0.348,19,53,0.78,12500,1,1,1,400000
AMCAT-335720,Engineering,B,Hyderabad,7.56,5,SME,0.295,13,48,0.78,14000,0,1,1,440000
AMCAT-542127,Engineering,B,Delhi NCR,6.2,5,Startup,0.276,56,48,0.76,15500,0,0,1,215000
AMCAT-632729,Engineering,B,Delhi NCR,7.1,3,SME,0.265,0,48,0.76,15000,1,1,1,420000
AMCAT-975278,Engineering,B,Bengaluru,6.42,4,Startup,0.264,74,52,0.88,13000,0,1,1,120000
AMCAT-103579,Engineering,B,Chennai,7.79,4,SME,0.217,15,45,0.87,16500,0,0,0,375000
AMCAT-1251578,Engineering,B,Mumbai,7.53,6,SME,0.352,64,52,0.88,16500,1,1,1,335000
AMCAT-1080089,Engineering,B,Mumbai,7.3,5,Startup,0.348,69,52,0.88,14500,1,1,1,200000
AMCAT-914135,Engineering,B,Delhi NCR,7.33,4,SME,0.339,18,49,0.88,16500,1,1,1,310000
AMCAT-669692,Engineering,B,Delhi NCR,6.1,2,MNC,0.16,0,50,0.76,14500,0,0,0,600000
AMCAT-1156225,Engineering,B,Delhi NCR,6.5,5,Startup,0.272,88,48,0.76,12500,0,0,1,150000
AMCAT-353081,Engineering,B,Chennai,6.56,5,SME,0.308,68,50,0.78,15500,0,0,1,355000
AMCAT-336561,Engineering,B,Chennai,7.78,5,SME,0.293,75,53,0.78,14500,0,1,1,375000
AMCAT-988848,Engineering,B,Delhi NCR,7.21,3,Startup,0.243,59,50,0.88,14000,0,0,1,110000
AMCAT-850679,Engineering,B,Chennai,8.89,5,SME,0.346,72,53,0.76,17500,0,1,1,335000
AMCAT-415289,Engineering,B,Chennai,7.0,5,Startup,0.314,71,46,0.78,8000,0,0,0,170000
AMCAT-1062611,Engineering,B,Hyderabad,6.98,4,Startup,0.275,80,52,0.88,10500,1,1,1,275000
AMCAT-467660,Engineering,B,Hyderabad,6.57,3,Startup,0.245,45,53,0.78,11000,0,0,0,205000
AMCAT-445839,Engineering,B,Delhi NCR,7.36,5,SME,0.303,42,50,0.76,13000,1,1,1,300000
AMCAT-865959,Engineering,A,Hyderabad,8.0,4,SME,0.321,93,41,0.88,17500,0,1,1,315000
AMCAT-329310,Engineering,B,Hyderabad,6.8,4,Startup,0.262,73,48,0.78,10000,0,1,1,200000
AMCAT-123370,Engineering,B,Mumbai,5.4,3,Startup,0.23,55,50,0.84,11500,0,0,0,280000
AMCAT-530518,Engineering,B,Delhi NCR,7.9,3,Startup,0.262,4,50,0.76,12000,0,0,1,150000
AMCAT-1037159,Engineering,B,Mumbai,8.53,5,SME,0.352,69,52,0.76,20000,0,0,1,335000
AMCAT-614083,Engineering,B,Delhi NCR,7.56,4,Startup,0.314,71,52,0.88,18500,1,1,1,200000
AMCAT-592089,Engineering,B,Delhi NCR,6.85,4,SME,0.345,34,50,0.84,13000,0,0,0,460000
AMCAT-391033,Engineering,B,Bengaluru,6.39,4,SME,0.295,59,53,0.78,13000,1,1,1,350000
AMCAT-325701,Engineering,B,Hyderabad,6.92,4,Startup,0.203,35,53,0.78,11000,0,1,1,115000
AMCAT-335701,Engineering,B,Hyderabad,7.43,5,SME,0.273,74,48,0.78,9000,0,0,1,430000
AMCAT-048107,Engineering,A,Delhi NCR,7.26,6,MNC,0.365,33,53,0.87,17500,1,1,1,4000000
AMCAT-1034769,Engineering,B,Chennai,8.48,6,Startup,0.361,16,50,0.76,11500,0,0,1,290000
AMCAT-786463,Engineering,B,Hyderabad,7.44,5,SME,0.307,39,50,0.76,14000,1,1,1,410000
AMCAT-203510,Engineering,B,Bengaluru,6.8,4,SME,0.222,64,48,0.84,10000,0,1,1,325000
AMCAT-319644,Engineering,B,Hyderabad,8.05,5,SME,0.37,22,48,0.78,12000,1,1,1,395000
AMCAT-1122695,Engineering,B,Mumbai,6.4,4,Startup,0.255,34,50,0.88,14500,1,1,1,125000
AMCAT-922488,Engineering,B,Delhi NCR,7.6,5,Startup,0.337,84,46,0.88,15000,1,1,1,200000
AMCAT-920550,Engineering,B,Delhi NCR,7.11,5,Startup,0.275,87,52,0.88,15000,1,1,1,160000
AMCAT-261537,Engineering,B,Delhi NCR,6.3,4,SME,0.262,46,52,0.84,10500,0,0,1,430000
AMCAT-190589,Engineering,A,Mumbai,7.1,5,SME,0.314,67,48,0.84,20000,1,1,1,450000
AMCAT-625377,Engineering,B,Delhi NCR,7.5,4,SME,0.31,78,57,0.76,12000,1,1,1,390000
AMCAT-1059966,Engineering,B,Mumbai,6.79,5,SME,0.307,79,48,0.76,15500,0,0,1,320000
AMCAT-466730,Engineering,B,Delhi NCR,5.8,4,Startup,0.288,76,49,0.78,14000,0,0,0,200000
AMCAT-812450,Engineering,B,Mumbai,7.4,4,Startup,0.228,52,50,0.78,10500,0,0,0,275000
AMCAT-192714,Engineering,B,Hyderabad,6.85,4,MNC,0.22,45,50,0.84,13000,0,1,1,650000
AMCAT-1068920,Engineering,B,Bengaluru,7.1,5,Startup,0.289,81,52,0.76,15000,0,0,1,180000
AMCAT-915600,Engineering,B,Mumbai,6.03,4,Startup,0.265,46,53,0.78,15500,0,0,0,215000
AMCAT-322724,Engineering,B,Chennai,8.92,4,SME,0.32,45,48,0.78,13500,0,0,0,415000
AMCAT-295554,Engineering,B,Mumbai,6.3,4,SME,0.333,28,50,0.84,18000,0,0,1,450000
AMCAT-820418,Engineering,A,Delhi NCR,7.75,5,SME,0.345,66,50,0.88,20500,1,1,1,400000
AMCAT-836749,Engineering,B,Mumbai,6.18,4,SME,0.305,70,52,0.78,13500,0,0,0,305000
AMCAT-1190687,Engineering,B,Delhi NCR,6.76,4,Startup,0.345,100,50,0.78,16000,0,0,0,110000
AMCAT-483401,Engineering,B,Chennai,8.44,4,SME,0.286,52,52,0.78,19000,1,1,1,300000
AMCAT-580718,Engineering,A,Delhi NCR,6.8,4,SME,0.229,18,52,0.76,23000,0,0,0,420000
AMCAT-615766,Engineering,B,Delhi NCR,7.2,4,SME,0.34,53,52,0.88,11000,1,1,1,450000
AMCAT-220634,Engineering,A,Delhi NCR,9.73,6,MNC,0.372,31,57,0.84,15500,1,1,1,500000
AMCAT-467264,Engineering,B,Hyderabad,7.45,5,Startup,0.316,32,52,0.84,17500,0,0,0,180000
AMCAT-640413,Engineering,B,Delhi NCR,7.07,4,Startup,0.318,40,53,0.76,11500,1,1,1,180000
AMCAT-999306,Engineering,B,Chennai,7.8,5,Startup,0.282,58,48,0.76,10500,0,0,1,120000
AMCAT-541137,Engineering,B,Delhi NCR,7.6,5,SME,0.342,59,48,0.78,13000,0,0,1,400000
AMCAT-805128,Engineering,B,Mumbai,7.0,5,SME,0.289,89,50,0.78,15000,0,0,1,305000
AMCAT-1229814,Engineering,B,Bengaluru,6.7,5,SME,0.287,90,49,0.76,13500,0,1,1,315000
AMCAT-767258,Engineering,B,Bengaluru,6.9,3,Startup,0.245,11,52,0.76,12500,0,1,1,200000
AMCAT-1066419,Engineering,B,Delhi NCR,6.34,4,SME,0.331,72,50,0.76,12500,0,0,1,335000
AMCAT-1077690,Engineering,B,Delhi NCR,6.92,5,Startup,0.309,90,48,0.88,12000,1,1,1,275000
AMCAT-731119,Engineering,B,Chennai,8.1,4,Startup,0.316,82,48,0.76,12000,0,0,1,240000
AMCAT-646354,Engineering,B,Chennai,7.65,5,SME,0.363,91,48,0.76,19500,0,0,1,400000
AMCAT-455857,Engineering,B,Delhi NCR,7.28,4,SME,0.293,25,52,0.78,14500,0,1,1,400000
AMCAT-830138,Engineering,B,Bengaluru,7.08,5,SME,0.281,77,48,0.88,16000,1,1,1,315000
AMCAT-1001866,Engineering,B,Hyderabad,6.4,4,SME,0.295,72,49,0.76,13000,0,0,1,360000
AMCAT-229944,Engineering,B,Delhi NCR,6.82,4,MNC,0.331,49,50,0.84,13500,0,1,1,520000
AMCAT-693586,Engineering,B,Delhi NCR,6.92,4,SME,0.281,89,45,0.76,12000,0,0,1,375000
AMCAT-238452,Engineering,B,Bengaluru,6.58,5,Startup,0.318,64,48,0.84,7500,0,0,1,290000
AMCAT-297452,Engineering,B,Bengaluru,6.6,3,Startup,0.229,51,50,0.84,10500,0,0,0,60000
AMCAT-530430,Engineering,B,Delhi NCR,7.2,5,SME,0.276,61,52,0.76,9500,0,0,1,300000
AMCAT-781196,Engineering,B,Chennai,7.65,5,Startup,0.316,47,29,0.76,8500,0,0,1,100000
AMCAT-896578,Engineering,B,Delhi NCR,6.36,4,SME,0.306,47,52,0.76,11000,0,0,1,400000
AMCAT-206705,Engineering,B,Delhi NCR,7.0,4,MNC,0.282,50,57,0.84,17500,0,0,1,500000
AMCAT-339381,Engineering,B,Hyderabad,6.5,3,Startup,0.241,37,48,0.78,14000,0,0,0,165000
AMCAT-872074,Engineering,B,Delhi NCR,8.37,6,SME,0.353,100,48,0.88,17000,1,1,1,300000
AMCAT-897369,Engineering,B,Bengaluru,6.71,4,SME,0.254,35,52,0.88,15000,1,1,1,400000
AMCAT-1251678,Engineering,B,Chennai,7.5,5,Startup,0.321,14,52,0.76,16000,0,0,0,100000
AMCAT-1133460,Engineering,B,Delhi NCR,7.1,4,Startup,0.277,12,50,0.91,11500,1,1,1,95000
AMCAT-670691,Engineering,B,Delhi NCR,6.99,4,Startup,0.236,0,52,0.76,15500,0,1,1,95000
AMCAT-317336,Engineering,B,Bengaluru,7.48,4,MNC,0.303,87,53,0.84,16000,0,1,1,530000
AMCAT-525508,Engineering,B,Hyderabad,6.8,4,Startup,0.271,47,48,0.78,12500,0,1,1,200000
AMCAT-593082,Engineering,B,Hyderabad,7.74,4,SME,0.305,91,48,0.76,15500,0,1,1,335000
AMCAT-1187929,Engineering,B,Chennai,8.4,4,SME,0.278,91,50,0.88,15500,1,1,1,330000
AMCAT-327856,Engineering,B,Chennai,7.2,2,Startup,0.179,43,50,0.78,12500,0,1,1,100000
AMCAT-995969,Engineering,B,Hyderabad,8.16,6,Startup,0.351,68,48,0.76,11000,1,1,1,180000
AMCAT-1198934,Engineering,B,Hyderabad,7.02,4,Startup,0.244,70,52,0.88,11000,0,1,1,275000
AMCAT-954234,Engineering,B,Bengaluru,6.2,3,Startup,0.262,76,48,0.76,14000,0,0,0,200000
AMCAT-897769,Engineering,B,Bengaluru,7.36,4,SME,0.281,36,69,0.88,15000,1,1,1,400000
AMCAT-794755,Engineering,B,Chennai,7.4,5,SME,0.357,36,52,0.88,12000,1,1,1,450000
AMCAT-123610,Engineering,B,Mumbai,6.2,3,Startup,0.2,57,69,0.84,14000,0,0,0,200000
AMCAT-1030716,Engineering,B,Bengaluru,7.6,4,Startup,0.241,89,48,0.88,15500,1,1,1,200000
AMCAT-530678,Engineering,B,Delhi NCR,7.1,4,Startup,0.298,56,49,0.76,15500,0,0,1,180000
AMCAT-340172,Engineering,B,Delhi NCR,6.57,4,Startup,0.222,46,52,0.76,18000,0,0,1,180000
AMCAT-596083,Engineering,B,Delhi NCR,7.56,6,SME,0.378,71,48,0.88,17000,1,1,1,450000
AMCAT-637137,Engineering,B,Delhi NCR,7.0,3,Startup,0.245,42,46,0.76,11500,1,1,1,45000
AMCAT-056695,Engineering,A,Chennai,8.49,4,MNC,0.307,74,41,0.87,22000,1,1,1,650000
AMCAT-633381,Engineering,B,Delhi NCR,7.17,5,SME,0.364,67,57,0.76,12500,0,0,1,380000
AMCAT-1157697,Engineering,B,Delhi NCR,6.75,5,Startup,0.321,35,52,0.88,16500,1,1,1,180000
AMCAT-827485,Engineering,A,Delhi NCR,7.13,5,SME,0.303,35,52,0.88,18000,1,1,1,350000
AMCAT-1251221,Engineering,B,Delhi NCR,6.11,5,Startup,0.291,93,52,0.76,13000,0,0,0,210000
AMCAT-117082,Engineering,B,Chennai,6.95,3,SME,0.22,16,48,0.87,9500,1,1,1,385000
AMCAT-273690,Engineering,B,Bengaluru,6.49,5,MNC,0.288,88,50,0.84,13500,1,1,1,515000
AMCAT-114636,Engineering,B,Bengaluru,7.15,5,MNC,0.305,36,53,0.87,10000,1,1,1,560000
AMCAT-132776,Engineering,B,Bengaluru,6.61,4,SME,0.29,82,53,0.87,16500,0,0,1,335000
AMCAT-669596,Engineering,B,Hyderabad,7.3,3,Startup,0.218,8,48,0.76,18000,0,0,1,45000
AMCAT-624224,Engineering,B,Mumbai,6.94,3,SME,0.214,75,50,0.76,12000,0,0,0,300000
AMCAT-639065,Engineering,B,Hyderabad,8.2,5,Startup,0.307,100,49,0.76,15000,1,1,1,280000
AMCAT-556005,Engineering,B,Bengaluru,6.6,5,SME,0.27,0,53,0.76,12000,0,0,0,300000
AMCAT-611624,Engineering,B,Delhi NCR,6.43,4,SME,0.334,50,48,0.76,12500,1,1,1,300000
AMCAT-611521,Engineering,B,Delhi NCR,6.58,4,Startup,0.235,67,48,0.76,16000,0,0,1,120000
AMCAT-918911,Engineering,B,Delhi NCR,6.97,5,Startup,0.3,16,48,0.88,14000,1,1,1,180000
AMCAT-478792,Engineering,B,Hyderabad,6.26,3,Startup,0.237,51,49,0.78,18500,0,0,1,180000
AMCAT-245281,Engineering,B,Chennai,8.0,4,SME,0.337,33,46,0.84,13000,0,0,1,470000
AMCAT-827677,Engineering,A,Delhi NCR,7.46,6,SME,0.354,67,48,0.88,20500,1,1,1,325000
AMCAT-058365,Engineering,B,Hyderabad,7.43,5,MNC,0.271,25,53,0.87,14000,1,1,1,555000
AMCAT-240133,Engineering,B,Delhi NCR,5.7,3,Startup,0.235,63,49,0.84,16000,0,0,1,110000
AMCAT-626815,Engineering,B,Delhi NCR,6.7,4,Startup,0.22,41,49,0.76,13000,1,1,1,200000
AMCAT-940518,Engineering,B,Chennai,6.7,5,Startup,0.311,95,49,0.84,14000,1,1,1,225000
AMCAT-355018,Engineering,B,Chennai,6.85,3,Startup,0.243,0,53,0.78,13500,0,0,1,285000
AMCAT-806160,Engineering,B,Delhi NCR,6.59,4,Startup,0.304,0,50,0.88,12000,0,1,1,150000
AMCAT-102065,Engineering,B,Hyderabad,6.35,2,Startup,0.179,57,50,0.87,15500,0,0,0,105000
AMCAT-462964,Engineering,B,Delhi NCR,7.38,5,SME,0.292,38,48,0.76,15500,0,0,1,325000
AMCAT-1233167,Engineering,B,Delhi NCR,7.53,5,Startup,0.293,100,46,0.88,15500,1,1,1,200000
AMCAT-337563,Engineering,B,Chennai,8.67,5,SME,0.282,59,48,0.78,18000,0,0,1,360000
AMCAT-913572,Engineering,A,Chennai,6.02,4,SME,0.261,54,52,0.88,21500,1,1,1,305000
AMCAT-1279815,Engineering,B,Bengaluru,6.48,5,SME,0.299,11,52,0.88,13000,0,1,1,320000
AMCAT-619658,Engineering,B,Bengaluru,9.33,4,SME,0.334,28,49,0.76,15000,1,1,1,460000
AMCAT-1044505,Engineering,A,Delhi NCR,7.18,4,Startup,0.258,48,48,0.88,16500,1,1,1,275000
AMCAT-1297877,Engineering,B,Bengaluru,7.74,5,Startup,0.299,68,48,0.88,14000,0,1,1,220000
AMCAT-682431,Engineering,B,Delhi NCR,6.5,4,SME,0.318,21,48,0.76,12500,0,0,1,350000
AMCAT-327912,Engineering,B,Bengaluru,7.56,4,SME,0.273,52,53,0.78,18000,0,1,1,330000
AMCAT-899699,Engineering,B,Mumbai,6.19,6,SME,0.348,50,46,0.88,15000,0,0,1,300000
AMCAT-331226,Engineering,B,Hyderabad,7.73,5,SME,0.288,40,48,0.78,13500,0,1,1,360000
AMCAT-578644,Engineering,B,Chennai,7.5,4,SME,0.213,0,57,0.76,17000,1,1,1,350000
AMCAT-676743,Engineering,B,Mumbai,6.87,5,SME,0.395,68,52,0.76,8500,1,1,1,400000
AMCAT-693210,Engineering,B,Delhi NCR,5.98,4,Startup,0.242,20,52,0.76,9000,0,0,0,150000
AMCAT-108999,Engineering,B,Bengaluru,6.18,5,Startup,0.277,63,48,0.87,16000,1,1,1,260000
AMCAT-330355,Engineering,B,Hyderabad,8.1,4,MNC,0.269,41,57,0.78,14000,1,1,1,500000
AMCAT-215739,Engineering,B,Chennai,7.0,5,SME,0.327,0,57,0.84,14500,0,0,1,390000
AMCAT-1251363,Engineering,B,Hyderabad,7.5,4,SME,0.296,71,50,0.88,10500,0,1,1,340000
AMCAT-078383,Engineering,B,Bengaluru,6.3,5,Startup,0.288,41,48,0.84,14000,0,0,0,180000
AMCAT-391031,Engineering,B,Bengaluru,6.06,4,SME,0.278,29,48,0.78,19000,0,1,1,375000
AMCAT-579845,Engineering,B,Delhi NCR,8.6,4,Startup,0.285,100,48,0.78,16000,0,1,1,240000
AMCAT-947943,Engineering,B,Mumbai,6.51,3,SME,0.253,80,48,0.88,14500,0,1,1,300000
AMCAT-914336,Engineering,B,Mumbai,7.3,4,Startup,0.252,100,48,0.88,13000,0,1,1,150000
AMCAT-675621,Engineering,B,Delhi NCR,7.1,4,SME,0.289,100,46,0.76,13000,0,0,1,350000
AMCAT-421693,Engineering,B,Delhi NCR,7.26,4,Startup,0.243,55,50,0.78,8500,0,0,0,175000
AMCAT-124941,Engineering,B,Chennai,7.42,4,MNC,0.277,90,48,0.87,14500,0,0,1,700000
AMCAT-307328,Engineering,B,Delhi NCR,6.7,4,Startup,0.278,11,49,0.78,16000,0,0,0,120000
AMCAT-631799,Engineering,B,Hyderabad,7.3,4,Startup,0.294,0,52,0.76,10000,1,1,1,200000
AMCAT-820222,Engineering,B,Chennai,7.4,4,Startup,0.301,25,54,0.76,12500,0,0,1,130000
AMCAT-628502,Engineering,B,Chennai,6.4,3,Startup,0.268,43,52,0.76,11000,1,1,1,225000
AMCAT-803643,Engineering,B,Mumbai,7.17,4,Startup,0.247,26,48,0.76,11500,1,1,1,90000
AMCAT-1183070,Engineering,B,Hyderabad,7.32,5,Startup,0.282,41,50,0.88,14000,1,1,1,195000
AMCAT-342743,Engineering,A,Delhi NCR,9.0,6,MNC,0.357,29,48,0.78,13000,1,1,1,610000
AMCAT-503191,Engineering,B,Mumbai,7.19,4,SME,0.276,68,50,0.76,15500,0,0,1,335000
AMCAT-898265,Engineering,B,Delhi NCR,7.14,4,SME,0.341,45,52,0.88,16000,1,1,1,350000
AMCAT-1274612,Engineering,B,Delhi NCR,7.65,5,Startup,0.336,28,48,0.78,13500,1,1,1,200000
AMCAT-1044834,Engineering,B,Delhi NCR,8.0,5,SME,0.32,47,52,0.88,8000,1,1,1,350000
AMCAT-214964,Engineering,A,Delhi NCR,6.95,4,SME,0.329,40,48,0.84,15500,1,1,1,315000
AMCAT-664601,Engineering,B,Delhi NCR,7.8,4,Startup,0.323,80,50,0.76,17000,0,1,1,220000
AMCAT-1089242,Engineering,B,Delhi NCR,6.92,5,Startup,0.273,54,52,0.76,7000,1,1,1,160000
AMCAT-349752,Engineering,B,Hyderabad,7.74,4,MNC,0.327,43,57,0.78,13000,1,1,1,550000
AMCAT-1098764,Engineering,B,Delhi NCR,6.68,3,Startup,0.24,80,52,0.88,11000,1,1,1,120000
AMCAT-482761,Engineering,B,Chennai,8.07,5,Startup,0.303,11,49,0.78,16000,1,1,1,50000
AMCAT-352852,Engineering,B,Chennai,7.34,3,SME,0.243,65,49,0.78,12500,1,1,1,300000
AMCAT-806990,Engineering,B,Delhi NCR,7.14,4,SME,0.336,100,52,0.76,15000,1,1,1,480000
AMCAT-264644,Engineering,B,Delhi NCR,5.9,4,SME,0.31,22,53,0.87,15500,0,0,1,300000
AMCAT-1160472,Engineering,A,Delhi NCR,8.4,4,SME,0.303,9,52,0.91,22500,1,1,1,350000
AMCAT-823528,Engineering,B,Delhi NCR,8.12,5,SME,0.335,22,52,0.88,13500,1,1,1,305000
AMCAT-483799,Engineering,B,Mumbai,7.52,4,SME,0.295,67,48,0.78,15000,0,0,1,320000
AMCAT-1072316,Engineering,A,Delhi NCR,7.23,5,SME,0.302,70,49,0.76,14500,0,0,1,375000
AMCAT-1087727,Engineering,A,Delhi NCR,6.33,4,MNC,0.303,73,52,0.88,21000,1,1,1,610000
AMCAT-063123,Engineering,B,Delhi NCR,7.3,4,SME,0.254,37,48,0.84,12000,0,1,1,360000
AMCAT-1171217,Engineering,B,Delhi NCR,6.74,4,SME,0.306,31,50,0.88,12500,1,1,1,400000
AMCAT-605047,Engineering,B,Delhi NCR,7.1,4,Startup,0.264,86,48,0.76,14000,0,0,0,180000
AMCAT-1223805,Engineering,B,Hyderabad,7.4,4,Startup,0.332,100,52,0.88,10000,1,1,1,205000
AMCAT-681036,Engineering,B,Delhi NCR,6.1,4,Startup,0.272,5,48,0.76,14500,0,0,0,180000
AMCAT-1232977,Engineering,B,Mumbai,5.18,3,Startup,0.208,0,46,0.76,16500,0,0,1,180000
AMCAT-192625,Engineering,B,Hyderabad,6.76,5,SME,0.305,48,48,0.84,14500,0,1,1,360000
AMCAT-189790,Engineering,B,Delhi NCR,7.26,4,SME,0.303,51,50,0.84,10000,1,1,1,395000
AMCAT-294762,Engineering,B,Hyderabad,7.8,6,MNC,0.363,75,53,0.84,13500,0,0,1,500000
AMCAT-626059,Engineering,A,Mumbai,8.76,4,MNC,0.323,91,52,0.76,20000,1,1,1,700000
AMCAT-283462,Engineering,B,Delhi NCR,7.35,4,MNC,0.325,78,53,0.84,9500,1,1,1,760000
AMCAT-786559,Engineering,B,Hyderabad,8.6,4,SME,0.338,74,52,0.76,11500,0,0,1,360000
AMCAT-676382,Engineering,B,Mumbai,7.31,4,Startup,0.332,86,29,0.76,16000,1,1,1,100000
AMCAT-330576,Engineering,B,Hyderabad,8.35,5,Startup,0.299,51,48,0.78,14500,1,1,1,180000
AMCAT-358260,Engineering,B,Delhi NCR,6.94,4,Startup,0.267,30,48,0.78,15000,0,0,0,150000
AMCAT-035408,Engineering,B,Delhi NCR,7.11,5,SME,0.318,57,50,0.84,18500,0,0,0,430000
AMCAT-633333,Engineering,B,Delhi NCR,7.25,4,Startup,0.233,63,48,0.76,15000,0,0,0,165000
AMCAT-682507,Engineering,B,Delhi NCR,7.0,4,SME,0.326,28,48,0.76,15500,0,1,1,320000
AMCAT-1025205,Engineering,B,Chennai,7.18,3,Startup,0.258,100,52,0.88,21000,0,0,1,150000
AMCAT-964417,Engineering,B,Chennai,7.34,4,Startup,0.225,45,50,0.88,13500,1,1,1,250000
AMCAT-1104895,Engineering,B,Bengaluru,6.45,5,Startup,0.276,56,46,0.88,12000,0,0,1,100000
AMCAT-919224,Engineering,B,Delhi NCR,6.2,5,Startup,0.272,59,57,0.91,15000,1,1,1,220000
AMCAT-063890,Engineering,B,Chennai,7.5,4,MNC,0.224,16,46,0.87,15000,0,0,0,610000
AMCAT-529581,Engineering,B,Delhi NCR,6.21,3,Startup,0.248,71,52,0.78,12500,0,0,0,210000
AMCAT-1262900,Engineering,B,Chennai,6.85,3,Startup,0.221,95,52,0.88,11500,0,1,1,180000
AMCAT-1173127,Engineering,B,Delhi NCR,8.33,3,Startup,0.221,74,52,0.76,20000,0,0,0,120000
AMCAT-359038,Engineering,B,Delhi NCR,7.0,4,SME,0.228,44,57,0.78,15000,0,0,0,400000
AMCAT-203488,Engineering,B,Bengaluru,5.6,5,Startup,0.284,51,53,0.84,12000,0,0,1,190000
AMCAT-794088,Engineering,B,Delhi NCR,6.63,4,Startup,0.248,40,52,0.88,16500,1,1,1,220000
AMCAT-629498,Engineering,B,Pune,6.7,3,SME,0.214,54,50,0.76,13500,0,1,1,350000
AMCAT-232101,Engineering,A,Delhi NCR,7.32,5,SME,0.308,59,48,0.84,17500,0,1,1,400000
AMCAT-359173,Engineering,B,Delhi NCR,8.18,5,MNC,0.288,28,53,0.78,15500,1,1,1,800000
AMCAT-919708,Engineering,B,Delhi NCR,7.6,4,SME,0.294,35,50,0.88,11000,1,1,1,340000
AMCAT-529431,Engineering,B,Bengaluru,6.5,4,SME,0.314,62,53,0.78,15000,0,0,1,405000
AMCAT-1088654,Engineering,B,Chennai,7.42,5,Startup,0.289,66,48,0.76,19000,0,0,1,205000
AMCAT-1088407,Engineering,B,Hyderabad,7.27,4,Startup,0.262,66,48,0.76,15000,0,0,0,120000
AMCAT-1149330,Engineering,B,Hyderabad,7.77,3,Startup,0.212,44,48,0.76,13000,0,0,1,120000
AMCAT-229508,Engineering,B,Chennai,6.8,4,Startup,0.262,19,48,0.84,12500,0,0,1,280000
AMCAT-1044171,Engineering,B,Chennai,7.8,5,Startup,0.326,49,48,0.78,13000,0,0,0,190000
AMCAT-529745,Engineering,B,Delhi NCR,7.6,5,MNC,0.343,64,53,0.78,13500,1,1,1,570000
AMCAT-658836,Engineering,A,Chennai,7.19,4,MNC,0.312,89,50,0.76,17000,0,0,1,550000
AMCAT-299447,Engineering,B,Mumbai,8.07,2,SME,0.172,0,44,0.88,16500,1,1,1,360000
AMCAT-687711,Engineering,B,Chennai,7.07,4,SME,0.305,39,52,0.76,9500,0,0,1,300000
AMCAT-553393,Engineering,B,Delhi NCR,7.23,4,Startup,0.252,59,48,0.76,16000,1,1,1,180000
AMCAT-818654,Engineering,B,Delhi NCR,7.3,5,MNC,0.352,19,50,0.76,13000,1,1,1,510000
AMCAT-1081685,Engineering,B,Chennai,7.5,4,SME,0.32,61,48,0.88,15000,0,1,1,325000
AMCAT-262768,Engineering,B,Delhi NCR,8.76,5,Startup,0.293,41,48,0.84,11000,0,0,0,215000
AMCAT-1089751,Engineering,B,Delhi NCR,6.9,4,Startup,0.232,74,57,0.76,17500,0,0,1,150000
AMCAT-341591,Engineering,B,Mumbai,7.26,5,MNC,0.325,43,48,0.78,17000,1,1,1,585000
AMCAT-1062180,Engineering,B,Mumbai,6.89,4,Startup,0.291,13,48,0.76,16500,0,0,1,80000
AMCAT-215660,Engineering,B,Chennai,6.3,4,Startup,0.29,40,48,0.84,10000,0,0,0,105000
AMCAT-1284437,Engineering,B,Delhi NCR,7.96,4,Startup,0.338,84,52,0.91,16000,1,1,1,200000
AMCAT-838141,Engineering,B,Chennai,7.7,3,Startup,0.197,51,53,0.78,15000,0,0,1,180000
AMCAT-287070,Engineering,B,Mumbai,7.32,4,SME,0.243,38,50,0.84,10000,0,0,0,385000
AMCAT-613051,Engineering,B,Hyderabad,7.6,3,SME,0.264,83,50,0.76,14000,0,0,1,335000
AMCAT-328915,Engineering,B,Bengaluru,7.65,5,MNC,0.353,21,46,0.78,15000,1,1,1,620000
AMCAT-722916,Engineering,B,Mumbai,6.1,5,SME,0.341,20,44,0.78,15500,0,0,0,405000
AMCAT-333767,Engineering,B,Hyderabad,6.88,4,SME,0.271,27,48,0.78,14500,0,0,1,425000
AMCAT-1044759,Engineering,B,Delhi NCR,7.64,5,SME,0.339,57,48,0.88,14500,1,1,1,330000
AMCAT-1098988,Engineering,B,Bengaluru,6.13,4,SME,0.266,44,69,0.88,17500,1,1,1,300000
AMCAT-665324,Engineering,B,Delhi NCR,6.5,5,SME,0.33,91,50,0.76,17000,0,1,1,355000
AMCAT-827614,Engineering,A,Delhi NCR,7.44,5,SME,0.367,24,48,0.88,11000,1,1,1,325000
AMCAT-644423,Engineering,B,Pune,7.84,3,Startup,0.227,67,48,0.76,13000,0,1,1,150000
AMCAT-1274508,Engineering,B,Delhi NCR,6.89,3,Startup,0.256,100,52,0.76,13500,0,0,0,280000
AMCAT-905220,Engineering,A,Delhi NCR,8.1,6,SME,0.352,62,50,0.88,13500,1,1,1,315000
AMCAT-1247289,Engineering,B,Chennai,7.6,4,Startup,0.308,64,52,0.76,14000,0,0,0,275000
AMCAT-831320,Engineering,B,Hyderabad,7.0,4,Startup,0.272,54,50,0.88,17000,0,0,1,200000
AMCAT-043467,Engineering,B,Chennai,8.29,4,MNC,0.295,63,50,0.87,11500,1,1,1,600000
AMCAT-263880,Engineering,B,Delhi NCR,6.82,4,SME,0.312,78,53,0.84,15000,0,1,1,475000
AMCAT-683476,Engineering,B,Chennai,6.83,4,Startup,0.346,29,49,0.76,11500,0,1,1,180000
AMCAT-1150621,Engineering,B,Hyderabad,6.74,3,Startup,0.267,49,52,0.76,12500,0,0,1,145000
AMCAT-274306,Engineering,B,Hyderabad,7.2,6,MNC,0.391,51,53,0.84,17500,0,1,1,870000
AMCAT-811372,Engineering,A,Delhi NCR,7.65,5,SME,0.35,17,48,0.88,16500,1,1,1,325000
AMCAT-1042334,Engineering,B,Chennai,7.49,4,Startup,0.258,39,52,0.76,15000,0,0,0,65000
AMCAT-1218133,Engineering,B,Delhi NCR,6.1,5,SME,0.282,37,52,0.91,9500,1,1,1,300000
AMCAT-1251004,Engineering,B,Mumbai,7.1,4,Startup,0.237,49,48,0.76,18500,0,0,0,200000
AMCAT-791375,Engineering,B,Delhi NCR,7.74,5,SME,0.311,95,57,0.76,15500,0,0,1,300000
AMCAT-595896,Engineering,B,Delhi NCR,6.74,5,Startup,0.331,3,50,0.88,13500,1,1,1,120000
AMCAT-652516,Engineering,B,Chennai,7.3,5,SME,0.321,98,48,0.76,15500,0,1,1,340000
AMCAT-1081171,Engineering,B,Chennai,8.8,4,SME,0.292,56,50,0.88,10500,0,1,1,325000
AMCAT-924141,Engineering,B,Chennai,7.1,5,Startup,0.318,65,50,0.88,17000,1,1,1,200000
AMCAT-810113,Engineering,B,Delhi NCR,7.3,5,Startup,0.281,34,49,0.88,13000,0,0,1,215000
AMCAT-423135,Engineering,B,Delhi NCR,7.2,5,Startup,0.307,72,48,0.78,13500,0,1,1,200000
AMCAT-351747,Engineering,B,Delhi NCR,6.8,5,Startup,0.275,52,50,0.78,13000,0,0,1,100000
AMCAT-1220653,Engineering,B,Bengaluru,8.3,5,SME,0.329,71,52,0.88,12500,0,1,1,310000
AMCAT-928178,Engineering,B,Mumbai,7.38,4,Startup,0.248,59,50,0.76,15500,0,0,1,240000
AMCAT-746268,Engineering,B,Delhi NCR,7.1,4,Startup,0.274,35,48,0.76,14500,0,1,1,165000
AMCAT-629628,Engineering,B,Chennai,8.9,5,SME,0.27,83,49,0.76,15500,0,0,1,305000
AMCAT-792999,Engineering,B,Delhi NCR,6.76,6,Startup,0.352,82,49,0.76,14000,1,1,1,180000
AMCAT-1092984,Engineering,B,Mumbai,7.1,4,Startup,0.193,93,52,0.88,15500,0,1,1,180000
AMCAT-1202809,Engineering,B,Hyderabad,7.0,4,Startup,0.28,77,50,0.88,13000,1,1,1,200000
AMCAT-1124919,Engineering,B,Hyderabad,6.94,3,SME,0.261,100,52,0.88,19500,0,1,1,315000
AMCAT-604529,Engineering,A,Delhi NCR,7.11,5,SME,0.392,43,48,0.78,14000,0,0,1,450000
AMCAT-938125,Engineering,B,Delhi NCR,6.3,5,Startup,0.325,0,50,0.76,17000,0,0,0,280000
AMCAT-601396,Engineering,B,Delhi NCR,8.22,5,SME,0.278,54,53,0.76,17500,1,1,1,475000
AMCAT-350952,Engineering,B,Delhi NCR,7.88,3,SME,0.258,38,57,0.88,12000,0,0,1,300000
AMCAT-272464,Engineering,B,Delhi NCR,6.31,3,Startup,0.222,32,53,0.84,19500,0,1,1,180000
AMCAT-1008888,Engineering,B,Delhi NCR,7.2,3,Startup,0.243,59,50,0.88,16500,1,1,1,120000
AMCAT-046291,Engineering,B,Delhi NCR,6.5,4,MNC,0.263,66,52,0.87,16500,0,0,1,560000
AMCAT-678819,Engineering,B,Delhi NCR,6.4,5,Startup,0.308,78,48,0.84,14000,0,0,0,200000
AMCAT-1242353,Engineering,B,Delhi NCR,6.22,5,Startup,0.328,60,48,0.88,13500,0,0,1,250000
AMCAT-605881,Engineering,B,Hyderabad,7.59,5,Startup,0.305,80,50,0.76,13500,1,1,1,240000
AMCAT-553697,Engineering,A,Delhi NCR,7.4,5,SME,0.297,52,50,0.76,19000,0,1,1,410000
AMCAT-553357,Engineering,B,Delhi NCR,6.78,3,SME,0.262,75,53,0.76,17500,1,1,1,420000
AMCAT-827775,Engineering,A,Delhi NCR,7.63,6,SME,0.375,37,76,0.88,18500,1,1,1,325000
AMCAT-633284,Engineering,B,Delhi NCR,6.34,4,Startup,0.262,71,50,0.76,11500,0,1,1,120000
AMCAT-1275097,Engineering,B,Mumbai,6.28,5,Startup,0.277,89,46,0.76,16000,0,0,0,105000
AMCAT-331122,Engineering,B,Hyderabad,9.67,5,MNC,0.31,46,53,0.88,16500,1,1,1,560000
AMCAT-318959,Engineering,B,Hyderabad,7.75,4,SME,0.333,75,48,0.91,15500,1,1,1,360000
AMCAT-098335,Engineering,B,Delhi NCR,6.26,4,SME,0.34,22,53,0.87,16000,0,0,0,480000
AMCAT-262440,Engineering,A,Delhi NCR,8.18,5,SME,0.353,58,53,0.84,17500,1,1,1,460000
AMCAT-1098807,Engineering,B,Chennai,7.94,4,Startup,0.294,100,52,0.76,11500,0,0,1,190000
AMCAT-1161576,Engineering,B,Delhi NCR,7.23,4,Startup,0.24,20,50,0.88,12000,1,1,1,200000
AMCAT-342930,Engineering,B,Delhi NCR,6.3,3,MNC,0.2,49,52,0.88,10000,0,0,1,2050000
AMCAT-1023314,Engineering,B,Hyderabad,7.28,5,Startup,0.279,53,48,0.88,14500,0,0,1,180000
AMCAT-984550,Engineering,B,Delhi NCR,8.27,6,SME,0.395,71,48,0.91,14000,1,1,1,320000
AMCAT-1269127,Engineering,B,Chennai,7.2,4,Startup,0.291,69,52,0.76,13000,0,0,0,200000
AMCAT-282152,Engineering,B,Delhi NCR,6.43,5,SME,0.329,100,50,0.84,6500,0,1,1,320000
AMCAT-354751,Engineering,B,Chennai,8.3,3,Startup,0.23,45,52,0.88,11000,0,1,1,215000
AMCAT-1010625,Engineering,B,Hyderabad,6.8,5,Startup,0.339,65,52,0.88,17000,1,1,1,120000
AMCAT-1097167,Engineering,B,Hyderabad,7.64,4,SME,0.301,80,52,0.88,12500,1,1,1,400000
AMCAT-1044905,Engineering,B,Hyderabad,8.23,3,Startup,0.26,49,48,0.76,15000,0,1,1,180000
AMCAT-796833,Engineering,A,Delhi NCR,7.76,5,SME,0.33,54,52,0.88,14500,1,1,1,450000
AMCAT-724092,Engineering,B,Bengaluru,7.26,5,SME,0.339,61,69,0.76,17500,0,0,1,350000
AMCAT-649762,Engineering,B,Hyderabad,7.44,5,Startup,0.293,4,48,0.76,13500,0,1,1,180000
AMCAT-958998,Engineering,B,Delhi NCR,6.72,3,Startup,0.182,52,57,0.88,14500,0,1,1,100000
AMCAT-385303,Engineering,B,Delhi NCR,6.44,5,Startup,0.323,7,48,0.78,20000,0,0,1,145000
AMCAT-539818,Engineering,A,Delhi NCR,7.01,5,SME,0.348,37,48,0.76,22000,1,1,1,420000
AMCAT-1063875,Engineering,B,Mumbai,7.12,4,SME,0.322,100,46,0.76,13000,0,0,1,325000
AMCAT-1019681,Engineering,B,Delhi NCR,6.6,4,Startup,0.307,17,52,0.76,12500,0,0,0,200000
AMCAT-1218778,Engineering,B,Delhi NCR,6.6,5,Startup,0.278,9,52,0.88,13000,1,1,1,180000
AMCAT-800117,Engineering,B,Delhi NCR,6.41,2,Startup,0.19,0,52,0.88,15500,0,1,1,105000
AMCAT-339705,Engineering,B,Delhi NCR,7.4,4,Startup,0.269,65,50,0.78,13500,0,1,1,240000
AMCAT-600992,Engineering,B,Chennai,8.18,6,Startup,0.35,100,53,0.78,13000,1,1,1,240000
AMCAT-1053599,Engineering,B,Delhi NCR,7.17,2,Startup,0.163,53,52,0.88,17500,0,1,1,125000
AMCAT-965697,Engineering,B,Chennai,9.1,5,SME,0.3,0,57,0.88,13500,0,1,1,300000
AMCAT-276426,Engineering,B,Delhi NCR,7.5,5,SME,0.292,34,50,0.84,19500,1,1,1,350000
AMCAT-843047,Engineering,B,Delhi NCR,7.3,4,Startup,0.275,93,52,0.78,14000,0,1,1,200000
AMCAT-810702,Engineering,B,Delhi NCR,6.53,4,Startup,0.232,44,45,0.88,18500,1,1,1,180000
AMCAT-356285,Engineering,B,Delhi NCR,7.68,4,Startup,0.284,40,48,0.78,15000,0,0,0,180000
AMCAT-661253,Engineering,B,Hyderabad,7.63,3,SME,0.188,77,48,0.76,16500,0,0,1,300000
AMCAT-666201,Engineering,A,Delhi NCR,7.6,5,SME,0.352,82,52,0.88,16000,1,1,1,325000
AMCAT-624733,Engineering,B,Chennai,7.89,4,SME,0.306,87,53,0.76,12000,1,1,1,300000
AMCAT-1136149,Engineering,B,Delhi NCR,7.79,5,SME,0.361,41,50,0.88,15000,1,1,1,305000
AMCAT-256680,Engineering,B,Bengaluru,5.8,3,MNC,0.232,15,50,0.84,16500,0,0,1,520000
AMCAT-1265323,Engineering,B,Hyderabad,7.65,5,Startup,0.278,0,50,0.91,14000,1,1,1,240000
AMCAT-833102,Engineering,B,Delhi NCR,6.57,4,Startup,0.224,0,52,0.88,11000,1,1,1,165000
AMCAT-800018,Engineering,B,Mumbai,6.7,5,SME,0.357,38,52,0.76,10500,0,0,1,305000
AMCAT-113676,Engineering,B,Bengaluru,6.91,4,MNC,0.267,33,53,0.87,10500,0,0,1,550000
AMCAT-1157412,Engineering,B,Delhi NCR,7.42,4,SME,0.311,100,48,0.88,9500,1,1,1,350000
AMCAT-385354,Engineering,B,Delhi NCR,8.22,4,SME,0.28,62,53,0.78,14500,0,1,1,355000
AMCAT-929961,Engineering,B,Bengaluru,6.5,3,Startup,0.222,19,48,0.88,17000,1,1,1,240000
AMCAT-440759,Engineering,A,Delhi NCR,7.69,5,Startup,0.301,0,48,0.78,18000,0,0,1,140000
AMCAT-1111450,Engineering,B,Delhi NCR,7.34,6,SME,0.347,62,52,0.88,8500,1,1,1,350000
AMCAT-324574,Engineering,B,Chennai,7.01,4,SME,0.22,28,53,0.78,13500,0,0,1,375000
AMCAT-328236,Engineering,B,Delhi NCR,7.22,5,SME,0.282,29,50,0.78,13500,0,1,1,390000
AMCAT-454662,Engineering,B,Delhi NCR,6.8,3,SME,0.241,58,53,0.78,19000,1,1,1,300000
AMCAT-321231,Engineering,A,Delhi NCR,7.38,4,Startup,0.316,50,48,0.78,14500,0,1,1,250000
AMCAT-638264,Engineering,B,Chennai,7.35,4,Startup,0.196,0,50,0.78,13000,1,1,1,180000
AMCAT-742427,Engineering,B,Hyderabad,8.11,3,SME,0.265,26,48,0.76,18500,1,1,1,300000
AMCAT-029042,Engineering,B,Chennai,7.5,4,SME,0.232,56,53,0.87,15000,1,1,1,470000
AMCAT-919445,Engineering,B,Delhi NCR,7.68,4,SME,0.284,52,57,0.88,15500,0,0,1,325000
AMCAT-450428,Engineering,B,Delhi NCR,6.86,4,Startup,0.247,3,49,0.76,14500,0,0,1,165000
AMCAT-311565,Engineering,B,Bengaluru,6.13,5,SME,0.273,78,53,0.84,15000,0,1,1,460000
AMCAT-466789,Engineering,B,Delhi NCR,6.7,5,SME,0.325,49,52,0.78,16000,0,0,0,420000
AMCAT-113192,Engineering,B,Delhi NCR,7.19,6,MNC,0.361,35,53,0.87,12000,0,0,1,620000
AMCAT-288761,Engineering,B,Bengaluru,6.42,4,Startup,0.247,63,57,0.84,16000,1,1,1,95000
AMCAT-276909,Engineering,B,Delhi NCR,6.4,3,Startup,0.247,52,50,0.84,10500,0,0,1,135000
AMCAT-487704,Engineering,B,Delhi NCR,6.3,3,Startup,0.245,56,57,0.76,15000,1,1,1,144000
AMCAT-1044443,Engineering,B,Delhi NCR,7.18,4,Startup,0.253,65,52,0.76,14500,0,0,0,240000
AMCAT-813058,Engineering,B,Chennai,8.17,5,SME,0.398,71,50,0.76,12500,1,1,1,320000
AMCAT-278780,Engineering,B,Delhi NCR,6.99,4,SME,0.325,45,50,0.84,14000,0,0,0,350000
AMCAT-1133196,Engineering,B,Bengaluru,6.02,4,Startup,0.21,26,48,0.88,12500,1,1,1,150000
AMCAT-637094,Engineering,B,Delhi NCR,7.52,4,Startup,0.251,64,69,0.88,11500,0,1,1,180000
AMCAT-736897,Engineering,B,Chennai,8.9,5,SME,0.36,100,49,0.76,13000,0,0,1,325000
AMCAT-1083993,Engineering,B,Chennai,8.81,4,SME,0.332,69,52,0.78,11000,0,0,1,370000
AMCAT-818646,Engineering,B,Mumbai,7.42,5,Startup,0.356,22,46,0.78,15000,0,0,1,230000
AMCAT-230211,Engineering,A,Delhi NCR,7.0,5,Startup,0.278,15,49,0.84,15000,0,0,1,120000
AMCAT-947697,Engineering,B,Bengaluru,7.5,5,SME,0.322,35,52,0.88,16000,1,1,1,325000
AMCAT-618960,Engineering,B,Chennai,8.0,4,Startup,0.28,34,50,0.78,11000,0,0,0,100000
AMCAT-645192,Engineering,B,Delhi NCR,7.0,4,Startup,0.344,78,53,0.76,12500,0,1,1,120000
AMCAT-301466,Engineering,B,Delhi NCR,6.52,4,MNC,0.299,68,48,0.84,12500,0,0,0,620000
AMCAT-352811,Engineering,B,Chennai,7.52,4,Startup,0.248,49,50,0.78,17500,0,0,1,120000
AMCAT-1233151,Engineering,B,Delhi NCR,6.78,4,Startup,0.233,75,50,0.88,15000,0,1,1,150000
AMCAT-103323,Engineering,B,Chennai,7.7,4,SME,0.293,8,53,0.87,13500,0,1,1,410000
AMCAT-104408,Engineering,B,Bengaluru,7.6,4,SME,0.245,66,50,0.87,15000,0,0,0,450000
AMCAT-1031075,Engineering,B,Hyderabad,7.45,4,Startup,0.283,97,48,0.88,8500,0,1,1,280000
AMCAT-1231817,Engineering,B,Chennai,6.2,3,Startup,0.199,53,52,0.78,14000,0,0,0,135000
AMCAT-1131849,Engineering,B,Hyderabad,6.61,4,SME,0.287,94,52,0.76,19000,0,0,1,300000
AMCAT-1204764,Engineering,B,Delhi NCR,6.6,3,Startup,0.258,25,52,0.88,14500,1,1,1,100000
AMCAT-862240,Engineering,B,Delhi NCR,6.9,4,Startup,0.281,6,52,0.76,14000,0,0,1,180000
AMCAT-331131,Engineering,B,Hyderabad,8.4,4,SME,0.325,100,53,0.78,15500,0,0,1,400000
AMCAT-1093749,Engineering,B,Mumbai,7.9,4,Startup,0.267,57,52,0.88,16000,1,1,1,150000
AMCAT-1063873,Engineering,B,Hyderabad,7.0,3,Startup,0.234,77,48,0.76,9000,0,0,0,150000
AMCAT-229397,Engineering,B,Chennai,7.06,4,Startup,0.232,49,50,0.84,10000,1,1,1,200000
AMCAT-346321,Engineering,B,Bengaluru,7.01,5,SME,0.348,36,53,0.78,14500,1,1,1,410000
AMCAT-1035879,Engineering,B,Mumbai,6.9,5,SME,0.278,0,52,0.76,12000,0,0,0,385000
AMCAT-484152,Engineering,B,Mumbai,7.03,3,SME,0.235,67,46,0.76,17500,0,0,1,400000
AMCAT-405740,Engineering,B,Delhi NCR,7.8,5,SME,0.333,77,53,0.78,13000,0,0,1,480000
AMCAT-563011,Engineering,B,Chennai,7.27,4,Startup,0.274,58,53,0.78,9000,0,0,0,140000
AMCAT-1274455,Engineering,B,Chennai,8.13,4,SME,0.285,63,50,0.88,11000,0,1,1,330000
AMCAT-898195,Engineering,B,Delhi NCR,7.32,4,SME,0.312,47,50,0.88,7000,1,1,1,300000
AMCAT-299993,Engineering,B,Mumbai,6.09,4,SME,0.303,64,53,0.84,13500,0,0,0,300000
AMCAT-602956,Engineering,B,Hyderabad,7.84,6,MNC,0.352,57,57,0.76,13500,1,1,1,600000
AMCAT-896516,Engineering,B,Chennai,8.5,5,SME,0.303,89,52,0.76,13000,0,0,1,310000
AMCAT-1091302,Engineering,B,Bengaluru,6.15,3,Startup,0.252,75,52,0.88,16500,0,0,1,120000
AMCAT-640755,Engineering,B,Chennai,7.46,3,Startup,0.231,81,48,0.76,17000,0,0,0,70000
AMCAT-221297,Engineering,A,Delhi NCR,6.7,4,MNC,0.284,0,53,0.84,17500,1,1,1,500000
AMCAT-1136373,Engineering,B,Delhi NCR,7.22,3,SME,0.245,70,57,0.91,8500,1,1,1,330000
AMCAT-846954,Engineering,B,Bengaluru,7.4,4,SME,0.312,49,48,0.76,15500,0,0,0,350000
AMCAT-294861,Engineering,B,Chennai,7.1,5,Startup,0.28,43,50,0.87,15500,0,0,0,200000
AMCAT-331635,Engineering,B,Chennai,8.12,5,Startup,0.277,70,49,0.78,15000,0,0,1,200000
AMCAT-1043795,Engineering,B,Delhi NCR,7.4,5,SME,0.312,100,48,0.76,16500,0,0,1,350000
AMCAT-962937,Engineering,B,Chennai,7.6,4,SME,0.34,36,50,0.88,11000,1,1,1,325000
AMCAT-1092951,Engineering,B,Mumbai,7.1,3,Startup,0.258,34,48,0.76,19000,0,0,0,225000
AMCAT-489950,Engineering,B,Mumbai,6.7,3,SME,0.26,0,53,0.78,11500,0,1,1,400000
AMCAT-1078034,Engineering,B,Hyderabad,7.53,3,SME,0.243,90,52,0.78,16000,0,0,0,320000
AMCAT-1015299,Engineering,B,Delhi NCR,6.85,4,Startup,0.206,71,48,0.88,10000,1,1,1,200000
AMCAT-796733,Engineering,B,Chennai,8.06,5,SME,0.312,60,49,0.76,11500,0,0,0,315000
AMCAT-741398,Engineering,B,Mumbai,6.95,3,Startup,0.255,33,57,0.88,18000,1,1,1,240000
AMCAT-322753,Engineering,B,Chennai,7.8,3,Startup,0.252,86,48,0.78,13500,1,1,1,95000
AMCAT-628150,Engineering,B,Delhi NCR,7.48,4,SME,0.255,24,48,0.76,16000,0,0,1,325000
AMCAT-720961,Engineering,B,Bengaluru,6.34,5,Startup,0.291,98,52,0.76,14500,1,1,1,120000
AMCAT-244793,Engineering,B,Bengaluru,6.88,4,SME,0.247,8,50,0.84,13500,0,0,0,410000
AMCAT-615396,Engineering,B,Delhi NCR,6.98,3,Startup,0.199,48,57,0.88,17500,0,1,1,225000
AMCAT-1292113,Engineering,B,Delhi NCR,7.0,3,Startup,0.217,10,52,0.88,13500,1,1,1,120000
AMCAT-611970,Engineering,B,Delhi NCR,7.22,4,SME,0.296,0,50,0.76,9500,0,0,1,420000
AMCAT-898780,Engineering,B,Delhi NCR,7.58,6,SME,0.363,57,48,0.88,12000,1,1,1,340000
AMCAT-1087164,Engineering,B,Bengaluru,6.64,3,Startup,0.235,65,49,0.88,15500,1,1,1,205000
AMCAT-262345,Engineering,A,Delhi NCR,7.07,5,SME,0.355,0,48,0.84,19000,1,1,1,375000
AMCAT-473226,Engineering,B,Delhi NCR,6.2,4,Startup,0.291,32,48,0.88,10000,1,1,1,200000
AMCAT-913451,Engineering,A,Chennai,6.9,4,SME,0.324,55,52,0.88,16000,1,1,1,330000
AMCAT-140797,Engineering,B,Chennai,7.8,5,Startup,0.295,48,52,0.87,12500,0,0,0,260000
AMCAT-553327,Engineering,B,Delhi NCR,6.5,4,SME,0.282,56,52,0.76,13000,0,1,1,300000
AMCAT-353742,Engineering,B,Delhi NCR,7.65,3,SME,0.247,37,50,0.78,10500,0,0,0,370000
AMCAT-1088423,Engineering,B,Hyderabad,8.5,6,MNC,0.352,79,52,0.88,12500,1,1,1,550000
AMCAT-905258,Engineering,A,Delhi NCR,7.1,6,SME,0.367,49,52,0.88,16000,1,1,1,325000
AMCAT-611920,Engineering,B,Delhi NCR,6.56,5,Startup,0.281,45,52,0.76,16000,0,0,0,95000
AMCAT-983779,Engineering,B,Delhi NCR,6.55,4,Startup,0.266,80,52,0.91,16000,1,1,1,240000
AMCAT-619152,Engineering,B,Delhi NCR,6.44,4,SME,0.286,68,48,0.76,13500,0,0,1,300000
AMCAT-591405,Engineering,B,Delhi NCR,7.74,5,MNC,0.375,59,53,0.76,13000,1,1,1,605000
AMCAT-344614,Engineering,B,Chennai,8.14,4,SME,0.265,56,50,0.78,14500,0,1,1,470000
AMCAT-1063486,Engineering,B,Mumbai,5.85,5,Startup,0.318,6,46,0.78,12000,0,0,0,95000
AMCAT-601624,Engineering,B,Delhi NCR,6.4,4,Startup,0.323,0,52,0.76,11000,1,1,1,225000
AMCAT-340788,Engineering,B,Delhi NCR,6.72,5,SME,0.278,83,53,0.78,11500,0,0,1,485000
AMCAT-1288222,Engineering,B,Mumbai,6.82,3,Startup,0.254,71,41,0.78,12500,0,0,0,205000
AMCAT-1030908,Engineering,B,Bengaluru,7.6,4,Startup,0.332,49,52,0.76,11000,1,1,1,240000
AMCAT-540835,Engineering,B,Delhi NCR,7.8,4,MNC,0.261,61,50,0.78,14500,0,1,1,700000
AMCAT-1129408,Engineering,B,Hyderabad,6.9,3,Startup,0.216,46,48,0.76,16000,1,1,1,250000
AMCAT-053587,Engineering,B,Mumbai,6.0,5,SME,0.34,72,53,0.87,10000,0,1,1,430000
AMCAT-341436,Engineering,B,Mumbai,7.43,5,SME,0.35,92,50,0.78,14000,0,0,1,430000
AMCAT-599523,Engineering,B,Chennai,7.0,4,SME,0.303,48,53,0.76,13500,0,1,1,300000
AMCAT-324982,Engineering,B,Chennai,7.37,3,SME,0.258,54,48,0.78,15000,0,0,1,350000
AMCAT-700535,Engineering,B,Chennai,6.9,5,Startup,0.303,83,52,0.76,14000,0,0,1,200000
AMCAT-938077,Engineering,B,Delhi NCR,6.67,6,SME,0.354,62,52,0.88,10500,1,1,1,330000
AMCAT-1095271,Engineering,B,Hyderabad,7.16,3,Startup,0.253,86,52,0.76,11000,0,1,1,240000
AMCAT-920334,Engineering,B,Delhi NCR,6.81,3,Startup,0.188,13,48,0.88,14000,1,1,1,160000
AMCAT-877224,Engineering,A,Mumbai,6.57,4,SME,0.343,66,69,0.88,20500,0,1,1,300000
AMCAT-1269557,Engineering,B,Mumbai,7.3,4,Startup,0.201,72,50,0.88,8500,0,0,1,240000
AMCAT-984851,Engineering,B,Delhi NCR,7.68,4,SME,0.322,73,52,0.88,15000,0,0,1,320000
AMCAT-696034,Engineering,B,Chennai,6.3,3,Startup,0.219,52,48,0.84,17000,0,0,0,230000
AMCAT-509967,Engineering,B,Delhi NCR,7.38,6,SME,0.356,82,57,0.78,13500,1,1,1,440000
AMCAT-848578,Engineering,B,Delhi NCR,7.2,4,Startup,0.257,66,50,0.76,15500,1,1,1,240000
AMCAT-455020,Engineering,B,Delhi NCR,7.5,4,SME,0.28,0,53,0.78,12000,0,0,1,450000
AMCAT-619652,Engineering,B,Bengaluru,9.47,4,SME,0.344,37,46,0.76,13500,0,1,1,325000
AMCAT-809524,Engineering,B,Bengaluru,6.78,5,SME,0.328,96,48,0.76,10000,0,0,0,405000
AMCAT-326762,Engineering,B,Mumbai,6.56,3,SME,0.256,0,53,0.78,8000,0,0,1,450000
AMCAT-1026255,Engineering,B,Chennai,7.9,6,SME,0.349,72,48,0.88,16500,1,1,1,325000
AMCAT-479756,Engineering,B,Chennai,6.8,5,SME,0.282,46,50,0.78,11500,0,1,1,300000
AMCAT-360148,Engineering,B,Mumbai,5.95,3,SME,0.243,36,57,0.78,13000,0,0,1,390000
AMCAT-791374,Engineering,B,Delhi NCR,6.53,4,Startup,0.293,51,52,0.78,10500,0,0,0,280000
AMCAT-898866,Engineering,B,Delhi NCR,6.31,3,Startup,0.191,36,57,0.76,10500,1,1,1,95000
AMCAT-262821,Engineering,B,Delhi NCR,7.87,4,Startup,0.218,61,53,0.84,13500,0,1,1,150000
AMCAT-030388,Engineering,B,Delhi NCR,7.15,4,Startup,0.295,61,53,0.87,12000,1,1,1,280000
AMCAT-975579,Engineering,A,Delhi NCR,8.1,4,Startup,0.24,100,48,0.88,19000,1,1,1,180000
AMCAT-1007916,Engineering,B,Delhi NCR,6.74,5,Startup,0.318,56,52,0.76,15000,0,0,1,220000
AMCAT-1196019,Engineering,B,Delhi NCR,6.56,4,SME,0.307,68,52,0.88,15000,0,1,1,325000
AMCAT-667532,Engineering,B,Delhi NCR,7.55,4,SME,0.261,0,48,0.91,14500,1,1,1,330000
AMCAT-848360,Engineering,B,Mumbai,7.01,5,SME,0.333,86,57,0.76,18000,0,0,1,315000
AMCAT-1193240,Engineering,B,Delhi NCR,7.1,4,Startup,0.265,85,52,0.76,11500,0,0,1,205000
AMCAT-827594,Engineering,A,Delhi NCR,7.64,5,SME,0.308,84,52,0.88,18000,1,1,1,325000
AMCAT-1242936,Engineering,B,Chennai,7.0,4,Startup,0.227,59,49,0.88,17000,1,1,1,105000
AMCAT-806476,Engineering,B,Delhi NCR,8.4,5,MNC,0.328,24,52,0.88,17000,1,1,1,500000
AMCAT-112075,Engineering,B,Bengaluru,6.8,3,SME,0.203,94,53,0.87,10500,0,0,0,320000
AMCAT-035248,Engineering,B,Delhi NCR,7.66,5,SME,0.346,100,50,0.84,13000,1,1,1,480000
AMCAT-1293567,Engineering,A,Delhi NCR,7.3,6,Startup,0.4,52,52,0.91,21500,1,1,1,150000
AMCAT-605285,Engineering,B,Delhi NCR,5.45,3,SME,0.262,11,57,0.76,15500,0,0,1,400000
AMCAT-425582,Engineering,B,Delhi NCR,6.57,3,SME,0.211,40,50,0.78,14500,0,0,1,430000
AMCAT-868872,Engineering,B,Chennai,7.5,4,Startup,0.238,67,48,0.88,13500,0,0,1,200000
AMCAT-712570,Engineering,A,Bengaluru,7.31,6,MNC,0.377,40,57,0.76,17000,0,0,1,625000
AMCAT-362984,Engineering,B,Delhi NCR,6.38,5,SME,0.284,35,48,0.78,14500,1,1,1,450000
AMCAT-872500,Engineering,B,Delhi NCR,8.4,5,SME,0.292,87,50,0.88,13500,0,1,1,335000
AMCAT-960079,Engineering,B,Delhi NCR,6.3,3,Startup,0.231,26,48,0.88,14000,0,1,1,200000
AMCAT-1042309,Engineering,B,Chennai,7.6,4,SME,0.263,91,52,0.76,14000,0,0,1,335000
AMCAT-330551,Engineering,B,Hyderabad,6.1,3,Startup,0.265,100,57,0.78,12500,0,1,1,145000
AMCAT-064447,Engineering,B,Bengaluru,6.56,3,Startup,0.211,73,48,0.87,15500,0,0,1,100000
AMCAT-1229820,Engineering,B,Bengaluru,8.0,3,SME,0.262,79,77,0.88,21500,0,1,1,320000
AMCAT-1122707,Engineering,B,Mumbai,7.04,3,Startup,0.245,47,52,0.76,9500,0,0,1,275000
AMCAT-806544,Engineering,B,Delhi NCR,7.53,4,Startup,0.285,0,52,0.88,15000,1,1,1,280000
AMCAT-243949,Engineering,B,Delhi NCR,6.5,4,MNC,0.237,65,48,0.84,12000,0,0,1,600000
AMCAT-050626,Engineering,B,Delhi NCR,8.0,4,Startup,0.34,25,50,0.68,15500,0,0,1,180000
AMCAT-820774,Engineering,B,Delhi NCR,6.5,4,Startup,0.245,8,52,0.88,14000,1,1,1,180000
AMCAT-807302,Engineering,B,Delhi NCR,6.62,5,Startup,0.291,30,57,0.88,16000,1,1,1,120000
AMCAT-416268,Engineering,B,Delhi NCR,7.6,4,SME,0.297,64,53,0.78,17000,0,0,1,370000
AMCAT-230806,Engineering,B,Mumbai,7.1,3,SME,0.22,76,46,0.84,14500,0,0,0,325000
AMCAT-955531,Engineering,B,Delhi NCR,7.5,5,SME,0.292,7,48,0.88,17000,0,0,1,300000
AMCAT-1231982,Engineering,B,Chennai,6.52,5,Startup,0.302,86,48,0.76,8000,0,0,0,180000
AMCAT-831973,Engineering,B,Hyderabad,7.0,3,SME,0.212,22,50,0.88,18000,1,1,1,305000
AMCAT-238392,Engineering,B,Bengaluru,7.6,4,SME,0.265,89,50,0.84,15000,0,1,1,450000
AMCAT-711754,Engineering,B,Chennai,8.27,4,SME,0.307,84,80,0.76,16500,0,1,1,390000
AMCAT-628223,Engineering,B,Delhi NCR,6.11,3,Startup,0.202,74,52,0.76,11000,1,1,1,150000
AMCAT-361646,Engineering,B,Bengaluru,7.94,5,Startup,0.282,8,57,0.78,12000,0,0,1,155000
AMCAT-622548,Engineering,B,Delhi NCR,7.22,3,SME,0.265,52,52,0.78,14500,0,0,0,300000
AMCAT-100113,Engineering,B,Hyderabad,6.89,3,MNC,0.209,70,46,0.87,14000,0,0,1,510000
AMCAT-959445,Engineering,B,Delhi NCR,7.64,4,Startup,0.301,90,50,0.88,14500,1,1,1,185000
AMCAT-1090820,Engineering,B,Mumbai,6.77,3,Startup,0.265,52,46,0.76,16500,0,0,1,240000
AMCAT-306802,Engineering,B,Mumbai,6.67,4,Startup,0.284,55,48,0.84,9500,1,1,1,240000
AMCAT-1193152,Engineering,B,Delhi NCR,6.03,4,SME,0.309,68,48,0.88,16500,0,0,1,300000
AMCAT-1202848,Engineering,B,Hyderabad,7.71,3,SME,0.248,94,52,0.76,14000,0,0,1,300000
AMCAT-337631,Engineering,B,Chennai,8.45,4,SME,0.293,19,50,0.78,13500,0,0,1,325000
AMCAT-1218931,Engineering,B,Delhi NCR,7.48,5,Startup,0.274,55,52,0.88,10500,0,1,1,200000
AMCAT-214256,Engineering,B,Delhi NCR,7.1,4,MNC,0.286,58,50,0.76,15500,0,0,1,500000
AMCAT-046715,Engineering,B,Chennai,6.3,3,MNC,0.248,45,48,0.87,8000,0,0,0,1320000
AMCAT-743526,Engineering,B,Bengaluru,6.34,5,SME,0.385,100,48,0.76,15500,0,0,1,300000
AMCAT-983328,Engineering,B,Delhi NCR,7.65,4,Startup,0.251,80,48,0.88,10500,1,1,1,170000
AMCAT-296065,Engineering,B,Mumbai,7.64,5,MNC,0.344,35,48,0.84,14000,1,1,1,620000
AMCAT-552690,Engineering,B,Delhi NCR,6.8,3,Startup,0.229,15,52,0.76,13500,0,0,0,240000
AMCAT-455244,Engineering,B,Delhi NCR,7.32,5,SME,0.288,68,53,0.78,17000,0,1,1,375000
AMCAT-538312,Engineering,B,Mumbai,5.89,4,SME,0.301,83,44,0.76,13500,1,1,1,350000
AMCAT-283452,Engineering,B,Delhi NCR,8.19,5,SME,0.338,31,53,0.84,12500,1,1,1,445000
AMCAT-1154783,Engineering,B,Chennai,7.5,4,Startup,0.291,96,50,0.88,12500,1,1,1,200000
AMCAT-440725,Engineering,A,Delhi NCR,7.8,6,MNC,0.35,57,50,0.78,21000,0,0,0,600000
AMCAT-053132,Engineering,B,Mumbai,5.56,5,MNC,0.316,29,50,0.87,15500,0,0,1,755000
AMCAT-037396,Engineering,B,Mumbai,5.56,3,Startup,0.258,13,46,0.87,13000,1,1,1,95000
AMCAT-327759,Engineering,A,Delhi NCR,7.65,5,MNC,0.305,37,53,0.78,17500,0,1,1,880000
AMCAT-1283923,Engineering,B,Hyderabad,7.0,5,MNC,0.361,65,48,0.88,10000,1,1,1,3000000
AMCAT-1203348,Engineering,B,Chennai,8.1,5,SME,0.32,74,52,0.76,15000,0,0,1,340000
AMCAT-942576,Engineering,B,Chennai,8.6,3,Startup,0.204,72,48,0.78,9500,0,0,0,150000
AMCAT-1037564,Engineering,B,Chennai,7.17,3,Startup,0.26,67,41,0.76,16000,0,0,1,110000
AMCAT-633241,Engineering,B,Delhi NCR,7.13,4,SME,0.314,83,48,0.76,14500,0,0,1,350000
AMCAT-644584,Engineering,B,Delhi NCR,7.12,5,Startup,0.302,43,50,0.78,20000,0,1,1,185000
AMCAT-339210,Engineering,B,Delhi NCR,6.6,5,Startup,0.277,43,53,0.84,11000,0,0,1,200000
AMCAT-982693,Engineering,B,Delhi NCR,7.1,4,Startup,0.248,19,52,0.88,13500,1,1,1,240000
AMCAT-813008,Engineering,B,Mumbai,7.56,4,Startup,0.274,59,57,0.88,18500,1,1,1,180000
AMCAT-239756,Engineering,B,Bengaluru,7.11,4,SME,0.284,45,53,0.84,17000,0,0,1,315000
AMCAT-1268067,Engineering,B,Hyderabad,7.24,4,SME,0.334,13,52,0.91,12500,0,1,1,325000
AMCAT-640729,Engineering,B,Mumbai,7.61,4,SME,0.309,49,50,0.76,14500,0,0,1,300000
AMCAT-206733,Engineering,B,Delhi NCR,7.6,5,Startup,0.273,50,50,0.84,14000,1,1,1,240000
AMCAT-239580,Engineering,B,Delhi NCR,6.5,4,Startup,0.243,68,53,0.87,14500,0,0,1,240000
AMCAT-661111,Engineering,B,Chennai,7.76,3,Startup,0.263,53,52,0.76,12500,0,1,1,150000
AMCAT-730050,Engineering,B,Chennai,7.5,4,Startup,0.31,59,49,0.76,14000,0,1,1,220000
AMCAT-1135588,Engineering,B,Hyderabad,6.38,4,Startup,0.275,47,48,0.76,10000,0,0,1,120000
AMCAT-1111630,Engineering,B,Delhi NCR,7.73,5,Startup,0.295,93,65,0.88,14500,1,1,1,120000
AMCAT-230113,Engineering,B,Delhi NCR,7.56,6,MNC,0.367,74,53,0.84,15000,0,1,1,650000
AMCAT-034472,Engineering,A,Delhi NCR,7.5,5,SME,0.367,49,60,0.87,17500,1,1,1,375000
AMCAT-661647,Engineering,B,Delhi NCR,6.0,4,SME,0.245,72,52,0.76,10000,0,0,1,305000
AMCAT-417459,Engineering,B,Delhi NCR,6.22,3,Startup,0.226,74,53,0.78,16500,0,0,0,155000
AMCAT-640581,Engineering,B,Mumbai,8.0,5,SME,0.37,69,53,0.76,15000,0,1,1,360000
AMCAT-823407,Engineering,B,Delhi NCR,8.9,4,SME,0.343,61,48,0.88,12000,1,1,1,400000
AMCAT-1268344,Engineering,B,Delhi NCR,7.3,5,Startup,0.329,88,57,0.88,13500,1,1,1,240000
AMCAT-640533,Engineering,B,Mumbai,7.03,6,SME,0.35,75,53,0.76,10000,1,1,1,400000
AMCAT-133165,Engineering,B,Mumbai,6.04,4,Startup,0.273,0,49,0.87,11500,0,1,1,240000
AMCAT-103861,Engineering,B,Chennai,7.1,4,MNC,0.245,74,48,0.87,12500,0,1,1,505000
AMCAT-186085,Engineering,B,Delhi NCR,7.14,3,Startup,0.218,58,48,0.87,17000,0,0,0,105000
AMCAT-359993,Engineering,B,Chennai,6.4,4,Startup,0.194,5,53,0.78,12500,1,1,1,220000
AMCAT-732482,Engineering,A,Delhi NCR,7.42,5,SME,0.298,49,50,0.76,19500,0,0,1,300000
AMCAT-1075216,Engineering,B,Mumbai,7.12,4,SME,0.262,33,52,0.76,12500,0,0,1,300000
AMCAT-333459,Engineering,B,Delhi NCR,7.1,3,Startup,0.23,36,48,0.78,14500,1,1,1,75000
AMCAT-984343,Engineering,B,Delhi NCR,6.45,5,Startup,0.287,80,57,0.91,13500,1,1,1,200000
AMCAT-341146,Engineering,B,Mumbai,6.5,3,SME,0.258,50,80,0.78,16000,1,1,1,350000
AMCAT-815488,Engineering,A,Chennai,8.22,5,SME,0.346,91,49,0.76,16500,0,0,1,380000
AMCAT-335201,Engineering,B,Delhi NCR,7.36,5,SME,0.312,38,57,0.78,10000,0,0,0,410000
AMCAT-1260265,Engineering,B,Mumbai,7.9,4,SME,0.259,59,53,0.78,10500,0,1,1,300000
AMCAT-586115,Engineering,B,Chennai,8.07,5,Startup,0.277,56,50,0.78,12500,1,1,1,145000
AMCAT-333417,Engineering,B,Delhi NCR,7.88,5,MNC,0.303,13,53,0.78,11000,1,1,1,700000
AMCAT-932813,Engineering,B,Delhi NCR,7.56,5,SME,0.352,69,52,0.88,15000,1,1,1,325000
AMCAT-614839,Engineering,B,Delhi NCR,7.3,3,Startup,0.236,38,48,0.88,13000,1,1,1,220000
AMCAT-1202849,Engineering,B,Hyderabad,7.19,4,SME,0.251,43,52,0.88,20000,1,1,1,330000
AMCAT-713848,Engineering,B,Mumbai,6.8,5,SME,0.362,0,46,0.78,9500,0,0,1,360000
AMCAT-786671,Engineering,B,Hyderabad,7.31,4,Startup,0.292,52,52,0.76,14500,1,1,1,180000
AMCAT-1088588,Engineering,B,Hyderabad,7.84,5,SME,0.283,49,57,0.88,11000,1,1,1,300000
AMCAT-1043852,Engineering,B,Delhi NCR,6.77,5,SME,0.318,62,50,0.76,13000,0,0,1,300000
AMCAT-029161,Engineering,B,Delhi NCR,7.3,4,Startup,0.288,13,50,0.87,14500,0,0,1,140000
AMCAT-715228,Engineering,B,Mumbai,7.18,3,SME,0.252,87,48,0.78,8000,0,0,1,405000
AMCAT-133296,Engineering,B,Delhi NCR,6.6,4,Startup,0.263,30,53,0.87,14500,0,1,1,145000
AMCAT-1060371,Engineering,B,Hyderabad,6.75,3,Startup,0.2,76,48,0.88,19000,1,1,1,200000
AMCAT-980748,Engineering,B,Delhi NCR,7.1,5,SME,0.346,24,52,0.88,13000,1,1,1,325000
AMCAT-308499,Engineering,B,Bengaluru,6.93,3,Startup,0.262,71,48,0.84,14500,0,0,1,85000
AMCAT-806357,Engineering,B,Delhi NCR,6.2,2,Startup,0.162,46,52,0.88,16500,1,1,1,205000
AMCAT-239903,Engineering,B,Bengaluru,8.41,5,MNC,0.277,0,46,0.84,13500,0,0,1,560000
AMCAT-259974,Engineering,B,Chennai,7.3,4,Startup,0.233,32,48,0.87,12500,0,0,1,120000
AMCAT-109066,Engineering,B,Mumbai,5.4,4,Startup,0.323,40,48,0.87,8500,0,1,1,150000
AMCAT-682689,Engineering,B,Chennai,7.62,5,Startup,0.348,75,52,0.76,15500,0,0,1,240000
AMCAT-455357,Engineering,B,Delhi NCR,6.66,4,Startup,0.267,52,53,0.78,13500,0,1,1,250000
AMCAT-577498,Engineering,B,Delhi NCR,6.88,4,Startup,0.282,9,57,0.76,11500,1,1,1,295000
AMCAT-611126,Engineering,B,Mumbai,7.25,5,MNC,0.329,6,49,0.76,14500,0,0,1,550000
AMCAT-465339,Engineering,B,Hyderabad,8.37,3,Startup,0.25,43,53,0.78,12500,0,0,0,115000
AMCAT-335947,Engineering,B,Hyderabad,7.33,5,MNC,0.288,71,48,0.78,12500,0,0,0,600000
AMCAT-1138769,Engineering,B,Chennai,6.2,3,Startup,0.179,61,50,0.76,15500,0,0,1,110000
AMCAT-331680,Engineering,B,Chennai,7.92,4,Startup,0.322,54,48,0.78,10500,0,0,0,200000
AMCAT-330663,Engineering,B,Hyderabad,7.88,5,SME,0.314,47,53,0.78,16500,1,1,1,410000
AMCAT-1026244,Engineering,B,Hyderabad,7.83,5,SME,0.277,94,48,0.88,10500,1,1,1,325000
AMCAT-239715,Engineering,B,Bengaluru,6.83,5,SME,0.316,66,48,0.84,12500,0,0,1,445000
AMCAT-330602,Engineering,B,Hyderabad,6.64,5,SME,0.29,73,50,0.78,19000,0,1,1,415000
AMCAT-1006613,Engineering,B,Chennai,7.54,4,SME,0.338,100,49,0.76,17000,0,0,0,335000
AMCAT-333860,Engineering,B,Hyderabad,7.7,4,Startup,0.248,32,26,0.78,14000,0,0,1,180000
AMCAT-435389,Engineering,B,Chennai,6.5,2,Startup,0.188,22,53,0.78,11500,1,1,1,240000
AMCAT-514167,Engineering,B,Delhi NCR,7.63,5,Startup,0.347,76,53,0.78,12500,0,1,1,260000
AMCAT-042876,Engineering,B,Mumbai,6.99,5,Startup,0.282,14,60,0.87,14000,0,1,1,120000
AMCAT-619423,Engineering,B,Chennai,7.7,3,Startup,0.234,18,52,0.76,14000,0,1,1,40000
AMCAT-637345,Engineering,B,Hyderabad,6.22,3,Startup,0.177,51,48,0.76,14000,0,0,1,190000
AMCAT-842506,Engineering,B,Mumbai,6.19,4,Startup,0.307,20,50,0.88,14000,0,1,1,105000
AMCAT-326565,Engineering,B,Mumbai,6.3,3,SME,0.254,37,49,0.78,13500,0,0,1,305000
AMCAT-347445,Engineering,B,Delhi NCR,6.52,3,Startup,0.237,40,48,0.78,10500,0,0,1,180000
AMCAT-843714,Engineering,B,Chennai,6.87,3,Startup,0.187,0,46,0.76,12500,1,1,1,280000
AMCAT-1259848,Engineering,A,Hyderabad,8.0,5,Startup,0.321,66,48,0.88,20500,1,1,1,195000
AMCAT-1251526,Engineering,B,Delhi NCR,6.8,4,Startup,0.271,55,48,0.88,10500,0,1,1,150000
AMCAT-266926,Engineering,B,Delhi NCR,6.5,4,MNC,0.316,32,48,0.84,13500,1,1,1,600000
AMCAT-126883,Engineering,B,Hyderabad,6.54,4,MNC,0.243,32,49,0.87,12000,0,0,0,650000
AMCAT-1063702,Engineering,B,Mumbai,6.8,3,SME,0.237,68,52,0.76,14500,0,0,1,310000
AMCAT-872382,Engineering,B,Delhi NCR,7.5,5,SME,0.336,18,50,0.88,13000,1,1,1,325000
AMCAT-247966,Engineering,B,Hyderabad,6.88,3,SME,0.248,50,53,0.84,17500,0,0,0,400000
AMCAT-279976,Engineering,B,Delhi NCR,7.24,5,SME,0.275,62,48,0.84,15500,0,0,1,435000
AMCAT-839602,Engineering,B,Delhi NCR,7.65,4,MNC,0.3,68,52,0.78,10500,0,0,0,525000
AMCAT-955301,Engineering,B,Delhi NCR,7.18,4,Startup,0.257,54,50,0.88,15500,1,1,1,240000
AMCAT-535193,Engineering,B,Mumbai,6.3,4,SME,0.294,82,53,0.76,12000,0,1,1,360000
AMCAT-754959,Engineering,B,Chennai,8.83,5,SME,0.387,32,52,0.76,12500,1,1,1,340000
AMCAT-872027,Engineering,B,Delhi NCR,7.7,5,SME,0.297,73,48,0.88,15000,1,1,1,330000
AMCAT-721397,Engineering,B,Chennai,7.7,4,Startup,0.262,84,49,0.76,13000,0,1,1,215000
AMCAT-693253,Engineering,B,Delhi NCR,7.05,3,SME,0.248,13,69,0.76,16000,0,1,1,330000
AMCAT-1199257,Engineering,B,Hyderabad,8.48,6,Startup,0.36,71,48,0.88,12000,0,0,1,100000
AMCAT-478702,Engineering,B,Hyderabad,5.5,4,Startup,0.295,0,50,0.78,12500,0,0,1,240000
AMCAT-925234,Engineering,A,Delhi NCR,7.73,5,SME,0.345,51,52,0.88,16500,1,1,1,400000
AMCAT-340244,Engineering,B,Delhi NCR,6.98,4,Startup,0.263,13,48,0.76,12500,0,0,1,150000
AMCAT-113467,Engineering,B,Bengaluru,6.1,5,Startup,0.31,80,48,0.87,16500,0,0,1,200000
AMCAT-948250,Engineering,B,Delhi NCR,6.35,3,Startup,0.252,47,52,0.88,15500,1,1,1,205000
AMCAT-542425,Engineering,B,Delhi NCR,7.1,4,SME,0.26,42,49,0.76,18500,1,1,1,320000
AMCAT-107707,Engineering,B,Mumbai,6.0,4,Startup,0.288,83,53,0.87,19500,0,1,1,150000
AMCAT-809847,Engineering,B,Delhi NCR,6.2,3,Startup,0.261,35,48,0.88,11500,1,1,1,200000
AMCAT-1113188,Engineering,B,Delhi NCR,7.82,4,SME,0.237,59,52,0.88,14000,0,1,1,300000
AMCAT-324343,Engineering,B,Mumbai,6.0,4,Startup,0.209,43,53,0.78,11000,0,1,1,280000
AMCAT-332694,Engineering,B,Delhi NCR,7.2,4,Startup,0.218,0,52,0.76,12000,0,0,0,250000
AMCAT-337194,Engineering,B,Chennai,8.72,4,SME,0.312,50,57,0.78,12500,1,1,1,495000
AMCAT-635518,Engineering,B,Mumbai,6.16,5,SME,0.273,86,50,0.76,11500,0,0,1,325000
AMCAT-365948,Engineering,B,Bengaluru,7.93,4,SME,0.235,0,49,0.78,11500,1,1,1,445000
AMCAT-754972,Engineering,B,Chennai,8.29,4,Startup,0.335,97,48,0.76,13500,1,1,1,225000
AMCAT-625206,Engineering,B,Delhi NCR,7.65,5,SME,0.326,22,48,0.76,11000,1,1,1,365000
AMCAT-798895,Engineering,B,Bengaluru,8.24,3,Startup,0.22,25,48,0.76,16000,0,0,1,290000
AMCAT-760851,Engineering,A,Chennai,7.81,5,SME,0.365,100,48,0.76,15500,0,1,1,375000
AMCAT-1089302,Engineering,B,Delhi NCR,7.5,4,SME,0.328,100,69,0.88,21000,1,1,1,375000
AMCAT-815109,Engineering,B,Delhi NCR,6.13,4,Startup,0.247,57,48,0.78,13000,0,0,0,200000
AMCAT-604409,Engineering,A,Delhi NCR,7.4,5,MNC,0.359,62,48,0.76,18000,1,1,1,500000
AMCAT-471545,Engineering,B,Delhi NCR,6.8,5,MNC,0.337,7,50,0.76,11000,1,1,1,720000
AMCAT-1289956,Engineering,B,Chennai,8.1,3,Startup,0.238,79,48,0.88,18500,0,1,1,210000
AMCAT-354739,Engineering,B,Bengaluru,5.82,3,Startup,0.245,30,48,0.78,17000,0,0,0,105000
AMCAT-326626,Engineering,B,Mumbai,7.21,3,Startup,0.207,80,52,0.78,14500,0,0,1,120000
AMCAT-797600,Engineering,B,Bengaluru,7.7,6,MNC,0.39,21,48,0.76,10500,1,1,1,600000
AMCAT-1123015,Engineering,B,Delhi NCR,7.59,4,SME,0.235,48,50,0.88,14500,0,0,1,300000
AMCAT-358095,Engineering,B,Delhi NCR,7.0,5,SME,0.359,19,50,0.78,11000,0,0,1,470000
AMCAT-965196,Engineering,B,Hyderabad,7.5,4,SME,0.284,71,48,0.88,17500,1,1,1,305000
AMCAT-1010732,Engineering,B,Mumbai,8.0,3,Startup,0.233,65,48,0.88,16000,0,0,1,100000
AMCAT-812176,Engineering,B,Mumbai,7.6,3,Startup,0.195,80,50,0.88,14000,1,1,1,145000
AMCAT-218587,Engineering,B,Bengaluru,7.0,5,SME,0.299,69,53,0.84,8000,0,1,1,350000
AMCAT-421635,Engineering,B,Delhi NCR,6.2,5,Startup,0.275,88,48,0.78,11500,0,0,1,120000
AMCAT-613031,Engineering,B,Hyderabad,7.94,4,SME,0.293,40,52,0.76,15500,0,0,1,350000
AMCAT-1064862,Engineering,B,Hyderabad,6.67,3,Startup,0.204,58,57,0.76,17000,0,0,1,175000
AMCAT-1152870,Engineering,B,Delhi NCR,6.3,5,Startup,0.276,53,48,0.91,17000,1,1,1,100000
AMCAT-082269,Engineering,B,Chennai,8.45,4,MNC,0.316,22,53,0.87,10000,0,1,1,600000
AMCAT-458082,Engineering,B,Delhi NCR,7.19,3,Startup,0.243,28,50,0.78,15000,0,0,1,70000
AMCAT-1247341,Engineering,B,Pune,7.64,5,SME,0.354,73,52,0.76,16500,0,0,1,360000
AMCAT-1004939,Engineering,B,Mumbai,6.94,5,Startup,0.282,99,49,0.88,10000,1,1,1,200000
AMCAT-1095943,Engineering,B,Chennai,7.25,5,Startup,0.272,63,52,0.88,14000,0,1,1,100000
AMCAT-580712,Engineering,A,Delhi NCR,7.5,5,SME,0.298,29,53,0.76,18500,0,1,1,400000
AMCAT-1044954,Engineering,B,Hyderabad,6.4,3,Startup,0.169,73,52,0.78,13000,0,0,0,170000
AMCAT-1232793,Engineering,B,Delhi NCR,6.32,4,SME,0.279,33,52,0.78,9500,0,0,0,300000
AMCAT-1117138,Engineering,B,Mumbai,6.02,5,SME,0.309,44,53,0.76,13000,0,0,1,335000
AMCAT-633797,Engineering,B,Delhi NCR,7.92,5,SME,0.334,74,53,0.76,13000,0,0,1,365000
AMCAT-632267,Engineering,B,Chennai,6.5,4,Startup,0.193,60,49,0.76,13500,0,0,1,80000
AMCAT-308813,Engineering,B,Delhi NCR,7.0,3,SME,0.269,30,53,0.78,12500,0,1,1,310000
AMCAT-872404,Engineering,B,Delhi NCR,7.6,3,Startup,0.255,73,50,0.88,13000,1,1,1,180000
AMCAT-643174,Engineering,B,Delhi NCR,7.6,4,SME,0.237,67,53,0.88,14000,0,0,1,300000
AMCAT-732785,Engineering,B,Chennai,7.64,4,SME,0.311,30,52,0.76,15000,0,0,1,300000
AMCAT-938182,Engineering,B,Delhi NCR,6.41,3,Startup,0.24,38,52,0.88,13000,0,0,1,180000
AMCAT-385512,Engineering,B,Delhi NCR,6.2,5,Startup,0.316,25,48,0.78,13000,1,1,1,145000
AMCAT-896880,Engineering,A,Bengaluru,7.2,6,SME,0.383,83,51,0.88,18000,1,1,1,450000
AMCAT-880800,Engineering,B,Mumbai,6.29,5,SME,0.345,53,52,0.91,9000,1,1,1,315000
AMCAT-1298275,Engineering,B,Mumbai,6.48,5,Startup,0.306,81,50,0.88,15000,0,1,1,80000
AMCAT-1258764,Engineering,B,Bengaluru,6.76,4,Startup,0.264,29,48,0.76,14000,0,0,0,90000
AMCAT-245678,Engineering,B,Delhi NCR,7.3,4,MNC,0.25,46,48,0.78,14000,0,0,0,575000
AMCAT-947022,Engineering,B,Bengaluru,7.45,5,SME,0.337,58,57,0.88,16500,1,1,1,400000
AMCAT-553781,Engineering,A,Delhi NCR,7.53,4,SME,0.268,94,52,0.76,13000,0,1,1,310000
AMCAT-057430,Engineering,B,Delhi NCR,7.01,4,Startup,0.254,78,53,0.87,9000,0,0,0,180000
AMCAT-263725,Engineering,B,Delhi NCR,7.61,4,MNC,0.305,96,50,0.84,14500,0,1,1,500000
AMCAT-1044900,Engineering,A,Bengaluru,6.73,5,SME,0.347,86,52,0.88,18000,1,1,1,450000
AMCAT-682813,Engineering,B,Chennai,7.0,4,Startup,0.286,76,49,0.76,14500,0,1,1,120000
AMCAT-329900,Engineering,B,Hyderabad,6.35,4,SME,0.218,34,50,0.78,13000,1,1,1,360000
AMCAT-011244,Engineering,B,Delhi NCR,7.16,4,MNC,0.307,78,50,0.87,15500,0,0,1,565000
AMCAT-1146950,Engineering,B,Delhi NCR,7.1,4,SME,0.323,83,52,0.88,16500,0,1,1,325000
AMCAT-371808,Engineering,B,Mumbai,7.13,4,Startup,0.273,3,48,0.78,15000,0,0,1,60000
AMCAT-601071,Engineering,B,Delhi NCR,6.9,3,SME,0.247,0,76,0.76,13500,1,1,1,300000
AMCAT-795959,Engineering,B,Chennai,7.54,5,SME,0.369,25,49,0.88,8500,1,1,1,325000
AMCAT-306079,Engineering,B,Mumbai,5.68,4,Startup,0.202,31,57,0.84,16000,0,1,1,120000
AMCAT-628067,Engineering,B,Bengaluru,7.83,5,SME,0.338,10,53,0.78,17000,0,1,1,400000
AMCAT-841631,Engineering,B,Delhi NCR,6.8,4,SME,0.249,49,50,0.76,15500,0,0,1,350000
AMCAT-1020633,Engineering,A,Delhi NCR,6.7,5,MNC,0.328,0,48,0.88,16000,0,1,1,610000
AMCAT-1063143,Engineering,B,Hyderabad,7.28,5,SME,0.322,70,48,0.88,15500,0,1,1,325000
AMCAT-1297773,Engineering,B,Bengaluru,8.02,5,SME,0.353,49,48,0.88,16000,0,1,1,325000
AMCAT-1218863,Engineering,B,Delhi NCR,6.72,3,Startup,0.226,65,48,0.88,18000,1,1,1,150000
AMCAT-615835,Engineering,B,Delhi NCR,6.0,5,Startup,0.301,45,53,0.88,12000,1,1,1,220000
AMCAT-919419,Engineering,B,Delhi NCR,6.9,4,Startup,0.273,29,52,0.88,13500,1,1,1,200000
AMCAT-1256068,Engineering,B,Delhi NCR,6.82,5,Startup,0.316,8,57,0.91,16000,1,1,1,240000
AMCAT-244435,Engineering,B,Chennai,7.31,3,SME,0.245,44,48,0.84,14000,0,0,0,325000
AMCAT-991139,Engineering,B,Hyderabad,6.88,3,SME,0.203,96,52,0.88,11000,0,1,1,320000
AMCAT-1084305,Engineering,B,Bengaluru,6.1,4,SME,0.232,38,48,0.76,15000,0,1,1,355000
AMCAT-355170,Engineering,B,Chennai,7.5,3,SME,0.248,83,53,0.78,15500,0,0,1,300000
AMCAT-351836,Engineering,B,Delhi NCR,7.51,3,Startup,0.183,36,53,0.78,14000,0,1,1,180000
AMCAT-879261,Engineering,B,Mumbai,7.2,5,Startup,0.294,53,57,0.78,14500,0,0,0,95000
AMCAT-731258,Engineering,B,Chennai,7.4,4,Startup,0.29,75,52,0.76,13500,0,0,0,95000
AMCAT-520456,Engineering,B,Mumbai,6.79,4,Startup,0.262,3,57,0.76,17500,0,0,1,100000
AMCAT-1088385,Engineering,B,Chennai,7.66,5,Startup,0.299,63,49,0.78,11500,0,0,0,45000
AMCAT-423053,Engineering,B,Delhi NCR,6.4,5,SME,0.316,47,48,0.78,12500,1,1,1,400000
AMCAT-325356,Engineering,B,Mumbai,7.2,3,MNC,0.262,15,53,0.78,14000,0,0,1,505000
AMCAT-823790,Engineering,B,Delhi NCR,6.32,5,SME,0.272,52,48,0.88,16000,1,1,1,300000
AMCAT-111711,Engineering,B,Chennai,6.99,4,Startup,0.297,39,49,0.87,10500,0,0,0,210000
AMCAT-1015635,Engineering,B,Delhi NCR,7.42,3,SME,0.247,28,53,0.88,10500,0,0,1,320000
AMCAT-652414,Engineering,B,Chennai,7.5,3,Startup,0.185,68,49,0.76,9000,0,1,1,180000
AMCAT-473243,Engineering,B,Delhi NCR,7.58,3,SME,0.269,38,52,0.88,14000,1,1,1,300000
AMCAT-810270,Engineering,B,Delhi NCR,8.33,4,SME,0.312,90,50,0.88,11000,0,1,1,325000
AMCAT-810588,Engineering,B,Delhi NCR,7.4,5,Startup,0.295,84,50,0.88,13000,0,1,1,100000
AMCAT-829913,Engineering,B,Bengaluru,7.39,3,Startup,0.255,89,52,0.88,15500,0,0,1,245000
AMCAT-993701,Engineering,B,Chennai,6.93,4,Startup,0.196,15,50,0.76,12500,0,0,0,200000
AMCAT-228051,Engineering,B,Hyderabad,7.0,4,MNC,0.308,9,50,0.84,14500,0,0,1,605000
AMCAT-133153,Engineering,B,Mumbai,6.3,5,MNC,0.352,38,53,0.87,13500,1,1,1,555000
AMCAT-831367,Engineering,B,Hyderabad,6.72,5,MNC,0.324,69,52,0.88,15500,1,1,1,600000
AMCAT-292803,Engineering,B,Delhi NCR,7.0,4,Startup,0.22,56,50,0.78,15000,0,1,1,200000
AMCAT-1029968,Engineering,B,Chennai,7.5,3,Startup,0.184,70,50,0.88,12500,0,0,1,205000
AMCAT-281866,Engineering,B,Delhi NCR,6.45,5,Startup,0.293,19,49,0.84,13500,0,1,1,170000
AMCAT-1251016,Engineering,B,Mumbai,5.51,5,Startup,0.288,36,53,0.76,16500,0,0,0,180000
AMCAT-060401,Engineering,B,Delhi NCR,7.2,5,SME,0.282,34,41,0.87,15000,0,1,1,360000
AMCAT-1248141,Engineering,B,Mumbai,7.77,5,SME,0.339,24,48,0.88,10500,0,1,1,320000
AMCAT-232481,Engineering,B,Delhi NCR,6.33,5,MNC,0.31,65,49,0.84,15500,0,0,1,2500000
AMCAT-041012,Engineering,A,Mumbai,7.7,5,SME,0.402,81,46,0.87,15500,1,1,1,370000
AMCAT-1069526,Engineering,B,Hyderabad,6.57,4,Startup,0.235,100,52,0.76,17500,0,0,1,200000
AMCAT-456296,Engineering,B,Delhi NCR,5.9,3,SME,0.252,27,53,0.78,16500,0,0,1,300000
AMCAT-335390,Engineering,B,Delhi NCR,7.08,4,SME,0.248,55,48,0.78,14500,0,0,1,440000
AMCAT-1253323,Engineering,B,Bengaluru,6.4,5,Startup,0.308,33,48,0.76,14500,0,0,0,65000
AMCAT-823924,Engineering,B,Delhi NCR,5.75,3,Startup,0.257,42,52,0.88,13500,0,1,1,180000
AMCAT-1089265,Engineering,B,Delhi NCR,6.5,4,Startup,0.266,36,50,0.78,15500,0,1,1,180000
AMCAT-948661,Engineering,B,Chennai,7.29,3,SME,0.199,45,52,0.88,13000,1,1,1,320000
AMCAT-507994,Engineering,B,Mumbai,5.47,3,Startup,0.243,30,50,0.78,14500,0,0,0,195000
AMCAT-638979,Engineering,B,Hyderabad,8.79,4,SME,0.314,78,52,0.76,16000,0,1,1,300000
AMCAT-507959,Engineering,B,Mumbai,6.06,4,Startup,0.275,0,53,0.76,12500,1,1,1,240000
AMCAT-1208099,Engineering,B,Chennai,7.63,4,SME,0.297,69,52,0.88,12500,1,1,1,300000
AMCAT-707151,Engineering,B,Hyderabad,7.8,4,Startup,0.246,54,48,0.76,11000,0,1,1,200000
AMCAT-895667,Engineering,A,Delhi NCR,8.3,6,MNC,0.375,37,52,0.88,15500,1,1,1,655000
AMCAT-509310,Engineering,B,Delhi NCR,7.22,5,SME,0.288,90,48,0.78,9500,1,1,1,345000
AMCAT-628645,Engineering,B,Chennai,7.85,5,Startup,0.278,67,52,0.76,16000,1,1,1,215000
AMCAT-240634,Engineering,A,Delhi NCR,7.43,4,SME,0.303,42,48,0.84,22500,1,1,1,350000
AMCAT-1230280,Engineering,B,Chennai,8.52,5,SME,0.338,36,52,0.88,17500,0,0,1,315000
AMCAT-416040,Engineering,B,Delhi NCR,6.32,5,SME,0.278,66,50,0.78,10000,1,1,1,400000
AMCAT-287647,Engineering,A,Mumbai,7.02,4,SME,0.314,38,53,0.91,20000,1,1,1,325000
AMCAT-265914,Engineering,B,Hyderabad,7.0,5,SME,0.346,36,53,0.84,17500,0,0,0,325000
AMCAT-1152107,Engineering,B,Chennai,7.1,5,Startup,0.313,45,49,0.78,13000,0,0,1,120000
AMCAT-225959,Engineering,B,Bengaluru,6.74,4,SME,0.32,0,53,0.78,14500,0,0,0,395000
AMCAT-421614,Engineering,B,Delhi NCR,6.65,4,Startup,0.228,58,48,0.78,9000,0,1,1,215000
AMCAT-637441,Engineering,B,Hyderabad,7.0,6,SME,0.361,60,48,0.76,14500,0,1,1,350000
AMCAT-815820,Engineering,B,Delhi NCR,8.04,4,MNC,0.322,10,48,0.88,11500,0,0,1,580000
AMCAT-040772,Engineering,A,Mumbai,8.0,4,MNC,0.258,33,52,0.87,18500,1,1,1,650000
AMCAT-135074,Engineering,B,Chennai,7.17,3,SME,0.222,44,41,0.87,10000,0,0,0,360000
AMCAT-611021,Engineering,B,Hyderabad,7.58,4,SME,0.285,74,48,0.76,15500,0,0,1,335000
AMCAT-1255815,Engineering,B,Delhi NCR,6.0,4,Startup,0.242,36,57,0.91,16500,1,1,1,150000
AMCAT-947006,Engineering,B,Bengaluru,6.72,5,SME,0.365,54,69,0.88,12000,1,1,1,380000
AMCAT-619949,Engineering,B,Bengaluru,8.2,3,SME,0.256,44,57,0.76,11000,0,0,0,350000
AMCAT-662149,Engineering,B,Chennai,8.3,4,Startup,0.285,0,53,0.76,8500,0,0,1,60000
AMCAT-543624,Engineering,B,Chennai,7.85,4,Startup,0.265,40,48,0.76,13500,0,0,0,105000
AMCAT-1171255,Engineering,B,Delhi NCR,7.41,4,Startup,0.247,43,52,0.88,12500,1,1,1,140000
AMCAT-1010140,Engineering,A,Chennai,7.2,6,SME,0.347,84,45,0.79,14000,1,1,1,330000
AMCAT-794276,Engineering,B,Delhi NCR,6.2,5,Startup,0.273,29,48,0.88,15000,1,1,1,120000
AMCAT-1281760,Engineering,B,Delhi NCR,6.67,5,Startup,0.328,31,48,0.88,13000,0,1,1,250000
AMCAT-664337,Engineering,B,Chennai,8.94,5,Startup,0.322,72,41,0.76,11500,0,1,1,250000
AMCAT-237897,Engineering,B,Bengaluru,6.92,4,Startup,0.2,74,53,0.84,12500,0,0,0,200000
AMCAT-215931,Engineering,B,Chennai,7.4,4,SME,0.256,73,50,0.84,16500,0,0,0,380000
AMCAT-576183,Engineering,B,Delhi NCR,6.66,5,SME,0.368,43,53,0.76,15500,0,0,1,395000
AMCAT-1034790,Engineering,B,Delhi NCR,6.5,4,SME,0.282,73,41,0.76,13500,0,0,1,335000
AMCAT-489939,Engineering,B,Delhi NCR,7.39,4,Startup,0.342,65,53,0.84,15500,0,0,0,285000
AMCAT-1207299,Engineering,B,Delhi NCR,7.2,5,SME,0.322,41,52,0.76,11000,0,0,1,300000
AMCAT-281074,Engineering,B,Chennai,7.65,5,MNC,0.352,58,41,0.84,14000,0,0,0,2300000
AMCAT-1060355,Engineering,B,Chennai,7.2,4,SME,0.298,67,48,0.88,14500,1,1,1,300000
AMCAT-1275106,Engineering,B,Mumbai,6.37,4,SME,0.292,63,44,0.76,13000,0,0,0,300000
AMCAT-1058932,Engineering,A,Delhi NCR,6.69,6,SME,0.354,42,50,0.76,19000,0,0,1,400000
AMCAT-282180,Engineering,B,Delhi NCR,7.1,5,MNC,0.277,80,50,0.84,12000,0,1,1,500000
AMCAT-259623,Engineering,B,Chennai,6.9,3,Startup,0.22,47,48,0.87,15500,0,0,1,175000
AMCAT-329829,Engineering,B,Hyderabad,6.2,2,Startup,0.185,33,50,0.78,15500,0,0,0,240000
AMCAT-985445,Engineering,B,Delhi NCR,5.6,3,Startup,0.197,15,50,0.88,6500,0,1,1,120000
AMCAT-924753,Engineering,B,Chennai,9.0,5,SME,0.404,50,52,0.88,17000,1,1,1,325000
AMCAT-1259769,Engineering,B,Delhi NCR,7.59,4,Startup,0.263,69,52,0.88,6500,1,1,1,135000
AMCAT-552751,Engineering,B,Delhi NCR,8.24,5,MNC,0.359,36,52,0.76,12500,0,1,1,590000
AMCAT-660938,Engineering,B,Chennai,7.85,4,Startup,0.262,27,52,0.76,16500,1,1,1,100000
AMCAT-530470,Engineering,B,Delhi NCR,8.07,3,Startup,0.254,19,50,0.76,13000,0,0,1,275000
AMCAT-791334,Engineering,B,Delhi NCR,8.03,4,Startup,0.292,77,52,0.76,10500,0,0,0,60000
AMCAT-660959,Engineering,B,Chennai,7.1,3,Startup,0.261,63,48,0.76,11500,0,1,1,190000
AMCAT-1125281,Engineering,B,Hyderabad,8.0,4,Startup,0.305,82,52,0.91,16500,1,1,1,120000
AMCAT-309046,Engineering,B,Delhi NCR,6.3,3,Startup,0.25,0,50,0.76,9000,0,0,1,250000
AMCAT-741227,Engineering,B,Mumbai,6.16,4,SME,0.24,61,46,0.88,17000,0,1,1,300000
AMCAT-271549,Engineering,B,Mumbai,6.43,4,SME,0.316,20,53,0.84,14000,0,0,1,330000
AMCAT-1119237,Engineering,B,Chennai,7.7,4,SME,0.272,66,46,0.88,11000,1,1,1,400000
AMCAT-814679,Engineering,B,Mumbai,6.15,4,Startup,0.249,62,49,0.84,12500,1,1,1,120000
AMCAT-626510,Engineering,B,Mumbai,6.94,4,SME,0.27,92,50,0.88,11500,0,1,1,330000
AMCAT-797192,Engineering,B,Delhi NCR,6.5,4,SME,0.208,100,52,0.76,16000,1,1,1,300000
AMCAT-299705,Engineering,B,Hyderabad,8.75,2,Startup,0.181,39,54,0.88,16000,0,0,1,130000
AMCAT-348114,Engineering,B,Hyderabad,7.6,5,SME,0.282,44,53,0.78,9500,0,0,0,335000
AMCAT-244948,Engineering,B,Mumbai,6.5,4,Startup,0.237,51,50,0.84,13000,0,0,1,145000
AMCAT-582739,Engineering,B,Hyderabad,7.62,6,SME,0.397,47,53,0.78,12000,0,1,1,325000
AMCAT-296716,Engineering,B,Delhi NCR,7.2,4,Startup,0.271,13,53,0.84,17000,0,0,1,180000
AMCAT-262479,Engineering,A,Delhi NCR,8.81,5,SME,0.295,72,53,0.84,14500,0,0,1,495000
AMCAT-404256,Engineering,B,Hyderabad,7.69,4,Startup,0.237,0,48,0.84,18000,0,0,0,115000
AMCAT-339386,Engineering,B,Hyderabad,7.45,4,Startup,0.207,70,50,0.78,14000,0,0,1,280000
AMCAT-127002,Engineering,B,Hyderabad,7.49,4,SME,0.301,7,48,0.87,11000,1,1,1,475000
AMCAT-970295,Engineering,B,Chennai,7.39,5,SME,0.334,28,49,0.88,12500,0,1,1,345000
AMCAT-064400,Engineering,B,Bengaluru,7.57,5,MNC,0.312,38,53,0.87,12000,1,1,1,500000
AMCAT-1192794,Engineering,B,Mumbai,8.6,4,Startup,0.204,46,50,0.88,11000,1,1,1,265000
AMCAT-189286,Engineering,B,Chennai,9.0,3,SME,0.237,63,49,0.84,14000,0,0,1,400000
AMCAT-947956,Engineering,B,Mumbai,5.81,5,Startup,0.291,18,53,0.88,11000,1,1,1,180000
AMCAT-1035842,Engineering,B,Delhi NCR,6.99,5,Startup,0.309,88,48,0.76,8500,0,0,0,240000
AMCAT-1046268,Engineering,B,Delhi NCR,6.6,4,Startup,0.329,100,48,0.76,13000,0,0,0,240000
AMCAT-555964,Engineering,B,Bengaluru,5.51,5,Startup,0.329,49,48,0.76,9500,0,0,1,180000
AMCAT-781932,Engineering,B,Chennai,6.76,5,Startup,0.326,51,57,0.93,12000,1,1,1,100000
AMCAT-963956,Engineering,B,Hyderabad,6.55,4,SME,0.331,83,52,0.88,11500,1,1,1,390000
AMCAT-1013002,Engineering,B,Bengaluru,6.11,5,Startup,0.338,82,73,0.76,12000,0,1,1,260000
AMCAT-120511,Engineering,B,Hyderabad,6.01,3,Startup,0.237,73,53,0.87,19000,0,0,1,115000
AMCAT-1281191,Engineering,B,Delhi NCR,6.3,5,Startup,0.321,88,50,0.76,14000,0,0,1,105000
AMCAT-687992,Engineering,B,Delhi NCR,6.59,4,Startup,0.262,0,44,0.76,14500,0,1,1,180000
AMCAT-922684,Engineering,B,Delhi NCR,6.41,6,SME,0.369,100,52,0.88,9500,1,1,1,305000
AMCAT-980895,Engineering,B,Delhi NCR,7.62,4,SME,0.319,3,49,0.88,12500,0,0,1,350000
AMCAT-817070,Engineering,B,Mumbai,7.0,5,MNC,0.325,14,52,0.76,14500,0,0,1,525000
AMCAT-1063388,Engineering,B,Bengaluru,6.56,5,SME,0.329,47,50,0.88,11500,1,1,1,310000
AMCAT-289737,Engineering,B,Hyderabad,6.5,5,SME,0.34,41,53,0.84,16500,0,0,0,300000
AMCAT-212902,Engineering,B,Chennai,7.0,5,MNC,0.383,0,53,0.84,11000,1,1,1,600000
AMCAT-1265819,Engineering,B,Delhi NCR,7.0,5,Startup,0.34,87,48,0.76,13500,0,0,0,240000
AMCAT-035327,Engineering,B,Delhi NCR,6.58,4,Startup,0.241,22,50,0.84,12500,0,0,0,215000
AMCAT-505912,Engineering,B,Delhi NCR,7.35,5,Startup,0.293,50,50,0.78,14500,1,1,1,180000
AMCAT-1077918,Engineering,B,Mumbai,6.01,4,Startup,0.281,40,46,0.76,12500,0,0,1,140000
AMCAT-520399,Engineering,B,Delhi NCR,7.46,5,SME,0.281,39,53,0.78,13500,1,1,1,450000
AMCAT-852169,Engineering,A,Chennai,8.04,6,SME,0.393,55,45,0.78,17500,0,0,0,310000
AMCAT-602117,Engineering,B,Delhi NCR,6.97,3,SME,0.253,54,57,0.78,12000,0,0,1,455000
AMCAT-295355,Engineering,B,Chennai,7.66,4,Startup,0.218,16,48,0.84,15000,1,1,1,110000
AMCAT-1082552,Engineering,B,Chennai,8.28,4,Startup,0.226,47,52,0.88,14500,0,0,1,200000
AMCAT-311951,Engineering,B,Delhi NCR,6.6,5,MNC,0.353,0,49,0.84,14000,0,0,1,950000
AMCAT-529692,Engineering,B,Delhi NCR,7.13,4,Startup,0.298,78,50,0.78,13000,0,1,1,240000
AMCAT-1099501,Engineering,B,Delhi NCR,6.2,4,Startup,0.217,33,52,0.88,16000,0,1,1,110000
AMCAT-1096106,Engineering,B,Chennai,7.6,4,Startup,0.266,90,48,0.88,13500,1,1,1,115000
AMCAT-275906,Engineering,B,Delhi NCR,7.0,5,MNC,0.303,29,48,0.84,13000,0,0,0,620000
AMCAT-666151,Engineering,A,Delhi NCR,7.1,3,SME,0.26,56,50,0.88,18500,1,1,1,325000
AMCAT-811167,Engineering,B,Delhi NCR,7.35,4,Startup,0.308,38,57,0.88,18000,1,1,1,270000
AMCAT-602344,Engineering,A,Hyderabad,8.21,6,SME,0.369,52,57,0.76,14500,1,1,1,450000
AMCAT-358268,Engineering,B,Delhi NCR,6.7,3,SME,0.248,0,53,0.78,16000,0,0,1,450000
AMCAT-1063512,Engineering,B,Mumbai,5.62,5,SME,0.342,31,44,0.76,9500,0,1,1,300000
AMCAT-1062655,Engineering,B,Hyderabad,7.31,4,SME,0.311,49,32,0.88,14500,0,1,1,300000
AMCAT-1272126,Engineering,B,Hyderabad,7.26,4,Startup,0.21,78,52,0.88,18000,1,1,1,230000
AMCAT-1233060,Engineering,B,Mumbai,5.48,5,Startup,0.367,60,46,0.76,15000,1,1,1,145000
AMCAT-1037131,Engineering,B,Hyderabad,6.52,4,Startup,0.279,90,50,0.76,14500,0,1,1,180000
AMCAT-1230413,Engineering,B,Delhi NCR,7.6,4,Startup,0.228,94,52,0.88,12500,1,1,1,220000
AMCAT-182696,Engineering,B,Delhi NCR,7.0,3,SME,0.263,68,50,0.84,14000,0,1,1,320000
AMCAT-040838,Engineering,A,Mumbai,7.2,4,MNC,0.295,72,57,0.87,17500,1,1,1,1300000
AMCAT-1067138,Engineering,B,Bengaluru,7.3,5,SME,0.297,77,52,0.88,12000,1,1,1,350000
AMCAT-1289964,Engineering,B,Hyderabad,7.8,5,Startup,0.289,90,57,0.88,13500,1,1,1,240000
AMCAT-065548,Engineering,B,Bengaluru,7.09,3,Startup,0.241,14,48,0.87,14500,0,1,1,120000
AMCAT-552673,Engineering,A,Delhi NCR,7.6,6,SME,0.371,52,50,0.76,16000,1,1,1,380000
AMCAT-509555,Engineering,B,Delhi NCR,6.5,4,Startup,0.27,29,50,0.76,12000,1,1,1,145000
AMCAT-869283,Engineering,B,Chennai,7.2,4,Startup,0.228,51,50,0.88,10500,1,1,1,100000
AMCAT-634352,Engineering,B,Delhi NCR,7.1,5,SME,0.362,54,50,0.76,15000,1,1,1,450000
AMCAT-833462,Engineering,B,Chennai,7.3,5,Startup,0.276,12,53,0.87,15500,0,0,0,240000
AMCAT-640930,Engineering,B,Mumbai,6.49,5,SME,0.298,61,52,0.76,14500,0,1,1,310000
AMCAT-216686,Engineering,B,Delhi NCR,7.12,5,SME,0.301,88,49,0.84,16500,0,0,0,410000
AMCAT-1036719,Engineering,B,Bengaluru,6.4,4,Startup,0.257,66,52,0.76,14000,0,0,1,170000
AMCAT-605290,Engineering,B,Delhi NCR,7.55,5,Startup,0.394,72,57,0.76,15000,1,1,1,180000
AMCAT-1087681,Engineering,B,Delhi NCR,6.29,3,Startup,0.251,13,50,0.88,15000,0,1,1,100000
AMCAT-407740,Engineering,B,Bengaluru,8.83,5,SME,0.331,0,53,0.78,14000,1,1,1,395000
AMCAT-818783,Engineering,B,Hyderabad,7.04,3,Startup,0.261,40,48,0.76,12500,1,1,1,195000
AMCAT-643081,Engineering,B,Delhi NCR,6.95,4,SME,0.286,74,48,0.88,19500,0,1,1,300000
AMCAT-334001,Engineering,B,Mumbai,7.57,4,SME,0.263,75,57,0.78,13000,1,1,1,415000
AMCAT-343644,Engineering,B,Delhi NCR,6.8,5,Startup,0.295,47,53,0.78,12500,0,1,1,105000
AMCAT-614028,Engineering,B,Delhi NCR,7.77,4,SME,0.32,55,52,0.88,15000,1,1,1,300000
AMCAT-313268,Engineering,B,Chennai,6.6,5,SME,0.286,67,49,0.87,14500,0,0,0,330000
AMCAT-602029,Engineering,B,Hyderabad,6.77,2,Startup,0.156,55,50,0.76,10500,0,0,0,150000
AMCAT-103028,Engineering,B,Chennai,8.04,4,SME,0.215,89,45,0.87,17000,0,0,1,300000
AMCAT-284125,Engineering,A,Delhi NCR,6.2,4,MNC,0.308,47,53,0.87,18000,0,0,1,560000
AMCAT-542590,Engineering,B,Delhi NCR,7.5,4,Startup,0.239,57,48,0.76,11000,0,0,1,260000
AMCAT-1259889,Engineering,B,Mumbai,7.21,5,SME,0.31,44,57,0.88,17000,0,1,1,325000
AMCAT-796296,Engineering,B,Chennai,7.8,5,MNC,0.385,8,57,0.88,15500,1,1,1,600000
AMCAT-340045,Engineering,B,Delhi NCR,6.55,2,Startup,0.179,31,52,0.76,11000,1,1,1,100000
AMCAT-1266407,Engineering,B,Hyderabad,6.7,4,Startup,0.221,96,50,0.88,18500,1,1,1,205000
AMCAT-785399,Engineering,B,Delhi NCR,6.37,5,Startup,0.278,47,52,0.88,15500,0,1,1,120000
AMCAT-1081456,Engineering,B,Chennai,8.52,3,Startup,0.247,57,46,0.88,14000,1,1,1,220000
AMCAT-250796,Engineering,B,Hyderabad,7.48,5,MNC,0.286,24,53,0.84,18000,0,1,1,575000
AMCAT-1085605,Engineering,B,Hyderabad,6.8,3,Startup,0.202,81,48,0.76,14500,0,0,1,200000
AMCAT-795771,Engineering,B,Chennai,8.4,5,SME,0.355,78,69,0.91,14000,1,1,1,310000
AMCAT-343058,Engineering,B,Delhi NCR,6.51,4,Startup,0.28,19,57,0.88,12500,1,1,1,220000
AMCAT-600302,Engineering,B,Hyderabad,7.18,4,Startup,0.305,33,48,0.84,15500,0,0,0,200000
AMCAT-961003,Engineering,B,Delhi NCR,6.8,5,Startup,0.287,56,52,0.88,15000,1,1,1,150000
AMCAT-262814,Engineering,B,Delhi NCR,6.95,5,Startup,0.284,39,50,0.84,14000,0,0,1,145000
AMCAT-323688,Engineering,A,Delhi NCR,9.53,6,MNC,0.393,100,49,0.78,16000,1,1,1,1200000
AMCAT-344950,Engineering,B,Delhi NCR,7.7,4,MNC,0.248,12,53,0.78,14500,1,1,1,600000
AMCAT-770194,Engineering,B,Delhi NCR,7.4,4,MNC,0.327,38,53,0.84,14000,0,1,1,545000
AMCAT-900799,Engineering,A,Mumbai,8.0,6,SME,0.347,100,46,0.88,14500,1,1,1,320000
AMCAT-301647,Engineering,B,Mumbai,6.19,4,Startup,0.275,72,46,0.84,10500,0,0,0,255000
AMCAT-203334,Engineering,B,Bengaluru,7.4,4,Startup,0.288,55,53,0.84,15500,1,1,1,240000
AMCAT-480210,Engineering,B,Chennai,7.2,4,SME,0.308,60,50,0.78,7500,0,0,1,425000
AMCAT-416501,Engineering,B,Delhi NCR,6.95,6,SME,0.361,16,48,0.78,14500,0,0,1,360000
AMCAT-298284,Engineering,B,Chennai,7.9,3,MNC,0.222,36,50,0.78,13000,1,1,1,540000
AMCAT-332142,Engineering,B,Delhi NCR,6.26,4,Startup,0.265,42,53,0.78,17500,0,1,1,230000
AMCAT-735357,Engineering,B,Hyderabad,7.7,4,Startup,0.291,89,48,0.76,13000,0,0,1,100000
AMCAT-765483,Engineering,B,Hyderabad,6.6,4,Startup,0.193,81,49,0.76,15500,1,1,1,220000
AMCAT-592393,Engineering,B,Mumbai,6.0,4,Startup,0.262,49,49,0.76,13000,0,0,0,200000
AMCAT-416769,Engineering,B,Delhi NCR,7.52,4,SME,0.329,100,48,0.78,14500,0,0,0,325000
AMCAT-329118,Engineering,B,Chennai,7.5,4,SME,0.307,48,49,0.78,16000,0,1,1,420000
AMCAT-225191,Engineering,B,Delhi NCR,6.45,3,Startup,0.224,30,48,0.84,13000,0,1,1,150000
AMCAT-1242036,Engineering,B,Delhi NCR,6.7,4,SME,0.329,43,52,0.88,16500,0,0,1,320000
AMCAT-525246,Engineering,B,Chennai,8.22,4,MNC,0.268,55,50,0.78,11500,0,0,1,500000
AMCAT-729525,Engineering,B,Hyderabad,6.52,3,Startup,0.238,93,50,0.76,14500,0,1,1,190000
AMCAT-1218497,Engineering,B,Mumbai,7.57,5,Startup,0.345,59,52,0.78,16500,0,1,1,145000
AMCAT-861979,Engineering,B,Delhi NCR,6.1,5,Startup,0.28,34,57,0.76,15500,1,1,1,240000
AMCAT-182636,Engineering,B,Delhi NCR,8.35,4,Startup,0.318,43,50,0.84,19000,1,1,1,180000
AMCAT-515652,Engineering,B,Delhi NCR,5.5,3,Startup,0.196,0,57,0.78,12000,1,1,1,100000
AMCAT-1145807,Engineering,B,Hyderabad,7.65,5,SME,0.304,3,48,0.88,10500,1,1,1,325000
AMCAT-345074,Engineering,B,Delhi NCR,6.6,3,Startup,0.247,38,53,0.78,11500,1,1,1,150000
AMCAT-048029,Engineering,A,Delhi NCR,7.33,5,MNC,0.318,33,53,0.87,19500,0,1,1,500000
AMCAT-577659,Engineering,B,Hyderabad,7.8,5,SME,0.383,59,48,0.76,15000,1,1,1,300000
AMCAT-1083507,Engineering,B,Chennai,7.5,5,SME,0.301,24,48,0.88,14500,0,0,1,345000
AMCAT-116996,Engineering,B,Chennai,7.0,4,Startup,0.196,84,53,0.87,11000,0,0,0,125000
AMCAT-512833,Engineering,B,Mumbai,7.06,4,Startup,0.244,65,50,0.78,16000,0,0,0,100000
AMCAT-989173,Engineering,B,Bengaluru,6.0,3,Startup,0.249,60,48,0.88,11000,0,0,1,100000
AMCAT-404143,Engineering,B,Hyderabad,6.1,3,Startup,0.26,50,50,0.84,17000,0,0,0,205000
AMCAT-328681,Engineering,B,Bengaluru,6.43,5,SME,0.295,32,50,0.78,21000,0,0,1,440000
AMCAT-259792,Engineering,B,Chennai,7.43,2,Startup,0.175,21,53,0.87,15000,0,0,1,120000
AMCAT-896167,Engineering,B,Bengaluru,7.6,5,SME,0.357,90,48,0.88,15500,0,1,1,305000
AMCAT-456357,Engineering,B,Delhi NCR,6.2,4,Startup,0.267,0,50,0.78,13000,0,0,0,170000
AMCAT-1058583,Engineering,B,Mumbai,6.78,4,SME,0.24,45,52,0.84,9500,1,1,1,350000
AMCAT-652780,Engineering,B,Hyderabad,7.38,3,Startup,0.256,35,48,0.76,12500,0,0,1,220000
AMCAT-995603,Engineering,B,Hyderabad,7.22,3,Startup,0.253,74,48,0.76,11500,0,0,1,240000
AMCAT-1233512,Engineering,B,Delhi NCR,8.8,5,SME,0.298,68,52,0.91,10500,1,1,1,335000
AMCAT-668682,Engineering,B,Chennai,7.59,4,Startup,0.262,71,52,0.76,18500,0,1,1,155000
AMCAT-744799,Engineering,B,Hyderabad,7.32,3,SME,0.262,64,53,0.76,14500,0,1,1,300000
AMCAT-658893,Engineering,A,Chennai,8.46,6,SME,0.349,89,53,0.76,19000,0,1,1,365000
AMCAT-624771,Engineering,B,Chennai,6.48,5,Startup,0.293,34,48,0.76,13000,0,0,0,240000
AMCAT-668896,Engineering,B,Bengaluru,7.3,6,SME,0.375,78,48,0.76,13500,1,1,1,450000
AMCAT-457565,Engineering,A,Delhi NCR,7.14,6,MNC,0.353,34,53,0.78,20500,0,0,1,500000
AMCAT-536786,Engineering,B,Chennai,6.76,4,SME,0.337,8,50,0.76,14000,1,1,1,420000
AMCAT-1171245,Engineering,B,Delhi NCR,7.21,4,Startup,0.248,61,48,0.88,15500,0,1,1,200000
AMCAT-959436,Engineering,B,Delhi NCR,8.32,3,Startup,0.229,18,52,0.88,13500,1,1,1,105000
AMCAT-1294572,Engineering,B,Bengaluru,8.4,4,Startup,0.296,49,73,0.88,13000,0,1,1,200000
AMCAT-308793,Engineering,B,Delhi NCR,7.66,5,SME,0.297,57,53,0.78,10500,0,0,0,360000
AMCAT-947155,Engineering,B,Bengaluru,5.3,4,Startup,0.276,21,52,0.88,9000,1,1,1,200000
AMCAT-042849,Engineering,B,Delhi NCR,7.0,4,SME,0.288,47,53,0.87,13500,0,0,1,400000
AMCAT-284738,Engineering,B,Delhi NCR,7.3,5,SME,0.34,85,48,0.84,14000,1,1,1,470000
AMCAT-1239534,Engineering,B,Bengaluru,5.5,4,SME,0.329,77,52,0.76,11000,1,1,1,400000
AMCAT-220642,Engineering,A,Delhi NCR,8.21,4,MNC,0.321,41,48,0.84,18000,1,1,1,700000
AMCAT-609211,Engineering,A,Delhi NCR,8.55,6,MNC,0.372,75,53,0.76,18000,0,0,1,700000
AMCAT-606780,Engineering,B,Bengaluru,6.8,5,Startup,0.282,71,53,0.76,8500,0,0,0,210000
AMCAT-1266399,Engineering,B,Bengaluru,6.42,4,Startup,0.331,44,52,0.76,11500,1,1,1,240000
AMCAT-307169,Engineering,B,Delhi NCR,5.8,4,Startup,0.26,53,53,0.84,15000,1,1,1,180000
AMCAT-1095080,Engineering,B,Delhi NCR,6.45,3,Startup,0.253,60,50,0.76,15000,1,1,1,235000
AMCAT-202950,Engineering,B,Hyderabad,6.45,3,MNC,0.226,20,48,0.84,11000,0,0,0,1800000
AMCAT-047016,Engineering,B,Chennai,6.1,4,SME,0.288,37,48,0.87,14500,0,0,0,400000
AMCAT-758478,Engineering,B,Delhi NCR,6.1,4,SME,0.248,40,52,0.76,16500,0,0,0,300000
AMCAT-238556,Engineering,B,Bengaluru,7.26,3,MNC,0.209,70,53,0.84,16000,0,1,1,500000
AMCAT-126780,Engineering,B,Hyderabad,7.85,5,MNC,0.295,19,50,0.87,14000,0,0,1,620000
AMCAT-644914,Engineering,B,Delhi NCR,7.35,3,Startup,0.241,65,57,0.76,13000,1,1,1,250000
AMCAT-052923,Engineering,B,Mumbai,5.56,5,SME,0.329,39,50,0.87,12500,0,0,1,465000
AMCAT-624680,Engineering,B,Chennai,7.0,4,SME,0.247,0,41,0.76,15000,0,0,1,325000
AMCAT-998833,Engineering,B,Chennai,7.6,4,Startup,0.27,65,50,0.76,14500,0,0,0,120000
AMCAT-1123216,Engineering,B,Chennai,6.0,3,Startup,0.223,71,48,0.78,15500,1,1,1,100000
AMCAT-1119899,Engineering,B,Chennai,8.58,5,SME,0.289,78,52,0.88,14500,1,1,1,350000
AMCAT-193023,Engineering,B,Delhi NCR,7.35,4,MNC,0.305,37,50,0.84,16000,0,0,1,725000
AMCAT-868740,Engineering,B,Chennai,8.13,5,Startup,0.321,56,57,0.88,14000,0,0,1,240000
AMCAT-107796,Engineering,B,Mumbai,7.2,4,MNC,0.25,34,57,0.87,16000,0,0,1,1200000
AMCAT-1089016,Engineering,B,Chennai,6.8,5,SME,0.332,61,41,0.76,16000,0,0,0,300000
AMCAT-802861,Engineering,B,Delhi NCR,7.84,4,Startup,0.233,18,48,0.88,12000,0,0,1,180000
AMCAT-514215,Engineering,B,Mumbai,6.49,3,SME,0.252,37,46,0.76,9500,0,1,1,335000
AMCAT-530441,Engineering,B,Delhi NCR,6.2,4,SME,0.218,0,50,0.76,18000,0,0,1,360000
AMCAT-455920,Engineering,B,Delhi NCR,7.33,4,Startup,0.301,55,53,0.78,14500,1,1,1,260000
AMCAT-1008489,Engineering,B,Delhi NCR,8.07,4,Startup,0.293,20,52,0.88,9500,1,1,1,240000
AMCAT-604848,Engineering,B,Delhi NCR,7.88,4,Startup,0.337,62,49,0.76,12000,1,1,1,200000
AMCAT-116412,Engineering,B,Hyderabad,5.9,4,Startup,0.2,46,48,0.68,16000,0,0,0,250000
AMCAT-657409,Engineering,B,Chennai,8.72,3,Startup,0.226,42,57,0.76,13500,0,0,1,75000
AMCAT-1187199,Engineering,B,Mumbai,6.66,5,Startup,0.34,52,50,0.78,12500,0,0,0,180000
AMCAT-302596,Engineering,B,Delhi NCR,7.73,3,SME,0.252,34,52,0.84,17500,0,0,1,380000
AMCAT-796983,Engineering,A,Delhi NCR,7.86,4,SME,0.305,30,69,0.88,15500,1,1,1,415000
AMCAT-1119582,Engineering,B,Chennai,7.78,5,Startup,0.308,88,50,0.88,12000,1,1,1,210000
AMCAT-097267,Engineering,B,Chennai,8.63,5,Startup,0.34,91,57,0.87,14500,0,1,1,265000
AMCAT-965223,Engineering,B,Hyderabad,7.18,3,SME,0.253,69,48,0.88,15000,1,1,1,325000
AMCAT-1179971,Engineering,B,Bengaluru,6.94,4,Startup,0.325,40,48,0.88,15000,0,1,1,120000
AMCAT-317745,Engineering,B,Bengaluru,7.9,4,SME,0.258,43,29,0.78,16500,1,1,1,400000
AMCAT-1064536,Engineering,B,Hyderabad,7.56,5,SME,0.298,67,50,0.76,14500,0,0,1,330000
AMCAT-102550,Engineering,B,Chennai,6.5,4,MNC,0.267,49,48,0.87,15000,0,0,1,625000
AMCAT-407653,Engineering,B,Bengaluru,8.66,4,SME,0.292,77,50,0.78,13500,0,0,1,425000
AMCAT-852633,Engineering,B,Mumbai,7.23,5,SME,0.311,80,50,0.88,14000,1,1,1,330000
AMCAT-984823,Engineering,B,Delhi NCR,7.13,4,SME,0.257,32,52,0.88,14500,0,0,1,350000
AMCAT-1238289,Engineering,B,Mumbai,7.3,3,SME,0.247,76,50,0.88,14500,1,1,1,350000
AMCAT-1136095,Engineering,B,Delhi NCR,7.26,5,SME,0.284,29,52,0.88,16000,1,1,1,325000
AMCAT-593024,Engineering,B,Hyderabad,7.3,5,SME,0.27,59,50,0.76,15500,0,0,1,340000
AMCAT-579952,Engineering,B,Mumbai,6.0,5,SME,0.283,74,46,0.78,14000,0,0,1,410000
AMCAT-330100,Engineering,B,Hyderabad,6.59,5,MNC,0.299,51,50,0.78,12000,0,1,1,600000
AMCAT-306404,Engineering,B,Mumbai,5.87,3,Startup,0.25,23,46,0.84,14000,0,0,0,275000
AMCAT-336591,Engineering,B,Chennai,7.8,4,SME,0.247,60,57,0.78,14000,0,0,0,330000
AMCAT-1072479,Engineering,B,Delhi NCR,7.58,4,Startup,0.233,57,52,0.76,14500,1,1,1,210000
AMCAT-619079,Engineering,B,Chennai,7.1,5,Startup,0.31,39,53,0.78,19500,0,0,1,250000
AMCAT-284439,Engineering,B,Bengaluru,6.9,5,Startup,0.322,57,53,0.84,12500,0,0,1,265000
AMCAT-017126,Engineering,B,Delhi NCR,7.0,5,SME,0.271,84,53,0.87,15000,0,0,1,370000
AMCAT-599426,Engineering,B,Chennai,6.94,3,Startup,0.248,72,53,0.76,16500,0,0,1,275000
AMCAT-126975,Engineering,B,Hyderabad,5.8,3,SME,0.179,16,49,0.87,14000,1,1,1,300000
AMCAT-693630,Engineering,B,Delhi NCR,7.52,4,Startup,0.316,62,49,0.76,20000,0,1,1,105000
AMCAT-618308,Engineering,A,Mumbai,8.19,6,MNC,0.365,8,69,0.76,17000,1,1,1,600000
AMCAT-1122420,Engineering,B,Mumbai,7.3,5,SME,0.284,100,52,0.88,15000,1,1,1,325000
AMCAT-895601,Engineering,A,Delhi NCR,8.7,5,SME,0.309,76,50,0.88,16000,1,1,1,340000
AMCAT-1011173,Engineering,B,Delhi NCR,6.91,4,SME,0.274,68,48,0.88,13000,0,1,1,300000
AMCAT-859919,Engineering,B,Bengaluru,7.46,4,Startup,0.237,100,48,0.76,14500,0,0,1,180000
AMCAT-513384,Engineering,B,Delhi NCR,7.0,5,SME,0.325,92,52,0.84,16000,0,0,0,420000
AMCAT-278898,Engineering,B,Delhi NCR,6.9,3,SME,0.188,0,52,0.84,15000,1,1,1,320000
AMCAT-655090,Engineering,B,Delhi NCR,6.43,5,Startup,0.328,67,50,0.76,17000,1,1,1,210000
AMCAT-1052796,Engineering,B,Mumbai,6.14,4,Startup,0.248,65,53,0.76,14000,0,0,1,100000
AMCAT-631506,Engineering,B,Mumbai,6.56,5,SME,0.288,66,53,0.76,13000,1,1,1,350000
AMCAT-110863,Engineering,B,Hyderabad,6.84,3,MNC,0.262,67,48,0.87,21000,0,1,1,720000
AMCAT-287134,Engineering,B,Mumbai,7.39,5,SME,0.288,40,52,0.84,15000,0,0,1,400000
AMCAT-479849,Engineering,B,Chennai,6.8,5,SME,0.28,41,50,0.78,12000,0,0,1,465000
AMCAT-820412,Engineering,A,Delhi NCR,7.51,5,SME,0.351,92,52,0.88,16500,1,1,1,325000
AMCAT-218077,Engineering,B,Delhi NCR,6.97,3,Startup,0.26,24,53,0.84,11500,1,1,1,200000
AMCAT-576388,Engineering,B,Delhi NCR,7.36,4,SME,0.286,0,52,0.76,16500,0,0,1,350000
AMCAT-926517,Engineering,B,Mumbai,6.95,4,SME,0.196,70,50,0.78,13000,0,0,0,300000
AMCAT-990146,Engineering,B,Bengaluru,7.26,4,SME,0.281,11,48,0.88,14500,0,1,1,300000
AMCAT-328807,Engineering,B,Bengaluru,8.25,6,MNC,0.35,57,48,0.78,14000,1,1,1,600000
AMCAT-895472,Engineering,A,Delhi NCR,6.7,5,SME,0.335,0,48,0.88,20000,1,1,1,325000
AMCAT-206794,Engineering,B,Delhi NCR,6.99,5,SME,0.295,77,49,0.84,12000,0,0,1,470000
AMCAT-561796,Engineering,A,Delhi NCR,6.5,4,SME,0.337,78,50,0.84,15500,0,1,1,300000
AMCAT-407672,Engineering,B,Bengaluru,7.52,4,SME,0.256,64,50,0.78,14500,1,1,1,405000
AMCAT-599282,Engineering,B,Bengaluru,7.01,6,SME,0.361,100,50,0.78,15500,1,1,1,300000
AMCAT-956689,Engineering,B,Mumbai,6.02,5,Startup,0.282,36,53,0.88,15000,1,1,1,85000
AMCAT-457936,Engineering,B,Delhi NCR,6.4,3,SME,0.23,50,48,0.78,12000,0,0,1,300000
AMCAT-407736,Engineering,B,Bengaluru,9.3,5,SME,0.316,83,53,0.78,15500,0,1,1,490000
AMCAT-295362,Engineering,B,Chennai,7.6,5,Startup,0.307,77,48,0.84,12000,0,0,0,180000
AMCAT-1154840,Engineering,B,Chennai,7.8,5,SME,0.28,46,48,0.88,12500,1,1,1,350000
AMCAT-504027,Engineering,B,Hyderabad,8.2,5,SME,0.293,83,49,0.78,11500,0,0,0,325000
AMCAT-962441,Engineering,A,Delhi NCR,7.97,5,MNC,0.361,71,60,0.88,21500,1,1,1,700000
AMCAT-425527,Engineering,B,Delhi NCR,7.7,3,Startup,0.265,92,52,0.78,15500,0,0,1,180000
AMCAT-1171210,Engineering,B,Delhi NCR,7.73,5,Startup,0.374,59,48,0.88,15500,0,1,1,260000
AMCAT-308049,Engineering,B,Delhi NCR,7.76,5,SME,0.286,70,53,0.78,17000,0,1,1,400000
AMCAT-283122,Engineering,B,Delhi NCR,5.5,4,Startup,0.288,82,48,0.84,21000,1,1,1,150000
AMCAT-811377,Engineering,A,Delhi NCR,7.42,5,SME,0.296,23,48,0.88,13500,0,0,1,320000
AMCAT-1106147,Engineering,B,Delhi NCR,7.29,4,SME,0.308,32,48,0.88,12000,0,0,1,350000
AMCAT-1058832,Engineering,B,Chennai,7.77,4,Startup,0.284,0,52,0.76,12500,0,0,1,100000
AMCAT-359851,Engineering,B,Mumbai,5.4,5,SME,0.29,46,52,0.78,12000,0,0,1,300000
AMCAT-1135605,Engineering,B,Hyderabad,7.0,4,Startup,0.291,59,52,0.76,11500,1,1,1,165000
AMCAT-1061416,Engineering,B,Hyderabad,7.0,3,Startup,0.262,80,57,0.88,13500,1,1,1,200000
AMCAT-324330,Engineering,B,Mumbai,5.87,3,Startup,0.248,57,50,0.78,11000,0,0,1,120000
AMCAT-624172,Engineering,B,Mumbai,7.43,3,Startup,0.218,71,48,0.76,15000,0,0,0,85000
AMCAT-856700,Engineering,B,Bengaluru,6.52,4,Startup,0.234,60,52,0.76,14000,1,1,1,200000
AMCAT-859453,Engineering,B,Delhi NCR,6.66,5,SME,0.346,58,41,0.76,15000,0,0,1,335000
AMCAT-1072589,Engineering,B,Delhi NCR,6.74,3,SME,0.269,86,50,0.76,15500,0,0,0,300000
AMCAT-1152098,Engineering,B,Chennai,7.61,5,Startup,0.317,22,52,0.76,15500,1,1,1,170000
AMCAT-765181,Engineering,B,Hyderabad,7.0,4,SME,0.331,40,52,0.76,13000,1,1,1,360000
AMCAT-512353,Engineering,B,Mumbai,6.6,4,SME,0.213,50,52,0.76,19500,1,1,1,400000
AMCAT-1094242,Engineering,B,Delhi NCR,7.1,4,Startup,0.309,72,49,0.88,14500,1,1,1,220000
AMCAT-784141,Engineering,B,Delhi NCR,7.22,6,Startup,0.365,30,48,0.78,9500,0,0,0,140000
AMCAT-1248085,Engineering,B,Chennai,6.9,4,Startup,0.246,25,50,0.88,11500,0,1,1,150000
AMCAT-321090,Engineering,A,Delhi NCR,7.2,4,MNC,0.333,28,53,0.78,13500,1,1,1,520000
AMCAT-260283,Engineering,B,Chennai,7.01,4,Startup,0.207,47,53,0.87,14000,0,0,0,150000
AMCAT-278656,Engineering,B,Delhi NCR,7.04,5,SME,0.322,55,53,0.84,13500,0,0,0,305000
AMCAT-257849,Engineering,B,Chennai,7.3,4,Startup,0.222,61,53,0.87,13000,0,0,1,200000
AMCAT-1233637,Engineering,B,Delhi NCR,8.0,5,Startup,0.295,23,53,0.91,19000,1,1,1,280000
AMCAT-974769,Engineering,B,Delhi NCR,7.9,4,SME,0.325,99,52,0.88,15500,0,1,1,300000
AMCAT-469011,Engineering,B,Delhi NCR,7.34,5,SME,0.276,41,50,0.78,16000,0,0,1,405000
AMCAT-814271,Engineering,B,Delhi NCR,7.14,4,Startup,0.251,23,50,0.88,11500,1,1,1,250000
AMCAT-1290085,Engineering,B,Delhi NCR,6.73,5,Startup,0.365,69,52,0.88,11500,0,1,1,275000
AMCAT-505818,Engineering,B,Delhi NCR,6.52,4,Startup,0.289,52,48,0.78,14000,1,1,1,200000
AMCAT-1272476,Engineering,B,Delhi NCR,7.4,4,Startup,0.256,100,52,0.88,14500,1,1,1,225000
AMCAT-552939,Engineering,A,Delhi NCR,7.32,3,Startup,0.262,50,49,0.78,13500,0,1,1,200000
AMCAT-1138316,Engineering,B,Delhi NCR,6.52,3,Startup,0.249,77,48,0.88,13500,0,0,1,185000
AMCAT-1240232,Engineering,B,Chennai,8.4,5,Startup,0.322,41,48,0.76,14000,1,1,1,185000
AMCAT-794358,Engineering,B,Delhi NCR,7.02,4,SME,0.321,85,50,0.88,13500,1,1,1,325000
AMCAT-896095,Engineering,B,Bengaluru,7.5,4,SME,0.29,61,48,0.88,12000,1,1,1,315000
AMCAT-942616,Engineering,B,Chennai,8.0,3,Startup,0.247,67,52,0.87,12500,1,1,1,160000
AMCAT-308810,Engineering,B,Delhi NCR,6.56,4,Startup,0.262,15,53,0.78,13500,1,1,1,280000
AMCAT-1282459,Engineering,B,Hyderabad,7.01,5,SME,0.283,46,48,0.91,14000,1,1,1,325000
AMCAT-660767,Engineering,B,Delhi NCR,6.6,5,Startup,0.314,23,52,0.76,15500,0,0,1,200000
AMCAT-518336,Engineering,B,Delhi NCR,6.17,4,SME,0.34,35,53,0.78,16500,0,0,0,400000
AMCAT-206571,Engineering,B,Delhi NCR,7.2,4,Startup,0.277,62,53,0.84,13500,1,1,1,200000
AMCAT-313081,Engineering,B,Delhi NCR,6.0,4,Startup,0.299,51,49,0.84,13000,0,1,1,100000
AMCAT-230669,Engineering,B,Delhi NCR,8.02,6,SME,0.353,66,53,0.84,15000,1,1,1,300000
AMCAT-228148,Engineering,B,Delhi NCR,6.05,4,Startup,0.23,49,48,0.84,15500,0,0,0,105000
AMCAT-654318,Engineering,B,Hyderabad,7.41,4,Startup,0.309,48,48,0.76,13000,1,1,1,275000
AMCAT-1048691,Engineering,B,Delhi NCR,7.5,4,Startup,0.278,46,52,0.88,16000,0,1,1,145000
AMCAT-1035826,Engineering,B,Delhi NCR,7.46,5,Startup,0.288,85,52,0.88,16500,0,1,1,75000
AMCAT-960922,Engineering,B,Chennai,7.5,4,Startup,0.2,15,49,0.88,17000,0,0,1,150000
AMCAT-338352,Engineering,B,Mumbai,7.35,4,SME,0.325,4,53,0.76,18500,0,0,1,345000
AMCAT-325423,Engineering,B,Mumbai,6.76,4,SME,0.286,66,53,0.78,12000,0,0,1,355000
AMCAT-796708,Engineering,A,Delhi NCR,6.2,4,SME,0.344,100,49,0.88,18000,0,1,1,325000
AMCAT-440338,Engineering,A,Delhi NCR,7.7,4,MNC,0.292,19,52,0.78,18000,1,1,1,550000
AMCAT-636907,Engineering,B,Delhi NCR,7.35,5,SME,0.323,25,53,0.76,14000,0,0,1,380000
AMCAT-874568,Engineering,B,Bengaluru,5.8,4,Startup,0.198,22,52,0.76,12500,0,0,0,150000
AMCAT-530381,Engineering,B,Delhi NCR,8.51,4,SME,0.336,30,48,0.76,10500,1,1,1,370000
AMCAT-078940,Engineering,B,Delhi NCR,6.5,4,SME,0.297,73,53,0.87,14000,0,1,1,420000
AMCAT-959435,Engineering,B,Delhi NCR,7.66,3,Startup,0.237,94,52,0.88,12000,1,1,1,180000
AMCAT-496538,Engineering,B,Delhi NCR,7.4,5,Startup,0.282,14,53,0.84,14000,1,1,1,265000
AMCAT-1271433,Engineering,B,Hyderabad,8.1,5,SME,0.29,77,48,0.88,12000,0,1,1,360000
AMCAT-345597,Engineering,B,Chennai,7.62,3,Startup,0.237,0,53,0.78,11500,0,1,1,105000
AMCAT-202935,Engineering,B,Hyderabad,7.54,3,SME,0.235,93,57,0.84,14500,1,1,1,440000
AMCAT-472861,Engineering,B,Delhi NCR,6.4,5,Startup,0.275,47,48,0.88,14500,1,1,1,265000
AMCAT-051935,Engineering,B,Mumbai,7.89,5,SME,0.303,72,48,0.87,15500,1,1,1,310000
AMCAT-1149831,Engineering,B,Chennai,7.09,5,Startup,0.322,54,50,0.88,19500,1,1,1,220000
AMCAT-614047,Engineering,B,Delhi NCR,6.86,5,Startup,0.336,30,57,0.88,14500,0,0,1,115000
AMCAT-1084888,Engineering,A,Delhi NCR,7.61,4,SME,0.296,43,50,0.88,19000,1,1,1,350000
AMCAT-057211,Engineering,B,Delhi NCR,7.4,5,SME,0.327,46,53,0.87,11500,0,0,0,480000
AMCAT-308775,Engineering,B,Delhi NCR,6.47,5,SME,0.322,31,49,0.78,11000,1,1,1,360000
AMCAT-552859,Engineering,B,Delhi NCR,7.51,3,SME,0.207,57,48,0.76,18000,0,0,1,300000
AMCAT-1198958,Engineering,B,Hyderabad,7.54,5,SME,0.292,86,52,0.88,11500,0,1,1,400000
AMCAT-640459,Engineering,B,Mumbai,7.38,6,MNC,0.357,52,57,0.76,11500,1,1,1,600000
AMCAT-662142,Engineering,B,Chennai,7.77,3,Startup,0.265,74,48,0.76,14000,0,0,1,120000
AMCAT-632746,Engineering,B,Delhi NCR,6.5,5,Startup,0.291,100,48,0.76,14000,1,1,1,180000
AMCAT-580624,Engineering,A,Delhi NCR,8.03,5,SME,0.375,81,50,0.76,15500,1,1,1,375000
AMCAT-618785,Engineering,B,Delhi NCR,7.5,5,SME,0.35,0,48,0.76,13000,0,0,1,335000
AMCAT-846398,Engineering,B,Delhi NCR,7.33,3,SME,0.252,49,46,0.88,17000,0,0,1,300000
AMCAT-1297763,Engineering,B,Delhi NCR,6.1,4,Startup,0.213,56,52,0.78,12000,0,0,0,105000
AMCAT-435229,Engineering,B,Chennai,7.1,4,SME,0.23,32,57,0.78,10500,1,1,1,320000
AMCAT-116205,Engineering,B,Hyderabad,6.85,4,MNC,0.308,37,50,0.87,16500,0,0,0,505000
AMCAT-307216,Engineering,A,Bengaluru,6.36,4,SME,0.299,40,50,0.84,19000,0,0,0,400000
AMCAT-1077044,Engineering,B,Chennai,8.0,5,MNC,0.278,85,46,0.88,12500,1,1,1,505000
AMCAT-543804,Engineering,B,Delhi NCR,7.63,5,MNC,0.384,44,53,0.76,10000,1,1,1,930000
AMCAT-683102,Engineering,B,Chennai,7.6,6,SME,0.371,83,52,0.76,12000,0,0,1,325000
AMCAT-350207,Engineering,B,Delhi NCR,6.91,5,MNC,0.327,0,53,0.78,14000,1,1,1,505000
AMCAT-553852,Engineering,A,Delhi NCR,7.0,5,SME,0.332,79,53,0.76,21000,0,1,1,330000
AMCAT-295835,Engineering,B,Mumbai,7.14,5,MNC,0.333,45,50,0.84,11500,1,1,1,505000
AMCAT-065278,Engineering,B,Bengaluru,6.5,4,Startup,0.203,0,57,0.87,14000,0,0,1,180000
AMCAT-120132,Engineering,B,Hyderabad,7.2,3,MNC,0.252,44,48,0.87,15500,0,0,1,530000
AMCAT-729448,Engineering,B,Delhi NCR,7.64,6,SME,0.365,69,52,0.76,8000,0,1,1,350000
AMCAT-730910,Engineering,B,Chennai,7.99,4,Startup,0.301,94,48,0.76,16500,1,1,1,240000
AMCAT-016400,Engineering,B,Delhi NCR,6.66,4,MNC,0.28,14,48,0.87,11000,0,1,1,650000
AMCAT-359057,Engineering,B,Delhi NCR,7.26,4,SME,0.286,43,49,0.78,15000,0,0,0,345000
AMCAT-1171209,Engineering,B,Delhi NCR,7.18,5,SME,0.335,27,52,0.88,14500,0,0,1,400000
AMCAT-995921,Engineering,B,Hyderabad,7.45,5,Startup,0.276,0,48,0.76,16500,0,0,1,240000
AMCAT-283468,Engineering,B,Delhi NCR,6.14,3,SME,0.263,60,48,0.84,15500,0,0,0,390000
AMCAT-341424,Engineering,B,Mumbai,7.27,3,SME,0.218,82,50,0.78,8000,1,1,1,400000
AMCAT-827738,Engineering,A,Delhi NCR,7.97,5,SME,0.349,90,48,0.88,16000,1,1,1,325000
AMCAT-215848,Engineering,B,Chennai,7.66,5,SME,0.303,29,48,0.84,14500,0,1,1,490000
AMCAT-1093595,Engineering,B,Mumbai,7.85,3,SME,0.266,65,46,0.88,13500,1,1,1,310000
AMCAT-050240,Engineering,B,Delhi NCR,6.8,4,MNC,0.213,21,53,0.87,15000,0,0,0,550000
AMCAT-592952,Engineering,B,Hyderabad,7.9,4,Startup,0.263,31,48,0.76,16000,0,0,1,250000
AMCAT-1279942,Engineering,B,Bengaluru,7.19,4,SME,0.274,93,52,0.88,15500,1,1,1,300000
AMCAT-611458,Engineering,B,Delhi NCR,6.8,6,SME,0.375,49,48,0.76,13500,0,1,1,350000
AMCAT-313765,Engineering,B,Hyderabad,7.41,4,SME,0.282,27,57,0.87,9500,0,1,1,300000
AMCAT-629605,Engineering,B,Chennai,7.55,5,Startup,0.339,47,49,0.76,13000,0,1,1,210000
AMCAT-940709,Engineering,B,Hyderabad,6.72,5,SME,0.28,61,48,0.88,15000,0,0,1,325000
AMCAT-123403,Engineering,B,Mumbai,5.2,4,Startup,0.273,62,53,0.78,11500,0,0,0,90000
AMCAT-655464,Engineering,B,Delhi NCR,6.52,5,SME,0.368,82,53,0.76,15500,1,1,1,390000
AMCAT-042943,Engineering,B,Mumbai,6.83,3,MNC,0.226,56,57,0.87,16500,1,1,1,1000000
AMCAT-373206,Engineering,B,Mumbai,6.9,4,Startup,0.286,89,54,0.91,14500,1,1,1,150000
AMCAT-1232472,Engineering,B,Delhi NCR,6.98,5,Startup,0.384,100,48,0.76,6500,0,1,1,220000
AMCAT-653947,Engineering,B,Bengaluru,6.5,4,Startup,0.26,78,52,0.76,11000,1,1,1,220000
AMCAT-354675,Engineering,B,Bengaluru,6.1,4,SME,0.209,55,53,0.78,18500,1,1,1,300000
AMCAT-1188011,Engineering,B,Chennai,7.03,4,SME,0.302,84,50,0.88,12500,0,0,1,305000
AMCAT-1135489,Engineering,B,Hyderabad,7.0,4,Startup,0.247,71,52,0.78,9000,0,0,0,140000
AMCAT-877241,Engineering,A,Mumbai,5.9,4,SME,0.301,27,69,0.88,21000,1,1,1,345000
AMCAT-481576,Engineering,B,Hyderabad,6.9,5,Startup,0.28,23,50,0.78,14000,0,0,1,105000
AMCAT-112780,Engineering,B,Chennai,8.07,5,Startup,0.314,67,50,0.84,17000,0,0,0,240000
AMCAT-356259,Engineering,B,Delhi NCR,6.2,4,Startup,0.248,67,50,0.78,14500,1,1,1,130000
AMCAT-1097036,Engineering,B,Chennai,7.8,3,Startup,0.217,33,41,0.88,15000,1,1,1,100000
AMCAT-274014,Engineering,B,Hyderabad,8.12,5,MNC,0.297,60,50,0.84,15000,1,1,1,620000
AMCAT-1088670,Engineering,B,Chennai,8.3,6,Startup,0.357,51,48,0.76,15500,0,0,0,265000
AMCAT-1048133,Engineering,B,Hyderabad,7.77,3,Startup,0.23,97,48,0.76,19500,0,1,1,200000
AMCAT-1006756,Engineering,B,Chennai,7.7,5,SME,0.278,67,48,0.88,16500,1,1,1,315000
AMCAT-358346,Engineering,B,Delhi NCR,7.44,5,SME,0.376,52,52,0.78,10000,0,0,1,460000
AMCAT-796597,Engineering,B,Mumbai,7.09,4,SME,0.317,46,48,0.78,15000,0,0,1,400000
AMCAT-906332,Engineering,B,Delhi NCR,7.1,4,Startup,0.332,53,52,0.88,17000,1,1,1,135000
AMCAT-878844,Engineering,B,Delhi NCR,6.51,3,Startup,0.233,46,50,0.88,17000,1,1,1,120000
AMCAT-676286,Engineering,B,Mumbai,7.88,5,SME,0.31,78,50,0.76,13000,1,1,1,400000
AMCAT-1233201,Engineering,B,Chennai,7.0,5,Startup,0.327,56,52,0.88,17000,1,1,1,85000
AMCAT-1067508,Engineering,B,Chennai,8.06,5,SME,0.339,52,19,0.88,16500,0,0,1,360000
AMCAT-1168914,Engineering,B,Delhi NCR,6.84,4,Startup,0.249,44,48,0.76,20500,1,1,1,250000
AMCAT-489860,Engineering,B,Chennai,6.92,2,Startup,0.172,38,50,0.76,12000,0,0,1,120000
AMCAT-1088206,Engineering,B,Mumbai,6.2,4,SME,0.336,91,46,0.76,12500,1,1,1,335000
AMCAT-451869,Engineering,B,Chennai,8.02,4,SME,0.286,48,49,0.78,13000,0,1,1,340000
AMCAT-206565,Engineering,B,Delhi NCR,6.73,3,SME,0.213,51,50,0.84,13000,0,0,0,300000
AMCAT-1119944,Engineering,B,Chennai,7.6,4,Startup,0.274,36,46,0.88,12000,0,1,1,225000
AMCAT-1259589,Engineering,B,Mumbai,8.06,5,Startup,0.342,34,57,0.88,7000,0,1,1,110000
AMCAT-1092991,Engineering,B,Mumbai,7.9,4,SME,0.269,100,50,0.88,13000,0,1,1,315000
AMCAT-637628,Engineering,B,Hyderabad,6.52,3,Startup,0.211,18,48,0.76,15000,0,0,1,105000
AMCAT-956695,Engineering,B,Mumbai,6.36,5,SME,0.28,83,46,0.88,13000,0,0,1,300000
AMCAT-360687,Engineering,B,Bengaluru,6.2,3,SME,0.256,17,53,0.78,19000,1,1,1,320000
AMCAT-258714,Engineering,B,Hyderabad,7.24,4,Startup,0.252,64,50,0.87,14000,0,0,0,180000
AMCAT-987044,Engineering,B,Delhi NCR,8.1,5,SME,0.338,79,52,0.88,17000,0,0,1,440000
AMCAT-1089038,Engineering,B,Hyderabad,7.24,4,SME,0.345,39,48,0.76,14500,0,0,1,345000
AMCAT-669977,Engineering,B,Delhi NCR,7.1,4,SME,0.285,82,53,0.76,16000,1,1,1,350000
AMCAT-829759,Engineering,B,Bengaluru,6.5,3,Startup,0.241,43,75,0.88,14500,1,1,1,215000
AMCAT-987378,Engineering,B,Delhi NCR,8.3,3,Startup,0.269,58,52,0.88,17500,1,1,1,250000
AMCAT-872168,Engineering,B,Delhi NCR,8.76,5,SME,0.29,84,49,0.88,14000,1,1,1,330000
AMCAT-408408,Engineering,B,Chennai,7.31,5,SME,0.28,50,50,0.88,15000,1,1,1,340000
AMCAT-811023,Engineering,B,Delhi NCR,6.1,5,Startup,0.285,36,49,0.88,15000,0,0,1,200000
AMCAT-822977,Engineering,B,Delhi NCR,7.2,4,Startup,0.293,54,57,0.88,13500,1,1,1,180000
AMCAT-334988,Engineering,B,Delhi NCR,7.55,5,SME,0.293,52,52,0.76,15000,0,0,1,325000
AMCAT-822720,Engineering,B,Delhi NCR,7.28,6,SME,0.367,92,48,0.88,19500,1,1,1,315000
AMCAT-810666,Engineering,B,Delhi NCR,7.02,5,SME,0.367,37,50,0.88,13500,1,1,1,350000
AMCAT-281155,Engineering,B,Chennai,9.2,5,SME,0.306,86,53,0.84,15000,1,1,1,455000
AMCAT-1190691,Engineering,B,Delhi NCR,6.3,4,SME,0.267,12,53,0.88,17000,0,0,1,360000
AMCAT-274016,Engineering,B,Hyderabad,7.34,3,Startup,0.267,7,50,0.84,17000,1,1,1,290000
AMCAT-337919,Engineering,B,Chennai,8.1,3,SME,0.218,39,45,0.78,14000,1,1,1,360000
AMCAT-1001424,Engineering,B,Hyderabad,7.2,3,Startup,0.229,66,52,0.88,8000,1,1,1,230000
AMCAT-389343,Engineering,B,Delhi NCR,7.55,5,SME,0.295,41,53,0.78,15500,0,0,1,430000
AMCAT-333439,Engineering,B,Delhi NCR,5.8,4,Startup,0.224,0,69,0.78,8500,1,1,1,290000
AMCAT-358151,Engineering,B,Delhi NCR,6.6,4,Startup,0.314,10,50,0.78,17500,0,1,1,180000
AMCAT-902971,Engineering,B,Mumbai,7.39,4,SME,0.278,66,48,0.76,14500,0,1,1,325000
AMCAT-1283372,Engineering,B,Chennai,7.33,5,MNC,0.383,58,52,0.91,16500,1,1,1,1000000
AMCAT-809518,Engineering,B,Bengaluru,6.2,4,Startup,0.329,46,48,0.76,11500,1,1,1,240000
AMCAT-1073144,Engineering,B,Chennai,8.21,5,SME,0.31,36,52,0.76,10000,0,0,1,335000
AMCAT-552482,Engineering,B,Delhi NCR,7.64,5,MNC,0.339,36,48,0.76,14500,0,0,1,705000
AMCAT-115378,Engineering,B,Delhi NCR,7.65,3,MNC,0.239,10,48,0.87,14000,1,1,1,500000
AMCAT-1143583,Engineering,B,Chennai,6.8,3,Startup,0.21,71,46,0.88,13000,0,0,1,100000
AMCAT-1060547,Engineering,B,Hyderabad,7.4,5,Startup,0.276,89,57,0.88,14000,0,0,1,150000
AMCAT-823293,Engineering,B,Delhi NCR,7.6,4,SME,0.32,24,52,0.88,21000,1,1,1,450000
AMCAT-670423,Engineering,B,Chennai,6.8,5,Startup,0.284,49,50,0.76,16000,0,1,1,170000
AMCAT-338130,Engineering,B,Chennai,7.78,5,SME,0.292,23,48,0.78,16500,0,0,1,325000
AMCAT-1240138,Engineering,B,Mumbai,6.58,5,SME,0.332,71,46,0.78,16000,0,0,0,300000
AMCAT-310559,Engineering,B,Hyderabad,7.54,4,MNC,0.265,75,50,0.84,17500,0,0,1,560000
AMCAT-1066037,Engineering,B,Delhi NCR,7.2,3,SME,0.26,91,48,0.88,13500,1,1,1,300000
AMCAT-801492,Engineering,B,Chennai,7.2,3,Startup,0.257,27,52,0.76,9000,0,0,0,240000
AMCAT-543844,Engineering,B,Delhi NCR,7.0,4,Startup,0.247,21,50,0.76,13500,1,1,1,120000
AMCAT-817804,Engineering,B,Bengaluru,6.65,3,Startup,0.269,56,48,0.88,16000,0,0,1,145000
AMCAT-622430,Engineering,B,Delhi NCR,6.1,4,SME,0.275,43,48,0.84,11500,0,0,0,350000
AMCAT-207052,Engineering,A,Delhi NCR,7.0,5,MNC,0.368,64,49,0.84,17500,1,1,1,510000
AMCAT-595163,Engineering,B,Delhi NCR,6.66,6,Startup,0.377,42,53,0.76,12500,1,1,1,80000
AMCAT-270814,Engineering,B,Chennai,6.31,6,Startup,0.368,60,50,0.84,18000,0,0,0,240000
AMCAT-827639,Engineering,A,Delhi NCR,7.27,5,SME,0.338,89,48,0.88,20000,1,1,1,340000
AMCAT-644790,Engineering,B,Chennai,8.34,5,MNC,0.406,31,45,0.76,15500,1,1,1,1745000
AMCAT-814093,Engineering,B,Mumbai,7.2,4,SME,0.292,55,52,0.88,15500,1,1,1,340000
AMCAT-872171,Engineering,B,Delhi NCR,8.6,4,SME,0.316,69,48,0.88,14000,1,1,1,325000
AMCAT-469205,Engineering,B,Delhi NCR,7.8,4,Startup,0.28,46,41,0.78,14500,0,0,0,180000
AMCAT-542353,Engineering,B,Delhi NCR,5.61,4,Startup,0.29,27,50,0.76,11000,1,1,1,180000
AMCAT-543906,Engineering,B,Delhi NCR,7.2,4,Startup,0.268,60,48,0.76,8500,0,0,1,240000
AMCAT-1063454,Engineering,B,Delhi NCR,6.4,5,SME,0.286,87,49,0.76,14500,0,0,1,300000
AMCAT-946199,Engineering,B,Delhi NCR,7.22,5,Startup,0.353,89,57,0.88,15000,1,1,1,145000
AMCAT-317779,Engineering,B,Bengaluru,6.8,3,SME,0.215,25,48,0.78,17000,0,0,0,355000
AMCAT-361671,Engineering,B,Bengaluru,8.65,4,MNC,0.338,42,53,0.78,18000,1,1,1,530000
AMCAT-1288243,Engineering,B,Delhi NCR,6.16,4,SME,0.32,76,50,0.88,18000,1,1,1,360000
AMCAT-493734,Engineering,B,Chennai,8.4,3,SME,0.264,2,52,0.78,11500,0,0,1,400000
AMCAT-1099457,Engineering,B,Delhi NCR,8.4,5,MNC,0.278,90,52,0.91,13000,1,1,1,570000
AMCAT-339994,Engineering,B,Mumbai,6.7,2,Startup,0.19,65,50,0.78,15000,0,0,0,200000
AMCAT-374962,Engineering,B,Hyderabad,8.05,5,SME,0.322,14,53,0.78,20500,0,0,1,430000
AMCAT-576054,Engineering,B,Delhi NCR,7.5,3,Startup,0.262,70,52,0.78,17500,1,1,1,130000
AMCAT-716400,Engineering,A,Delhi NCR,7.65,5,MNC,0.369,71,53,0.76,21000,1,1,1,625000
AMCAT-824943,Engineering,B,Delhi NCR,9.1,6,Startup,0.389,54,52,0.88,13000,1,1,1,180000
AMCAT-662921,Engineering,B,Chennai,7.8,5,SME,0.307,19,49,0.76,12000,0,0,1,325000
AMCAT-746122,Engineering,B,Delhi NCR,6.96,5,SME,0.3,68,52,0.76,16000,0,0,1,400000
AMCAT-283274,Engineering,B,Delhi NCR,7.04,5,MNC,0.275,72,50,0.84,11000,1,1,1,600000
AMCAT-1106060,Engineering,B,Delhi NCR,7.7,5,SME,0.343,69,52,0.88,13500,1,1,1,310000
AMCAT-1093551,Engineering,B,Mumbai,7.5,3,SME,0.269,17,48,0.88,13500,1,1,1,305000
AMCAT-941984,Engineering,B,Delhi NCR,7.12,4,Startup,0.313,59,57,0.88,18000,0,1,1,180000
AMCAT-745677,Engineering,B,Hyderabad,7.1,4,Startup,0.227,18,48,0.76,13000,0,0,1,205000
AMCAT-1122706,Engineering,B,Mumbai,6.91,4,Startup,0.322,49,52,0.76,8000,0,0,0,110000
AMCAT-099750,Engineering,B,Hyderabad,6.58,5,Startup,0.28,34,46,0.87,15500,0,0,0,120000
AMCAT-643019,Engineering,B,Delhi NCR,6.34,3,SME,0.26,41,69,0.76,12500,0,0,1,365000
AMCAT-326876,Engineering,B,Mumbai,7.61,4,SME,0.26,52,50,0.78,14000,1,1,1,475000
AMCAT-810396,Engineering,B,Delhi NCR,6.18,5,Startup,0.299,12,48,0.88,14000,0,1,1,195000
AMCAT-1284041,Engineering,B,Delhi NCR,6.0,4,Startup,0.261,43,52,0.88,13500,1,1,1,120000
AMCAT-1089390,Engineering,B,Delhi NCR,7.8,5,SME,0.361,48,52,0.88,16000,1,1,1,300000
AMCAT-1131595,Engineering,B,Hyderabad,6.1,5,SME,0.276,72,48,0.76,10000,0,0,0,300000
AMCAT-470741,Engineering,B,Mumbai,7.22,4,Startup,0.232,54,53,0.78,12500,0,0,1,180000
AMCAT-225140,Engineering,B,Delhi NCR,6.41,4,SME,0.327,55,53,0.84,15500,1,1,1,320000
AMCAT-604484,Engineering,A,Delhi NCR,7.23,5,Startup,0.33,68,50,0.78,16500,0,1,1,180000
AMCAT-096613,Engineering,B,Delhi NCR,7.24,4,SME,0.297,79,48,0.87,10000,1,1,1,370000
AMCAT-909998,Engineering,A,Bengaluru,9.01,5,SME,0.375,75,48,0.88,19500,1,1,1,400000
AMCAT-729532,Engineering,B,Hyderabad,8.36,4,Startup,0.268,80,48,0.76,17000,1,1,1,200000
AMCAT-358203,Engineering,B,Delhi NCR,6.4,3,Startup,0.233,32,50,0.78,14000,0,0,1,120000
AMCAT-423047,Engineering,B,Delhi NCR,7.33,4,SME,0.262,45,53,0.78,9000,0,1,1,350000
AMCAT-353801,Engineering,B,Delhi NCR,7.86,4,Startup,0.248,25,50,0.78,16000,1,1,1,180000
AMCAT-898656,Engineering,B,Delhi NCR,6.6,4,Startup,0.258,44,48,0.88,10000,1,1,1,240000
AMCAT-1120492,Engineering,B,Mumbai,7.09,4,Startup,0.281,23,46,0.76,15000,0,0,1,200000
AMCAT-266098,Engineering,B,Hyderabad,6.43,3,SME,0.209,51,53,0.84,12000,0,0,1,310000
AMCAT-1045685,Engineering,A,Delhi NCR,8.37,5,MNC,0.319,96,52,0.88,15000,0,0,1,2000000
AMCAT-626318,Engineering,B,Mumbai,7.84,4,Startup,0.319,0,48,0.76,13000,0,1,1,180000
AMCAT-045527,Engineering,B,Chennai,6.56,3,SME,0.217,68,48,0.87,13500,0,0,1,480000
AMCAT-649731,Engineering,B,Bengaluru,7.27,3,SME,0.257,32,48,0.78,12500,0,1,1,420000
AMCAT-855314,Engineering,B,Delhi NCR,6.3,4,Startup,0.302,64,57,0.76,15500,1,1,1,180000
AMCAT-1218810,Engineering,B,Delhi NCR,7.0,5,Startup,0.305,80,48,0.76,13000,0,0,1,205000
AMCAT-355922,Engineering,B,Chennai,6.83,4,SME,0.282,3,48,0.78,16500,0,0,0,315000
AMCAT-662137,Engineering,B,Chennai,8.0,3,Startup,0.205,5,53,0.76,14500,0,0,0,70000
AMCAT-123487,Engineering,B,Mumbai,6.21,6,MNC,0.383,32,50,0.87,12500,0,0,1,630000
AMCAT-203412,Engineering,B,Bengaluru,7.57,4,SME,0.273,40,48,0.84,12000,0,1,1,395000
AMCAT-294767,Engineering,B,Hyderabad,7.08,4,SME,0.327,29,53,0.84,10000,0,0,1,495000
AMCAT-1266967,Engineering,B,Bengaluru,6.08,4,Startup,0.233,81,52,0.88,14500,0,1,1,200000
AMCAT-1122979,Engineering,B,Mumbai,6.32,5,SME,0.323,22,50,0.76,13000,0,0,1,335000
AMCAT-205703,Engineering,B,Chennai,6.5,3,SME,0.258,68,52,0.84,8000,1,1,1,430000
AMCAT-583152,Engineering,A,Mumbai,7.82,6,MNC,0.363,65,53,0.76,16500,1,1,1,510000
AMCAT-304341,Engineering,B,Mumbai,5.5,5,SME,0.278,36,53,0.84,11500,0,0,1,315000
AMCAT-1219113,Engineering,B,Chennai,7.68,4,SME,0.254,73,50,0.88,18000,1,1,1,340000
AMCAT-796911,Engineering,B,Chennai,8.8,5,MNC,0.394,76,52,0.88,9500,1,1,1,600000
AMCAT-1249671,Engineering,B,Bengaluru,6.68,4,Startup,0.316,79,49,0.88,10500,1,1,1,155000
AMCAT-1058572,Engineering,B,Mumbai,7.44,5,SME,0.28,88,52,0.78,17000,0,0,0,300000
AMCAT-356274,Engineering,B,Delhi NCR,7.48,4,Startup,0.284,67,53,0.78,17500,0,0,1,140000
AMCAT-1061698,Engineering,B,Hyderabad,7.71,4,SME,0.303,65,48,0.76,12000,0,0,0,315000
AMCAT-1254777,Engineering,B,Delhi NCR,7.99,3,MNC,0.218,69,52,0.91,12500,1,1,1,1800000
AMCAT-741590,Engineering,B,Mumbai,6.35,4,SME,0.219,28,46,0.88,15500,1,1,1,335000
AMCAT-1011018,Engineering,B,Delhi NCR,7.43,4,SME,0.249,74,52,0.88,8000,1,1,1,315000
AMCAT-702599,Engineering,B,Mumbai,7.0,3,Startup,0.211,42,50,0.78,9500,0,0,1,180000
AMCAT-596088,Engineering,B,Delhi NCR,6.49,5,Startup,0.278,57,49,0.88,13500,1,1,1,145000
AMCAT-927284,Engineering,B,Hyderabad,8.6,5,SME,0.287,72,69,0.88,18000,1,1,1,330000
AMCAT-248343,Engineering,B,Hyderabad,5.8,3,Startup,0.269,32,48,0.84,13000,0,0,1,280000
AMCAT-439077,Engineering,B,Chennai,7.13,3,SME,0.258,60,46,0.78,14500,0,0,1,310000
AMCAT-479885,Engineering,B,Chennai,6.31,4,Startup,0.202,13,49,0.78,17000,0,0,1,130000
AMCAT-982384,Engineering,B,Delhi NCR,6.99,4,Startup,0.247,28,52,0.88,19500,0,1,1,115000
AMCAT-909180,Engineering,A,Pune,6.41,6,SME,0.366,63,52,0.76,16500,0,1,1,350000
AMCAT-668152,Engineering,B,Chennai,6.7,4,Startup,0.212,62,52,0.76,14000,0,0,1,120000
AMCAT-1042546,Engineering,B,Chennai,7.9,4,SME,0.267,98,51,0.76,18500,0,0,1,325000
AMCAT-864091,Engineering,B,Mumbai,7.82,3,SME,0.265,38,48,0.76,10000,0,0,1,360000
AMCAT-543179,Engineering,B,Delhi NCR,6.54,4,Startup,0.241,50,50,0.76,16500,0,0,1,85000
AMCAT-1115677,Engineering,B,Hyderabad,7.36,5,SME,0.28,74,52,0.91,11500,1,1,1,300000
AMCAT-454999,Engineering,B,Delhi NCR,7.12,4,Startup,0.215,10,48,0.78,14500,0,0,1,110000
AMCAT-922200,Engineering,B,Chennai,6.9,4,Startup,0.268,79,48,0.88,13500,0,1,1,250000
AMCAT-641106,Engineering,B,Delhi NCR,7.0,5,Startup,0.297,60,48,0.76,11500,0,0,0,200000
AMCAT-1101244,Engineering,B,Bengaluru,7.48,4,Startup,0.23,72,49,0.88,11500,0,0,1,100000
AMCAT-1094320,Engineering,B,Chennai,7.8,3,Startup,0.264,58,57,0.88,14500,1,1,1,200000
AMCAT-1230312,Engineering,B,Chennai,7.4,5,Startup,0.307,69,46,0.88,16500,0,1,1,155000
AMCAT-594659,Engineering,B,Chennai,7.82,4,Startup,0.288,41,57,0.76,13500,0,0,1,100000
AMCAT-652269,Engineering,B,Chennai,7.7,4,Startup,0.277,34,69,0.76,14000,0,1,1,180000
AMCAT-1171244,Engineering,B,Delhi NCR,6.63,5,Startup,0.293,55,50,0.76,15500,0,0,1,100000
AMCAT-520439,Engineering,B,Mumbai,5.7,4,Startup,0.204,26,46,0.76,11500,0,0,0,180000
AMCAT-038032,Engineering,A,Chennai,7.82,4,MNC,0.29,64,57,0.87,20000,1,1,1,850000
AMCAT-344572,Engineering,B,Chennai,8.0,4,SME,0.263,21,53,0.78,16000,0,1,1,470000
AMCAT-1088319,Engineering,B,Delhi NCR,6.0,5,MNC,0.375,75,52,0.88,20500,1,1,1,610000
AMCAT-1169576,Engineering,B,Hyderabad,6.1,4,Startup,0.225,2,48,0.76,13000,0,1,1,200000
AMCAT-359490,Engineering,B,Pune,6.89,4,Startup,0.2,35,53,0.78,13000,1,1,1,120000
AMCAT-633578,Engineering,B,Delhi NCR,6.94,4,Startup,0.334,70,50,0.76,16000,0,0,0,180000
AMCAT-1194943,Engineering,B,Delhi NCR,7.4,4,Startup,0.242,53,52,0.88,16000,0,1,1,200000
AMCAT-814349,Engineering,B,Delhi NCR,6.17,3,Startup,0.26,72,48,0.88,12500,0,0,1,120000
AMCAT-047667,Engineering,A,Mumbai,5.66,5,MNC,0.335,80,50,0.87,17000,1,1,1,845000
AMCAT-217144,Engineering,B,Delhi NCR,6.35,5,SME,0.284,75,53,0.84,15500,0,1,1,390000
AMCAT-345100,Engineering,B,Delhi NCR,5.99,4,Startup,0.25,52,48,0.78,12000,0,0,1,200000
AMCAT-519873,Engineering,B,Chennai,7.31,4,Startup,0.228,77,50,0.91,13000,1,1,1,150000
AMCAT-629733,Engineering,B,Chennai,8.0,4,SME,0.3,40,49,0.76,14000,0,0,1,300000
AMCAT-344277,Engineering,A,Delhi NCR,6.56,4,Startup,0.337,52,53,0.78,20500,0,0,0,240000
AMCAT-1232025,Engineering,B,Hyderabad,6.7,5,Startup,0.278,100,52,0.88,12500,1,1,1,120000
AMCAT-281946,Engineering,B,Delhi NCR,6.2,5,Startup,0.295,49,41,0.84,9500,1,1,1,150000
AMCAT-345996,Engineering,B,Chennai,8.86,5,SME,0.32,29,53,0.78,9000,0,0,1,400000
AMCAT-133428,Engineering,B,Chennai,7.45,4,SME,0.322,95,53,0.87,11000,0,1,1,360000
AMCAT-730091,Engineering,B,Chennai,7.28,2,Startup,0.185,72,48,0.76,10500,0,0,1,80000
AMCAT-298308,Engineering,B,Chennai,8.26,5,SME,0.297,3,50,0.78,13500,0,0,1,430000
AMCAT-1251123,Engineering,B,Mumbai,7.15,3,Startup,0.244,19,52,0.88,11000,0,1,1,95000
AMCAT-938300,Engineering,B,Delhi NCR,7.3,6,SME,0.37,36,52,0.88,12000,1,1,1,325000
AMCAT-1097187,Engineering,B,Hyderabad,6.78,4,SME,0.294,100,48,0.76,12000,0,0,1,300000
AMCAT-115560,Engineering,B,Hyderabad,6.2,3,MNC,0.269,47,53,0.87,13000,0,0,1,570000
AMCAT-1098849,Engineering,B,Mumbai,8.0,5,Startup,0.295,76,50,0.76,17500,1,1,1,180000
AMCAT-407711,Engineering,B,Bengaluru,8.01,4,SME,0.301,67,53,0.78,15500,1,1,1,450000
AMCAT-1011513,Engineering,B,Chennai,7.4,3,Startup,0.258,70,52,0.76,14000,1,1,1,120000
AMCAT-061461,Engineering,B,Hyderabad,6.14,3,Startup,0.222,68,49,0.87,13000,0,0,1,130000
AMCAT-359557,Engineering,B,Mumbai,5.6,5,SME,0.376,80,46,0.78,13000,1,1,1,400000
AMCAT-242100,Engineering,B,Chennai,8.76,5,Startup,0.342,41,53,0.84,15000,0,0,1,35000
AMCAT-345685,Engineering,B,Chennai,8.8,5,Startup,0.292,45,41,0.78,15500,0,0,0,200000
AMCAT-1230310,Engineering,B,Chennai,8.1,3,Startup,0.251,42,50,0.88,11500,0,1,1,240000
AMCAT-592817,Engineering,B,Delhi NCR,8.0,5,SME,0.297,70,48,0.78,14000,1,1,1,355000
AMCAT-325432,Engineering,B,Mumbai,7.52,5,SME,0.353,0,46,0.78,9000,0,0,1,320000
AMCAT-336802,Engineering,B,Chennai,8.45,5,SME,0.288,25,50,0.78,14500,1,1,1,460000
AMCAT-1139162,Engineering,B,Chennai,6.78,4,Startup,0.247,38,48,0.76,16000,1,1,1,230000
AMCAT-1044367,Engineering,B,Hyderabad,7.53,6,SME,0.362,45,49,0.88,13500,1,1,1,300000
AMCAT-270455,Engineering,B,Mumbai,6.91,4,SME,0.277,47,53,0.87,18500,0,0,1,430000
AMCAT-813205,Engineering,B,Delhi NCR,7.1,3,SME,0.267,58,52,0.76,12000,0,0,1,325000
AMCAT-445828,Engineering,B,Delhi NCR,6.5,4,Startup,0.25,36,48,0.76,14500,0,1,1,240000
AMCAT-774207,Engineering,B,Chennai,7.6,4,Startup,0.282,86,52,0.78,14000,0,0,0,115000
AMCAT-1203329,Engineering,B,Chennai,8.21,5,Startup,0.299,51,52,0.76,13500,0,0,1,125000
AMCAT-308391,Engineering,B,Chennai,7.45,4,MNC,0.278,65,53,0.87,13500,0,0,0,700000
AMCAT-325403,Engineering,B,Mumbai,6.32,3,Startup,0.26,47,53,0.78,14500,0,0,1,100000
AMCAT-908925,Engineering,B,Chennai,8.68,5,SME,0.4,46,48,0.88,16000,1,1,1,300000
AMCAT-252559,Engineering,B,Chennai,7.4,3,Startup,0.26,58,53,0.84,17500,0,0,0,225000
AMCAT-914228,Engineering,B,Delhi NCR,8.2,5,Startup,0.292,37,48,0.88,14000,1,1,1,145000
AMCAT-1081706,Engineering,B,Hyderabad,7.0,5,MNC,0.375,60,46,0.88,16000,1,1,1,570000
AMCAT-965642,Engineering,B,Chennai,8.0,4,SME,0.205,52,52,0.88,12000,1,1,1,350000
AMCAT-127290,Engineering,B,Hyderabad,7.47,5,MNC,0.28,41,48,0.87,16000,0,0,1,555000
AMCAT-1172229,Engineering,B,Chennai,8.55,4,Startup,0.2,53,52,0.78,12000,0,0,1,175000
AMCAT-654726,Engineering,B,Delhi NCR,6.2,3,Startup,0.191,47,52,0.76,16500,1,1,1,100000
AMCAT-1094191,Engineering,B,Delhi NCR,7.6,5,SME,0.312,55,52,0.88,19500,1,1,1,300000
AMCAT-415282,Engineering,B,Chennai,8.25,4,Startup,0.263,48,52,0.78,13500,0,0,1,215000
AMCAT-052581,Engineering,B,Bengaluru,5.67,3,Startup,0.198,43,50,0.68,8500,1,1,1,180000
AMCAT-707108,Engineering,B,Hyderabad,8.0,5,SME,0.322,97,48,0.76,12500,1,1,1,485000
AMCAT-322657,Engineering,B,Chennai,7.44,4,SME,0.295,44,48,0.78,17000,0,0,0,430000
AMCAT-1118955,Engineering,B,Chennai,7.44,4,SME,0.33,95,46,0.88,15500,1,1,1,325000
AMCAT-327371,Engineering,B,Mumbai,7.13,5,SME,0.282,52,48,0.78,14500,1,1,1,390000
AMCAT-587792,Engineering,A,Delhi NCR,6.41,5,SME,0.323,63,53,0.78,20500,0,1,1,310000
AMCAT-1001839,Engineering,A,Mumbai,7.43,4,SME,0.319,100,54,0.76,19000,0,0,1,360000
AMCAT-347225,Engineering,B,Delhi NCR,7.3,4,Startup,0.26,80,53,0.78,17000,0,1,1,150000
AMCAT-240465,Engineering,B,Chennai,8.88,5,SME,0.293,52,50,0.84,16500,1,1,1,470000
AMCAT-1081172,Engineering,B,Chennai,8.4,5,Startup,0.278,46,50,0.88,18000,0,1,1,145000
AMCAT-794381,Engineering,B,Delhi NCR,6.88,5,SME,0.381,63,57,0.68,15000,0,0,0,325000
AMCAT-318988,Engineering,B,Hyderabad,6.9,4,SME,0.2,20,41,0.78,16500,0,1,1,455000
AMCAT-110817,Engineering,B,Hyderabad,6.8,4,Startup,0.217,60,49,0.87,13000,1,1,1,200000
AMCAT-216031,Engineering,B,Delhi NCR,6.75,4,Startup,0.207,49,49,0.84,12500,0,1,1,130000
AMCAT-272353,Engineering,B,Delhi NCR,7.2,4,SME,0.331,44,52,0.84,18500,0,0,1,400000
AMCAT-281940,Engineering,B,Delhi NCR,6.6,5,MNC,0.314,3,69,0.84,14500,1,1,1,660000
AMCAT-283847,Engineering,B,Chennai,7.0,3,Startup,0.226,5,53,0.84,16000,1,1,1,200000
AMCAT-986293,Engineering,B,Delhi NCR,6.77,4,Startup,0.285,32,45,0.88,14500,1,1,1,200000
AMCAT-1034791,Engineering,B,Delhi NCR,7.6,5,SME,0.324,86,48,0.76,12500,0,0,1,315000
AMCAT-1065846,Engineering,B,Delhi NCR,7.17,5,SME,0.274,49,52,0.88,14000,1,1,1,400000
AMCAT-078728,Engineering,B,Delhi NCR,6.52,5,Startup,0.277,86,46,0.87,17500,1,1,1,240000
AMCAT-677265,Engineering,B,Delhi NCR,7.28,5,SME,0.354,39,48,0.76,15500,0,1,1,350000
AMCAT-1106216,Engineering,B,Delhi NCR,7.6,5,SME,0.309,3,52,0.88,9500,1,1,1,325000
AMCAT-894646,Engineering,B,Hyderabad,6.77,3,Startup,0.224,40,57,0.88,13500,1,1,1,205000
AMCAT-329688,Engineering,B,Chennai,7.64,5,SME,0.314,44,53,0.78,18500,1,1,1,480000
AMCAT-1063466,Engineering,B,Mumbai,6.05,5,SME,0.322,44,44,0.76,13500,0,0,1,335000
AMCAT-955595,Engineering,B,Delhi NCR,7.12,4,Startup,0.298,39,46,0.88,9500,1,1,1,100000
AMCAT-818107,Engineering,B,Delhi NCR,6.52,4,Startup,0.235,45,48,0.78,18500,0,0,0,105000
AMCAT-051094,Engineering,B,Chennai,7.3,3,SME,0.207,24,48,0.87,15500,0,1,1,400000
AMCAT-1143383,Engineering,B,Delhi NCR,6.05,4,Startup,0.295,93,52,0.91,14000,1,1,1,120000
AMCAT-582371,Engineering,A,Delhi NCR,7.47,6,SME,0.368,24,50,0.76,17000,0,1,1,325000
AMCAT-1156350,Engineering,B,Delhi NCR,7.01,4,Startup,0.233,37,53,0.76,16500,1,1,1,100000
AMCAT-331155,Engineering,B,Hyderabad,7.82,6,SME,0.352,86,48,0.78,12500,0,0,1,360000
AMCAT-288006,Engineering,B,Mumbai,5.75,4,Startup,0.288,20,48,0.84,17000,0,1,1,205000
AMCAT-1171988,Engineering,B,Bengaluru,7.5,4,SME,0.276,50,48,0.76,15500,0,0,1,320000
AMCAT-731214,Engineering,B,Chennai,7.06,3,Startup,0.231,18,52,0.76,14500,1,1,1,100000
AMCAT-946109,Engineering,B,Mumbai,7.83,4,Startup,0.232,3,69,0.88,14500,1,1,1,180000
AMCAT-385442,Engineering,A,Bengaluru,8.89,5,MNC,0.376,33,50,0.88,17500,1,1,1,820000
AMCAT-282000,Engineering,B,Delhi NCR,6.55,4,SME,0.278,72,50,0.84,16500,0,0,0,315000
AMCAT-1117475,Engineering,B,Mumbai,6.0,3,Startup,0.218,39,53,0.76,12000,0,0,0,200000
AMCAT-530178,Engineering,B,Delhi NCR,6.97,4,Startup,0.282,5,57,0.76,10000,1,1,1,180000
AMCAT-1289692,Engineering,B,Bengaluru,6.7,3,Startup,0.269,45,52,0.88,15500,0,0,1,250000
AMCAT-421679,Engineering,B,Delhi NCR,7.03,4,Startup,0.254,38,52,0.78,15500,1,1,1,120000
AMCAT-983233,Engineering,B,Delhi NCR,6.31,5,SME,0.277,100,48,0.76,15000,1,1,1,325000
AMCAT-626764,Engineering,B,Delhi NCR,7.25,5,SME,0.323,68,50,0.76,15000,0,1,1,350000
AMCAT-806997,Engineering,B,Delhi NCR,7.1,4,Startup,0.311,93,52,0.78,13000,0,0,0,205000
AMCAT-839626,Engineering,B,Mumbai,5.55,4,Startup,0.237,61,53,0.78,16000,0,0,0,120000
AMCAT-1059888,Engineering,B,Chennai,9.4,5,MNC,0.389,50,52,0.88,14000,1,1,1,500000
AMCAT-065300,Engineering,B,Bengaluru,6.8,3,SME,0.19,56,53,0.87,13000,0,0,1,480000
AMCAT-606741,Engineering,B,Bengaluru,7.66,4,Startup,0.244,49,48,0.76,13000,0,0,1,240000
AMCAT-607470,Engineering,A,Bengaluru,8.3,3,SME,0.232,67,52,0.76,23000,1,1,1,400000
AMCAT-906577,Engineering,B,Delhi NCR,7.34,5,SME,0.31,45,48,0.88,9500,1,1,1,300000
AMCAT-616056,Engineering,B,Delhi NCR,6.78,5,Startup,0.302,81,57,0.88,15000,0,0,1,180000
AMCAT-305068,Engineering,B,Delhi NCR,6.3,3,Startup,0.239,0,48,0.84,10000,0,0,0,120000
AMCAT-417713,Engineering,B,Hyderabad,6.6,4,Startup,0.32,47,48,0.84,13500,0,0,0,240000
AMCAT-361994,Engineering,B,Delhi NCR,7.7,4,SME,0.252,35,53,0.78,13000,0,0,0,330000
AMCAT-707121,Engineering,B,Hyderabad,6.38,3,SME,0.248,4,50,0.76,9000,0,1,1,345000
AMCAT-192591,Engineering,B,Hyderabad,7.17,5,MNC,0.336,45,49,0.84,15000,0,1,1,500000
AMCAT-1077374,Engineering,B,Bengaluru,6.0,4,Startup,0.289,100,52,0.76,13000,0,1,1,140000
AMCAT-454538,Engineering,B,Mumbai,5.87,3,Startup,0.267,74,50,0.78,9000,0,1,1,240000
AMCAT-1194293,Engineering,B,Bengaluru,6.1,3,Startup,0.229,59,48,0.88,16000,1,1,1,120000
AMCAT-536726,Engineering,B,Chennai,7.4,5,Startup,0.296,39,52,0.76,17500,0,0,0,100000
AMCAT-336992,Engineering,B,Chennai,8.1,3,MNC,0.22,52,49,0.78,17500,1,1,1,500000
AMCAT-927379,Engineering,B,Hyderabad,8.12,3,SME,0.232,73,57,0.88,15000,1,1,1,315000
AMCAT-656053,Engineering,B,Bengaluru,8.23,4,SME,0.325,43,52,0.76,14000,0,1,1,305000
AMCAT-820707,Engineering,B,Delhi NCR,8.0,6,SME,0.353,71,52,0.88,17500,1,1,1,300000
AMCAT-619660,Engineering,B,Bengaluru,7.96,4,SME,0.294,27,49,0.76,18000,0,0,1,300000
AMCAT-531661,Engineering,B,Hyderabad,8.04,4,SME,0.32,44,48,0.76,17000,0,1,1,375000
AMCAT-335166,Engineering,B,Delhi NCR,7.19,3,Startup,0.258,40,52,0.76,11500,0,1,1,195000
AMCAT-390591,Engineering,B,Mumbai,5.64,4,Startup,0.258,93,57,0.78,14500,1,1,1,180000
AMCAT-1063653,Engineering,B,Delhi NCR,7.2,3,Startup,0.261,19,52,0.76,15000,0,0,1,110000
AMCAT-356094,Engineering,B,Chennai,7.3,4,Startup,0.237,6,52,0.78,9500,1,1,1,180000
AMCAT-1248570,Engineering,B,Chennai,8.1,4,Startup,0.266,59,48,0.88,15000,0,0,1,225000
AMCAT-863448,Engineering,B,Delhi NCR,7.97,4,Startup,0.314,42,52,0.78,19500,1,1,1,120000
AMCAT-265361,Engineering,B,Chennai,7.74,4,SME,0.267,57,50,0.84,15500,0,0,1,400000
AMCAT-1202728,Engineering,B,Hyderabad,7.92,4,SME,0.34,86,49,0.76,17500,0,0,0,300000
AMCAT-837194,Engineering,B,Bengaluru,6.76,5,SME,0.35,41,48,0.76,14500,0,1,1,310000
AMCAT-790690,Engineering,B,Hyderabad,8.04,5,Startup,0.307,83,52,0.76,14000,1,1,1,275000
AMCAT-1271730,Engineering,A,Mumbai,6.7,5,Startup,0.298,40,52,0.76,19000,1,1,1,200000
AMCAT-330813,Engineering,B,Hyderabad,8.3,4,SME,0.305,75,48,0.78,12000,0,0,1,310000
AMCAT-625984,Engineering,B,Delhi NCR,7.12,5,Startup,0.311,80,53,0.76,11500,1,1,1,210000
AMCAT-1149622,Engineering,B,Hyderabad,7.05,4,Startup,0.269,95,52,0.76,17000,0,0,1,220000
AMCAT-946893,Engineering,B,Delhi NCR,7.1,4,Startup,0.292,69,52,0.68,17500,0,0,0,150000
AMCAT-253566,Engineering,B,Chennai,6.0,3,Startup,0.202,19,49,0.84,11500,1,1,1,250000
AMCAT-1251281,Engineering,B,Chennai,6.7,4,Startup,0.23,61,48,0.76,16500,0,1,1,225000
AMCAT-847661,Engineering,B,Delhi NCR,7.1,5,SME,0.338,38,53,0.76,14000,0,0,1,440000
AMCAT-823310,Engineering,B,Delhi NCR,7.52,4,SME,0.328,70,48,0.88,15000,0,1,1,305000
AMCAT-053546,Engineering,B,Mumbai,6.27,4,SME,0.265,30,50,0.87,15000,0,1,1,330000
AMCAT-078777,Engineering,B,Delhi NCR,7.48,5,MNC,0.318,64,53,0.87,16500,1,1,1,750000
AMCAT-690405,Engineering,B,Chennai,6.53,4,Startup,0.247,74,52,0.76,14000,1,1,1,185000
AMCAT-651128,Engineering,B,Hyderabad,7.63,4,SME,0.265,8,52,0.76,17500,0,0,0,300000
AMCAT-362798,Engineering,B,Delhi NCR,7.61,5,SME,0.307,53,48,0.78,15000,0,0,1,365000
AMCAT-627124,Engineering,B,Delhi NCR,7.8,4,MNC,0.345,55,48,0.76,15500,1,1,1,500000
AMCAT-295307,Engineering,B,Delhi NCR,6.7,3,Startup,0.239,19,53,0.84,12000,0,0,0,135000
AMCAT-507031,Engineering,B,Mumbai,5.83,4,Startup,0.204,28,50,0.78,19500,1,1,1,250000
AMCAT-103174,Engineering,B,Chennai,7.0,4,Startup,0.269,19,48,0.87,15000,1,1,1,120000
AMCAT-1036707,Engineering,B,Bengaluru,7.67,5,SME,0.28,28,48,0.76,16000,0,1,1,370000
AMCAT-1068813,Engineering,B,Bengaluru,6.27,4,Startup,0.272,52,48,0.76,10000,0,0,1,250000
AMCAT-1083682,Engineering,B,Delhi NCR,7.3,6,SME,0.36,50,57,0.91,12000,1,1,1,350000
AMCAT-1095056,Engineering,B,Delhi NCR,6.0,3,Startup,0.255,88,52,0.76,17000,0,0,0,140000
AMCAT-1194679,Engineering,B,Hyderabad,6.93,5,Startup,0.314,68,48,0.88,14500,0,1,1,145000
AMCAT-541286,Engineering,B,Bengaluru,7.3,5,SME,0.368,54,53,0.76,9000,1,1,1,415000
AMCAT-1148338,Engineering,B,Chennai,6.2,5,SME,0.283,62,49,0.76,16500,0,0,1,325000
AMCAT-919485,Engineering,B,Delhi NCR,7.34,5,SME,0.327,54,52,0.88,12500,1,1,1,450000
AMCAT-624732,Engineering,B,Chennai,7.2,4,Startup,0.277,53,52,0.76,17500,0,0,1,200000
AMCAT-654100,Engineering,B,Mumbai,6.49,6,Startup,0.352,3,46,0.76,14000,1,1,1,95000
AMCAT-240654,Engineering,A,Delhi NCR,6.86,5,MNC,0.329,43,50,0.84,18500,0,0,1,500000
AMCAT-602793,Engineering,B,Hyderabad,8.79,5,MNC,0.354,89,57,0.76,17000,1,1,1,570000
AMCAT-1160179,Engineering,B,Hyderabad,7.0,4,SME,0.323,86,48,0.88,12000,1,1,1,310000
AMCAT-278972,Engineering,B,Delhi NCR,6.32,4,SME,0.303,60,45,0.84,11500,0,0,0,300000
AMCAT-514279,Engineering,B,Mumbai,6.1,4,Startup,0.228,64,50,0.76,13500,0,1,1,180000
AMCAT-1208205,Engineering,B,Chennai,7.2,4,Startup,0.276,41,48,0.88,16000,0,0,1,165000
AMCAT-1149223,Engineering,B,Hyderabad,7.9,4,Startup,0.249,64,48,0.76,10500,1,1,1,200000
AMCAT-816427,Engineering,B,Delhi NCR,6.45,5,Startup,0.318,71,48,0.88,10000,0,1,1,180000
AMCAT-512588,Engineering,B,Bengaluru,6.8,4,SME,0.284,34,53,0.76,16000,0,0,1,330000
AMCAT-246558,Engineering,B,Chennai,8.1,5,SME,0.271,83,53,0.84,12500,1,1,1,480000
AMCAT-748099,Engineering,B,Chennai,7.1,4,Startup,0.322,25,49,0.76,13000,0,0,0,150000
AMCAT-1253312,Engineering,B,Hyderabad,7.22,5,Startup,0.296,86,52,0.76,9500,0,0,0,120000
AMCAT-213053,Engineering,B,Hyderabad,6.7,5,SME,0.297,66,53,0.84,12500,0,1,1,350000
AMCAT-357389,Engineering,B,Delhi NCR,7.47,4,SME,0.29,11,48,0.76,14000,0,0,1,350000
AMCAT-1029602,Engineering,B,Hyderabad,6.26,5,SME,0.298,94,49,0.76,16500,0,0,1,345000
AMCAT-660813,Engineering,B,Delhi NCR,7.9,5,SME,0.352,64,48,0.76,12000,0,0,1,330000
AMCAT-217003,Engineering,B,Delhi NCR,7.2,5,SME,0.288,34,53,0.84,18000,0,0,1,435000
AMCAT-1258784,Engineering,B,Chennai,8.9,3,Startup,0.259,78,48,0.88,12500,0,1,1,200000
AMCAT-1154140,Engineering,B,Hyderabad,6.8,3,Startup,0.203,30,48,0.76,12500,0,0,1,100000
AMCAT-313413,Engineering,B,Hyderabad,8.56,5,SME,0.368,56,48,0.78,18000,0,0,1,420000
AMCAT-663786,Engineering,B,Delhi NCR,7.9,5,SME,0.27,88,50,0.76,14500,1,1,1,385000
AMCAT-1206204,Engineering,B,Delhi NCR,7.2,5,SME,0.282,19,52,0.88,12500,1,1,1,325000
AMCAT-1031152,Engineering,B,Chennai,7.4,4,SME,0.308,100,48,0.88,13500,0,1,1,330000
AMCAT-299973,Engineering,B,Mumbai,5.99,4,SME,0.305,48,50,0.84,17500,0,0,0,400000
AMCAT-331674,Engineering,B,Chennai,8.75,4,Startup,0.252,48,49,0.78,17500,0,1,1,120000
AMCAT-503183,Engineering,B,Mumbai,6.69,4,SME,0.235,50,50,0.76,12000,1,1,1,360000
AMCAT-906284,Engineering,B,Delhi NCR,6.7,5,SME,0.277,46,52,0.88,14000,1,1,1,310000
AMCAT-845819,Engineering,B,Mumbai,7.1,3,SME,0.221,20,50,0.88,14000,0,0,1,310000
AMCAT-245136,Engineering,B,Chennai,7.0,4,Startup,0.196,27,50,0.84,11500,0,0,1,250000
AMCAT-1087183,Engineering,B,Bengaluru,7.0,2,Startup,0.15,61,48,0.88,14000,0,0,1,100000
AMCAT-1207352,Engineering,B,Hyderabad,8.2,5,SME,0.363,8,49,0.76,14000,0,0,0,400000
AMCAT-119221,Engineering,B,Mumbai,6.2,4,SME,0.305,53,53,0.87,17000,0,1,1,400000
AMCAT-324440,Engineering,B,Mumbai,5.55,3,Startup,0.217,51,53,0.78,17000,0,0,1,210000
AMCAT-1123174,Engineering,B,Chennai,6.8,4,Startup,0.246,52,52,0.79,13000,1,1,1,290000
AMCAT-662343,Engineering,B,Chennai,8.11,5,SME,0.324,61,52,0.76,13500,0,0,0,300000
AMCAT-389449,Engineering,B,Delhi NCR,8.39,4,SME,0.274,59,53,0.78,15500,0,0,1,420000
AMCAT-1261826,Engineering,B,Hyderabad,6.65,4,Startup,0.31,72,52,0.76,12500,1,1,1,130000
AMCAT-1077946,Engineering,B,Mumbai,6.76,3,Startup,0.256,83,50,0.76,15500,1,1,1,140000
AMCAT-959670,Engineering,B,Delhi NCR,7.1,4,Startup,0.267,37,50,0.88,14000,0,1,1,240000
AMCAT-1279886,Engineering,B,Delhi NCR,6.5,4,Startup,0.318,93,48,0.88,11500,0,1,1,170000
AMCAT-576122,Engineering,B,Delhi NCR,7.36,3,Startup,0.231,68,53,0.76,11500,1,1,1,200000
AMCAT-1026489,Engineering,B,Hyderabad,6.27,4,Startup,0.294,73,57,0.88,17500,1,1,1,200000
AMCAT-963688,Engineering,B,Hyderabad,6.5,3,Startup,0.197,51,48,0.88,13500,1,1,1,150000
AMCAT-743559,Engineering,B,Bengaluru,7.04,4,Startup,0.299,90,48,0.76,18000,1,1,1,150000
AMCAT-639693,Engineering,B,Delhi NCR,6.6,4,SME,0.258,64,52,0.76,12500,1,1,1,360000
AMCAT-533540,Engineering,B,Delhi NCR,7.23,5,SME,0.313,100,53,0.78,14500,1,1,1,360000
AMCAT-1061157,Engineering,B,Hyderabad,7.76,5,SME,0.288,66,52,0.88,20000,1,1,1,305000
AMCAT-1063437,Engineering,B,Delhi NCR,6.8,4,Startup,0.327,21,52,0.76,11500,1,1,1,200000
AMCAT-1043020,Engineering,B,Chennai,8.1,5,SME,0.29,73,48,0.76,9500,0,0,1,335000
AMCAT-909954,Engineering,B,Bengaluru,6.45,5,Startup,0.27,27,57,0.88,17000,1,1,1,180000
AMCAT-1271694,Engineering,B,Delhi NCR,6.06,5,Startup,0.337,86,52,0.88,12000,0,0,1,120000
AMCAT-344387,Engineering,A,Delhi NCR,7.31,4,SME,0.277,82,52,0.78,18000,0,0,1,300000
AMCAT-230512,Engineering,B,Delhi NCR,6.65,4,MNC,0.338,48,50,0.84,12500,0,1,1,505000
AMCAT-964045,Engineering,B,Hyderabad,7.02,3,SME,0.262,75,50,0.88,14500,1,1,1,300000
AMCAT-332141,Engineering,B,Delhi NCR,5.9,4,Startup,0.22,50,48,0.78,11500,1,1,1,180000
AMCAT-239925,Engineering,B,Bengaluru,7.83,4,SME,0.31,69,50,0.84,13500,0,1,1,450000
AMCAT-1266586,Engineering,B,Hyderabad,7.56,3,Startup,0.24,64,49,0.76,15000,0,0,1,100000
AMCAT-723781,Engineering,B,Bengaluru,8.2,4,SME,0.244,39,48,0.76,11500,1,1,1,400000
AMCAT-944290,Engineering,B,Chennai,7.5,4,Startup,0.228,65,49,0.76,12000,0,0,1,200000
AMCAT-264004,Engineering,B,Delhi NCR,6.42,3,Startup,0.256,42,53,0.84,13000,1,1,1,220000
AMCAT-391977,Engineering,B,Chennai,7.3,4,Startup,0.316,53,49,0.78,10500,0,0,1,225000
AMCAT-328621,Engineering,B,Bengaluru,7.79,4,SME,0.325,76,53,0.78,13000,0,1,1,430000
AMCAT-133458,Engineering,B,Chennai,6.67,3,Startup,0.228,0,52,0.87,14500,0,1,1,150000
AMCAT-320764,Engineering,B,Hyderabad,8.0,4,SME,0.286,58,53,0.78,13000,0,0,1,375000
AMCAT-810018,Engineering,B,Delhi NCR,6.24,3,Startup,0.263,7,50,0.88,13500,1,1,1,180000
AMCAT-353442,Engineering,B,Bengaluru,7.01,4,MNC,0.31,43,92,0.91,14000,1,1,1,565000
AMCAT-036232,Engineering,B,Delhi NCR,7.25,5,MNC,0.31,63,53,0.87,12500,1,1,1,670000
AMCAT-543099,Engineering,B,Delhi NCR,7.0,4,SME,0.224,63,48,0.76,15500,0,1,1,325000
AMCAT-327206,Engineering,B,Mumbai,4.91,5,SME,0.307,29,53,0.76,17500,1,1,1,350000
AMCAT-1161589,Engineering,B,Delhi NCR,6.14,4,SME,0.315,23,57,0.88,13000,1,1,1,420000
AMCAT-336785,Engineering,B,Chennai,8.0,5,SME,0.307,61,48,0.78,15000,0,0,1,365000
AMCAT-543255,Engineering,B,Delhi NCR,7.04,3,Startup,0.218,32,48,0.76,13500,0,0,1,115000
AMCAT-389140,Engineering,B,Mumbai,6.82,4,SME,0.269,37,50,0.78,15000,0,0,1,325000
AMCAT-863845,Engineering,B,Delhi NCR,7.82,5,Startup,0.308,52,50,0.76,18000,0,0,1,220000
AMCAT-580061,Engineering,B,Delhi NCR,7.4,4,Startup,0.285,84,50,0.78,15500,1,1,1,250000
AMCAT-642309,Engineering,A,Delhi NCR,9.03,5,MNC,0.374,37,54,0.76,13500,1,1,1,600000
AMCAT-1007923,Engineering,B,Mumbai,8.07,5,Startup,0.323,100,53,0.88,15000,1,1,1,205000
AMCAT-374989,Engineering,B,Hyderabad,7.47,4,Startup,0.305,83,48,0.78,17000,0,0,0,170000
AMCAT-1271625,Engineering,B,Delhi NCR,6.87,5,MNC,0.352,74,53,0.78,13500,0,0,1,575000
AMCAT-1023416,Engineering,B,Hyderabad,7.1,4,Startup,0.226,84,50,0.88,16500,1,1,1,120000
AMCAT-624540,Engineering,B,Chennai,6.7,4,Startup,0.245,100,52,0.76,12500,1,1,1,130000
AMCAT-681125,Engineering,B,Delhi NCR,7.15,5,SME,0.397,100,53,0.76,10500,0,1,1,325000
AMCAT-975265,Engineering,B,Mumbai,5.83,4,Startup,0.343,80,54,0.76,14500,0,1,1,240000
AMCAT-332049,Engineering,B,Delhi NCR,6.84,3,Startup,0.267,57,48,0.78,9500,0,0,0,150000
AMCAT-611964,Engineering,B,Delhi NCR,6.97,5,MNC,0.334,0,53,0.76,13500,1,1,1,615000
AMCAT-334430,Engineering,B,Mumbai,7.6,5,SME,0.293,76,48,0.78,17000,1,1,1,420000
AMCAT-1068237,Engineering,B,Hyderabad,6.54,3,Startup,0.267,86,49,0.88,9000,0,1,1,110000
AMCAT-597889,Engineering,A,Delhi NCR,7.34,4,SME,0.336,0,53,0.76,15000,0,1,1,350000
AMCAT-336342,Engineering,B,Hyderabad,7.9,4,SME,0.323,61,48,0.78,11500,0,0,1,380000
AMCAT-245986,Engineering,B,Chennai,6.6,4,Startup,0.207,31,45,0.84,14000,0,0,1,150000
AMCAT-1152368,Engineering,B,Mumbai,6.78,3,Startup,0.218,49,48,0.78,13000,0,0,0,180000
AMCAT-514471,Engineering,B,Delhi NCR,6.5,4,Startup,0.289,3,48,0.78,17500,0,0,1,200000
AMCAT-961359,Engineering,B,Chennai,7.2,3,Startup,0.234,13,46,0.88,16500,1,1,1,170000
AMCAT-1094270,Engineering,B,Delhi NCR,7.43,4,Startup,0.286,43,48,0.88,15000,0,0,1,210000
AMCAT-837643,Engineering,B,Delhi NCR,6.62,4,SME,0.309,52,52,0.88,14500,1,1,1,360000
AMCAT-390616,Engineering,B,Mumbai,6.33,4,Startup,0.232,52,53,0.78,15000,0,0,1,190000
AMCAT-988904,Engineering,B,Delhi NCR,6.36,5,Startup,0.285,52,52,0.88,12000,1,1,1,235000
AMCAT-982556,Engineering,B,Delhi NCR,7.47,5,SME,0.312,67,50,0.88,16000,1,1,1,350000
AMCAT-391149,Engineering,B,Bengaluru,7.7,5,SME,0.271,47,48,0.78,11000,1,1,1,335000
AMCAT-331251,Engineering,B,Hyderabad,7.6,5,SME,0.329,41,53,0.78,16000,0,0,1,355000
AMCAT-332961,Engineering,B,Hyderabad,7.15,5,SME,0.361,3,48,0.78,17000,0,0,1,430000
AMCAT-514541,Engineering,B,Delhi NCR,7.35,3,Startup,0.25,52,48,0.78,14500,1,1,1,200000
AMCAT-900218,Engineering,A,Delhi NCR,8.25,5,SME,0.347,18,54,0.88,17500,1,1,1,420000
AMCAT-993561,Engineering,B,Mumbai,7.02,4,Startup,0.285,50,50,0.76,15000,1,1,1,220000
AMCAT-614115,Engineering,B,Delhi NCR,7.2,5,SME,0.311,47,48,0.76,7000,0,0,1,350000
AMCAT-1088451,Engineering,B,Chennai,8.09,5,Startup,0.336,61,48,0.76,15000,0,0,1,250000
AMCAT-955684,Engineering,B,Delhi NCR,6.48,2,Startup,0.147,30,48,0.88,13500,0,1,1,200000
AMCAT-827501,Engineering,A,Delhi NCR,7.89,4,SME,0.322,0,49,0.88,18000,1,1,1,300000
AMCAT-670628,Engineering,B,Delhi NCR,7.2,5,SME,0.344,20,52,0.76,16000,0,1,1,340000
AMCAT-358114,Engineering,B,Delhi NCR,7.3,4,SME,0.288,10,50,0.78,14000,0,0,1,450000
AMCAT-608841,Engineering,A,Delhi NCR,9.2,5,MNC,0.368,67,53,0.76,15000,1,1,1,1030000
AMCAT-1049856,Engineering,B,Hyderabad,9.01,4,SME,0.283,68,50,0.88,13500,1,1,1,355000
AMCAT-284534,Engineering,B,Bengaluru,7.15,3,Startup,0.205,79,53,0.84,14000,0,0,0,210000
AMCAT-1091127,Engineering,B,Chennai,7.4,3,Startup,0.269,100,46,0.76,14500,0,0,0,150000
AMCAT-505714,Engineering,B,Delhi NCR,5.97,4,Startup,0.296,10,53,0.78,14500,0,0,0,240000
AMCAT-563037,Engineering,B,Delhi NCR,6.97,4,Startup,0.311,39,52,0.84,16500,0,0,0,110000
AMCAT-1089696,Engineering,B,Chennai,7.66,4,SME,0.278,17,48,0.76,11500,0,0,0,300000
AMCAT-1077640,Engineering,B,Hyderabad,8.01,4,SME,0.309,54,48,0.76,14500,0,0,1,300000
AMCAT-1036442,Engineering,B,Delhi NCR,6.8,4,Startup,0.287,59,48,0.76,17000,0,0,0,240000
AMCAT-765578,Engineering,B,Hyderabad,6.85,4,Startup,0.235,43,49,0.76,9500,1,1,1,145000
AMCAT-205633,Engineering,B,Chennai,7.87,3,MNC,0.226,22,53,0.84,14500,1,1,1,500000
AMCAT-619139,Engineering,B,Delhi NCR,6.47,3,Startup,0.257,41,48,0.76,12500,1,1,1,180000
AMCAT-1193792,Engineering,B,Hyderabad,6.57,5,Startup,0.324,65,52,0.78,13000,0,0,0,200000
AMCAT-606364,Engineering,B,Delhi NCR,6.92,4,Startup,0.299,68,53,0.78,11500,0,0,1,180000
AMCAT-103172,Engineering,B,Chennai,7.44,4,SME,0.256,78,50,0.87,13500,0,1,1,300000
AMCAT-339216,Engineering,B,Delhi NCR,6.5,4,SME,0.295,11,50,0.84,18500,0,0,0,360000
AMCAT-206976,Engineering,A,Delhi NCR,6.04,4,MNC,0.274,53,49,0.84,15000,0,0,0,510000
AMCAT-325868,Engineering,B,Hyderabad,6.92,4,Startup,0.267,38,52,0.78,11000,0,0,1,210000
AMCAT-1034780,Engineering,B,Chennai,7.9,5,Startup,0.27,69,52,0.76,10500,0,0,1,95000
AMCAT-639274,Engineering,B,Hyderabad,8.0,5,Startup,0.289,56,57,0.76,18500,1,1,1,210000
AMCAT-263859,Engineering,B,Delhi NCR,6.57,3,SME,0.23,76,57,0.84,13000,1,1,1,450000
AMCAT-1122714,Engineering,B,Mumbai,8.3,4,Startup,0.332,70,52,0.88,14000,0,1,1,240000
AMCAT-1114172,Engineering,B,Mumbai,6.96,5,Startup,0.278,37,49,0.76,13000,0,0,1,140000
AMCAT-089357,Engineering,B,Bengaluru,6.0,3,Startup,0.22,51,50,0.87,11500,0,0,1,225000
AMCAT-285832,Engineering,B,Mumbai,6.95,4,SME,0.273,52,53,0.84,13500,0,0,1,420000
AMCAT-639884,Engineering,B,Delhi NCR,7.11,3,Startup,0.199,72,48,0.76,20000,0,0,0,180000
AMCAT-331557,Engineering,B,Chennai,7.3,3,SME,0.267,58,50,0.78,17500,1,1,1,455000
AMCAT-078936,Engineering,B,Delhi NCR,6.5,3,SME,0.245,0,48,0.87,12000,0,0,0,375000
AMCAT-350462,Engineering,B,Bengaluru,7.05,5,Startup,0.273,19,48,0.78,15500,1,1,1,100000
AMCAT-045579,Engineering,B,Chennai,7.7,4,MNC,0.331,42,53,0.87,12000,1,1,1,550000
AMCAT-1204221,Engineering,B,Chennai,7.23,5,SME,0.304,15,52,0.91,9500,1,1,1,350000
AMCAT-599948,Engineering,B,Hyderabad,7.0,5,SME,0.338,68,53,0.76,16500,0,0,1,300000
AMCAT-1034824,Engineering,B,Delhi NCR,7.0,5,Startup,0.36,76,50,0.76,17000,0,0,0,120000
AMCAT-866912,Engineering,B,Delhi NCR,7.79,6,SME,0.366,46,48,0.76,16500,0,1,1,325000
AMCAT-597697,Engineering,A,Delhi NCR,7.33,5,SME,0.366,77,53,0.76,17000,1,1,1,325000
AMCAT-308164,Engineering,B,Delhi NCR,7.11,4,SME,0.308,97,50,0.78,13500,0,0,1,370000
AMCAT-048647,Engineering,B,Bengaluru,6.28,5,MNC,0.271,88,50,0.68,16000,0,0,1,600000
AMCAT-138359,Engineering,B,Mumbai,7.59,3,SME,0.211,48,52,0.87,15000,0,0,1,335000
AMCAT-354749,Engineering,B,Chennai,6.54,4,Startup,0.25,61,49,0.78,13000,0,0,0,140000
AMCAT-1098819,Engineering,B,Chennai,8.1,4,Startup,0.3,39,50,0.78,10000,1,1,1,90000
AMCAT-322718,Engineering,B,Chennai,7.8,4,Startup,0.26,0,53,0.78,14500,0,0,1,110000
AMCAT-999665,Engineering,B,Hyderabad,8.22,4,SME,0.312,84,48,0.88,16500,1,1,1,420000
AMCAT-308247,Engineering,B,Delhi NCR,6.47,5,SME,0.305,48,50,0.78,11000,1,1,1,300000
AMCAT-909904,Engineering,B,Bengaluru,6.7,5,SME,0.287,40,48,0.88,15500,0,1,1,345000
AMCAT-582313,Engineering,A,Delhi NCR,8.04,6,SME,0.362,48,52,0.76,19000,0,1,1,420000
AMCAT-359595,Engineering,B,Chennai,7.93,4,Startup,0.218,39,48,0.78,16000,0,0,0,120000
AMCAT-355786,Engineering,B,Hyderabad,6.32,4,Startup,0.241,2,50,0.78,16000,0,1,1,120000
AMCAT-829991,Engineering,B,Bengaluru,6.8,5,SME,0.297,80,52,0.88,12500,1,1,1,325000
AMCAT-333394,Engineering,B,Delhi NCR,7.38,5,SME,0.284,12,53,0.78,10000,1,1,1,415000
AMCAT-054023,Engineering,B,Delhi NCR,7.33,4,SME,0.308,62,48,0.87,12500,1,1,1,420000
AMCAT-624843,Engineering,B,Chennai,7.6,3,Startup,0.204,38,52,0.76,16000,0,0,1,110000
AMCAT-921313,Engineering,B,Chennai,7.12,5,SME,0.312,76,50,0.88,12500,1,1,1,330000
AMCAT-065707,Engineering,B,Bengaluru,6.36,3,MNC,0.267,6,46,0.87,12500,0,1,1,630000
AMCAT-641222,Engineering,B,Hyderabad,7.69,5,SME,0.302,95,50,0.76,9500,1,1,1,300000
AMCAT-1086345,Engineering,B,Delhi NCR,8.26,4,SME,0.226,25,48,0.91,18500,1,1,1,300000
AMCAT-640251,Engineering,B,Chennai,7.46,4,SME,0.322,47,52,0.76,16000,0,0,1,300000
AMCAT-811394,Engineering,A,Delhi NCR,7.25,5,SME,0.321,100,48,0.88,20000,1,1,1,325000
AMCAT-954255,Engineering,B,Hyderabad,6.33,5,SME,0.301,80,48,0.88,16500,1,1,1,330000
AMCAT-999631,Engineering,B,Hyderabad,9.0,4,SME,0.292,63,48,0.88,15500,0,0,1,300000
AMCAT-336560,Engineering,B,Chennai,7.8,4,SME,0.286,46,53,0.78,13500,0,0,1,450000
AMCAT-120544,Engineering,B,Hyderabad,5.44,3,Startup,0.196,0,53,0.87,13500,0,0,1,250000
AMCAT-1152034,Engineering,B,Delhi NCR,8.1,4,Startup,0.254,93,41,0.76,13000,0,0,1,180000
AMCAT-781935,Engineering,B,Chennai,6.7,4,Startup,0.324,53,52,0.76,20500,1,1,1,70000
AMCAT-937953,Engineering,B,Delhi NCR,7.53,4,SME,0.28,69,52,0.88,15500,0,0,1,350000
AMCAT-1066913,Engineering,B,Chennai,7.2,4,Startup,0.245,27,52,0.88,13000,0,1,1,120000
AMCAT-1149020,Engineering,B,Chennai,6.64,3,SME,0.26,39,48,0.76,15000,0,0,0,300000
AMCAT-639536,Engineering,B,Delhi NCR,7.44,3,Startup,0.255,85,57,0.76,11500,0,0,0,210000
AMCAT-1097251,Engineering,B,Delhi NCR,6.24,4,SME,0.242,82,52,0.76,18000,0,1,1,325000
AMCAT-1166852,Engineering,B,Hyderabad,7.23,5,SME,0.298,100,52,0.88,12500,0,1,1,325000
AMCAT-217052,Engineering,B,Delhi NCR,7.0,4,SME,0.299,14,50,0.84,15500,1,1,1,470000
AMCAT-297454,Engineering,B,Bengaluru,5.33,4,Startup,0.292,49,50,0.84,16500,0,0,0,150000
AMCAT-1183033,Engineering,B,Hyderabad,7.04,4,SME,0.276,91,52,0.88,15000,1,1,1,305000
AMCAT-732786,Engineering,B,Chennai,8.57,5,SME,0.324,84,48,0.76,14000,0,0,1,365000
AMCAT-827497,Engineering,A,Delhi NCR,7.85,4,SME,0.333,36,49,0.88,18000,1,1,1,325000
AMCAT-510199,Engineering,B,Delhi NCR,7.97,6,MNC,0.384,29,53,0.78,14000,1,1,1,770000
AMCAT-297128,Engineering,B,Delhi NCR,6.22,3,Startup,0.269,65,50,0.78,12500,0,0,1,200000
AMCAT-1202631,Engineering,B,Hyderabad,7.9,4,SME,0.286,79,52,0.88,13000,1,1,1,300000
AMCAT-1142387,Engineering,B,Mumbai,6.8,4,Startup,0.298,38,50,0.88,17500,1,1,1,180000
AMCAT-324799,Engineering,B,Chennai,6.46,4,SME,0.308,73,48,0.78,13500,0,0,1,355000
AMCAT-796601,Engineering,B,Chennai,6.9,4,Startup,0.333,65,48,0.88,12000,0,1,1,275000
AMCAT-1093269,Engineering,B,Mumbai,7.4,4,SME,0.293,78,52,0.88,12500,1,1,1,400000
AMCAT-809634,Engineering,B,Mumbai,7.5,4,Startup,0.26,78,52,0.76,17000,0,0,1,240000
AMCAT-325937,Engineering,B,Hyderabad,7.8,4,SME,0.258,90,50,0.78,15500,1,1,1,420000
AMCAT-057277,Engineering,B,Delhi NCR,7.19,5,MNC,0.28,60,57,0.87,15500,1,1,1,535000
AMCAT-937958,Engineering,B,Delhi NCR,8.1,4,SME,0.282,81,50,0.88,13500,1,1,1,325000
AMCAT-902841,Engineering,B,Hyderabad,7.1,4,SME,0.255,29,52,0.88,15500,1,1,1,430000
AMCAT-1068968,Engineering,B,Bengaluru,7.04,3,Startup,0.264,83,49,0.76,12500,0,0,1,60000
AMCAT-898295,Engineering,B,Delhi NCR,6.88,4,Startup,0.302,8,50,0.88,13500,1,1,1,180000
AMCAT-214454,Engineering,B,Delhi NCR,7.7,3,Startup,0.263,34,53,0.78,16500,0,0,0,190000
AMCAT-262077,Engineering,B,Chennai,7.1,4,Startup,0.226,55,53,0.84,16000,1,1,1,80000
AMCAT-850062,Engineering,B,Bengaluru,6.62,4,SME,0.328,69,52,0.76,11500,0,0,1,325000
AMCAT-705093,Engineering,B,Chennai,7.5,4,SME,0.329,29,48,0.76,12000,0,0,1,325000
AMCAT-1043815,Engineering,B,Chennai,7.8,5,MNC,0.329,63,52,0.76,14500,0,0,1,800000
AMCAT-1253642,Engineering,B,Mumbai,6.61,5,SME,0.297,37,50,0.88,18500,0,1,1,325000
AMCAT-335296,Engineering,B,Delhi NCR,7.2,4,Startup,0.245,68,52,0.78,9000,0,0,0,120000
AMCAT-1157712,Engineering,B,Delhi NCR,7.34,4,SME,0.315,73,48,0.88,14500,1,1,1,300000
AMCAT-572458,Engineering,B,Delhi NCR,6.6,4,SME,0.26,72,48,0.78,10500,1,1,1,370000
AMCAT-1251571,Engineering,B,Delhi NCR,6.44,4,Startup,0.251,75,52,0.76,12500,0,0,0,180000
AMCAT-1264540,Engineering,B,Delhi NCR,6.76,4,Startup,0.265,68,50,0.88,13000,1,1,1,240000
AMCAT-465556,Engineering,B,Hyderabad,6.11,3,Startup,0.235,24,49,0.78,13000,0,0,1,100000
AMCAT-830104,Engineering,B,Bengaluru,6.53,5,SME,0.305,46,49,0.88,12500,1,1,1,315000
AMCAT-358878,Engineering,B,Chennai,7.97,5,SME,0.293,32,50,0.78,14000,0,0,1,405000
AMCAT-606571,Engineering,A,Delhi NCR,9.46,5,MNC,0.388,61,52,0.76,16500,1,1,1,500000
AMCAT-1061658,Engineering,B,Hyderabad,6.94,5,Startup,0.29,53,48,0.88,10500,1,1,1,120000
AMCAT-358189,Engineering,B,Delhi NCR,6.42,5,SME,0.293,26,48,0.78,16000,0,0,0,345000
AMCAT-274453,Engineering,B,Hyderabad,7.75,5,Startup,0.305,97,49,0.84,16000,1,1,1,175000
AMCAT-1035873,Engineering,B,Mumbai,7.36,5,SME,0.332,48,48,0.76,16000,0,0,0,400000
AMCAT-439125,Engineering,B,Chennai,7.71,4,SME,0.327,12,46,0.78,10000,0,0,1,450000
AMCAT-536796,Engineering,B,Chennai,7.5,5,SME,0.279,15,50,0.76,14500,1,1,1,370000
AMCAT-326334,Engineering,B,Chennai,7.0,3,SME,0.194,44,53,0.78,15500,1,1,1,325000
AMCAT-827283,Engineering,B,Delhi NCR,7.77,5,SME,0.307,55,50,0.88,11500,1,1,1,300000
AMCAT-806389,Engineering,B,Delhi NCR,6.8,5,Startup,0.289,0,52,0.88,14000,1,1,1,280000
AMCAT-781327,Engineering,B,Chennai,6.99,3,Startup,0.189,10,52,0.76,13500,0,1,1,240000
AMCAT-274473,Engineering,B,Hyderabad,7.4,5,SME,0.334,48,48,0.84,18500,0,0,0,440000
AMCAT-1117115,Engineering,B,Mumbai,6.78,4,Startup,0.273,64,46,0.76,19000,0,0,0,150000
AMCAT-711343,Engineering,B,Delhi NCR,6.9,4,Startup,0.233,8,50,0.76,10000,1,1,1,110000
AMCAT-984667,Engineering,B,Delhi NCR,6.38,5,Startup,0.308,49,57,0.91,20000,1,1,1,60000
AMCAT-1053501,Engineering,B,Delhi NCR,7.6,4,SME,0.337,77,50,0.76,11500,0,0,1,400000
AMCAT-451922,Engineering,B,Chennai,7.7,4,Startup,0.2,37,49,0.78,16500,0,0,0,100000
AMCAT-1084099,Engineering,B,Hyderabad,6.3,3,Startup,0.192,97,52,0.76,16500,0,0,1,295000
AMCAT-1267237,Engineering,B,Chennai,7.0,3,Startup,0.262,90,49,0.76,11500,0,0,0,240000
AMCAT-416239,Engineering,B,Delhi NCR,6.59,3,Startup,0.218,25,53,0.78,15000,0,1,1,205000
AMCAT-483282,Engineering,B,Mumbai,7.59,3,Startup,0.207,48,50,0.78,13500,1,1,1,100000
AMCAT-601305,Engineering,B,Delhi NCR,7.3,4,Startup,0.257,51,57,0.76,15500,1,1,1,200000
AMCAT-103165,Engineering,B,Chennai,7.74,4,SME,0.271,73,53,0.87,14500,1,1,1,300000
AMCAT-901224,Engineering,B,Bengaluru,7.82,4,SME,0.321,3,52,0.88,17000,1,1,1,315000
AMCAT-575114,Engineering,B,Mumbai,6.93,4,SME,0.274,77,52,0.76,14000,1,1,1,380000
AMCAT-1161518,Engineering,B,Delhi NCR,6.0,6,Startup,0.36,83,52,0.88,13500,1,1,1,240000
AMCAT-038335,Engineering,A,Chennai,8.12,4,MNC,0.284,62,69,0.87,20500,1,1,1,720000
AMCAT-140121,Engineering,B,Bengaluru,8.2,4,Startup,0.252,81,48,0.78,15500,1,1,1,90000
AMCAT-1095129,Engineering,B,Mumbai,6.53,5,SME,0.392,58,45,0.88,16000,0,0,1,300000
AMCAT-1063434,Engineering,B,Mumbai,7.6,3,Startup,0.261,42,46,0.76,12500,0,0,1,175000
AMCAT-214364,Engineering,B,Delhi NCR,6.15,4,Startup,0.202,6,48,0.78,11500,0,0,0,190000
AMCAT-220779,Engineering,A,Delhi NCR,8.07,4,SME,0.301,34,45,0.84,16500,1,1,1,435000
AMCAT-109571,Engineering,B,Hyderabad,6.1,4,Startup,0.243,61,45,0.87,12500,0,0,0,50000
AMCAT-308991,Engineering,B,Delhi NCR,7.0,3,Startup,0.217,62,50,0.76,16000,1,1,1,250000
AMCAT-345243,Engineering,B,Delhi NCR,7.77,5,MNC,0.331,41,53,0.78,16500,0,0,1,500000
AMCAT-1082762,Engineering,B,Chennai,8.6,6,SME,0.35,56,52,0.88,13500,0,1,1,325000
AMCAT-1106129,Engineering,B,Delhi NCR,7.83,5,Startup,0.29,68,52,0.88,17500,1,1,1,230000
AMCAT-471396,Engineering,B,Delhi NCR,7.3,4,Startup,0.297,75,57,0.76,17500,1,1,1,245000
AMCAT-806636,Engineering,B,Delhi NCR,6.22,4,Startup,0.324,28,48,0.88,14500,1,1,1,240000
AMCAT-661327,Engineering,B,Delhi NCR,7.89,4,SME,0.305,62,48,0.76,12000,0,0,1,325000
AMCAT-582336,Engineering,A,Delhi NCR,7.98,6,SME,0.357,49,48,0.76,22000,1,1,1,335000
AMCAT-754239,Engineering,B,Hyderabad,6.82,5,Startup,0.283,62,52,0.76,14000,0,0,1,150000
AMCAT-663821,Engineering,B,Delhi NCR,6.79,2,Startup,0.192,100,49,0.79,14500,1,1,1,180000
AMCAT-352449,Engineering,B,Mumbai,7.22,4,SME,0.273,50,46,0.78,13000,0,0,0,350000
AMCAT-196682,Engineering,B,Delhi NCR,6.9,3,SME,0.25,60,45,0.84,12000,0,0,0,420000
AMCAT-047709,Engineering,A,Mumbai,5.4,4,SME,0.342,19,53,0.87,14500,1,1,1,325000
AMCAT-641272,Engineering,B,Hyderabad,7.98,6,SME,0.369,73,48,0.76,15500,0,0,1,335000
AMCAT-587580,Engineering,B,Delhi NCR,6.99,5,Startup,0.296,85,53,0.78,12000,0,0,1,240000
AMCAT-258861,Engineering,B,Delhi NCR,6.44,4,Startup,0.292,42,53,0.84,21500,0,0,1,250000
AMCAT-837923,Engineering,B,Delhi NCR,6.9,6,SME,0.415,86,52,0.76,11500,0,1,1,360000
AMCAT-035694,Engineering,B,Delhi NCR,6.7,5,Startup,0.316,29,49,0.78,11000,0,0,1,180000
AMCAT-810345,Engineering,B,Delhi NCR,6.44,5,Startup,0.288,47,48,0.88,15500,1,1,1,150000
AMCAT-1203490,Engineering,B,Delhi NCR,6.6,4,Startup,0.207,0,57,0.91,18000,1,1,1,95000
AMCAT-614210,Engineering,B,Delhi NCR,6.99,5,Startup,0.345,28,49,0.88,14000,1,1,1,225000
AMCAT-082986,Engineering,B,Delhi NCR,7.2,5,SME,0.305,60,49,0.87,15500,0,0,1,420000
AMCAT-857222,Engineering,B,Delhi NCR,6.32,6,Startup,0.348,0,52,0.78,9500,0,0,0,260000
AMCAT-525682,Engineering,B,Hyderabad,7.33,6,SME,0.349,72,52,0.78,12500,0,0,1,360000
AMCAT-1270682,Engineering,B,Chennai,7.4,4,Startup,0.251,94,52,0.88,11500,1,1,1,205000
AMCAT-606946,Engineering,B,Bengaluru,6.6,4,SME,0.329,59,50,0.76,9500,0,0,0,350000
AMCAT-676260,Engineering,B,Mumbai,7.26,5,SME,0.318,46,52,0.76,14500,0,1,1,335000
AMCAT-331083,Engineering,B,Hyderabad,7.45,4,SME,0.28,71,53,0.78,8500,0,1,1,335000
AMCAT-1113276,Engineering,B,Delhi NCR,7.5,5,Startup,0.355,52,52,0.88,10500,1,1,1,180000
AMCAT-568835,Engineering,A,Delhi NCR,7.4,4,Startup,0.256,32,52,0.78,16500,1,1,1,180000
AMCAT-620412,Engineering,B,Hyderabad,8.48,6,SME,0.348,46,48,0.76,12000,0,0,1,300000
AMCAT-306978,Engineering,B,Delhi NCR,6.1,4,SME,0.308,30,50,0.87,15000,0,0,0,330000
AMCAT-1120667,Engineering,B,Delhi NCR,7.29,3,Startup,0.23,66,50,0.76,15000,1,1,1,220000
AMCAT-230785,Engineering,B,Mumbai,6.67,3,Startup,0.26,55,53,0.84,16000,0,0,0,250000
AMCAT-308245,Engineering,B,Delhi NCR,6.99,4,SME,0.276,48,50,0.78,16000,0,0,0,350000
AMCAT-046790,Engineering,B,Chennai,6.9,4,Startup,0.271,60,48,0.87,17000,0,0,0,185000
AMCAT-578364,Engineering,B,Delhi NCR,7.68,4,Startup,0.278,54,50,0.84,14000,0,0,0,150000
AMCAT-922658,Engineering,B,Delhi NCR,7.11,5,Startup,0.273,39,52,0.88,15000,1,1,1,220000
AMCAT-942093,Engineering,B,Hyderabad,7.7,4,Startup,0.286,76,52,0.88,15500,1,1,1,240000
AMCAT-1078108,Engineering,B,Bengaluru,7.1,4,SME,0.325,89,48,0.76,14500,0,0,1,325000
AMCAT-226017,Engineering,B,Bengaluru,5.8,4,SME,0.286,43,57,0.78,13000,0,0,1,305000
AMCAT-536761,Engineering,B,Chennai,7.64,4,SME,0.286,34,50,0.76,13000,1,1,1,360000
AMCAT-225973,Engineering,B,Bengaluru,7.22,5,SME,0.272,47,57,0.78,12000,0,0,1,400000
AMCAT-1083259,Engineering,B,Chennai,7.29,5,SME,0.327,78,52,0.88,15000,0,0,1,325000
AMCAT-320536,Engineering,B,Hyderabad,6.12,4,SME,0.318,86,53,0.78,14000,1,1,1,490000
AMCAT-678842,Engineering,B,Delhi NCR,6.86,4,Startup,0.332,47,52,0.84,12500,0,0,0,240000
AMCAT-449899,Engineering,B,Delhi NCR,7.33,4,Startup,0.288,81,53,0.78,12500,1,1,1,150000
AMCAT-830982,Engineering,A,Delhi NCR,7.55,4,SME,0.245,75,49,0.88,15000,1,1,1,325000
AMCAT-1088859,Engineering,B,Delhi NCR,6.9,5,Startup,0.298,78,50,0.88,16500,1,1,1,75000
AMCAT-358631,Engineering,B,Mumbai,7.35,5,SME,0.284,0,53,0.78,14000,0,0,1,375000
AMCAT-1081649,Engineering,B,Chennai,6.8,4,Startup,0.264,43,57,0.76,12000,0,0,1,150000
AMCAT-1001419,Engineering,B,Hyderabad,8.0,5,SME,0.293,38,52,0.88,16000,1,1,1,450000
AMCAT-991158,Engineering,B,Bengaluru,8.3,4,Startup,0.222,95,48,0.88,12500,0,0,1,180000
AMCAT-922259,Engineering,B,Chennai,7.5,4,SME,0.315,100,52,0.88,10500,1,1,1,375000
AMCAT-322685,Engineering,B,Chennai,7.5,5,SME,0.29,26,50,0.78,16500,0,0,1,325000
AMCAT-955394,Engineering,B,Delhi NCR,7.5,4,Startup,0.276,86,50,0.88,12500,0,1,1,180000
AMCAT-342106,Engineering,B,Delhi NCR,7.9,4,MNC,0.331,45,50,0.78,13000,1,1,1,500000
AMCAT-690389,Engineering,B,Chennai,6.2,3,Startup,0.255,31,52,0.76,14000,1,1,1,180000
AMCAT-326612,Engineering,B,Mumbai,7.31,4,Startup,0.198,9,53,0.78,17000,0,0,0,160000
AMCAT-1127268,Engineering,B,Chennai,7.0,3,SME,0.24,37,52,0.76,14000,0,0,1,300000
AMCAT-283546,Engineering,B,Delhi NCR,7.25,6,Startup,0.353,81,48,0.84,11000,0,1,1,200000
AMCAT-670213,Engineering,B,Delhi NCR,6.69,3,Startup,0.236,47,50,0.76,15500,1,1,1,180000
AMCAT-145701,Engineering,B,Pune,7.27,5,MNC,0.329,59,48,0.87,13000,0,0,0,900000
AMCAT-805812,Engineering,B,Mumbai,5.56,5,Startup,0.355,44,60,0.78,18500,0,1,1,100000
AMCAT-544522,Engineering,B,Bengaluru,7.2,5,SME,0.355,70,48,0.76,14000,1,1,1,370000
AMCAT-690477,Engineering,B,Delhi NCR,7.87,6,Startup,0.369,68,45,0.76,8500,1,1,1,250000
AMCAT-872338,Engineering,B,Delhi NCR,7.2,6,SME,0.375,66,52,0.88,15000,1,1,1,305000
AMCAT-338410,Engineering,B,Mumbai,7.2,5,Startup,0.308,47,53,0.76,19000,1,1,1,200000
AMCAT-513266,Engineering,B,Delhi NCR,6.82,5,SME,0.345,81,53,0.78,18000,0,0,1,300000
AMCAT-1094002,Engineering,B,Delhi NCR,7.74,4,SME,0.264,72,48,0.88,18500,0,0,1,325000
AMCAT-083285,Engineering,B,Delhi NCR,7.0,4,SME,0.329,42,50,0.87,11500,0,1,1,390000
AMCAT-064792,Engineering,B,Bengaluru,5.77,4,MNC,0.237,54,53,0.87,16500,1,1,1,530000
AMCAT-421634,Engineering,B,Delhi NCR,6.0,3,SME,0.202,49,48,0.78,12000,0,0,1,360000
AMCAT-1166135,Engineering,B,Hyderabad,7.44,4,SME,0.3,100,52,0.88,14500,1,1,1,305000
AMCAT-818479,Engineering,A,Mumbai,9.1,5,SME,0.317,64,48,0.88,15000,1,1,1,300000
AMCAT-933812,Engineering,B,Chennai,7.1,4,SME,0.26,100,49,0.88,12500,0,1,1,310000
AMCAT-1038837,Engineering,B,Chennai,7.4,5,Startup,0.272,25,50,0.76,12500,0,0,1,60000
AMCAT-1192843,Engineering,B,Hyderabad,7.02,4,SME,0.328,33,48,0.76,16000,0,0,1,330000
AMCAT-296696,Engineering,B,Delhi NCR,6.6,4,SME,0.211,30,48,0.84,16000,1,1,1,325000
AMCAT-1157393,Engineering,B,Delhi NCR,6.9,3,Startup,0.223,46,48,0.88,14500,1,1,1,145000
AMCAT-1081371,Engineering,B,Chennai,6.32,4,SME,0.235,69,53,0.88,10500,1,1,1,305000
AMCAT-059505,Engineering,A,Delhi NCR,6.67,5,SME,0.282,35,49,0.87,17000,0,0,1,320000
AMCAT-1061300,Engineering,B,Hyderabad,7.7,4,Startup,0.222,57,50,0.88,12000,1,1,1,140000
AMCAT-885470,Engineering,B,Mumbai,5.9,4,Startup,0.275,90,44,0.88,16000,1,1,1,175000
AMCAT-355803,Engineering,B,Hyderabad,6.38,4,SME,0.218,23,53,0.78,17000,0,0,1,330000
AMCAT-961011,Engineering,B,Delhi NCR,6.3,2,Startup,0.171,0,52,0.88,16500,1,1,1,95000
AMCAT-895614,Engineering,A,Delhi NCR,7.5,5,SME,0.295,29,48,0.88,16000,1,1,1,300000
AMCAT-730017,Engineering,B,Chennai,7.2,4,SME,0.305,41,49,0.76,7000,0,0,1,325000
AMCAT-182985,Engineering,B,Mumbai,7.97,5,SME,0.308,27,53,0.84,9500,1,1,1,400000
AMCAT-538185,Engineering,B,Mumbai,6.89,5,SME,0.322,42,44,0.76,17500,1,1,1,380000
AMCAT-520096,Engineering,B,Delhi NCR,7.2,5,Startup,0.361,59,53,0.78,13000,1,1,1,180000
AMCAT-087319,Engineering,B,Mumbai,6.4,3,MNC,0.217,49,57,0.87,12000,0,1,1,1210000
AMCAT-121780,Engineering,B,Chennai,7.71,4,Startup,0.273,41,48,0.87,18000,0,1,1,75000
AMCAT-843779,Engineering,B,Chennai,8.78,4,SME,0.281,62,52,0.88,17000,0,0,1,335000
AMCAT-1003178,Engineering,B,Delhi NCR,6.14,3,Startup,0.259,37,48,0.88,14000,1,1,1,180000
AMCAT-1274483,Engineering,B,Mumbai,6.8,4,Startup,0.253,100,50,0.88,13500,0,0,1,180000
AMCAT-669585,Engineering,B,Hyderabad,7.19,5,SME,0.302,84,57,0.76,13500,0,0,1,345000
AMCAT-143999,Engineering,B,Delhi NCR,6.74,4,Startup,0.288,5,48,0.84,14500,0,1,1,200000
AMCAT-831825,Engineering,B,Hyderabad,6.12,4,SME,0.288,19,52,0.88,18000,0,0,1,315000
AMCAT-504497,Engineering,B,Delhi NCR,7.37,5,SME,0.291,79,53,0.78,15000,0,1,1,405000
AMCAT-1088268,Engineering,B,Mumbai,6.83,5,Startup,0.274,81,50,0.76,16000,0,0,1,240000
AMCAT-457958,Engineering,B,Delhi NCR,7.2,4,Startup,0.293,19,53,0.78,17000,0,0,0,210000
AMCAT-602340,Engineering,A,Hyderabad,8.81,6,MNC,0.362,87,57,0.76,15000,1,1,1,550000
AMCAT-244806,Engineering,B,Bengaluru,7.57,5,SME,0.292,55,49,0.84,16000,1,1,1,490000
AMCAT-536947,Engineering,B,Mumbai,6.3,3,SME,0.263,45,50,0.76,13500,0,0,1,400000
AMCAT-058940,Engineering,B,Delhi NCR,6.61,4,SME,0.342,0,53,0.87,7500,0,1,1,450000
AMCAT-1280000,Engineering,B,Delhi NCR,6.23,4,SME,0.275,91,53,0.88,8500,0,1,1,325000
AMCAT-1259766,Engineering,B,Delhi NCR,7.85,5,SME,0.327,19,52,0.88,11500,1,1,1,325000
AMCAT-058857,Engineering,B,Delhi NCR,7.3,4,SME,0.327,50,48,0.87,15500,0,0,1,400000
AMCAT-895817,Engineering,A,Delhi NCR,6.3,5,SME,0.31,25,52,0.88,18500,0,1,1,325000
AMCAT-313446,Engineering,B,Hyderabad,7.2,4,SME,0.228,26,48,0.78,14500,0,0,1,325000
AMCAT-425532,Engineering,B,Delhi NCR,7.33,4,SME,0.263,27,50,0.78,19000,0,1,1,300000
AMCAT-263713,Engineering,B,Delhi NCR,6.54,3,Startup,0.256,88,48,0.84,11000,0,0,0,180000
AMCAT-033947,Engineering,B,Delhi NCR,8.7,3,MNC,0.245,89,53,0.87,14000,1,1,1,650000
AMCAT-1104236,Engineering,B,Chennai,8.1,3,Startup,0.267,0,50,0.76,15000,0,0,0,145000
AMCAT-127017,Engineering,B,Hyderabad,9.84,3,SME,0.265,80,48,0.87,12000,1,1,1,380000
AMCAT-1214471,Engineering,B,Hyderabad,7.4,3,SME,0.262,76,52,0.76,14000,1,1,1,300000
AMCAT-230553,Engineering,B,Delhi NCR,6.43,4,Startup,0.301,51,50,0.84,10000,0,1,1,80000
AMCAT-961017,Engineering,B,Delhi NCR,5.8,4,Startup,0.295,14,52,0.88,17500,1,1,1,120000
AMCAT-1088210,Engineering,B,Mumbai,6.5,3,Startup,0.211,7,50,0.78,12500,0,0,1,180000
AMCAT-1060744,Engineering,B,Hyderabad,8.2,4,SME,0.323,96,48,0.88,19000,1,1,1,340000
AMCAT-1101763,Engineering,B,Chennai,6.5,2,Startup,0.158,0,52,0.76,14000,0,0,0,85000
AMCAT-1088771,Engineering,B,Delhi NCR,6.33,4,Startup,0.247,53,50,0.78,16500,0,1,1,180000
AMCAT-054007,Engineering,B,Delhi NCR,6.44,3,Startup,0.218,51,48,0.87,14000,0,1,1,130000
AMCAT-356526,Engineering,B,Chennai,6.81,4,SME,0.271,69,53,0.78,14000,0,0,0,450000
AMCAT-631489,Engineering,B,Mumbai,6.6,4,Startup,0.25,38,50,0.76,12500,1,1,1,120000
AMCAT-629571,Engineering,B,Mumbai,6.36,4,Startup,0.258,61,57,0.76,14500,0,1,1,220000
AMCAT-1142382,Engineering,B,Mumbai,7.55,3,Startup,0.192,61,52,0.88,15000,1,1,1,215000
AMCAT-1111619,Engineering,B,Delhi NCR,7.69,5,Startup,0.298,63,50,0.88,12000,1,1,1,265000
AMCAT-765378,Engineering,B,Hyderabad,7.37,5,SME,0.315,59,52,0.76,13500,1,1,1,410000
AMCAT-962300,Engineering,B,Bengaluru,7.0,4,Startup,0.285,66,57,0.88,12500,0,0,1,120000
AMCAT-653055,Engineering,B,Delhi NCR,6.75,4,Startup,0.194,49,48,0.76,19500,0,0,1,255000
AMCAT-1193139,Engineering,B,Bengaluru,7.03,4,SME,0.345,34,52,0.93,14000,1,1,1,325000
AMCAT-831674,Engineering,B,Hyderabad,8.3,5,Startup,0.362,36,48,0.88,18000,1,1,1,235000
AMCAT-624266,Engineering,B,Mumbai,6.72,5,Startup,0.293,16,52,0.76,13500,0,0,1,120000
AMCAT-1077612,Engineering,B,Hyderabad,6.79,3,Startup,0.232,77,52,0.76,14500,0,0,0,155000
AMCAT-240137,Engineering,B,Delhi NCR,6.67,5,MNC,0.333,18,45,0.84,10500,1,1,1,650000
AMCAT-628563,Engineering,B,Chennai,7.34,4,Startup,0.313,64,48,0.76,13000,1,1,1,100000
AMCAT-1066112,Engineering,B,Delhi NCR,7.4,4,Startup,0.284,69,48,0.88,14500,0,1,1,180000
AMCAT-898205,Engineering,B,Delhi NCR,7.17,4,SME,0.29,0,50,0.88,18000,1,1,1,340000
AMCAT-281195,Engineering,B,Chennai,8.75,4,Startup,0.286,73,48,0.84,14500,1,1,1,250000
AMCAT-192948,Engineering,B,Delhi NCR,7.97,4,MNC,0.342,50,53,0.84,17500,0,0,1,500000
AMCAT-232370,Engineering,B,Delhi NCR,7.18,4,SME,0.295,46,53,0.84,15500,0,0,0,400000
AMCAT-1123075,Engineering,B,Delhi NCR,7.15,4,Startup,0.248,27,48,0.88,18000,0,0,1,120000
AMCAT-334701,Engineering,B,Mumbai,6.71,4,MNC,0.228,43,48,0.78,14000,0,0,1,565000
AMCAT-666182,Engineering,A,Delhi NCR,8.36,5,SME,0.351,20,52,0.88,24000,1,1,1,325000
AMCAT-786668,Engineering,B,Hyderabad,6.85,3,Startup,0.189,42,52,0.78,13000,0,0,0,215000
AMCAT-599552,Engineering,B,Chennai,7.84,4,Startup,0.296,80,49,0.76,12000,1,1,1,175000
AMCAT-306561,Engineering,B,Mumbai,5.32,4,Startup,0.273,53,53,0.84,11000,0,1,1,180000
AMCAT-1199988,Engineering,B,Hyderabad,7.4,3,Startup,0.266,100,52,0.88,20000,1,1,1,100000
AMCAT-662101,Engineering,B,Chennai,8.05,5,SME,0.317,93,53,0.76,16000,0,1,1,335000
AMCAT-242181,Engineering,B,Delhi NCR,7.32,5,SME,0.308,48,48,0.84,13000,0,0,0,370000
AMCAT-606926,Engineering,B,Bengaluru,8.03,5,SME,0.333,96,48,0.76,17000,0,1,1,340000
AMCAT-480729,Engineering,B,Hyderabad,6.47,5,Startup,0.308,2,50,0.75,15500,1,1,1,120000
AMCAT-279508,Engineering,B,Delhi NCR,6.95,4,SME,0.322,34,50,0.84,19000,1,1,1,325000
AMCAT-541145,Engineering,B,Delhi NCR,7.6,4,SME,0.255,27,53,0.78,10000,0,0,0,325000
AMCAT-244928,Engineering,B,Mumbai,6.49,4,Startup,0.209,0,46,0.84,13500,1,1,1,120000
AMCAT-1066577,Engineering,B,Chennai,7.01,4,SME,0.336,60,52,0.88,13000,1,1,1,320000
AMCAT-1140518,Engineering,B,Delhi NCR,5.98,4,Startup,0.285,63,48,0.91,9000,1,1,1,180000
AMCAT-947985,Engineering,B,Mumbai,7.6,3,Startup,0.252,38,50,0.88,16500,1,1,1,260000
AMCAT-338248,Engineering,B,Mumbai,7.6,3,Startup,0.217,28,50,0.76,13500,1,1,1,200000
AMCAT-755088,Engineering,B,Chennai,7.8,4,Startup,0.287,50,52,0.76,16000,1,1,1,265000
AMCAT-530147,Engineering,B,Delhi NCR,8.35,4,Startup,0.25,0,57,0.76,20000,1,1,1,205000
AMCAT-215595,Engineering,B,Chennai,6.7,4,Startup,0.288,56,46,0.84,13000,0,0,0,240000
AMCAT-730991,Engineering,B,Chennai,8.2,4,SME,0.254,48,52,0.76,13000,0,0,0,310000
AMCAT-435437,Engineering,B,Hyderabad,7.43,5,SME,0.34,13,48,0.84,14500,1,1,1,410000
AMCAT-1013562,Engineering,B,Bengaluru,6.5,5,Startup,0.287,88,48,0.76,16500,0,0,1,205000
AMCAT-374948,Engineering,B,Hyderabad,8.07,4,Startup,0.252,5,49,0.78,12500,0,0,1,205000
AMCAT-640383,Engineering,B,Delhi NCR,7.0,3,Startup,0.263,38,48,0.76,12500,1,1,1,215000
AMCAT-102965,Engineering,B,Chennai,8.0,4,SME,0.245,70,50,0.87,16500,0,0,1,460000
AMCAT-348073,Engineering,B,Hyderabad,7.01,6,SME,0.353,57,53,0.78,15000,0,0,0,405000
AMCAT-289612,Engineering,B,Hyderabad,7.47,4,SME,0.344,48,49,0.84,9000,1,1,1,480000
AMCAT-641305,Engineering,B,Hyderabad,7.96,4,SME,0.327,85,52,0.76,11000,1,1,1,325000
AMCAT-1266498,Engineering,A,Mumbai,6.07,5,Startup,0.368,78,57,0.88,22000,1,1,1,210000
AMCAT-1150694,Engineering,B,Hyderabad,7.46,4,Startup,0.306,100,48,0.78,15000,0,0,0,240000
AMCAT-552307,Engineering,A,Mumbai,6.66,6,SME,0.41,45,50,0.76,16000,1,1,1,450000
AMCAT-1087051,Engineering,B,Chennai,7.1,3,Startup,0.235,74,52,0.88,13500,1,1,1,250000
AMCAT-295290,Engineering,B,Delhi NCR,7.09,4,Startup,0.235,56,48,0.78,14000,1,1,1,145000
AMCAT-639664,Engineering,B,Delhi NCR,6.9,4,MNC,0.345,36,48,0.76,16000,1,1,1,520000
AMCAT-331094,Engineering,B,Hyderabad,7.4,4,SME,0.256,100,53,0.78,10500,1,1,1,400000
AMCAT-280764,Engineering,B,Delhi NCR,6.34,4,Startup,0.292,25,75,0.84,12000,1,1,1,145000
AMCAT-139917,Engineering,B,Bengaluru,6.47,3,SME,0.224,53,53,0.87,14500,0,0,1,420000
AMCAT-639325,Engineering,B,Hyderabad,6.68,4,Startup,0.264,37,57,0.76,14000,0,0,1,150000
AMCAT-1087364,Engineering,B,Delhi NCR,6.7,4,SME,0.334,88,48,0.76,15500,0,0,1,325000
AMCAT-330544,Engineering,B,Hyderabad,6.54,4,Startup,0.228,83,57,0.78,11000,0,0,1,200000
AMCAT-1230200,Engineering,A,Delhi NCR,6.77,5,SME,0.343,4,52,0.88,19000,0,1,1,300000
AMCAT-1041140,Engineering,B,Mumbai,7.96,3,Startup,0.236,61,50,0.88,16500,1,1,1,200000
AMCAT-1088362,Engineering,B,Bengaluru,5.9,5,Startup,0.313,55,52,0.84,15000,0,0,0,100000
AMCAT-124278,Engineering,B,Mumbai,6.32,4,SME,0.297,58,46,0.87,14500,0,0,1,475000
AMCAT-1242790,Engineering,B,Delhi NCR,7.0,3,Startup,0.235,60,50,0.79,14000,1,1,1,100000
AMCAT-1190113,Engineering,B,Mumbai,7.55,4,Startup,0.262,82,48,0.76,12000,0,0,0,200000
AMCAT-578157,Engineering,B,Bengaluru,7.1,4,Startup,0.278,100,60,0.88,14000,1,1,1,40000
AMCAT-513309,Engineering,B,Delhi NCR,7.17,5,SME,0.301,5,53,0.78,17000,0,0,1,415000
AMCAT-1037128,Engineering,A,Hyderabad,7.57,5,SME,0.353,30,52,0.76,17500,1,1,1,350000
AMCAT-623192,Engineering,B,Chennai,7.33,3,SME,0.248,51,53,0.76,12000,0,0,1,380000
AMCAT-662630,Engineering,B,Chennai,6.5,3,Startup,0.244,59,46,0.76,13000,0,0,0,220000
AMCAT-212574,Engineering,B,Chennai,6.54,5,SME,0.289,17,53,0.84,14500,1,1,1,380000
AMCAT-919264,Engineering,A,Delhi NCR,7.94,6,SME,0.414,26,48,0.88,17000,1,1,1,325000
AMCAT-065919,Engineering,B,Bengaluru,6.57,4,SME,0.222,28,53,0.87,15000,0,0,1,470000
AMCAT-1149902,Engineering,B,Hyderabad,7.57,5,Startup,0.338,27,52,0.88,15500,1,1,1,145000
AMCAT-810355,Engineering,B,Delhi NCR,6.95,5,Startup,0.292,100,48,0.88,16000,0,0,1,145000
AMCAT-604370,Engineering,A,Delhi NCR,6.9,6,SME,0.402,67,48,0.76,21500,0,1,1,300000
AMCAT-1284328,Engineering,B,Delhi NCR,6.04,5,Startup,0.27,38,48,0.91,16500,1,1,1,245000
AMCAT-786421,Engineering,B,Hyderabad,6.73,4,SME,0.308,16,48,0.76,11500,0,0,1,365000
AMCAT-768298,Engineering,A,Mumbai,6.62,6,MNC,0.355,72,53,0.91,15500,1,1,1,1500000
AMCAT-914312,Engineering,B,Delhi NCR,6.6,4,SME,0.336,100,48,0.88,14000,1,1,1,370000
AMCAT-869298,Engineering,B,Chennai,7.49,3,Startup,0.266,78,50,0.88,13000,1,1,1,220000
AMCAT-453953,Engineering,B,Bengaluru,6.86,4,SME,0.235,32,69,0.87,11000,1,1,1,480000
AMCAT-1105982,Engineering,B,Delhi NCR,7.3,4,SME,0.254,88,48,0.88,13000,0,0,1,350000
AMCAT-222981,Engineering,B,Delhi NCR,8.4,5,SME,0.346,53,48,0.84,13000,1,1,1,400000
AMCAT-1105796,Engineering,B,Delhi NCR,7.6,4,SME,0.255,34,52,0.88,12500,0,0,1,300000
AMCAT-266839,Engineering,B,Chennai,7.0,4,MNC,0.297,20,49,0.84,13000,1,1,1,600000
AMCAT-1250504,Engineering,B,Hyderabad,8.48,5,SME,0.289,80,82,0.88,17000,1,1,1,400000
AMCAT-308916,Engineering,B,Delhi NCR,7.7,3,SME,0.252,45,48,0.76,14500,0,1,1,320000
AMCAT-869474,Engineering,B,Chennai,7.6,3,Startup,0.202,24,57,0.88,20000,1,1,1,240000
AMCAT-422043,Engineering,B,Delhi NCR,6.51,5,Startup,0.29,36,53,0.78,14500,1,1,1,60000
AMCAT-1274331,Engineering,A,Delhi NCR,7.31,4,Startup,0.292,47,44,0.88,17500,0,1,1,180000
AMCAT-538439,Engineering,B,Mumbai,6.09,5,SME,0.34,62,48,0.76,14000,1,1,1,390000
AMCAT-1048543,Engineering,B,Delhi NCR,7.25,4,SME,0.263,74,52,0.88,14500,1,1,1,300000
AMCAT-030768,Engineering,B,Delhi NCR,7.5,4,SME,0.331,0,53,0.87,15000,0,0,1,450000
AMCAT-1051982,Engineering,B,Chennai,7.31,3,Startup,0.24,86,50,0.88,19000,0,1,1,210000
AMCAT-814610,Engineering,B,Delhi NCR,7.04,4,Startup,0.285,100,52,0.76,12000,0,1,1,180000
AMCAT-794269,Engineering,B,Delhi NCR,7.3,5,SME,0.325,58,48,0.88,16000,1,1,1,325000
AMCAT-1098733,Engineering,B,Delhi NCR,7.4,5,SME,0.334,56,52,0.88,14500,1,1,1,300000
AMCAT-100918,Engineering,B,Hyderabad,7.53,5,MNC,0.303,33,48,0.87,10000,0,1,1,600000
AMCAT-335000,Engineering,B,Delhi NCR,7.94,4,SME,0.314,7,53,0.76,16000,0,0,1,300000
AMCAT-816885,Engineering,B,Chennai,7.5,4,SME,0.297,65,48,0.76,17000,0,0,1,300000
AMCAT-610635,Engineering,A,Delhi NCR,7.62,5,Startup,0.306,99,52,0.76,16000,1,1,1,200000
AMCAT-318119,Engineering,B,Hyderabad,8.0,5,MNC,0.278,65,53,0.78,14000,1,1,1,515000
AMCAT-518449,Engineering,B,Delhi NCR,7.55,5,Startup,0.31,30,53,0.78,9500,1,1,1,120000
AMCAT-313455,Engineering,B,Hyderabad,8.25,4,SME,0.301,34,48,0.78,11000,0,0,1,360000
AMCAT-1292126,Engineering,B,Delhi NCR,6.35,4,Startup,0.27,25,50,0.88,16500,0,0,1,150000
AMCAT-034551,Engineering,A,Delhi NCR,9.57,5,MNC,0.344,42,48,0.87,17000,1,1,1,1100000
AMCAT-1258521,Engineering,B,Delhi NCR,7.46,3,Startup,0.245,53,48,0.88,11000,0,0,1,225000
AMCAT-032034,Engineering,A,Delhi NCR,6.2,5,SME,0.327,14,53,0.87,18500,0,0,1,300000
AMCAT-339001,Engineering,B,Chennai,6.43,3,Startup,0.269,17,48,0.78,12500,0,0,1,200000
AMCAT-1187208,Engineering,A,Bengaluru,6.2,6,Startup,0.368,37,48,0.76,17000,0,0,1,240000
AMCAT-1202783,Engineering,B,Hyderabad,7.5,4,Startup,0.289,57,52,0.88,16000,1,1,1,275000
AMCAT-950824,Engineering,A,Hyderabad,7.8,5,SME,0.325,53,48,0.88,15000,1,1,1,300000
AMCAT-513495,Engineering,B,Delhi NCR,6.8,3,Startup,0.229,5,50,0.78,11500,1,1,1,225000
AMCAT-267354,Engineering,B,Delhi NCR,7.0,3,Startup,0.217,31,48,0.84,14500,0,0,1,120000
AMCAT-449905,Engineering,B,Delhi NCR,7.68,4,SME,0.312,69,53,0.78,16500,0,0,1,455000
AMCAT-910160,Engineering,B,Chennai,7.4,5,Startup,0.315,91,52,0.88,17000,1,1,1,195000
AMCAT-999058,Engineering,A,Chennai,7.5,5,SME,0.349,43,48,0.76,16500,0,0,1,380000
AMCAT-996645,Engineering,B,Chennai,7.3,3,SME,0.219,87,52,0.76,16500,0,0,0,320000
AMCAT-1140593,Engineering,B,Mumbai,7.39,3,Startup,0.22,68,52,0.88,12000,1,1,1,100000
AMCAT-806688,Engineering,B,Delhi NCR,7.2,5,Startup,0.3,0,52,0.88,18500,1,1,1,200000
AMCAT-643141,Engineering,B,Delhi NCR,7.31,5,Startup,0.276,94,53,0.88,11000,0,1,1,95000
AMCAT-293843,Engineering,B,Mumbai,5.1,4,Startup,0.275,64,44,0.84,17500,0,1,1,110000
AMCAT-1035883,Engineering,B,Delhi NCR,7.03,4,Startup,0.308,0,52,0.76,12500,0,0,1,280000
AMCAT-541114,Engineering,B,Delhi NCR,6.62,4,Startup,0.33,51,53,0.84,19000,1,1,1,140000
AMCAT-335489,Engineering,B,Delhi NCR,7.4,3,SME,0.262,66,48,0.78,15500,0,0,1,385000
AMCAT-252543,Engineering,B,Chennai,7.8,5,SME,0.333,59,53,0.84,11500,0,1,1,470000
AMCAT-425399,Engineering,B,Delhi NCR,6.6,5,Startup,0.278,95,52,0.78,12500,1,1,1,240000
AMCAT-640916,Engineering,B,Mumbai,7.3,4,MNC,0.294,55,53,0.76,16000,1,1,1,500000
AMCAT-1247771,Engineering,B,Delhi NCR,6.18,5,Startup,0.298,52,52,0.88,16500,1,1,1,120000
AMCAT-1123050,Engineering,B,Delhi NCR,6.6,3,Startup,0.26,37,52,0.76,14000,1,1,1,100000
AMCAT-051397,Engineering,B,Bengaluru,7.4,4,MNC,0.271,62,48,0.87,14000,0,1,1,680000
AMCAT-654826,Engineering,B,Chennai,7.95,6,SME,0.352,26,52,0.76,16000,0,0,1,380000
AMCAT-542950,Engineering,B,Delhi NCR,6.6,4,Startup,0.304,55,52,0.76,14500,0,1,1,145000
AMCAT-1261333,Engineering,B,Mumbai,6.19,4,SME,0.257,30,50,0.88,11000,1,1,1,300000
AMCAT-938137,Engineering,B,Delhi NCR,6.24,5,MNC,0.319,80,57,0.88,12000,1,1,1,675000
AMCAT-087390,Engineering,B,Mumbai,6.48,5,Startup,0.277,53,53,0.87,14500,1,1,1,100000
AMCAT-287976,Engineering,B,Mumbai,6.45,4,Startup,0.284,31,48,0.84,17000,1,1,1,250000
AMCAT-161107,Engineering,B,Bengaluru,7.0,4,MNC,0.258,50,50,0.87,18000,0,0,1,560000
AMCAT-222586,Engineering,B,Delhi NCR,7.43,5,SME,0.308,71,53,0.84,16000,0,1,1,360000
AMCAT-902378,Engineering,B,Bengaluru,6.87,4,Startup,0.34,42,52,0.88,14500,0,1,1,275000
AMCAT-431847,Engineering,B,Delhi NCR,6.45,5,SME,0.277,24,53,0.78,16000,0,0,0,325000
AMCAT-265924,Engineering,B,Hyderabad,6.91,5,SME,0.335,98,53,0.84,12500,1,1,1,460000
AMCAT-229854,Engineering,B,Delhi NCR,7.78,4,SME,0.342,10,53,0.84,13500,0,1,1,435000
AMCAT-315763,Engineering,B,Delhi NCR,7.6,5,MNC,0.288,77,50,0.84,12000,0,0,1,550000
AMCAT-591412,Engineering,B,Delhi NCR,7.2,4,Startup,0.299,35,48,0.76,11000,0,1,1,200000
AMCAT-1097005,Engineering,B,Chennai,6.7,3,Startup,0.198,11,50,0.88,15000,0,1,1,120000
AMCAT-382747,Engineering,B,Bengaluru,7.6,5,SME,0.276,64,48,0.78,14500,0,0,0,415000
AMCAT-945560,Engineering,A,Mumbai,7.98,5,SME,0.28,48,54,0.76,19500,0,1,1,300000
AMCAT-308687,Engineering,A,Delhi NCR,6.15,4,Startup,0.318,46,53,0.87,19500,0,0,0,120000
AMCAT-651807,Engineering,B,Bengaluru,7.85,6,MNC,0.386,35,52,0.76,14500,1,1,1,600000
AMCAT-619705,Engineering,B,Bengaluru,9.69,6,MNC,0.38,83,48,0.76,15500,0,0,0,800000
AMCAT-893396,Engineering,B,Delhi NCR,6.65,4,Startup,0.287,29,52,0.76,14000,0,0,1,100000
AMCAT-555725,Engineering,B,Bengaluru,7.62,5,MNC,0.346,58,48,0.76,15000,1,1,1,570000
AMCAT-361702,Engineering,B,Bengaluru,7.65,4,SME,0.248,76,69,0.78,12000,1,1,1,480000
AMCAT-1063638,Engineering,B,Delhi NCR,7.35,4,SME,0.26,66,52,0.76,15000,0,0,1,360000
AMCAT-265303,Engineering,B,Chennai,7.28,4,Startup,0.25,5,53,0.84,15500,1,1,1,110000
AMCAT-553678,Engineering,A,Delhi NCR,8.08,6,Startup,0.414,37,53,0.76,16500,0,1,1,265000
AMCAT-950502,Engineering,B,Chennai,7.17,4,Startup,0.245,32,69,0.88,14000,1,1,1,150000
AMCAT-814931,Engineering,B,Chennai,8.14,4,Startup,0.293,43,48,0.78,12500,0,0,1,145000
AMCAT-836769,Engineering,B,Mumbai,6.4,4,Startup,0.257,46,52,0.78,12500,0,0,0,180000
AMCAT-582410,Engineering,A,Delhi NCR,8.22,6,SME,0.367,69,48,0.76,15000,0,0,1,350000
AMCAT-246986,Engineering,B,Chennai,7.85,4,MNC,0.308,66,49,0.84,17000,0,1,1,550000
AMCAT-1219117,Engineering,B,Chennai,7.8,4,SME,0.295,90,52,0.76,16500,0,0,1,335000
AMCAT-333594,Engineering,B,Hyderabad,7.48,4,MNC,0.265,66,53,0.78,15500,0,0,1,590000
AMCAT-947534,Engineering,B,Bengaluru,7.28,3,SME,0.248,99,52,0.88,19000,0,1,1,310000
AMCAT-702081,Engineering,B,Delhi NCR,7.92,5,Startup,0.338,60,49,0.78,13500,1,1,1,180000
AMCAT-625194,Engineering,B,Delhi NCR,8.23,5,SME,0.364,81,53,0.76,21500,1,1,1,325000
AMCAT-339763,Engineering,B,Delhi NCR,7.38,5,Startup,0.29,49,50,0.78,13500,0,1,1,120000
AMCAT-913574,Engineering,A,Chennai,6.09,3,SME,0.193,57,48,0.88,18500,0,0,1,310000
AMCAT-642997,Engineering,B,Delhi NCR,6.1,6,Startup,0.358,84,50,0.76,13000,1,1,1,110000
AMCAT-1244355,Engineering,B,Delhi NCR,7.0,6,SME,0.352,100,52,0.88,15000,1,1,1,325000
AMCAT-716346,Engineering,B,Chennai,8.18,6,MNC,0.356,9,50,0.78,16000,0,0,1,500000
AMCAT-078868,Engineering,B,Delhi NCR,6.56,4,SME,0.248,56,41,0.87,13500,0,0,1,425000
AMCAT-1289699,Engineering,B,Delhi NCR,6.1,4,SME,0.338,93,50,0.88,18500,0,1,1,315000
AMCAT-471444,Engineering,B,Delhi NCR,6.4,3,Startup,0.26,18,48,0.76,14500,0,1,1,180000
AMCAT-284570,Engineering,B,Bengaluru,6.1,4,Startup,0.237,18,48,0.84,14500,0,0,0,180000
AMCAT-898730,Engineering,B,Delhi NCR,7.19,5,SME,0.352,100,48,0.88,11500,0,1,1,320000
AMCAT-1076173,Engineering,B,Bengaluru,6.63,4,SME,0.256,20,52,0.76,15000,0,0,1,320000
AMCAT-577394,Engineering,A,Delhi NCR,7.56,4,SME,0.294,58,48,0.76,17500,0,0,1,325000
AMCAT-637115,Engineering,B,Delhi NCR,6.9,5,SME,0.34,35,52,0.88,12500,0,0,1,315000
AMCAT-825043,Engineering,B,Delhi NCR,8.22,4,SME,0.326,55,52,0.88,12000,0,1,1,305000
AMCAT-1239552,Engineering,B,Bengaluru,5.5,5,SME,0.345,76,52,0.88,20500,0,1,1,300000
AMCAT-982461,Engineering,B,Delhi NCR,7.8,5,Startup,0.278,77,52,0.88,13500,1,1,1,275000
AMCAT-530225,Engineering,B,Delhi NCR,7.97,5,SME,0.295,56,48,0.76,10500,0,0,1,410000
AMCAT-365974,Engineering,B,Bengaluru,7.7,5,SME,0.344,68,49,0.78,12500,0,1,1,400000
AMCAT-182616,Engineering,B,Delhi NCR,7.3,4,Startup,0.29,21,50,0.84,14000,1,1,1,275000
AMCAT-425547,Engineering,B,Delhi NCR,6.75,5,SME,0.284,43,48,0.78,15500,0,0,1,300000
AMCAT-604995,Engineering,B,Delhi NCR,7.72,4,SME,0.302,100,52,0.76,15500,0,0,0,300000
AMCAT-1294537,Engineering,B,Delhi NCR,6.36,3,Startup,0.172,68,52,0.88,15500,0,1,1,120000
AMCAT-1076044,Engineering,B,Hyderabad,6.67,4,SME,0.3,71,48,0.76,12500,1,1,1,360000
AMCAT-785143,Engineering,B,Delhi NCR,8.01,6,SME,0.359,70,48,0.88,15000,1,1,1,300000
AMCAT-841251,Engineering,B,Delhi NCR,6.28,6,Startup,0.362,99,50,0.78,12000,0,0,0,220000
AMCAT-1089264,Engineering,B,Delhi NCR,6.76,4,SME,0.334,66,52,0.76,12500,0,0,1,325000
AMCAT-1089343,Engineering,B,Delhi NCR,8.3,4,SME,0.298,77,46,0.88,11500,1,1,1,360000
AMCAT-820353,Engineering,A,Delhi NCR,7.03,5,SME,0.382,79,49,0.79,15000,1,1,1,300000
AMCAT-1231990,Engineering,B,Hyderabad,8.11,3,Startup,0.256,61,48,0.76,16500,1,1,1,205000
AMCAT-852826,Engineering,B,Mumbai,8.36,3,SME,0.268,0,46,0.88,15500,1,1,1,310000
AMCAT-512748,Engineering,B,Delhi NCR,6.65,4,MNC,0.293,30,53,0.78,16500,0,0,1,520000
AMCAT-1062284,Engineering,B,Mumbai,6.4,4,Startup,0.222,59,52,0.76,14000,0,0,0,120000
AMCAT-1225876,Engineering,B,Hyderabad,7.05,3,Startup,0.262,17,52,0.76,16000,0,0,1,200000
AMCAT-552539,Engineering,B,Delhi NCR,7.21,4,SME,0.293,60,48,0.76,9500,0,1,1,340000
AMCAT-212167,Engineering,B,Delhi NCR,6.67,4,Startup,0.271,50,52,0.84,16000,1,1,1,150000
AMCAT-1239524,Engineering,B,Bengaluru,6.2,4,Startup,0.295,68,52,0.78,14500,0,0,1,180000
AMCAT-561797,Engineering,B,Delhi NCR,6.6,4,SME,0.281,100,48,0.78,15500,1,1,1,300000
AMCAT-552531,Engineering,A,Delhi NCR,7.46,5,SME,0.397,25,49,0.76,19000,1,1,1,420000
AMCAT-549266,Engineering,B,Hyderabad,7.2,4,SME,0.307,44,53,0.78,11500,0,0,1,360000
AMCAT-1112865,Engineering,B,Mumbai,7.0,4,SME,0.284,0,46,0.88,10500,0,1,1,315000
AMCAT-1264544,Engineering,B,Hyderabad,7.2,4,Startup,0.253,31,52,0.76,12000,0,0,0,120000
AMCAT-1011088,Engineering,B,Chennai,7.49,5,SME,0.338,46,50,0.88,15500,1,1,1,305000
AMCAT-109360,Engineering,B,Hyderabad,7.0,4,MNC,0.28,40,53,0.87,15500,0,1,1,520000
AMCAT-814673,Engineering,B,Delhi NCR,6.2,2,Startup,0.192,34,50,0.76,10500,0,0,1,200000
AMCAT-1282408,Engineering,B,Hyderabad,8.8,5,SME,0.357,62,48,0.91,11500,1,1,1,350000
AMCAT-634935,Engineering,B,Bengaluru,6.67,4,Startup,0.282,93,48,0.76,12000,0,0,1,180000
AMCAT-902947,Engineering,B,Hyderabad,7.5,4,Startup,0.278,89,48,0.88,13000,0,1,1,270000
AMCAT-220476,Engineering,A,Delhi NCR,8.44,5,MNC,0.338,43,48,0.84,14500,1,1,1,500000
AMCAT-246543,Engineering,B,Chennai,7.12,4,SME,0.308,37,57,0.84,10500,1,1,1,440000
AMCAT-614179,Engineering,B,Delhi NCR,7.0,5,Startup,0.341,64,57,0.88,12000,1,1,1,180000
AMCAT-1211578,Engineering,B,Delhi NCR,7.7,4,Startup,0.293,55,48,0.76,14000,0,1,1,195000
AMCAT-737310,Engineering,B,Delhi NCR,7.8,6,SME,0.35,72,52,0.76,11000,0,1,1,480000
AMCAT-133803,Engineering,B,Chennai,7.0,4,Startup,0.297,83,52,0.87,13500,0,0,0,240000
AMCAT-1095131,Engineering,B,Mumbai,7.7,5,Startup,0.28,38,52,0.88,16500,1,1,1,240000
AMCAT-823040,Engineering,B,Delhi NCR,8.34,5,SME,0.322,9,48,0.88,10500,0,1,1,300000
AMCAT-612330,Engineering,B,Delhi NCR,6.5,4,Startup,0.272,72,53,0.76,13500,0,0,1,200000
AMCAT-669506,Engineering,B,Hyderabad,8.37,4,SME,0.288,33,52,0.76,16500,1,1,1,300000
AMCAT-1036215,Engineering,B,Hyderabad,6.0,4,Startup,0.227,71,52,0.88,13000,1,1,1,220000
AMCAT-512864,Engineering,B,Delhi NCR,6.4,5,MNC,0.326,56,49,0.78,12500,1,1,1,500000
AMCAT-809429,Engineering,B,Bengaluru,6.5,4,Startup,0.247,54,48,0.76,17000,0,0,0,205000
AMCAT-263901,Engineering,B,Delhi NCR,6.8,5,SME,0.286,58,53,0.84,13000,0,0,1,380000
AMCAT-242701,Engineering,B,Bengaluru,5.4,4,MNC,0.233,0,49,0.84,17000,1,1,1,600000
AMCAT-921123,Engineering,B,Mumbai,7.55,5,SME,0.307,87,50,0.88,15000,1,1,1,325000
AMCAT-629285,Engineering,B,Chennai,8.59,4,SME,0.338,63,53,0.76,13000,0,0,1,410000
AMCAT-730907,Engineering,B,Chennai,8.59,6,SME,0.35,43,48,0.76,15000,0,0,1,360000
AMCAT-053931,Engineering,B,Delhi NCR,6.9,3,Startup,0.265,65,53,0.87,15000,0,0,1,200000
AMCAT-351702,Engineering,B,Bengaluru,7.69,5,SME,0.344,15,50,0.78,16500,1,1,1,480000
AMCAT-637623,Engineering,B,Hyderabad,7.65,4,Startup,0.296,3,49,0.88,12500,1,1,1,180000
AMCAT-335938,Engineering,B,Hyderabad,7.2,4,SME,0.322,32,53,0.78,14000,0,1,1,300000
AMCAT-833130,Engineering,B,Delhi NCR,6.54,3,Startup,0.247,4,52,0.88,14000,1,1,1,180000
AMCAT-1211760,Engineering,B,Delhi NCR,7.8,5,Startup,0.326,61,52,0.76,16000,1,1,1,215000
AMCAT-1194740,Engineering,B,Chennai,8.71,4,Startup,0.278,51,48,0.88,11500,1,1,1,100000
AMCAT-1077269,Engineering,B,Chennai,7.6,5,SME,0.315,98,60,0.76,16500,0,0,1,380000
AMCAT-352532,Engineering,B,Mumbai,6.78,3,Startup,0.233,54,53,0.78,15000,0,0,1,250000
AMCAT-990494,Engineering,B,Hyderabad,7.3,4,Startup,0.2,49,53,0.88,10500,0,1,1,220000
AMCAT-1218326,Engineering,B,Hyderabad,6.7,2,Startup,0.192,36,48,0.76,17000,0,0,0,120000
AMCAT-457145,Engineering,B,Chennai,7.2,4,Startup,0.286,37,53,0.78,19500,0,0,0,180000
AMCAT-035275,Engineering,B,Delhi NCR,7.0,3,Startup,0.23,78,50,0.84,16500,0,0,0,200000
AMCAT-1269533,Engineering,B,Mumbai,5.5,3,Startup,0.262,51,52,0.88,17500,1,1,1,120000
AMCAT-215666,Engineering,B,Chennai,6.4,3,SME,0.25,32,52,0.84,14000,1,1,1,400000
AMCAT-615310,Engineering,B,Delhi NCR,7.62,4,Startup,0.322,29,52,0.88,10000,0,1,1,290000
AMCAT-1136423,Engineering,B,Bengaluru,7.1,4,SME,0.276,20,52,0.88,9500,1,1,1,400000
AMCAT-215845,Engineering,B,Chennai,8.0,4,Startup,0.269,42,49,0.84,14500,1,1,1,280000
AMCAT-1212119,Engineering,B,Bengaluru,6.37,4,Startup,0.289,80,49,0.88,12500,1,1,1,160000
AMCAT-279776,Engineering,B,Delhi NCR,6.67,4,SME,0.322,40,53,0.84,11500,0,1,1,310000
AMCAT-640779,Engineering,B,Mumbai,6.95,5,Startup,0.303,27,50,0.76,14000,0,1,1,210000
AMCAT-639156,Engineering,B,Hyderabad,7.5,5,MNC,0.312,31,52,0.76,15500,0,1,1,500000
AMCAT-837331,Engineering,B,Delhi NCR,7.84,4,SME,0.317,62,52,0.88,10500,1,1,1,325000
AMCAT-341274,Engineering,B,Mumbai,7.2,5,SME,0.323,61,44,0.78,13000,0,0,0,400000
AMCAT-1136053,Engineering,B,Delhi NCR,7.75,4,Startup,0.306,33,52,0.88,18000,1,1,1,295000
AMCAT-110778,Engineering,B,Hyderabad,6.73,4,SME,0.293,63,53,0.87,11500,0,0,0,400000
AMCAT-336128,Engineering,B,Chennai,7.9,4,SME,0.25,38,48,0.78,16000,0,0,1,400000
AMCAT-955427,Engineering,B,Delhi NCR,7.11,4,Startup,0.251,46,48,0.88,13000,1,1,1,180000
AMCAT-668869,Engineering,B,Bengaluru,8.1,6,SME,0.365,64,48,0.76,15500,0,1,1,325000
AMCAT-1242062,Engineering,B,Delhi NCR,7.0,3,Startup,0.258,75,57,0.88,16500,1,1,1,240000
AMCAT-901346,Engineering,B,Bengaluru,7.12,4,SME,0.341,0,49,0.88,16000,1,1,1,335000
AMCAT-290605,Engineering,B,Delhi NCR,5.0,3,Startup,0.254,9,48,0.84,16500,1,1,1,180000
AMCAT-334330,Engineering,B,Mumbai,7.26,5,SME,0.31,51,48,0.78,11000,1,1,1,420000
AMCAT-833277,Engineering,B,Delhi NCR,6.92,3,Startup,0.227,50,50,0.88,17000,1,1,1,200000
AMCAT-640015,Engineering,B,Delhi NCR,6.66,5,Startup,0.295,99,52,0.78,12000,0,1,1,190000
AMCAT-1019761,Engineering,B,Hyderabad,6.93,4,SME,0.291,53,48,0.76,14500,0,0,1,330000
AMCAT-432511,Engineering,B,Delhi NCR,7.13,4,SME,0.239,44,48,0.78,14500,0,0,0,400000
AMCAT-280250,Engineering,B,Mumbai,5.6,5,Startup,0.301,56,46,0.84,15000,0,0,1,180000
AMCAT-049508,Engineering,B,Mumbai,6.63,3,SME,0.192,30,53,0.68,15000,0,0,0,415000
AMCAT-458020,Engineering,B,Delhi NCR,6.9,4,SME,0.301,46,53,0.78,12000,0,0,0,335000
AMCAT-353733,Engineering,B,Delhi NCR,7.88,5,Startup,0.305,80,53,0.78,10500,1,1,1,145000
AMCAT-047457,Engineering,B,Chennai,8.2,4,MNC,0.254,62,48,0.87,16000,1,1,1,700000
AMCAT-660770,Engineering,B,Delhi NCR,7.07,4,Startup,0.268,31,52,0.78,14500,0,0,1,200000
AMCAT-1128347,Engineering,B,Bengaluru,6.15,4,SME,0.255,80,48,0.76,17000,0,0,1,335000
AMCAT-298473,Engineering,B,Delhi NCR,7.2,5,SME,0.355,89,50,0.84,14000,0,1,1,380000
AMCAT-509241,Engineering,B,Delhi NCR,7.04,5,SME,0.274,55,53,0.78,10500,1,1,1,400000
AMCAT-924541,Engineering,B,Delhi NCR,7.39,5,Startup,0.321,87,52,0.88,16500,0,1,1,210000
AMCAT-632512,Engineering,B,Delhi NCR,7.2,4,Startup,0.332,82,48,0.76,13000,0,1,1,240000
AMCAT-212917,Engineering,B,Chennai,6.91,3,Startup,0.261,46,48,0.84,15000,1,1,1,90000
AMCAT-196403,Engineering,B,Delhi NCR,6.5,5,MNC,0.284,21,53,0.84,12500,1,1,1,520000
AMCAT-1157599,Engineering,B,Delhi NCR,7.5,3,Startup,0.233,77,50,0.88,18000,1,1,1,200000
AMCAT-794238,Engineering,B,Delhi NCR,7.25,4,Startup,0.259,60,48,0.88,12000,0,1,1,200000
AMCAT-1262122,Engineering,B,Delhi NCR,7.24,4,Startup,0.295,28,48,0.76,13000,0,0,0,180000
AMCAT-339440,Engineering,B,Hyderabad,6.8,3,Startup,0.232,56,49,0.78,14500,1,1,1,45000
AMCAT-1272092,Engineering,B,Hyderabad,7.94,3,Startup,0.234,0,52,0.88,11500,1,1,1,35000
AMCAT-361576,Engineering,B,Bengaluru,8.69,4,SME,0.239,34,53,0.78,15000,0,0,1,385000
AMCAT-563437,Engineering,B,Delhi NCR,6.89,5,Startup,0.352,93,50,0.78,18000,0,1,1,180000
AMCAT-390136,Engineering,B,Bengaluru,6.3,3,Startup,0.247,60,46,0.78,13000,1,1,1,110000
AMCAT-525277,Engineering,B,Chennai,7.63,5,Startup,0.337,51,53,0.78,15000,1,1,1,100000
AMCAT-796891,Engineering,A,Delhi NCR,8.06,4,SME,0.32,54,52,0.88,11000,1,1,1,300000
AMCAT-1168885,Engineering,B,Delhi NCR,6.81,4,Startup,0.253,33,48,0.88,14000,0,0,1,180000
AMCAT-538258,Engineering,B,Mumbai,6.17,5,SME,0.291,68,53,0.76,13000,0,1,1,310000
AMCAT-355903,Engineering,B,Chennai,7.4,4,Startup,0.25,3,48,0.78,12000,0,0,0,250000
AMCAT-078978,Engineering,B,Delhi NCR,6.89,4,MNC,0.325,36,50,0.87,16500,0,0,1,555000
AMCAT-796958,Engineering,A,Delhi NCR,7.9,4,MNC,0.32,55,52,0.88,17000,1,1,1,550000
AMCAT-615010,Engineering,B,Delhi NCR,6.1,3,MNC,0.254,89,50,0.76,13500,1,1,1,2000000
AMCAT-1149846,Engineering,B,Hyderabad,6.7,4,SME,0.24,67,50,0.76,13000,0,0,1,315000
AMCAT-341946,Engineering,B,Delhi NCR,8.14,4,SME,0.327,30,48,0.78,9000,0,0,1,450000
AMCAT-457968,Engineering,B,Delhi NCR,7.33,5,SME,0.288,31,53,0.78,11000,1,1,1,360000
AMCAT-1211729,Engineering,B,Mumbai,5.7,3,Startup,0.159,74,57,0.91,16500,1,1,1,110000
AMCAT-803778,Engineering,B,Mumbai,6.99,3,MNC,0.227,75,50,0.76,8500,1,1,1,2000000
AMCAT-352897,Engineering,B,Chennai,6.0,3,Startup,0.192,64,48,0.78,12000,0,0,1,120000
AMCAT-1248140,Engineering,B,Delhi NCR,6.4,3,Startup,0.267,73,50,0.76,13000,0,0,0,95000
AMCAT-415438,Engineering,B,Chennai,8.35,5,SME,0.322,53,53,0.78,18500,0,0,1,405000
AMCAT-1068234,Engineering,B,Hyderabad,7.43,4,SME,0.327,59,48,0.88,16000,1,1,1,325000
AMCAT-229518,Engineering,B,Chennai,7.63,5,SME,0.299,43,57,0.84,12500,1,1,1,425000
AMCAT-078381,Engineering,B,Bengaluru,7.45,3,MNC,0.263,44,48,0.84,17500,1,1,1,530000
AMCAT-232474,Engineering,B,Delhi NCR,6.0,3,Startup,0.235,64,49,0.84,12000,1,1,1,120000
AMCAT-921009,Engineering,B,Mumbai,6.98,4,Startup,0.308,51,53,0.88,16500,1,1,1,200000
AMCAT-1066414,Engineering,B,Delhi NCR,6.77,4,Startup,0.329,76,52,0.76,10500,0,0,1,260000
AMCAT-1190029,Engineering,B,Mumbai,6.3,5,SME,0.289,87,52,0.88,16500,1,1,1,300000
AMCAT-211455,Engineering,B,Hyderabad,7.4,5,SME,0.293,64,53,0.84,13000,0,0,1,435000
AMCAT-124988,Engineering,B,Chennai,6.5,4,SME,0.288,23,48,0.87,11500,0,1,1,300000
AMCAT-357365,Engineering,B,Delhi NCR,7.27,5,Startup,0.363,49,53,0.78,13500,0,1,1,265000
AMCAT-435465,Engineering,B,Hyderabad,6.2,4,Startup,0.237,55,41,0.84,14500,0,0,0,200000
AMCAT-510394,Engineering,B,Delhi NCR,6.55,5,Startup,0.307,62,50,0.78,13000,1,1,1,145000
AMCAT-568824,Engineering,B,Delhi NCR,7.67,5,Startup,0.328,62,48,0.84,15500,0,0,0,175000
AMCAT-794191,Engineering,B,Delhi NCR,6.9,4,Startup,0.254,83,52,0.88,12500,0,1,1,240000
AMCAT-823529,Engineering,B,Delhi NCR,8.2,5,SME,0.274,73,52,0.88,15500,1,1,1,315000
AMCAT-670536,Engineering,B,Delhi NCR,6.61,5,SME,0.298,62,52,0.76,15000,0,1,1,360000
AMCAT-520055,Engineering,B,Hyderabad,7.78,4,SME,0.307,73,53,0.78,14000,0,1,1,350000
AMCAT-988953,Engineering,B,Delhi NCR,7.56,5,SME,0.296,73,69,0.88,13000,1,1,1,310000
AMCAT-1175212,Engineering,B,Delhi NCR,5.73,5,Startup,0.279,28,52,0.91,14500,1,1,1,120000
AMCAT-124198,Engineering,B,Mumbai,6.07,3,Startup,0.235,47,46,0.87,15500,1,1,1,100000
AMCAT-332810,Engineering,B,Hyderabad,8.0,4,Startup,0.26,50,53,0.78,19000,1,1,1,65000
AMCAT-1204936,Engineering,B,Mumbai,7.7,4,SME,0.329,74,46,0.88,16500,0,1,1,325000
AMCAT-228046,Engineering,B,Delhi NCR,6.4,4,Startup,0.261,68,52,0.84,16500,1,1,1,180000
AMCAT-346596,Engineering,B,Bengaluru,6.55,4,Startup,0.32,37,53,0.78,21500,0,1,1,220000
AMCAT-279001,Engineering,B,Delhi NCR,6.5,3,Startup,0.254,28,50,0.84,15500,0,0,0,175000
AMCAT-473661,Engineering,B,Hyderabad,6.49,3,SME,0.263,59,53,0.84,15000,0,0,1,355000
AMCAT-333406,Engineering,B,Delhi NCR,6.0,4,MNC,0.256,79,53,0.78,16000,0,1,1,600000
AMCAT-1171253,Engineering,B,Mumbai,6.7,6,Startup,0.352,33,50,0.76,11500,1,1,1,220000
AMCAT-413346,Engineering,B,Delhi NCR,7.28,5,Startup,0.292,52,57,0.78,13000,1,1,1,140000
AMCAT-1044637,Engineering,A,Delhi NCR,7.0,5,Startup,0.3,98,52,0.88,16500,1,1,1,275000
AMCAT-781929,Engineering,B,Chennai,7.5,4,SME,0.279,59,50,0.76,15500,0,0,1,300000
AMCAT-059759,Engineering,A,Delhi NCR,7.27,4,MNC,0.32,24,53,0.87,17500,0,0,1,500000
AMCAT-340547,Engineering,B,Delhi NCR,6.91,4,SME,0.338,49,50,0.78,14500,0,1,1,415000
AMCAT-811388,Engineering,A,Delhi NCR,7.6,5,SME,0.339,42,48,0.88,20500,1,1,1,325000
AMCAT-962293,Engineering,B,Bengaluru,6.59,5,Startup,0.309,52,57,0.88,16000,0,1,1,100000
AMCAT-353197,Engineering,B,Bengaluru,8.44,4,SME,0.292,72,48,0.78,13500,0,1,1,375000
AMCAT-064871,Engineering,B,Bengaluru,5.7,4,SME,0.269,88,50,0.87,12500,1,1,1,455000
AMCAT-220946,Engineering,A,Delhi NCR,8.61,3,MNC,0.265,83,57,0.84,21000,1,1,1,810000
AMCAT-1243766,Engineering,B,Hyderabad,7.05,4,SME,0.284,56,52,0.88,16000,0,0,1,320000
AMCAT-1038848,Engineering,B,Chennai,8.2,4,SME,0.28,46,52,0.76,10000,0,0,1,300000
AMCAT-569966,Engineering,B,Hyderabad,6.87,4,Startup,0.296,64,48,0.76,13000,0,1,1,100000
AMCAT-334017,Engineering,B,Mumbai,7.7,5,SME,0.327,63,57,0.78,14500,1,1,1,460000
AMCAT-033117,Engineering,A,Delhi NCR,7.29,4,SME,0.288,49,53,0.87,20000,0,0,1,475000
AMCAT-806785,Engineering,B,Delhi NCR,7.98,4,Startup,0.327,61,48,0.88,16500,1,1,1,180000
AMCAT-1088846,Engineering,B,Hyderabad,7.63,6,SME,0.347,53,57,0.76,14500,0,0,0,430000
AMCAT-325339,Engineering,B,Mumbai,6.0,5,SME,0.282,53,53,0.78,15500,0,0,0,300000
AMCAT-252464,Engineering,B,Chennai,7.42,2,Startup,0.168,37,50,0.84,14000,0,0,1,200000
AMCAT-220655,Engineering,A,Delhi NCR,6.24,6,SME,0.35,41,60,0.84,16500,1,1,1,400000
AMCAT-536516,Engineering,B,Delhi NCR,6.5,5,Startup,0.413,34,50,0.78,13500,1,1,1,210000
AMCAT-212076,Engineering,B,Delhi NCR,6.7,3,Startup,0.235,49,48,0.84,14000,0,0,0,160000
AMCAT-681000,Engineering,B,Chennai,6.8,3,Startup,0.229,0,50,0.76,14000,0,0,0,90000
AMCAT-961495,Engineering,B,Delhi NCR,6.31,3,Startup,0.269,72,52,0.88,9500,0,1,1,105000
AMCAT-330310,Engineering,B,Hyderabad,7.4,4,Startup,0.286,70,53,0.78,13000,1,1,1,280000
AMCAT-280588,Engineering,B,Delhi NCR,6.74,4,Startup,0.224,29,48,0.84,14000,1,1,1,180000
AMCAT-731810,Engineering,B,Hyderabad,6.85,5,SME,0.355,85,50,0.76,13500,0,1,1,310000
AMCAT-334318,Engineering,B,Mumbai,6.94,5,SME,0.314,59,53,0.78,13500,1,1,1,405000
AMCAT-244546,Engineering,B,Chennai,7.01,5,SME,0.307,27,48,0.84,15000,0,0,1,410000
AMCAT-1083018,Engineering,B,Chennai,8.6,6,MNC,0.359,68,48,0.88,11500,0,1,1,615000
AMCAT-661505,Engineering,B,Delhi NCR,7.0,4,Startup,0.284,33,50,0.76,10000,1,1,1,100000
AMCAT-1083692,Engineering,B,Delhi NCR,6.5,3,Startup,0.258,5,57,0.91,13000,1,1,1,250000
AMCAT-239943,Engineering,B,Bengaluru,6.78,5,SME,0.314,70,48,0.84,16000,0,0,1,475000
AMCAT-1285081,Engineering,B,Mumbai,7.91,5,SME,0.314,45,52,0.88,18000,0,1,1,330000
AMCAT-053292,Engineering,B,Mumbai,5.7,3,Startup,0.217,29,53,0.68,16000,1,1,1,95000
AMCAT-338449,Engineering,B,Mumbai,6.97,4,Startup,0.282,33,53,0.76,10500,1,1,1,180000
AMCAT-598171,Engineering,A,Mumbai,8.18,4,MNC,0.344,69,50,0.76,17500,1,1,1,550000
AMCAT-308225,Engineering,B,Delhi NCR,6.7,5,SME,0.286,34,50,0.78,14500,0,0,1,460000
AMCAT-1240733,Engineering,B,Delhi NCR,7.71,4,SME,0.26,81,52,0.91,14500,1,1,1,350000
AMCAT-781682,Engineering,B,Chennai,8.34,4,Startup,0.271,42,48,0.76,15500,0,1,1,240000
AMCAT-530592,Engineering,B,Delhi NCR,8.0,5,Startup,0.283,0,52,0.76,11500,1,1,1,120000
AMCAT-895882,Engineering,B,Bengaluru,6.86,5,Startup,0.326,57,52,0.88,14000,1,1,1,115000
AMCAT-1081475,Engineering,B,Chennai,8.25,4,SME,0.284,65,49,0.88,15000,0,1,1,310000
AMCAT-519904,Engineering,B,Bengaluru,7.92,4,MNC,0.329,6,53,0.78,16000,0,1,1,630000
AMCAT-872267,Engineering,B,Chennai,7.8,4,SME,0.292,12,49,0.88,12000,1,1,1,300000
AMCAT-120918,Engineering,B,Mumbai,5.5,4,Startup,0.228,54,54,0.87,13000,1,1,1,110000
AMCAT-1035858,Engineering,B,Mumbai,5.88,4,SME,0.322,90,52,0.76,7000,0,0,1,490000
AMCAT-082092,Engineering,B,Bengaluru,7.2,4,MNC,0.224,14,48,0.87,12500,0,0,1,560000
AMCAT-103947,Engineering,B,Chennai,7.74,3,SME,0.218,32,57,0.87,12500,1,1,1,325000
AMCAT-1136448,Engineering,B,Delhi NCR,6.82,4,Startup,0.239,72,48,0.88,11500,0,1,1,265000
AMCAT-335325,Engineering,B,Delhi NCR,6.88,4,Startup,0.254,44,52,0.78,14500,0,0,1,150000
AMCAT-634903,Engineering,B,Bengaluru,7.8,4,SME,0.327,52,52,0.76,14000,1,1,1,300000
AMCAT-893654,Engineering,B,Bengaluru,6.61,5,SME,0.271,47,48,0.88,8500,0,1,1,310000
AMCAT-742534,Engineering,B,Hyderabad,8.02,4,SME,0.339,65,49,0.76,14500,0,0,1,300000
AMCAT-878623,Engineering,B,Chennai,7.9,4,Startup,0.245,45,50,0.88,11500,1,1,1,110000
AMCAT-327337,Engineering,B,Mumbai,6.2,5,SME,0.292,36,46,0.78,15000,0,0,1,415000
AMCAT-810342,Engineering,B,Delhi NCR,7.12,5,SME,0.302,56,52,0.88,11000,1,1,1,315000
AMCAT-986780,Engineering,B,Delhi NCR,8.5,3,Startup,0.249,20,52,0.88,14000,1,1,1,210000
AMCAT-580660,Engineering,A,Delhi NCR,7.5,5,MNC,0.366,80,52,0.76,17500,1,1,1,925000
AMCAT-271766,Engineering,B,Mumbai,7.5,6,MNC,0.378,56,48,0.84,15000,0,0,0,600000
AMCAT-257383,Engineering,B,Chennai,7.3,3,Startup,0.209,52,48,0.87,14500,0,0,1,180000
AMCAT-1043810,Engineering,B,Hyderabad,6.7,3,Startup,0.248,87,50,0.76,13500,0,0,1,120000
AMCAT-435378,Engineering,B,Chennai,6.1,5,SME,0.282,14,57,0.78,10000,0,0,1,360000
AMCAT-242719,Engineering,B,Bengaluru,5.2,4,Startup,0.203,66,53,0.84,10500,0,1,1,220000
AMCAT-480350,Engineering,B,Chennai,6.06,5,SME,0.295,78,46,0.78,12500,0,0,0,405000
AMCAT-214103,Engineering,B,Delhi NCR,7.0,4,SME,0.323,52,53,0.78,14000,0,0,1,470000
AMCAT-1272431,Engineering,B,Delhi NCR,6.0,4,Startup,0.314,100,48,0.88,12500,0,1,1,200000
AMCAT-967009,Engineering,B,Delhi NCR,7.33,5,Startup,0.287,31,57,0.88,15500,1,1,1,280000
AMCAT-644505,Engineering,B,Pune,8.56,4,Startup,0.303,52,52,0.76,13500,0,1,1,200000
AMCAT-949152,Engineering,B,Bengaluru,6.56,5,SME,0.329,77,48,0.76,11500,0,0,1,340000
AMCAT-042418,Engineering,A,Mumbai,6.59,4,SME,0.232,59,75,0.87,17500,1,1,1,435000
AMCAT-295129,Engineering,A,Delhi NCR,7.2,4,SME,0.276,32,53,0.78,18500,1,1,1,300000
AMCAT-305011,Engineering,B,Delhi NCR,7.0,4,Startup,0.271,44,53,0.84,15000,1,1,1,240000
AMCAT-1194487,Engineering,B,Hyderabad,8.29,5,SME,0.33,83,48,0.88,18500,0,1,1,325000
AMCAT-669368,Engineering,B,Mumbai,6.6,4,SME,0.329,85,50,0.76,12500,0,0,1,320000
AMCAT-757517,Engineering,B,Mumbai,7.98,5,Startup,0.329,59,52,0.78,14000,0,0,1,120000
AMCAT-1274900,Engineering,B,Delhi NCR,7.4,4,Startup,0.318,77,48,0.76,15000,0,1,1,220000
AMCAT-656739,Engineering,B,Chennai,8.67,5,SME,0.322,70,48,0.76,14000,0,0,1,325000
AMCAT-330381,Engineering,B,Hyderabad,7.48,5,SME,0.282,59,49,0.78,12500,0,0,1,360000
AMCAT-280793,Engineering,B,Delhi NCR,7.0,5,MNC,0.275,81,53,0.84,10000,1,1,1,720000
AMCAT-244558,Engineering,B,Chennai,8.86,4,MNC,0.32,61,49,0.84,12500,1,1,1,650000
AMCAT-308958,Engineering,B,Delhi NCR,7.04,4,SME,0.239,30,52,0.78,11500,0,0,1,420000
AMCAT-653872,Engineering,B,Delhi NCR,6.5,3,Startup,0.246,80,54,0.76,9500,1,1,1,180000
AMCAT-681887,Engineering,B,Delhi NCR,7.6,4,SME,0.326,51,52,0.76,12000,0,0,1,400000
AMCAT-862259,Engineering,B,Mumbai,7.3,3,Startup,0.209,76,50,0.76,11500,0,0,1,95000
AMCAT-321139,Engineering,A,Delhi NCR,7.4,4,SME,0.271,65,49,0.78,19500,0,0,0,400000
AMCAT-666254,Engineering,B,Delhi NCR,7.53,5,Startup,0.289,63,57,0.76,15500,1,1,1,215000
AMCAT-883188,Engineering,B,Bengaluru,6.9,3,Startup,0.21,81,52,0.76,11500,0,0,0,200000
AMCAT-267150,Engineering,B,Delhi NCR,6.3,2,Startup,0.158,40,50,0.78,13500,0,0,0,150000
AMCAT-995970,Engineering,B,Hyderabad,7.1,4,SME,0.264,100,52,0.76,9500,0,0,1,325000
AMCAT-960142,Engineering,B,Delhi NCR,7.95,5,Startup,0.304,70,48,0.88,13000,0,1,1,240000
AMCAT-577525,Engineering,B,Delhi NCR,6.9,5,Startup,0.293,40,50,0.76,15000,0,0,0,180000
AMCAT-1211564,Engineering,A,Delhi NCR,7.18,4,SME,0.285,22,50,0.88,20000,0,1,1,325000
AMCAT-141813,Engineering,B,Pune,5.7,4,Startup,0.2,41,53,0.87,12000,0,1,1,175000
AMCAT-1113571,Engineering,B,Mumbai,6.24,4,Startup,0.255,73,50,0.76,16500,0,0,1,105000
AMCAT-927772,Engineering,B,Bengaluru,5.8,5,SME,0.294,52,48,0.88,10000,1,1,1,300000
AMCAT-289381,Engineering,B,Delhi NCR,6.08,4,Startup,0.282,40,49,0.84,11000,0,0,1,290000
AMCAT-993363,Engineering,B,Mumbai,7.23,3,SME,0.233,1,52,0.76,16000,0,0,1,300000
AMCAT-1039663,Engineering,B,Chennai,7.5,4,SME,0.202,74,50,0.76,18000,0,0,0,300000
AMCAT-1124992,Engineering,B,Hyderabad,7.32,5,Startup,0.273,84,48,0.88,15000,1,1,1,140000
AMCAT-947114,Engineering,B,Bengaluru,6.06,4,Startup,0.271,0,48,0.88,14000,1,1,1,150000
AMCAT-637467,Engineering,B,Hyderabad,7.66,4,SME,0.309,88,52,0.76,8500,1,1,1,360000
AMCAT-360022,Engineering,B,Chennai,6.5,4,Startup,0.247,31,49,0.78,9000,0,1,1,110000
AMCAT-1046259,Engineering,B,Delhi NCR,6.5,4,Startup,0.307,61,48,0.88,14500,1,1,1,280000
AMCAT-644569,Engineering,B,Delhi NCR,6.5,6,Startup,0.383,22,52,0.78,13000,0,0,1,280000
AMCAT-309954,Engineering,B,Delhi NCR,7.1,5,Startup,0.288,71,53,0.78,11000,0,0,0,165000
AMCAT-730823,Engineering,B,Chennai,7.3,4,SME,0.329,70,46,0.76,14000,0,0,0,415000
AMCAT-326938,Engineering,B,Chennai,7.48,3,Startup,0.265,48,53,0.84,14500,1,1,1,120000
AMCAT-1089327,Engineering,B,Delhi NCR,6.7,4,Startup,0.284,82,46,0.88,16500,1,1,1,240000
AMCAT-626784,Engineering,B,Delhi NCR,7.3,4,SME,0.316,82,53,0.76,14500,1,1,1,335000
AMCAT-226015,Engineering,B,Bengaluru,7.2,5,SME,0.273,32,53,0.78,17000,0,1,1,430000
AMCAT-861954,Engineering,B,Mumbai,6.2,4,SME,0.331,96,53,0.76,14000,0,1,1,350000
AMCAT-908846,Engineering,B,Chennai,8.37,4,Startup,0.275,34,49,0.88,13500,1,1,1,60000
AMCAT-812555,Engineering,B,Bengaluru,6.5,4,Startup,0.228,100,48,0.78,16500,0,0,0,150000
AMCAT-273719,Engineering,B,Bengaluru,7.82,4,MNC,0.284,45,53,0.84,11500,0,0,1,600000
AMCAT-342176,Engineering,B,Delhi NCR,7.96,4,MNC,0.346,38,53,0.78,21000,1,1,1,515000
AMCAT-655270,Engineering,B,Delhi NCR,7.4,4,Startup,0.23,51,53,0.76,15000,0,0,0,250000
AMCAT-1279983,Engineering,B,Delhi NCR,7.92,4,Startup,0.257,0,53,0.88,15000,0,1,1,200000
AMCAT-1226693,Engineering,B,Delhi NCR,9.1,4,SME,0.304,40,52,0.91,15500,1,1,1,350000
AMCAT-260350,Engineering,B,Chennai,7.9,3,Startup,0.247,0,48,0.87,18500,0,0,1,200000
AMCAT-518448,Engineering,B,Delhi NCR,6.98,2,Startup,0.156,8,53,0.78,16000,0,0,1,280000
AMCAT-601131,Engineering,B,Delhi NCR,8.79,4,SME,0.323,0,48,0.76,10000,0,0,1,420000
AMCAT-434561,Engineering,B,Chennai,6.2,2,Startup,0.192,40,53,0.78,17500,1,1,1,100000
AMCAT-325730,Engineering,B,Hyderabad,7.62,4,MNC,0.323,53,53,0.78,13000,1,1,1,820000
AMCAT-801301,Engineering,B,Delhi NCR,7.31,3,Startup,0.268,50,52,0.88,14500,1,1,1,200000
AMCAT-1152409,Engineering,A,Delhi NCR,6.76,4,Startup,0.305,71,50,0.76,15000,0,0,1,180000
AMCAT-1281863,Engineering,B,Hyderabad,7.2,4,SME,0.294,49,52,0.91,15500,1,1,1,300000
AMCAT-1096110,Engineering,B,Chennai,7.2,4,Startup,0.242,88,52,0.88,12500,0,0,1,185000
AMCAT-113081,Engineering,B,Delhi NCR,7.27,4,SME,0.271,57,50,0.76,14500,0,1,1,445000
AMCAT-052752,Engineering,B,Delhi NCR,8.32,4,MNC,0.31,48,53,0.76,13500,1,1,1,650000
AMCAT-716336,Engineering,B,Hyderabad,6.92,3,SME,0.267,67,48,0.76,19000,0,0,1,400000
AMCAT-357969,Engineering,B,Delhi NCR,7.5,6,SME,0.365,57,53,0.78,19000,0,0,1,405000
AMCAT-1124993,Engineering,B,Hyderabad,7.8,5,Startup,0.352,24,48,0.88,14000,1,1,1,200000
AMCAT-753299,Engineering,B,Hyderabad,7.17,4,Startup,0.218,67,52,0.76,14000,0,0,1,200000
AMCAT-270797,Engineering,B,Chennai,7.57,3,SME,0.267,85,41,0.84,13000,0,0,1,470000
AMCAT-335397,Engineering,B,Delhi NCR,7.69,4,SME,0.303,86,48,0.76,17000,0,0,1,325000
AMCAT-1088562,Engineering,B,Chennai,7.2,5,SME,0.325,22,50,0.88,13000,1,1,1,325000
AMCAT-795920,Engineering,B,Chennai,6.78,4,SME,0.329,100,49,0.88,13000,0,1,1,450000
AMCAT-619749,Engineering,B,Bengaluru,8.48,4,SME,0.344,31,49,0.76,16500,0,1,1,340000
AMCAT-078510,Engineering,B,Bengaluru,5.5,5,Startup,0.316,45,48,0.87,12500,0,0,0,220000
AMCAT-434862,Engineering,B,Chennai,8.22,4,SME,0.297,28,53,0.78,14000,1,1,1,360000
AMCAT-050241,Engineering,B,Delhi NCR,7.02,4,Startup,0.26,64,53,0.87,10000,1,1,1,120000
AMCAT-334381,Engineering,B,Mumbai,7.43,5,SME,0.271,42,53,0.78,16000,0,0,1,400000
AMCAT-472051,Engineering,B,Delhi NCR,7.02,5,Startup,0.335,76,53,0.78,19000,1,1,1,220000
AMCAT-105673,Engineering,B,Chennai,8.0,4,MNC,0.331,75,53,0.87,16000,0,1,1,700000
AMCAT-1289702,Engineering,B,Mumbai,5.91,3,Startup,0.261,28,52,0.76,17500,1,1,1,180000
AMCAT-820457,Engineering,A,Delhi NCR,6.7,4,SME,0.338,16,52,0.88,16000,1,1,1,300000
AMCAT-1272172,Engineering,B,Bengaluru,6.02,4,Startup,0.243,75,48,0.88,14500,1,1,1,225000
AMCAT-1095193,Engineering,B,Chennai,7.6,5,Startup,0.353,73,52,0.84,11500,0,0,0,120000
AMCAT-872042,Engineering,B,Delhi NCR,6.6,4,Startup,0.251,66,48,0.88,13500,1,1,1,200000
AMCAT-572936,Engineering,B,Delhi NCR,7.52,5,SME,0.341,31,53,0.78,16000,0,0,1,435000
AMCAT-326978,Engineering,B,Mumbai,7.36,5,SME,0.329,19,46,0.78,14500,0,0,1,450000
AMCAT-339680,Engineering,B,Delhi NCR,7.23,5,SME,0.325,50,50,0.78,10500,1,1,1,320000
AMCAT-576225,Engineering,B,Delhi NCR,7.14,5,Startup,0.273,66,52,0.76,10500,1,1,1,120000
AMCAT-319678,Engineering,B,Hyderabad,8.0,5,MNC,0.337,44,49,0.78,10500,1,1,1,550000
AMCAT-971540,Engineering,B,Chennai,7.9,4,Startup,0.274,84,48,0.88,15000,0,1,1,105000
AMCAT-463002,Engineering,B,Delhi NCR,6.72,5,Startup,0.284,49,48,0.76,19000,1,1,1,120000
AMCAT-517535,Engineering,B,Hyderabad,7.5,5,MNC,0.331,48,48,0.78,17500,1,1,1,530000
AMCAT-1203122,Engineering,B,Mumbai,6.2,4,Startup,0.282,73,48,0.76,9500,1,1,1,240000
AMCAT-588871,Engineering,B,Delhi NCR,6.75,5,MNC,0.341,44,53,0.78,17500,1,1,1,650000
AMCAT-133328,Engineering,B,Delhi NCR,5.6,3,Startup,0.254,59,48,0.87,16500,0,0,0,170000
AMCAT-632106,Engineering,B,Delhi NCR,6.5,4,Startup,0.243,0,48,0.88,10000,1,1,1,180000
AMCAT-624950,Engineering,B,Chennai,6.42,3,SME,0.263,65,50,0.76,13000,0,0,1,330000
AMCAT-135273,Engineering,B,Hyderabad,7.22,4,MNC,0.342,0,53,0.87,16500,1,1,1,615000
AMCAT-924712,Engineering,B,Chennai,6.7,4,Startup,0.275,83,52,0.88,15500,1,1,1,240000
AMCAT-927464,Engineering,B,Hyderabad,7.32,5,SME,0.305,0,52,0.88,10500,1,1,1,325000
AMCAT-342936,Engineering,B,Delhi NCR,6.24,4,Startup,0.232,76,52,0.88,15500,0,1,1,95000
AMCAT-059555,Engineering,A,Delhi NCR,7.08,3,SME,0.25,38,53,0.78,12500,1,1,1,400000
AMCAT-248992,Engineering,B,Delhi NCR,6.16,4,Startup,0.295,39,53,0.84,13500,0,1,1,180000
AMCAT-536500,Engineering,B,Delhi NCR,6.73,6,SME,0.362,39,53,0.78,17000,0,0,1,475000
AMCAT-1203843,Engineering,B,Chennai,7.7,4,SME,0.273,38,50,0.91,14000,1,1,1,350000
AMCAT-1269254,Engineering,A,Pune,8.4,6,SME,0.366,72,57,0.88,17000,1,1,1,450000
AMCAT-1201536,Engineering,B,Bengaluru,6.8,5,SME,0.308,84,48,0.76,16000,0,0,1,360000
AMCAT-283980,Engineering,A,Delhi NCR,6.1,5,Startup,0.327,57,50,0.84,20500,0,0,0,250000
AMCAT-1191908,Engineering,B,Chennai,7.4,5,Startup,0.325,86,48,0.88,17500,1,1,1,200000
AMCAT-196482,Engineering,B,Delhi NCR,7.7,4,SME,0.301,27,48,0.84,16000,0,1,1,400000
AMCAT-271904,Engineering,B,Bengaluru,6.12,4,MNC,0.337,47,50,0.84,16500,0,1,1,1100000
AMCAT-794050,Engineering,B,Delhi NCR,7.13,4,SME,0.304,49,52,0.88,16000,1,1,1,350000
AMCAT-1168773,Engineering,B,Bengaluru,9.0,5,Startup,0.27,67,69,0.88,14500,0,1,1,275000
AMCAT-336546,Engineering,B,Chennai,7.76,4,SME,0.267,2,50,0.78,14000,0,0,1,415000
AMCAT-639820,Engineering,B,Delhi NCR,6.7,3,Startup,0.239,82,48,0.76,13500,0,0,1,200000
AMCAT-1220647,Engineering,B,Bengaluru,8.4,6,SME,0.352,79,69,0.88,11000,0,1,1,350000
AMCAT-988732,Engineering,B,Delhi NCR,6.33,4,Startup,0.249,47,52,0.88,11500,1,1,1,95000
AMCAT-1037121,Engineering,B,Chennai,9.0,5,SME,0.347,1,46,0.76,13500,0,0,1,325000
AMCAT-1264789,Engineering,B,Delhi NCR,7.15,4,SME,0.281,44,50,0.88,14500,0,1,1,320000
AMCAT-878500,Engineering,B,Chennai,7.98,5,Startup,0.282,31,57,0.88,17500,1,1,1,75000
AMCAT-246190,Engineering,B,Delhi NCR,6.97,4,MNC,0.25,60,50,0.84,14000,0,1,1,500000
AMCAT-643957,Engineering,B,Bengaluru,5.7,5,Startup,0.281,0,48,0.76,16500,0,0,1,240000
AMCAT-115351,Engineering,B,Delhi NCR,7.08,4,SME,0.314,17,48,0.87,16500,0,0,0,340000
AMCAT-691865,Engineering,B,Chennai,6.51,5,Startup,0.285,33,49,0.76,13500,1,1,1,240000
AMCAT-639696,Engineering,B,Delhi NCR,7.73,4,Startup,0.274,47,50,0.76,15500,0,1,1,275000
AMCAT-063073,Engineering,B,Delhi NCR,5.82,4,SME,0.23,5,53,0.87,13500,0,0,0,450000
AMCAT-539169,Engineering,B,Hyderabad,6.82,6,SME,0.38,68,50,0.78,17500,0,0,1,495000
AMCAT-1218477,Engineering,B,Mumbai,8.15,5,Startup,0.285,60,48,0.91,15500,1,1,1,180000
AMCAT-390024,Engineering,B,Bengaluru,5.8,4,Startup,0.245,38,53,0.78,11000,0,0,0,225000
AMCAT-982188,Engineering,B,Delhi NCR,6.3,4,Startup,0.281,73,52,0.88,14500,0,0,1,205000
AMCAT-046371,Engineering,B,Delhi NCR,7.34,5,MNC,0.308,19,53,0.87,18000,0,1,1,510000
AMCAT-535972,Engineering,B,Hyderabad,7.5,5,SME,0.305,88,53,0.78,13500,1,1,1,300000
AMCAT-962526,Engineering,A,Delhi NCR,7.14,5,MNC,0.332,33,52,0.88,19000,1,1,1,700000
AMCAT-390353,Engineering,B,Bengaluru,7.5,4,SME,0.237,29,48,0.78,15500,1,1,1,300000
AMCAT-920335,Engineering,B,Delhi NCR,6.0,3,Startup,0.22,99,48,0.79,11500,1,1,1,145000
AMCAT-656354,Engineering,B,Chennai,7.7,3,SME,0.26,80,52,0.76,15500,0,0,1,365000
AMCAT-313526,Engineering,B,Hyderabad,7.0,3,SME,0.267,28,41,0.78,10500,0,0,1,400000
AMCAT-1045712,Engineering,B,Delhi NCR,7.48,5,Startup,0.321,63,50,0.76,12500,1,1,1,95000
AMCAT-852189,Engineering,B,Delhi NCR,7.9,5,SME,0.347,60,50,0.76,16500,0,1,1,325000
AMCAT-1240608,Engineering,B,Delhi NCR,7.31,3,SME,0.253,17,52,0.91,15000,1,1,1,405000
AMCAT-629725,Engineering,B,Chennai,8.0,3,Startup,0.214,60,49,0.76,13000,1,1,1,100000
AMCAT-063887,Engineering,B,Delhi NCR,6.63,4,SME,0.293,77,53,0.87,15000,0,0,0,395000
AMCAT-730857,Engineering,B,Chennai,7.59,6,SME,0.369,13,48,0.76,14000,0,0,1,325000
AMCAT-311544,Engineering,B,Bengaluru,6.7,4,SME,0.301,55,53,0.84,14000,0,0,1,390000
AMCAT-1100909,Engineering,B,Bengaluru,7.23,4,SME,0.319,100,52,0.88,15500,0,1,1,325000
AMCAT-265160,Engineering,B,Mumbai,6.79,3,Startup,0.22,63,52,0.84,12000,1,1,1,195000
AMCAT-192733,Engineering,B,Hyderabad,6.91,3,SME,0.233,61,50,0.84,14000,0,1,1,420000
AMCAT-661812,Engineering,B,Chennai,8.14,3,Startup,0.213,72,52,0.76,13000,1,1,1,95000
AMCAT-045421,Engineering,B,Chennai,8.2,4,SME,0.303,71,50,0.87,10000,1,1,1,415000
AMCAT-328107,Engineering,B,Hyderabad,6.04,4,Startup,0.267,55,50,0.78,11500,0,0,1,295000
AMCAT-794947,Engineering,B,Chennai,7.42,5,SME,0.364,68,49,0.88,18000,1,1,1,450000
AMCAT-327257,Engineering,B,Mumbai,6.6,5,MNC,0.292,72,50,0.78,15000,1,1,1,655000
AMCAT-1242113,Engineering,B,Delhi NCR,6.69,3,Startup,0.262,64,73,0.88,10500,0,1,1,240000
AMCAT-271036,Engineering,B,Bengaluru,7.48,3,MNC,0.26,55,53,0.84,10000,0,1,1,530000
AMCAT-628331,Engineering,B,Delhi NCR,7.9,3,Startup,0.262,76,52,0.76,13500,0,0,0,200000
AMCAT-035122,Engineering,B,Delhi NCR,6.7,3,Startup,0.233,95,53,0.87,18000,1,1,1,180000
AMCAT-343471,Engineering,B,Delhi NCR,6.86,4,SME,0.211,25,48,0.78,13500,0,0,1,350000
AMCAT-1131892,Engineering,B,Mumbai,7.16,3,Startup,0.204,98,52,0.76,17500,0,0,0,95000
AMCAT-628193,Engineering,B,Delhi NCR,6.6,5,Startup,0.317,46,48,0.76,15000,1,1,1,215000
AMCAT-241990,Engineering,B,Chennai,7.5,3,SME,0.252,40,49,0.84,15000,0,0,1,400000
AMCAT-1218130,Engineering,B,Delhi NCR,7.2,4,SME,0.275,53,48,0.91,10500,1,1,1,320000
AMCAT-035392,Engineering,B,Delhi NCR,6.1,4,SME,0.28,65,50,0.84,16500,0,0,1,470000
AMCAT-604361,Engineering,A,Delhi NCR,7.08,4,SME,0.268,27,50,0.76,17000,0,0,1,350000
AMCAT-722839,Engineering,A,Delhi NCR,7.63,5,MNC,0.359,61,52,0.78,20000,0,0,1,500000
AMCAT-732766,Engineering,B,Chennai,7.8,5,SME,0.281,16,48,0.76,12000,0,0,1,300000
AMCAT-335906,Engineering,B,Hyderabad,6.96,5,SME,0.308,80,53,0.78,14500,0,0,1,300000
AMCAT-1059642,Engineering,B,Bengaluru,6.7,4,Startup,0.303,100,52,0.76,15000,0,0,0,150000
AMCAT-655292,Engineering,B,Delhi NCR,6.49,3,Startup,0.197,47,53,0.76,13500,0,0,0,180000
AMCAT-998012,Engineering,B,Hyderabad,7.78,5,Startup,0.28,90,49,0.76,15000,0,0,1,190000
AMCAT-938191,Engineering,B,Delhi NCR,7.53,5,SME,0.305,56,57,0.88,13500,1,1,1,325000
AMCAT-921221,Engineering,B,Mumbai,6.29,6,SME,0.378,8,46,0.88,12500,1,1,1,325000
AMCAT-1066890,Engineering,B,Chennai,6.6,3,Startup,0.233,100,50,0.76,18000,0,0,0,180000
AMCAT-815714,Engineering,B,Mumbai,6.47,5,Startup,0.302,100,52,0.76,16500,1,1,1,280000
AMCAT-656694,Engineering,B,Chennai,8.0,4,SME,0.307,89,46,0.76,12000,0,1,1,400000
AMCAT-1083136,Engineering,B,Chennai,7.7,4,SME,0.324,13,52,0.88,15500,0,1,1,300000
AMCAT-1091356,Engineering,B,Bengaluru,6.29,4,Startup,0.336,76,52,0.76,12000,0,0,1,120000
AMCAT-687289,Engineering,B,Mumbai,7.47,5,SME,0.314,55,50,0.76,11000,0,0,0,300000
AMCAT-035249,Engineering,B,Delhi NCR,8.1,5,SME,0.307,36,53,0.84,16500,0,0,1,405000
AMCAT-908780,Engineering,B,Chennai,8.3,4,Startup,0.218,27,50,0.88,9500,1,1,1,150000
AMCAT-328163,Engineering,B,Delhi NCR,5.4,3,Startup,0.179,22,49,0.78,16500,0,0,0,205000
AMCAT-580697,Engineering,A,Delhi NCR,8.0,4,SME,0.338,44,50,0.76,17500,1,1,1,450000
AMCAT-911973,Engineering,B,Delhi NCR,7.7,4,SME,0.236,19,50,0.88,13500,1,1,1,350000
AMCAT-1288236,Engineering,B,Delhi NCR,7.06,4,SME,0.343,84,48,0.88,15000,0,0,1,325000
AMCAT-1095283,Engineering,B,Hyderabad,6.56,4,SME,0.344,76,48,0.76,15500,0,0,1,335000
AMCAT-822575,Engineering,B,Delhi NCR,7.26,4,Startup,0.26,27,57,0.88,12000,0,1,1,210000
AMCAT-064844,Engineering,B,Bengaluru,5.3,3,SME,0.245,65,48,0.87,16000,1,1,1,335000
AMCAT-1122778,Engineering,B,Chennai,6.3,4,Startup,0.235,82,52,0.88,14500,0,1,1,200000
AMCAT-328471,Engineering,B,Delhi NCR,7.77,5,SME,0.336,60,48,0.78,11000,0,0,1,335000
AMCAT-1175525,Engineering,B,Delhi NCR,7.5,4,Startup,0.283,0,76,0.91,13500,1,1,1,240000
AMCAT-1200319,Engineering,B,Delhi NCR,7.46,5,Startup,0.314,50,48,0.76,17500,1,1,1,180000
AMCAT-553645,Engineering,A,Delhi NCR,6.8,5,SME,0.297,50,52,0.76,22000,0,1,1,350000
AMCAT-230511,Engineering,B,Delhi NCR,6.06,5,Startup,0.273,28,53,0.84,16000,0,0,1,240000
AMCAT-333596,Engineering,B,Hyderabad,6.9,3,SME,0.265,53,53,0.78,11000,0,0,0,405000
AMCAT-087308,Engineering,B,Mumbai,6.7,4,SME,0.307,47,53,0.87,15000,0,0,0,420000
AMCAT-355322,Engineering,B,Delhi NCR,6.87,4,Startup,0.23,57,52,0.78,16000,0,0,0,240000
AMCAT-924418,Engineering,B,Delhi NCR,7.96,4,Startup,0.32,91,49,0.88,16000,1,1,1,170000
AMCAT-1290145,Engineering,B,Chennai,8.1,4,SME,0.284,55,52,0.88,16000,0,0,1,320000
AMCAT-1096809,Engineering,B,Hyderabad,7.48,4,Startup,0.293,63,48,0.88,15000,1,1,1,200000
AMCAT-203454,Engineering,B,Bengaluru,7.8,4,MNC,0.286,25,53,0.84,14000,0,0,1,500000
AMCAT-1269126,Engineering,B,Bengaluru,6.41,4,Startup,0.264,42,52,0.88,12500,0,0,1,150000
AMCAT-1073062,Engineering,B,Delhi NCR,7.36,3,Startup,0.26,80,50,0.76,9500,1,1,1,145000
AMCAT-301629,Engineering,B,Mumbai,6.32,4,SME,0.325,59,53,0.84,15000,0,0,1,370000
AMCAT-1219098,Engineering,B,Chennai,7.7,4,Startup,0.302,61,48,0.76,14500,0,0,0,265000
AMCAT-227644,Engineering,B,Hyderabad,6.3,3,SME,0.248,40,53,0.84,15500,0,0,1,400000
AMCAT-883996,Engineering,B,Mumbai,6.11,4,Startup,0.265,49,46,0.88,10500,1,1,1,180000
AMCAT-652580,Engineering,B,Hyderabad,8.22,4,SME,0.344,47,48,0.76,15500,1,1,1,325000
AMCAT-864107,Engineering,A,Delhi NCR,7.12,4,Startup,0.31,59,52,0.76,23000,0,0,0,145000
AMCAT-1160213,Engineering,B,Delhi NCR,6.7,6,SME,0.369,0,50,0.88,14000,0,0,1,320000
AMCAT-456580,Engineering,B,Hyderabad,7.3,4,Startup,0.34,79,48,0.78,14000,0,0,1,150000
AMCAT-1089624,Engineering,B,Mumbai,7.04,4,Startup,0.327,59,52,0.88,15000,1,1,1,240000
AMCAT-959820,Engineering,B,Delhi NCR,6.9,5,Startup,0.278,14,52,0.88,19000,1,1,1,180000
AMCAT-661378,Engineering,B,Delhi NCR,7.77,3,SME,0.236,44,52,0.76,11500,0,0,1,335000
AMCAT-810998,Engineering,B,Delhi NCR,7.25,4,SME,0.303,5,69,0.88,14500,1,1,1,300000
AMCAT-1098933,Engineering,B,Mumbai,6.8,4,Startup,0.245,95,52,0.76,12000,0,1,1,120000
AMCAT-918568,Engineering,A,Mumbai,5.5,4,MNC,0.29,39,57,0.76,16500,0,0,0,775000
AMCAT-328944,Engineering,B,Bengaluru,8.09,4,SME,0.314,45,46,0.78,14000,0,0,1,450000
AMCAT-265130,Engineering,B,Mumbai,6.4,4,SME,0.262,62,53,0.84,17500,0,0,0,450000
AMCAT-099769,Engineering,B,Hyderabad,7.26,5,SME,0.322,29,53,0.87,18500,0,0,1,420000
AMCAT-711329,Engineering,B,Delhi NCR,7.83,4,SME,0.285,57,50,0.76,15000,1,1,1,375000
AMCAT-1088577,Engineering,B,Hyderabad,6.62,4,Startup,0.269,60,52,0.88,13000,0,0,1,145000
AMCAT-628220,Engineering,B,Delhi NCR,6.74,5,SME,0.302,42,52,0.76,20000,0,0,1,315000
AMCAT-625891,Engineering,B,Delhi NCR,7.03,4,Startup,0.314,36,48,0.76,13000,0,0,1,150000
AMCAT-937947,Engineering,B,Delhi NCR,7.2,6,SME,0.353,100,50,0.88,12500,1,1,1,325000
AMCAT-625434,Engineering,B,Delhi NCR,7.5,5,MNC,0.37,53,52,0.76,9500,0,1,1,565000
AMCAT-407922,Engineering,B,Bengaluru,9.16,4,MNC,0.282,77,48,0.78,17500,1,1,1,500000
AMCAT-995189,Engineering,B,Hyderabad,7.48,4,Startup,0.256,62,52,0.76,16500,0,0,0,145000
AMCAT-1081640,Engineering,B,Chennai,6.81,4,Startup,0.262,51,49,0.88,20000,1,1,1,100000
AMCAT-1202817,Engineering,B,Hyderabad,6.7,3,Startup,0.252,59,57,0.76,10500,1,1,1,275000
AMCAT-898548,Engineering,B,Delhi NCR,8.0,4,SME,0.261,25,49,0.93,17500,1,1,1,350000
AMCAT-299309,Engineering,B,Mumbai,5.88,3,Startup,0.262,56,50,0.84,14000,0,0,0,160000
AMCAT-644828,Engineering,B,Chennai,8.15,5,SME,0.286,86,52,0.76,16000,1,1,1,360000
AMCAT-359247,Engineering,B,Bengaluru,6.64,5,Startup,0.355,90,48,0.78,10000,0,0,1,260000
AMCAT-868791,Engineering,B,Chennai,8.0,5,SME,0.349,100,50,0.88,17500,1,1,1,325000
AMCAT-587593,Engineering,B,Delhi NCR,7.59,5,SME,0.308,58,50,0.78,16000,0,0,1,300000
AMCAT-661427,Engineering,B,Delhi NCR,6.4,4,Startup,0.282,15,52,0.76,14000,1,1,1,240000
AMCAT-1219891,Engineering,B,Bengaluru,7.0,3,Startup,0.255,55,49,0.88,15500,0,0,1,200000
AMCAT-282011,Engineering,B,Delhi NCR,6.66,3,MNC,0.243,57,57,0.84,12000,1,1,1,550000
AMCAT-644973,Engineering,B,Mumbai,6.3,4,Startup,0.262,0,48,0.76,12500,0,0,1,95000
AMCAT-670620,Engineering,B,Delhi NCR,6.4,4,SME,0.322,32,52,0.76,13000,0,1,1,310000
AMCAT-801323,Engineering,B,Delhi NCR,7.38,4,SME,0.287,64,52,0.88,9500,1,1,1,350000
AMCAT-1002611,Engineering,B,Hyderabad,8.49,4,SME,0.323,68,57,0.88,16000,0,1,1,325000
AMCAT-803471,Engineering,B,Delhi NCR,6.72,3,Startup,0.258,11,52,0.88,17000,1,1,1,225000
AMCAT-1156529,Engineering,B,Delhi NCR,6.95,5,Startup,0.285,38,52,0.76,12000,0,1,1,100000
AMCAT-1042501,Engineering,B,Chennai,7.53,4,Startup,0.26,98,45,0.76,15000,0,0,0,85000
AMCAT-530061,Engineering,B,Delhi NCR,7.8,4,SME,0.262,0,48,0.76,13500,0,0,0,300000
AMCAT-379339,Engineering,A,Delhi NCR,6.6,5,SME,0.277,10,50,0.78,19000,0,1,1,400000
AMCAT-267047,Engineering,B,Delhi NCR,6.0,3,Startup,0.211,14,50,0.84,12500,0,0,0,150000
AMCAT-989810,Engineering,B,Delhi NCR,6.91,4,Startup,0.332,88,52,0.91,12000,1,1,1,180000
AMCAT-1203568,Engineering,B,Chennai,8.1,5,SME,0.338,73,46,0.88,16500,1,1,1,300000
AMCAT-1085556,Engineering,B,Bengaluru,8.06,5,Startup,0.298,70,52,0.76,14000,0,0,1,145000
AMCAT-243274,Engineering,B,Delhi NCR,7.14,4,SME,0.338,0,53,0.84,19000,0,1,1,490000
AMCAT-1193177,Engineering,B,Delhi NCR,7.2,4,Startup,0.286,9,52,0.76,14000,1,1,1,200000
AMCAT-1007899,Engineering,B,Chennai,8.5,4,SME,0.334,47,54,0.76,11500,1,1,1,400000
AMCAT-536085,Engineering,A,Delhi NCR,7.5,5,SME,0.384,39,48,0.78,21000,1,1,1,360000
AMCAT-1095963,Engineering,B,Chennai,6.78,3,SME,0.256,11,69,0.88,15500,1,1,1,300000
AMCAT-982516,Engineering,B,Delhi NCR,6.51,4,Startup,0.219,81,53,0.88,16000,0,1,1,90000
AMCAT-618243,Engineering,B,Mumbai,8.03,6,SME,0.367,56,69,0.76,17000,1,1,1,320000
AMCAT-514622,Engineering,B,Delhi NCR,7.05,4,SME,0.289,62,50,0.78,12500,0,0,1,490000
AMCAT-640037,Engineering,B,Bengaluru,6.87,3,Startup,0.246,82,52,0.76,13500,1,1,1,200000
AMCAT-337533,Engineering,B,Chennai,8.89,4,SME,0.312,74,48,0.78,13500,0,0,1,450000
AMCAT-938536,Engineering,B,Chennai,7.4,4,Startup,0.216,70,48,0.88,11000,1,1,1,225000
AMCAT-781902,Engineering,B,Chennai,7.01,4,Startup,0.216,50,29,0.76,13500,0,0,0,130000
AMCAT-1036025,Engineering,B,Mumbai,6.89,4,SME,0.214,52,52,0.76,17500,0,0,1,315000
AMCAT-599652,Engineering,B,Chennai,7.4,5,SME,0.276,47,48,0.76,14500,0,0,1,330000
AMCAT-105067,Engineering,B,Delhi NCR,6.3,3,Startup,0.232,23,46,0.87,10500,0,1,1,120000
AMCAT-1119976,Engineering,B,Delhi NCR,6.5,3,Startup,0.261,79,52,0.76,10000,1,1,1,180000
AMCAT-663824,Engineering,B,Delhi NCR,7.34,4,Startup,0.212,7,53,0.76,18000,0,1,1,260000
AMCAT-722915,Engineering,B,Mumbai,7.52,5,SME,0.385,39,46,0.76,14000,0,1,1,400000
AMCAT-1233727,Engineering,B,Delhi NCR,7.7,4,SME,0.293,22,52,0.91,12500,1,1,1,300000
AMCAT-982135,Engineering,B,Chennai,7.8,4,MNC,0.3,60,52,0.88,13500,1,1,1,600000
AMCAT-1110880,Engineering,B,Hyderabad,7.82,3,Startup,0.167,18,50,0.76,10500,0,0,0,105000
AMCAT-553371,Engineering,B,Delhi NCR,7.1,4,SME,0.253,18,53,0.76,17500,0,1,1,335000
AMCAT-690186,Engineering,B,Chennai,7.47,5,Startup,0.289,10,48,0.76,13000,0,0,1,270000
AMCAT-995141,Engineering,B,Hyderabad,7.28,4,Startup,0.31,100,48,0.76,17500,0,0,1,180000
AMCAT-654308,Engineering,B,Hyderabad,6.7,5,SME,0.338,61,52,0.76,14000,0,1,1,300000
AMCAT-267683,Engineering,B,Bengaluru,6.02,3,SME,0.26,47,50,0.84,17500,1,1,1,360000
AMCAT-604821,Engineering,B,Delhi NCR,8.24,5,Startup,0.336,66,48,0.76,14500,1,1,1,280000
AMCAT-1062520,Engineering,B,Hyderabad,7.64,6,SME,0.36,46,48,0.88,16000,0,1,1,325000
AMCAT-844474,Engineering,B,Delhi NCR,6.6,4,Startup,0.199,70,52,0.76,16000,0,1,1,195000
AMCAT-262863,Engineering,B,Delhi NCR,7.06,3,Startup,0.203,45,53,0.88,15500,1,1,1,240000
AMCAT-1089287,Engineering,B,Delhi NCR,6.9,5,SME,0.324,38,48,0.88,15000,1,1,1,300000
AMCAT-1269538,Engineering,B,Mumbai,7.01,4,Startup,0.325,39,52,0.78,13500,0,0,0,190000
AMCAT-831000,Engineering,A,Delhi NCR,7.96,5,SME,0.363,18,48,0.88,23000,1,1,1,325000
AMCAT-1047972,Engineering,B,Hyderabad,7.07,4,Startup,0.235,56,52,0.76,11500,0,0,0,195000
AMCAT-425362,Engineering,B,Delhi NCR,7.0,4,Startup,0.242,37,50,0.78,14000,1,1,1,145000
AMCAT-329618,Engineering,B,Chennai,7.13,4,SME,0.29,21,52,0.78,14000,0,1,1,370000
AMCAT-272323,Engineering,B,Delhi NCR,7.3,4,SME,0.325,78,53,0.84,15000,0,0,0,390000
AMCAT-332563,Engineering,B,Delhi NCR,6.9,3,Startup,0.23,52,53,0.76,13000,0,0,1,180000
AMCAT-677954,Engineering,A,Delhi NCR,6.2,4,Startup,0.302,44,53,0.76,19000,0,0,1,200000
AMCAT-677204,Engineering,B,Delhi NCR,7.42,6,SME,0.347,56,52,0.76,13500,1,1,1,390000
AMCAT-273602,Engineering,B,Chennai,7.2,3,SME,0.205,46,46,0.87,10000,0,0,0,450000
AMCAT-278760,Engineering,B,Delhi NCR,7.54,5,SME,0.29,34,50,0.84,14000,0,0,1,450000
AMCAT-267121,Engineering,B,Delhi NCR,7.0,4,MNC,0.252,35,50,0.84,11000,1,1,1,850000
AMCAT-708980,Engineering,B,Bengaluru,6.57,4,Startup,0.312,30,69,0.76,9500,0,0,0,295000
AMCAT-1136067,Engineering,B,Delhi NCR,7.49,5,SME,0.323,22,48,0.88,14500,1,1,1,300000
AMCAT-530601,Engineering,B,Delhi NCR,8.19,4,Startup,0.244,42,50,0.76,15000,0,0,1,290000
AMCAT-238088,Engineering,B,Bengaluru,6.04,4,SME,0.284,31,48,0.84,15500,0,0,1,360000
AMCAT-628271,Engineering,B,Delhi NCR,7.13,5,Startup,0.293,52,57,0.76,15500,1,1,1,210000
AMCAT-111273,Engineering,B,Mumbai,6.74,4,Startup,0.252,0,48,0.87,9000,0,0,0,290000
AMCAT-698914,Engineering,B,Chennai,7.2,3,Startup,0.261,87,52,0.88,10500,1,1,1,180000
AMCAT-231229,Engineering,A,Delhi NCR,8.58,4,MNC,0.335,18,60,0.84,23000,0,0,0,730000
AMCAT-913446,Engineering,A,Chennai,6.3,5,SME,0.338,35,52,0.88,15500,1,1,1,370000
AMCAT-816649,Engineering,A,Delhi NCR,7.3,3,Startup,0.249,26,48,0.88,19500,0,1,1,220000
AMCAT-242972,Engineering,B,Delhi NCR,7.11,4,SME,0.316,54,48,0.84,12500,0,0,0,340000
AMCAT-530146,Engineering,B,Delhi NCR,6.9,4,SME,0.253,45,57,0.76,14000,1,1,1,360000
AMCAT-638674,Engineering,B,Bengaluru,7.28,4,Startup,0.25,60,52,0.76,12500,0,0,0,105000
AMCAT-988486,Engineering,B,Delhi NCR,6.14,4,Startup,0.219,7,48,0.88,15500,1,1,1,120000
AMCAT-1261955,Engineering,B,Delhi NCR,6.75,5,Startup,0.337,22,52,0.88,14500,1,1,1,225000
AMCAT-082310,Engineering,B,Chennai,6.3,5,MNC,0.273,10,53,0.87,13000,0,0,0,500000
AMCAT-333337,Engineering,B,Delhi NCR,6.13,5,Startup,0.297,47,53,0.78,11500,1,1,1,240000
AMCAT-600608,Engineering,B,Delhi NCR,6.7,4,SME,0.307,36,53,0.78,14500,1,1,1,490000
AMCAT-955389,Engineering,B,Delhi NCR,6.08,3,Startup,0.232,58,48,0.88,11000,1,1,1,215000
AMCAT-385232,Engineering,B,Delhi NCR,6.9,3,Startup,0.216,32,53,0.78,15000,1,1,1,180000
AMCAT-800223,Engineering,B,Delhi NCR,6.53,4,SME,0.252,48,52,0.88,20500,0,1,1,330000
AMCAT-336937,Engineering,B,Chennai,7.5,4,Startup,0.202,30,75,0.78,17500,1,1,1,100000
AMCAT-1087768,Engineering,B,Delhi NCR,6.18,5,SME,0.271,100,52,0.88,16000,0,0,1,315000
AMCAT-390017,Engineering,B,Bengaluru,7.3,3,Startup,0.207,55,48,0.78,14000,0,1,1,180000
AMCAT-531480,Engineering,B,Hyderabad,8.24,4,SME,0.313,10,49,0.76,9000,0,1,1,365000
AMCAT-116358,Engineering,B,Hyderabad,6.9,4,SME,0.256,62,50,0.87,10500,0,0,1,490000
AMCAT-335328,Engineering,B,Delhi NCR,6.4,3,Startup,0.261,46,48,0.76,17000,1,1,1,200000
AMCAT-450793,Engineering,B,Chennai,6.9,4,Startup,0.23,28,50,0.78,12000,0,0,1,200000
AMCAT-057349,Engineering,B,Delhi NCR,6.1,2,SME,0.192,24,48,0.87,12500,0,0,0,300000
AMCAT-385546,Engineering,B,Delhi NCR,8.35,4,Startup,0.314,60,48,0.78,13500,0,1,1,205000
AMCAT-340205,Engineering,B,Delhi NCR,6.18,4,SME,0.245,39,48,0.76,11500,0,0,1,300000
AMCAT-716325,Engineering,B,Hyderabad,6.94,4,Startup,0.248,12,52,0.76,11000,1,1,1,100000
AMCAT-1100767,Engineering,B,Hyderabad,7.23,3,SME,0.229,64,50,0.88,14000,1,1,1,300000
AMCAT-1067015,Engineering,B,Hyderabad,6.46,3,Startup,0.227,80,48,0.76,12000,1,1,1,280000
AMCAT-1082543,Engineering,B,Chennai,6.2,4,Startup,0.286,55,41,0.88,12000,1,1,1,215000
AMCAT-423045,Engineering,B,Delhi NCR,8.03,5,SME,0.31,73,53,0.78,12000,1,1,1,410000
AMCAT-955352,Engineering,B,Delhi NCR,7.5,4,Startup,0.221,10,52,0.88,15500,1,1,1,180000
AMCAT-048419,Engineering,B,Chennai,7.58,5,MNC,0.307,40,53,0.68,13500,0,0,0,650000
AMCAT-1107633,Engineering,B,Delhi NCR,7.01,5,Startup,0.319,59,52,0.76,13500,1,1,1,180000
AMCAT-932788,Engineering,B,Delhi NCR,7.81,4,SME,0.295,36,52,0.88,15500,1,1,1,300000
AMCAT-794062,Engineering,B,Delhi NCR,7.01,4,Startup,0.276,24,52,0.88,13500,1,1,1,200000
AMCAT-302743,Engineering,B,Mumbai,6.13,5,SME,0.273,62,44,0.84,13500,0,0,1,410000
AMCAT-885459,Engineering,B,Mumbai,6.6,3,Startup,0.261,18,57,0.88,15000,1,1,1,145000
AMCAT-432556,Engineering,B,Delhi NCR,7.45,3,Startup,0.19,70,52,0.78,15500,0,0,0,155000
AMCAT-331779,Engineering,B,Chennai,7.05,3,Startup,0.162,6,50,0.78,13500,0,0,1,160000
AMCAT-531726,Engineering,B,Hyderabad,6.94,4,SME,0.267,76,48,0.76,14000,0,0,1,310000
AMCAT-606094,Engineering,B,Hyderabad,8.0,6,SME,0.35,22,48,0.76,12000,1,1,1,440000
AMCAT-425242,Engineering,B,Delhi NCR,6.11,4,Startup,0.271,0,50,0.78,12000,1,1,1,180000
AMCAT-1039020,Engineering,B,Hyderabad,7.72,4,SME,0.277,60,48,0.76,16000,0,0,1,310000
AMCAT-775902,Engineering,B,Chennai,8.5,5,SME,0.337,69,52,0.76,15000,0,0,1,390000
AMCAT-1037712,Engineering,B,Chennai,8.41,4,Startup,0.325,83,48,0.76,15000,1,1,1,240000
AMCAT-230702,Engineering,B,Delhi NCR,6.5,5,MNC,0.32,22,69,0.84,14500,1,1,1,700000
AMCAT-644440,Engineering,B,Pune,7.5,3,Startup,0.218,34,52,0.76,14000,1,1,1,110000
AMCAT-509245,Engineering,B,Delhi NCR,7.78,4,Startup,0.271,54,48,0.78,15500,0,0,0,200000
AMCAT-737374,Engineering,B,Delhi NCR,6.53,4,Startup,0.327,53,46,0.76,16500,0,0,0,240000
AMCAT-224873,Engineering,B,Bengaluru,7.54,5,SME,0.331,16,48,0.78,16500,0,1,1,450000
AMCAT-1068919,Engineering,B,Hyderabad,6.52,4,Startup,0.216,33,48,0.78,13500,0,0,0,250000
AMCAT-469012,Engineering,B,Delhi NCR,7.39,4,SME,0.247,45,53,0.78,17500,0,0,1,360000
AMCAT-1233826,Engineering,B,Delhi NCR,6.2,4,SME,0.329,66,52,0.91,14500,1,1,1,330000
AMCAT-1092890,Engineering,B,Chennai,7.5,3,SME,0.244,51,48,0.76,15500,0,0,1,310000
AMCAT-143926,Engineering,B,Delhi NCR,7.7,5,MNC,0.278,37,48,0.84,14500,0,0,1,500000
AMCAT-1044603,Engineering,A,Delhi NCR,6.9,5,Startup,0.294,31,48,0.88,18500,0,0,1,180000
AMCAT-755067,Engineering,B,Chennai,8.21,4,SME,0.338,43,50,0.76,12000,1,1,1,335000
AMCAT-641821,Engineering,B,Mumbai,7.25,4,Startup,0.273,49,45,0.76,16000,1,1,1,180000
AMCAT-1240207,Engineering,B,Delhi NCR,6.3,5,SME,0.321,60,52,0.88,21000,1,1,1,300000
AMCAT-1006997,Engineering,B,Mumbai,7.1,5,SME,0.302,53,50,0.88,13000,0,0,1,300000
AMCAT-217036,Engineering,B,Delhi NCR,6.0,3,SME,0.235,15,50,0.84,14000,1,1,1,415000
AMCAT-1274658,Engineering,B,Chennai,8.0,6,SME,0.368,69,50,0.76,13000,1,1,1,320000
AMCAT-212055,Engineering,A,Delhi NCR,7.75,5,MNC,0.277,34,53,0.76,17000,1,1,1,550000
AMCAT-197796,Engineering,B,Delhi NCR,6.5,5,Startup,0.316,30,57,0.84,18000,1,1,1,150000
AMCAT-1077872,Engineering,B,Mumbai,7.12,4,Startup,0.305,63,52,0.76,12500,0,0,0,220000
AMCAT-1076441,Engineering,B,Hyderabad,6.82,4,SME,0.276,57,48,0.76,13000,0,0,0,315000
AMCAT-305041,Engineering,B,Delhi NCR,7.0,5,SME,0.284,59,53,0.84,10000,0,1,1,480000
AMCAT-358393,Engineering,B,Delhi NCR,7.7,6,SME,0.348,65,53,0.78,12000,0,0,1,430000
AMCAT-439787,Engineering,B,Delhi NCR,7.43,5,Startup,0.275,0,48,0.78,9500,0,1,1,280000
AMCAT-466661,Engineering,B,Bengaluru,6.32,4,Startup,0.252,31,48,0.78,15500,0,0,1,200000
AMCAT-1204604,Engineering,B,Bengaluru,8.0,4,SME,0.278,56,52,0.88,21000,1,1,1,300000
AMCAT-204287,Engineering,B,Hyderabad,7.3,4,SME,0.256,79,48,0.84,13000,0,0,1,480000
AMCAT-230873,Engineering,B,Mumbai,6.6,3,MNC,0.245,21,46,0.84,10000,1,1,1,630000
AMCAT-344407,Engineering,B,Chennai,7.9,3,MNC,0.239,50,69,0.78,16000,0,0,0,800000
AMCAT-047916,Engineering,B,Delhi NCR,6.15,3,Startup,0.22,44,50,0.87,12000,0,0,0,280000
AMCAT-752781,Engineering,B,Hyderabad,7.73,4,Startup,0.255,53,48,0.76,17000,1,1,1,100000
AMCAT-355888,Engineering,B,Chennai,7.0,3,SME,0.265,17,53,0.78,13500,0,0,0,320000
AMCAT-947111,Engineering,B,Bengaluru,7.04,4,Startup,0.221,47,52,0.88,12500,1,1,1,200000
AMCAT-324966,Engineering,B,Chennai,6.8,4,SME,0.29,14,50,0.78,13500,0,0,1,400000
