student_id,course_type,institute_tier,region,cgpa,internship_months,employer_tier,iqi,behavioral_activity_score,field_demand_score,macro_climate_index,monthly_emi,placed_3m,placed_6m,placed_12m,actual_salary
STU-2026-00000,Nursing,A,Mumbai,8.6,2,MNC,0.15,57,80,0.75,15000,0,1,1,74000
STU-2026-00001,Nursing,A,Chennai,9.46,5,MNC,0.375,75,63,0.65,30000,0,1,1,93000
STU-2026-00002,MBA,A,Mumbai,8.39,0,None,0.0,22,44,0.54,15000,0,0,1,113000
STU-2026-00003,Nursing,A,Hyderabad,7.47,0,None,0.0,32,92,0.58,30000,0,1,1,45000
STU-2026-00004,MBA,B,Pune,6.96,1,MNC,0.075,62,53,0.64,25000,0,0,1,66000
STU-2026-00005,MBA,C,Bengaluru,6.08,0,None,0.0,86,70,0.49,20000,0,0,1,35000
STU-2026-00006,Engineering,A,Pune,8.37,0,None,0.0,21,50,0.62,20000,0,1,1,88000
STU-2026-00007,Nursing,C,Mumbai,6.66,5,MNC,0.375,32,48,0.53,25000,0,0,1,45000
STU-2026-00008,Engineering,C,Chennai,7.21,3,SME,0.113,0,75,0.56,15000,0,0,0,50000
STU-2026-00009,Nursing,A,Mumbai,9.02,3,MNC,0.225,79,57,0.57,15000,0,1,1,98000
STU-2026-00010,Engineering,D,Delhi NCR,6.22,0,None,0.0,35,53,0.48,20000,0,0,0,34000
STU-2026-00011,Engineering,C,Delhi NCR,6.71,0,None,0.0,65,75,0.54,20000,0,0,1,47000
STU-2026-00012,Nursing,A,Hyderabad,8.17,5,SME,0.188,91,31,0.68,15000,0,1,1,71000
STU-2026-00013,Engineering,D,Pune,6.91,0,None,0.0,0,67,0.64,30000,0,0,1,29000
STU-2026-00014,Engineering,C,Mumbai,5.83,0,None,0.0,27,84,0.63,10000,0,0,0,36000
STU-2026-00015,MBA,D,Delhi NCR,6.92,0,None,0.0,64,59,0.57,30000,0,0,0,31000
STU-2026-00016,Nursing,C,Bengaluru,7.16,4,SME,0.15,47,70,0.58,25000,0,0,0,33000
STU-2026-00017,Engineering,C,Bengaluru,6.39,0,None,0.0,20,68,0.64,30000,0,0,1,37000
STU-2026-00018,Nursing,C,Chennai,7.11,5,Startup,0.263,38,41,0.6,20000,0,0,1,53000
STU-2026-00019,Engineering,B,Hyderabad,7.31,1,MNC,0.075,66,69,0.48,15000,0,1,1,65000
STU-2026-00020,Nursing,B,Chennai,8.29,1,Startup,0.052,42,91,0.46,25000,0,1,1,65000
STU-2026-00021,Nursing,D,Hyderabad,5.61,0,None,0.0,26,71,0.55,30000,0,0,0,0
STU-2026-00022,Engineering,A,Chennai,8.25,3,SME,0.113,39,77,0.51,20000,0,1,1,83000
STU-2026-00023,Engineering,C,Pune,6.41,0,None,0.0,60,52,0.62,10000,0,0,1,28000
STU-2026-00024,Nursing,C,Hyderabad,7.02,5,MNC,0.375,46,82,0.48,20000,0,0,1,45000
STU-2026-00025,Nursing,B,Bengaluru,7.8,2,SME,0.075,65,75,0.53,30000,0,1,1,49000
STU-2026-00026,Engineering,C,Pune,5.94,0,None,0.0,87,77,0.48,20000,0,0,1,29000
STU-2026-00027,MBA,B,Mumbai,8.29,5,MNC,0.375,83,58,0.7,10000,0,1,1,119000
STU-2026-00028,Nursing,D,Mumbai,9.08,5,MNC,0.375,34,59,0.51,15000,0,0,1,42000
STU-2026-00029,Nursing,D,Hyderabad,7.21,0,None,0.0,47,82,0.6,30000,0,0,1,24000
STU-2026-00030,Nursing,D,Bengaluru,10.0,6,SME,0.225,56,57,0.49,15000,0,0,1,41000
STU-2026-00031,Nursing,C,Pune,7.66,6,Startup,0.315,52,69,0.52,25000,0,0,1,40000
STU-2026-00032,Nursing,D,Mumbai,7.83,0,None,0.0,45,51,0.62,10000,0,0,1,23000
STU-2026-00033,MBA,A,Hyderabad,8.32,5,MNC,0.375,61,53,0.64,10000,0,1,1,171000
STU-2026-00034,Engineering,A,Bengaluru,9.04,0,None,0.0,32,56,0.65,10000,0,1,1,100000
STU-2026-00035,MBA,A,Hyderabad,10.0,6,Startup,0.315,71,87,0.7,15000,1,1,1,161000
STU-2026-00036,Nursing,B,Chennai,8.26,5,SME,0.188,45,66,0.55,25000,0,1,1,74000
STU-2026-00037,Engineering,D,Pune,4.56,0,None,0.0,57,46,0.55,10000,0,0,0,21000
STU-2026-00038,Nursing,D,Delhi NCR,5.51,0,None,0.0,22,80,0.53,25000,0,0,0,19000
STU-2026-00039,Nursing,A,Chennai,7.68,6,MNC,0.45,100,80,0.4,10000,0,1,1,77000
STU-2026-00040,MBA,C,Mumbai,7.82,0,None,0.0,20,68,0.65,15000,0,0,1,46000
STU-2026-00041,Nursing,D,Bengaluru,6.4,0,None,0.0,28,60,0.78,20000,0,0,0,18000
STU-2026-00042,MBA,B,Mumbai,8.42,5,MNC,0.375,100,85,0.45,10000,0,1,1,128000
STU-2026-00043,Nursing,A,Mumbai,7.63,2,MNC,0.15,69,82,0.51,25000,0,1,1,35000
STU-2026-00044,MBA,D,Bengaluru,5.57,1,MNC,0.075,34,51,0.76,25000,0,0,0,0
STU-2026-00045,Engineering,D,Delhi NCR,6.27,4,Startup,0.21,43,92,0.46,25000,0,0,1,35000
STU-2026-00046,Nursing,D,Bengaluru,5.62,0,None,0.0,52,73,0.54,15000,0,0,0,18000
STU-2026-00047,Engineering,A,Chennai,8.29,1,SME,0.037,73,94,0.48,25000,1,1,1,63000
STU-2026-00048,Nursing,B,Mumbai,7.35,1,MNC,0.075,72,74,0.54,10000,0,0,1,41000
STU-2026-00049,Nursing,A,Chennai,7.73,4,MNC,0.3,77,75,0.53,30000,0,1,1,81000
STU-2026-00050,Engineering,A,Hyderabad,8.85,0,None,0.0,73,58,0.54,30000,0,1,1,99000
STU-2026-00051,Nursing,C,Delhi NCR,6.77,0,None,0.0,43,89,0.54,20000,0,0,1,28000
STU-2026-00052,Engineering,C,Pune,6.54,0,None,0.0,67,82,0.68,20000,0,0,1,37000
STU-2026-00053,MBA,C,Mumbai,7.62,0,None,0.0,32,75,0.59,30000,0,0,1,59000
STU-2026-00054,Nursing,A,Mumbai,7.55,5,Startup,0.263,100,55,0.48,15000,0,1,1,82000
STU-2026-00055,MBA,A,Bengaluru,8.7,2,Startup,0.105,73,70,0.51,30000,0,1,1,111000
STU-2026-00056,Nursing,C,Hyderabad,7.97,6,SME,0.225,36,58,0.57,10000,0,0,1,38000
STU-2026-00057,Nursing,C,Chennai,5.81,0,None,0.0,46,74,0.55,15000,0,0,0,26000
STU-2026-00058,MBA,A,Mumbai,7.04,2,Startup,0.105,32,59,0.58,20000,0,0,1,122000
STU-2026-00059,Nursing,B,Chennai,8.36,6,SME,0.225,57,70,0.5,20000,0,1,1,55000
STU-2026-00060,Nursing,D,Delhi NCR,7.19,1,MNC,0.075,19,78,0.75,25000,0,0,1,28000
STU-2026-00061,MBA,A,Mumbai,8.75,2,SME,0.075,52,73,0.6,20000,0,1,1,107000
STU-2026-00062,Engineering,D,Hyderabad,6.83,5,MNC,0.375,52,92,0.7,10000,0,1,1,38000
STU-2026-00063,Engineering,B,Hyderabad,8.37,0,None,0.0,64,100,0.52,20000,0,0,1,57000
STU-2026-00064,Nursing,B,Pune,5.38,0,None,0.0,49,59,0.62,20000,0,0,1,38000
STU-2026-00065,MBA,A,Delhi NCR,8.96,2,SME,0.075,48,57,0.65,10000,0,0,1,158000
STU-2026-00066,MBA,D,Hyderabad,8.22,2,MNC,0.15,28,44,0.74,15000,0,0,1,64000
STU-2026-00067,MBA,A,Bengaluru,6.92,3,Startup,0.157,48,70,0.6,15000,0,0,1,113000
STU-2026-00068,MBA,B,Chennai,6.43,0,None,0.0,57,72,0.65,10000,0,0,1,50000
STU-2026-00069,MBA,B,Bengaluru,5.97,4,Startup,0.21,86,75,0.53,20000,0,1,1,68000
STU-2026-00070,Engineering,B,Mumbai,8.68,4,Startup,0.21,61,100,0.78,20000,0,1,1,89000
STU-2026-00071,Engineering,C,Delhi NCR,7.57,4,SME,0.15,74,56,0.67,30000,0,1,1,37000
STU-2026-00072,MBA,A,Mumbai,7.25,3,MNC,0.225,19,66,0.67,30000,0,1,1,115000
STU-2026-00073,MBA,A,Mumbai,9.5,3,SME,0.113,32,44,0.59,20000,0,1,1,135000
STU-2026-00074,MBA,A,Pune,6.55,2,Startup,0.105,58,50,0.67,10000,0,1,1,80000
STU-2026-00075,Nursing,D,Mumbai,6.18,5,SME,0.188,14,69,0.7,15000,0,0,0,27000
STU-2026-00076,MBA,D,Mumbai,6.16,3,SME,0.113,20,68,0.5,20000,0,0,0,32000
STU-2026-00077,Nursing,A,Chennai,9.77,5,Startup,0.263,61,60,0.62,25000,0,1,1,92000
STU-2026-00078,MBA,D,Chennai,7.54,0,None,0.0,59,62,0.54,15000,0,0,0,28000
STU-2026-00079,Engineering,D,Chennai,4.98,6,SME,0.225,74,95,0.58,15000,0,0,1,29000
STU-2026-00080,Nursing,C,Pune,10.0,1,Startup,0.052,68,68,0.5,20000,0,0,1,46000
STU-2026-00081,Engineering,D,Hyderabad,5.89,3,Startup,0.157,4,60,0.49,25000,0,0,1,35000
STU-2026-00082,MBA,B,Hyderabad,7.49,6,MNC,0.45,90,71,0.51,10000,1,1,1,109000
STU-2026-00083,MBA,C,Mumbai,5.56,2,SME,0.075,35,57,0.46,20000,0,0,1,55000
STU-2026-00084,Engineering,B,Bengaluru,6.1,0,None,0.0,71,60,0.55,15000,0,0,1,39000
STU-2026-00085,MBA,A,Pune,8.24,6,SME,0.225,43,74,0.59,15000,0,1,1,112000
STU-2026-00086,Nursing,D,Pune,6.11,0,None,0.0,59,78,0.5,15000,0,0,0,23000
STU-2026-00087,Nursing,A,Mumbai,6.86,2,MNC,0.15,71,60,0.66,30000,0,0,1,44000
STU-2026-00088,MBA,A,Hyderabad,6.9,1,Startup,0.052,61,74,0.51,15000,0,1,1,70000
STU-2026-00089,MBA,C,Pune,6.72,6,SME,0.225,10,60,0.6,25000,0,0,0,55000
STU-2026-00090,Nursing,D,Bengaluru,8.01,4,Startup,0.21,26,83,0.49,20000,0,0,1,40000
STU-2026-00091,Engineering,C,Hyderabad,4.0,0,None,0.0,20,79,0.58,15000,0,0,0,21000
STU-2026-00092,MBA,D,Mumbai,6.9,2,Startup,0.105,36,88,0.63,20000,0,0,1,41000
STU-2026-00093,MBA,A,Bengaluru,7.81,0,None,0.0,51,76,0.56,25000,0,1,1,132000
STU-2026-00094,Nursing,B,Chennai,8.37,4,Startup,0.21,53,88,0.56,20000,0,0,1,48000
STU-2026-00095,Nursing,D,Pune,4.56,0,None,0.0,31,70,0.77,25000,0,0,0,15000
STU-2026-00096,MBA,A,Hyderabad,8.86,1,Startup,0.052,16,74,0.68,20000,0,0,1,140000
STU-2026-00097,MBA,D,Hyderabad,7.21,5,SME,0.188,30,79,0.83,15000,0,0,1,51000
STU-2026-00098,MBA,B,Delhi NCR,7.04,1,Startup,0.052,43,82,0.51,20000,0,0,1,64000
STU-2026-00099,Nursing,D,Chennai,7.37,0,None,0.0,48,86,0.55,25000,0,0,1,22000
STU-2026-00100,Engineering,A,Pune,7.84,6,MNC,0.45,68,81,0.51,10000,1,1,1,141000
STU-2026-00101,Nursing,D,Bengaluru,7.3,2,MNC,0.15,87,58,0.48,20000,0,0,0,35000
STU-2026-00102,MBA,C,Bengaluru,7.59,0,None,0.0,39,74,0.49,20000,0,1,1,55000
STU-2026-00103,MBA,C,Pune,6.93,0,None,0.0,58,77,0.62,10000,0,0,1,53000
STU-2026-00104,MBA,A,Chennai,9.71,3,MNC,0.225,87,94,0.55,10000,0,1,1,150000
STU-2026-00105,Nursing,A,Mumbai,8.24,2,MNC,0.15,82,45,0.75,30000,0,1,1,68000
STU-2026-00106,Engineering,B,Bengaluru,6.49,1,SME,0.037,27,82,0.61,15000,0,0,1,40000
STU-2026-00107,MBA,C,Delhi NCR,6.4,0,None,0.0,82,66,0.45,30000,0,0,1,44000
STU-2026-00108,Nursing,A,Bengaluru,6.04,1,SME,0.037,59,67,0.67,10000,0,1,1,57000
STU-2026-00109,MBA,D,Pune,6.48,2,MNC,0.15,12,100,0.61,30000,0,0,1,42000
STU-2026-00110,Nursing,B,Mumbai,7.7,3,SME,0.113,57,61,0.55,30000,0,0,1,44000
STU-2026-00111,Engineering,A,Delhi NCR,7.63,6,Startup,0.315,62,66,0.75,10000,0,0,1,120000
STU-2026-00112,Nursing,C,Mumbai,8.3,4,MNC,0.3,0,65,0.56,25000,0,0,1,41000
STU-2026-00113,MBA,D,Chennai,5.47,0,None,0.0,84,84,0.73,15000,0,0,1,26000
STU-2026-00114,Nursing,C,Hyderabad,6.17,5,Startup,0.263,52,52,0.67,25000,0,0,1,32000
STU-2026-00115,MBA,C,Delhi NCR,7.65,1,Startup,0.052,51,65,0.72,25000,0,0,1,63000
STU-2026-00116,Engineering,D,Hyderabad,7.51,4,Startup,0.21,32,75,0.47,10000,0,0,1,40000
STU-2026-00117,MBA,C,Bengaluru,6.17,0,None,0.0,66,59,0.46,20000,0,0,0,48000
STU-2026-00118,MBA,C,Delhi NCR,5.26,6,Startup,0.315,84,39,0.77,30000,0,0,1,49000
STU-2026-00119,Engineering,B,Mumbai,6.96,4,Startup,0.21,68,69,0.71,30000,0,1,1,64000
STU-2026-00120,Engineering,D,Chennai,6.36,4,MNC,0.3,39,75,0.43,10000,0,0,0,42000
STU-2026-00121,MBA,B,Pune,7.67,3,SME,0.113,56,70,0.63,30000,0,0,1,70000
STU-2026-00122,MBA,D,Hyderabad,7.04,4,SME,0.15,16,76,0.43,30000,0,0,1,50000
STU-2026-00123,MBA,C,Chennai,7.11,0,None,0.0,65,95,0.7,20000,0,0,1,41000
STU-2026-00124,MBA,B,Mumbai,6.88,3,MNC,0.225,61,78,0.53,30000,0,1,1,69000
STU-2026-00125,Nursing,B,Bengaluru,6.89,4,Startup,0.21,32,56,0.46,30000,0,0,1,54000
STU-2026-00126,Nursing,C,Mumbai,5.66,3,MNC,0.225,100,77,0.62,20000,0,0,1,33000
STU-2026-00127,Engineering,C,Mumbai,6.11,2,Startup,0.105,43,100,0.59,10000,0,0,1,35000
STU-2026-00128,Engineering,C,Chennai,6.76,6,Startup,0.315,84,61,0.78,10000,0,1,1,47000
STU-2026-00129,Engineering,C,Pune,7.56,0,None,0.0,64,79,0.44,20000,0,0,1,42000
STU-2026-00130,Engineering,A,Delhi NCR,8.14,4,MNC,0.3,72,73,0.47,10000,0,1,1,119000
STU-2026-00131,MBA,D,Mumbai,7.47,6,MNC,0.45,67,83,0.65,15000,0,0,1,46000
STU-2026-00132,Engineering,C,Mumbai,7.32,1,SME,0.037,45,74,0.47,25000,0,0,0,50000
STU-2026-00133,Nursing,B,Hyderabad,7.46,4,Startup,0.21,74,70,0.6,30000,0,1,1,46000
STU-2026-00134,MBA,C,Hyderabad,6.92,5,SME,0.188,28,63,0.57,10000,0,0,1,54000
STU-2026-00135,Engineering,B,Delhi NCR,8.76,2,MNC,0.15,42,67,0.56,15000,0,1,1,77000
STU-2026-00136,Nursing,A,Bengaluru,9.03,0,None,0.0,30,74,0.69,25000,0,1,1,81000
STU-2026-00137,Nursing,D,Delhi NCR,6.18,0,None,0.0,75,100,0.56,20000,0,0,1,26000
STU-2026-00138,Nursing,C,Chennai,8.7,1,SME,0.037,27,64,0.57,15000,0,0,0,33000
STU-2026-00139,MBA,B,Pune,6.5,0,None,0.0,45,69,0.62,15000,0,1,1,51000
STU-2026-00140,Nursing,B,Delhi NCR,8.48,1,MNC,0.075,56,69,0.67,15000,0,0,1,54000
STU-2026-00141,MBA,C,Pune,7.0,0,None,0.0,52,74,0.85,20000,0,0,1,46000
STU-2026-00142,Nursing,D,Delhi NCR,6.05,4,Startup,0.21,26,60,0.72,10000,0,0,1,23000
STU-2026-00143,Nursing,A,Pune,7.53,5,Startup,0.263,69,62,0.66,10000,0,1,1,57000
STU-2026-00144,Engineering,B,Chennai,9.05,5,SME,0.188,96,61,0.56,10000,0,1,1,84000
STU-2026-00145,Nursing,C,Hyderabad,7.59,0,None,0.0,90,67,0.52,15000,0,0,1,29000
STU-2026-00146,MBA,D,Delhi NCR,6.76,0,None,0.0,85,62,0.62,30000,0,0,1,46000
STU-2026-00147,MBA,D,Mumbai,9.83,0,None,0.0,27,63,0.7,25000,0,0,1,72000
STU-2026-00148,MBA,C,Chennai,7.5,0,None,0.0,31,79,0.71,15000,0,0,1,58000
STU-2026-00149,MBA,D,Chennai,8.08,0,None,0.0,69,91,0.66,25000,0,0,1,47000
STU-2026-00150,Nursing,A,Pune,9.17,0,None,0.0,44,76,0.56,20000,0,1,1,84000
STU-2026-00151,MBA,A,Pune,8.35,1,SME,0.037,61,50,0.67,30000,0,1,1,148000
STU-2026-00152,MBA,D,Mumbai,6.43,0,None,0.0,45,74,0.76,20000,0,0,0,38000
STU-2026-00153,Nursing,D,Chennai,7.53,0,None,0.0,45,63,0.62,10000,0,0,1,22000
STU-2026-00154,Engineering,C,Hyderabad,6.96,0,None,0.0,22,88,0.45,20000,0,0,0,42000
STU-2026-00155,MBA,D,Mumbai,8.68,0,None,0.0,38,62,0.79,30000,0,0,0,33000
STU-2026-00156,Engineering,B,Delhi NCR,7.94,5,Startup,0.263,50,55,0.67,10000,0,1,1,68000
STU-2026-00157,Engineering,A,Pune,7.18,6,MNC,0.45,77,80,0.59,25000,1,1,1,90000
STU-2026-00158,Nursing,C,Hyderabad,4.97,4,Startup,0.21,23,69,0.62,25000,0,0,0,27000
STU-2026-00159,Engineering,D,Hyderabad,5.3,0,None,0.0,76,69,0.71,15000,0,0,1,26000
STU-2026-00160,Nursing,B,Mumbai,8.07,4,Startup,0.21,69,80,0.73,30000,0,1,1,60000
STU-2026-00161,MBA,A,Delhi NCR,8.13,5,SME,0.188,89,60,0.78,25000,0,1,1,97000
STU-2026-00162,Engineering,D,Hyderabad,6.95,0,None,0.0,23,83,0.53,20000,0,0,0,23000
STU-2026-00163,Nursing,D,Pune,6.26,2,SME,0.075,0,46,0.68,15000,0,0,0,25000
STU-2026-00164,Nursing,D,Bengaluru,5.64,4,MNC,0.3,39,70,0.48,20000,0,0,1,28000
STU-2026-00165,Nursing,D,Chennai,6.53,4,Startup,0.21,41,73,0.4,15000,0,0,0,24000
STU-2026-00166,MBA,A,Bengaluru,7.4,5,Startup,0.263,54,97,0.66,10000,0,1,1,130000
STU-2026-00167,MBA,A,Hyderabad,9.32,1,SME,0.037,78,71,0.54,15000,0,1,1,132000
STU-2026-00168,MBA,B,Mumbai,8.4,3,Startup,0.157,73,86,0.55,30000,0,1,1,93000
STU-2026-00169,Nursing,D,Chennai,9.29,0,None,0.0,23,96,0.62,20000,0,0,1,30000
STU-2026-00170,Nursing,D,Delhi NCR,6.42,4,SME,0.15,51,78,0.54,10000,0,0,1,33000
STU-2026-00171,Nursing,A,Bengaluru,9.58,3,MNC,0.225,69,71,0.61,10000,1,1,1,77000
STU-2026-00172,MBA,A,Chennai,7.99,1,Startup,0.052,27,76,0.66,15000,0,0,1,134000
STU-2026-00173,Nursing,C,Mumbai,5.33,0,None,0.0,3,73,0.7,10000,0,0,1,21000
STU-2026-00174,MBA,C,Delhi NCR,8.09,0,None,0.0,39,67,0.69,15000,0,0,1,44000
STU-2026-00175,Nursing,D,Hyderabad,8.57,2,MNC,0.15,75,61,0.64,15000,0,0,1,35000
STU-2026-00176,Engineering,D,Hyderabad,6.14,4,SME,0.15,23,70,0.72,15000,0,0,1,30000
STU-2026-00177,Engineering,D,Chennai,7.73,0,None,0.0,0,87,0.43,20000,0,0,0,29000
STU-2026-00178,Nursing,A,Pune,7.16,6,SME,0.225,83,63,0.63,15000,0,1,1,73000
STU-2026-00179,Engineering,D,Delhi NCR,6.89,3,SME,0.113,8,85,0.55,25000,0,0,0,33000
STU-2026-00180,Nursing,C,Pune,8.6,2,Startup,0.105,61,65,0.57,25000,0,0,1,53000
STU-2026-00181,Engineering,B,Pune,7.88,5,Startup,0.263,69,85,0.62,20000,0,1,1,72000
STU-2026-00182,Engineering,D,Delhi NCR,6.71,0,None,0.0,39,81,0.61,10000,0,0,1,30000
STU-2026-00183,Nursing,D,Delhi NCR,6.89,2,SME,0.075,0,84,0.63,20000,0,0,1,14000
STU-2026-00184,Engineering,B,Hyderabad,9.59,6,SME,0.225,57,87,0.5,15000,0,1,1,73000
STU-2026-00185,Nursing,A,Chennai,7.7,3,Startup,0.157,98,67,0.62,10000,0,1,1,74000
STU-2026-00186,Nursing,C,Chennai,6.98,0,None,0.0,49,100,0.59,20000,0,0,1,35000
STU-2026-00187,MBA,D,Bengaluru,8.13,0,None,0.0,70,80,0.49,30000,0,0,1,38000
STU-2026-00188,MBA,C,Bengaluru,7.16,0,None,0.0,21,69,0.63,25000,0,0,1,54000
STU-2026-00189,MBA,C,Mumbai,8.74,0,None,0.0,51,66,0.7,10000,0,1,1,51000
STU-2026-00190,Engineering,B,Chennai,8.1,4,SME,0.15,74,66,0.74,20000,0,1,1,71000
STU-2026-00191,Engineering,D,Mumbai,6.59,0,None,0.0,40,54,0.46,10000,0,0,1,26000
STU-2026-00192,MBA,C,Chennai,5.61,3,SME,0.113,0,60,0.47,25000,0,0,1,51000
STU-2026-00193,Nursing,C,Mumbai,5.97,4,MNC,0.3,96,85,0.57,30000,0,0,1,45000
STU-2026-00194,Nursing,C,Hyderabad,5.13,0,None,0.0,0,85,0.84,10000,0,0,1,24000
STU-2026-00195,Nursing,D,Chennai,7.51,0,None,0.0,61,81,0.63,25000,0,0,1,26000
STU-2026-00196,Engineering,B,Mumbai,6.75,3,Startup,0.157,54,45,0.59,10000,0,0,1,48000
STU-2026-00197,Engineering,B,Hyderabad,7.68,0,None,0.0,88,84,0.44,25000,0,0,1,65000
STU-2026-00198,MBA,D,Hyderabad,5.62,2,Startup,0.105,34,78,0.5,10000,0,0,0,28000
STU-2026-00199,MBA,D,Delhi NCR,6.08,0,None,0.0,48,46,0.64,20000,0,0,0,38000
STU-2026-00200,Engineering,D,Pune,7.07,3,MNC,0.225,74,72,0.56,20000,0,0,1,43000
STU-2026-00201,Nursing,C,Mumbai,6.86,0,None,0.0,41,59,0.53,15000,0,0,0,37000
STU-2026-00202,Engineering,D,Mumbai,5.31,6,SME,0.225,23,59,0.69,30000,0,0,0,35000
STU-2026-00203,Engineering,A,Delhi NCR,7.66,2,SME,0.075,66,57,0.81,15000,0,0,1,89000
STU-2026-00204,Engineering,B,Hyderabad,8.13,2,Startup,0.105,68,67,0.59,15000,0,1,1,65000
STU-2026-00205,Nursing,A,Delhi NCR,8.97,2,MNC,0.15,100,62,0.46,30000,0,1,1,110000
STU-2026-00206,MBA,B,Mumbai,6.7,1,MNC,0.075,93,95,0.54,10000,0,1,1,83000
STU-2026-00207,MBA,B,Hyderabad,7.12,2,Startup,0.105,56,61,0.5,10000,0,0,1,60000
STU-2026-00208,Engineering,D,Hyderabad,6.84,0,None,0.0,21,74,0.44,10000,0,0,0,35000
STU-2026-00209,MBA,D,Delhi NCR,4.41,1,Startup,0.052,49,88,0.48,30000,0,0,1,28000
STU-2026-00210,Engineering,A,Chennai,7.64,6,SME,0.225,59,78,0.61,20000,0,1,1,83000
STU-2026-00211,MBA,A,Mumbai,8.34,4,Startup,0.21,32,68,0.51,10000,0,1,1,154000
STU-2026-00212,MBA,D,Mumbai,8.11,3,SME,0.113,55,54,0.57,15000,0,0,1,53000
STU-2026-00213,Engineering,B,Delhi NCR,9.82,5,SME,0.188,68,73,0.57,20000,0,1,1,85000
STU-2026-00214,MBA,C,Pune,7.65,4,MNC,0.3,64,58,0.47,10000,0,0,1,76000
STU-2026-00215,Nursing,B,Pune,6.4,2,Startup,0.105,17,76,0.85,20000,0,0,1,44000
STU-2026-00216,MBA,D,Pune,6.9,3,Startup,0.157,38,84,0.57,20000,0,0,1,48000
STU-2026-00217,Nursing,C,Delhi NCR,6.0,6,Startup,0.315,65,67,0.52,10000,0,0,1,29000
STU-2026-00218,Engineering,A,Mumbai,8.22,6,SME,0.225,60,86,0.65,20000,0,1,1,116000
STU-2026-00219,Engineering,A,Hyderabad,9.31,5,Startup,0.263,71,70,0.47,10000,0,1,1,115000
STU-2026-00220,MBA,C,Chennai,6.07,4,SME,0.15,35,71,0.65,10000,0,0,1,53000
STU-2026-00221,MBA,C,Delhi NCR,6.88,0,None,0.0,0,56,0.59,30000,0,0,0,54000
STU-2026-00222,Engineering,B,Chennai,9.03,1,Startup,0.052,84,67,0.75,30000,0,1,1,67000
STU-2026-00223,MBA,A,Delhi NCR,7.71,4,SME,0.15,54,64,0.62,30000,0,1,1,114000
STU-2026-00224,Nursing,A,Hyderabad,8.55,6,Startup,0.315,84,84,0.45,10000,0,1,1,99000
STU-2026-00225,Engineering,C,Chennai,5.16,3,Startup,0.157,34,52,0.42,10000,0,0,0,38000
STU-2026-00226,Engineering,B,Hyderabad,6.92,1,MNC,0.075,8,62,0.64,10000,0,0,0,57000
STU-2026-00227,Engineering,B,Pune,7.48,3,MNC,0.225,72,72,0.5,20000,0,1,1,66000
STU-2026-00228,MBA,C,Hyderabad,6.77,1,MNC,0.075,17,63,0.51,15000,0,0,0,65000
STU-2026-00229,Nursing,A,Chennai,7.1,0,None,0.0,28,92,0.58,25000,0,0,1,63000
STU-2026-00230,Nursing,D,Pune,6.07,4,Startup,0.21,86,80,0.55,15000,0,1,1,23000
STU-2026-00231,Nursing,A,Delhi NCR,8.79,3,SME,0.113,66,90,0.76,30000,0,1,1,67000
STU-2026-00232,MBA,C,Mumbai,7.35,0,None,0.0,23,100,0.61,30000,0,0,1,54000
STU-2026-00233,Engineering,A,Bengaluru,7.12,2,MNC,0.15,41,88,0.53,20000,0,0,1,91000
STU-2026-00234,MBA,C,Mumbai,8.22,0,None,0.0,58,85,0.52,25000,0,0,1,72000
STU-2026-00235,Engineering,B,Pune,7.18,2,SME,0.075,55,90,0.66,30000,0,1,1,76000
STU-2026-00236,Nursing,C,Mumbai,6.03,0,None,0.0,63,71,0.63,10000,0,0,1,28000
STU-2026-00237,MBA,A,Pune,8.63,3,SME,0.113,81,65,0.52,25000,0,1,1,87000
STU-2026-00238,Nursing,D,Chennai,9.27,3,MNC,0.225,12,67,0.57,25000,0,0,1,44000
STU-2026-00239,Engineering,C,Bengaluru,7.83,5,Startup,0.263,25,67,0.63,20000,0,0,1,70000
STU-2026-00240,Engineering,D,Mumbai,7.39,0,None,0.0,58,80,0.72,30000,0,0,1,27000
STU-2026-00241,MBA,A,Pune,8.52,6,Startup,0.315,47,62,0.66,15000,1,1,1,145000
STU-2026-00242,MBA,B,Mumbai,7.81,1,SME,0.037,94,74,0.86,30000,0,1,1,55000
STU-2026-00243,Engineering,C,Delhi NCR,7.7,6,MNC,0.45,50,89,0.67,15000,0,1,1,52000
STU-2026-00244,Engineering,B,Delhi NCR,7.29,0,None,0.0,43,61,0.66,30000,0,1,1,57000
STU-2026-00245,Engineering,A,Bengaluru,7.24,6,Startup,0.315,69,88,0.54,25000,0,1,1,98000
STU-2026-00246,Nursing,D,Chennai,5.86,5,SME,0.188,56,68,0.64,30000,0,0,0,22000
STU-2026-00247,MBA,C,Bengaluru,7.67,0,None,0.0,31,96,0.56,25000,0,0,1,62000
STU-2026-00248,MBA,C,Delhi NCR,5.1,3,SME,0.113,0,47,0.73,10000,0,0,0,56000
STU-2026-00249,MBA,D,Pune,6.12,0,None,0.0,45,93,0.8,20000,0,0,1,41000
STU-2026-00250,MBA,A,Chennai,9.02,1,SME,0.037,72,82,0.54,30000,0,1,1,120000
STU-2026-00251,Nursing,D,Pune,6.6,6,MNC,0.45,29,80,0.7,25000,0,0,1,40000
STU-2026-00252,Nursing,B,Delhi NCR,6.36,5,MNC,0.375,56,59,0.41,10000,0,0,1,48000
STU-2026-00253,MBA,A,Delhi NCR,9.41,1,SME,0.037,73,55,0.79,15000,1,1,1,136000
STU-2026-00254,Engineering,B,Chennai,7.27,4,SME,0.15,41,64,0.71,30000,0,1,1,76000
STU-2026-00255,Nursing,B,Delhi NCR,7.01,3,Startup,0.157,38,72,0.42,25000,0,0,1,44000
STU-2026-00256,MBA,A,Chennai,7.83,1,Startup,0.052,28,78,0.55,10000,0,0,1,60000
STU-2026-00257,Nursing,D,Delhi NCR,6.77,0,None,0.0,84,95,0.55,30000,0,0,1,25000
STU-2026-00258,Engineering,C,Mumbai,5.6,2,Startup,0.105,48,81,0.72,20000,0,0,1,34000
STU-2026-00259,Nursing,D,Bengaluru,5.75,1,Startup,0.052,19,67,0.64,30000,0,0,0,18000
STU-2026-00260,MBA,C,Bengaluru,8.59,6,SME,0.225,33,70,0.53,30000,0,0,0,85000
STU-2026-00261,Engineering,D,Hyderabad,7.68,0,None,0.0,33,71,0.65,20000,0,0,0,32000
STU-2026-00262,MBA,B,Bengaluru,8.29,4,MNC,0.3,35,74,0.46,15000,0,1,1,100000
STU-2026-00263,Engineering,B,Mumbai,5.88,1,SME,0.037,83,59,0.52,30000,0,0,1,53000
STU-2026-00264,Nursing,A,Chennai,7.39,5,MNC,0.375,61,76,0.67,30000,0,1,1,74000
STU-2026-00265,MBA,B,Bengaluru,6.67,0,None,0.0,62,54,0.31,30000,0,0,1,70000
STU-2026-00266,Engineering,D,Mumbai,4.0,0,None,0.0,15,79,0.81,15000,0,0,0,16000
STU-2026-00267,MBA,C,Chennai,6.58,2,SME,0.075,74,60,0.52,15000,0,0,1,43000
STU-2026-00268,MBA,D,Bengaluru,6.95,0,None,0.0,81,75,0.57,30000,0,0,1,30000
STU-2026-00269,MBA,D,Delhi NCR,7.86,5,SME,0.188,38,67,0.92,25000,0,0,1,47000
STU-2026-00270,Engineering,B,Hyderabad,7.07,0,None,0.0,83,72,0.46,20000,0,1,1,47000
STU-2026-00271,Engineering,D,Delhi NCR,9.05,1,SME,0.037,67,63,0.73,30000,0,0,1,48000
STU-2026-00272,Engineering,C,Mumbai,7.38,3,Startup,0.157,19,60,0.7,30000,0,0,1,46000
STU-2026-00273,Engineering,D,Mumbai,5.65,2,Startup,0.105,51,100,0.49,20000,0,0,1,35000
STU-2026-00274,Engineering,D,Mumbai,6.7,0,None,0.0,51,54,0.64,20000,0,0,0,35000
STU-2026-00275,Engineering,D,Mumbai,8.22,0,None,0.0,100,79,0.63,10000,0,0,1,36000
STU-2026-00276,MBA,A,Chennai,8.47,2,MNC,0.15,54,73,0.73,10000,0,1,1,147000
STU-2026-00277,MBA,D,Chennai,8.38,6,Startup,0.315,37,38,0.54,25000,0,0,1,63000
STU-2026-00278,Nursing,A,Mumbai,7.4,0,None,0.0,50,83,0.65,15000,0,1,1,54000
STU-2026-00279,Engineering,D,Mumbai,6.33,2,Startup,0.105,17,94,0.57,10000,0,0,1,39000
STU-2026-00280,Engineering,B,Pune,8.5,5,Startup,0.263,51,76,0.6,10000,0,1,1,84000
STU-2026-00281,Engineering,D,Hyderabad,5.39,6,SME,0.225,70,63,0.62,30000,0,0,1,29000
STU-2026-00282,Engineering,B,Delhi NCR,8.09,5,Startup,0.263,51,83,0.47,15000,0,1,1,98000
STU-2026-00283,Nursing,D,Bengaluru,5.6,1,SME,0.037,23,78,0.62,20000,0,0,0,21000
STU-2026-00284,Engineering,A,Pune,8.71,1,SME,0.037,82,76,0.58,25000,0,1,1,119000
STU-2026-00285,MBA,C,Chennai,6.64,0,None,0.0,16,87,0.59,10000,0,0,0,53000
STU-2026-00286,MBA,B,Chennai,6.96,1,SME,0.037,58,75,0.62,20000,0,1,1,63000
STU-2026-00287,Engineering,A,Delhi NCR,8.61,6,MNC,0.45,55,81,0.66,25000,0,1,1,149000
STU-2026-00288,Nursing,D,Chennai,6.16,0,None,0.0,60,76,0.78,15000,0,0,0,20000
STU-2026-00289,Engineering,D,Mumbai,6.78,0,None,0.0,32,82,0.44,10000,0,0,0,26000
STU-2026-00290,Engineering,A,Delhi NCR,8.96,5,Startup,0.263,94,68,0.58,30000,0,1,1,137000
STU-2026-00291,MBA,C,Mumbai,5.69,2,Startup,0.105,46,85,0.65,20000,0,0,1,52000
STU-2026-00292,Engineering,C,Delhi NCR,4.0,0,None,0.0,57,60,0.42,20000,0,0,0,28000
STU-2026-00293,MBA,D,Chennai,6.64,0,None,0.0,64,94,0.73,25000,0,0,1,42000
STU-2026-00294,MBA,B,Pune,7.58,3,SME,0.113,28,66,0.52,20000,0,1,1,76000
STU-2026-00295,Engineering,D,Mumbai,6.95,0,None,0.0,54,71,0.77,15000,0,0,0,33000
STU-2026-00296,Nursing,C,Delhi NCR,5.91,0,None,0.0,7,61,0.6,20000,0,0,0,23000
STU-2026-00297,Nursing,C,Delhi NCR,5.11,0,None,0.0,38,47,0.68,25000,0,0,0,17000
STU-2026-00298,Engineering,D,Delhi NCR,6.43,0,None,0.0,21,75,0.73,20000,0,0,0,0
STU-2026-00299,Nursing,D,Delhi NCR,6.94,1,MNC,0.075,36,80,0.62,25000,0,0,0,24000
STU-2026-00300,MBA,B,Mumbai,6.7,0,None,0.0,82,70,0.79,30000,0,0,1,56000
STU-2026-00301,Nursing,D,Mumbai,4.98,0,None,0.0,0,46,0.63,15000,0,0,0,0
STU-2026-00302,Nursing,C,Delhi NCR,4.9,0,None,0.0,62,63,0.61,30000,0,0,1,24000
STU-2026-00303,Engineering,B,Chennai,7.23,3,Startup,0.157,42,38,0.53,25000,0,0,1,53000
STU-2026-00304,Engineering,B,Hyderabad,7.37,3,SME,0.113,62,67,0.53,20000,0,0,1,65000
STU-2026-00305,Engineering,A,Mumbai,7.33,4,SME,0.15,88,69,0.6,25000,0,1,1,90000
STU-2026-00306,Nursing,A,Delhi NCR,8.96,6,Startup,0.315,66,61,0.64,15000,0,1,1,92000
STU-2026-00307,Nursing,C,Chennai,6.76,4,MNC,0.3,35,68,0.41,10000,0,0,1,38000
STU-2026-00308,Engineering,A,Pune,8.33,0,None,0.0,39,89,0.51,25000,0,1,1,91000
STU-2026-00309,Engineering,C,Chennai,6.02,0,None,0.0,84,52,0.69,10000,0,0,1,31000
STU-2026-00310,Nursing,C,Delhi NCR,8.47,6,SME,0.225,34,74,0.63,15000,0,0,1,50000
STU-2026-00311,MBA,B,Mumbai,8.29,2,MNC,0.15,25,90,0.43,25000,0,1,1,103000
STU-2026-00312,Engineering,C,Hyderabad,5.49,4,SME,0.15,30,53,0.58,15000,0,0,0,40000
STU-2026-00313,Nursing,A,Mumbai,9.25,6,SME,0.225,88,62,0.58,25000,0,1,1,77000
STU-2026-00314,Nursing,D,Pune,7.96,1,MNC,0.075,80,51,0.54,20000,0,0,1,31000
STU-2026-00315,Nursing,A,Pune,7.55,5,Startup,0.263,68,63,0.6,15000,0,1,1,74000
STU-2026-00316,Nursing,B,Bengaluru,7.06,1,MNC,0.075,58,69,0.56,30000,0,0,1,52000
STU-2026-00317,Engineering,C,Bengaluru,7.47,0,None,0.0,33,80,0.57,15000,0,0,1,45000
STU-2026-00318,MBA,C,Mumbai,6.67,0,None,0.0,51,46,0.49,30000,0,0,0,49000
STU-2026-00319,MBA,B,Chennai,9.23,5,MNC,0.375,100,80,0.65,30000,0,1,1,108000
STU-2026-00320,Nursing,B,Hyderabad,6.71,2,MNC,0.15,48,67,0.55,30000,0,0,1,48000
STU-2026-00321,Nursing,C,Hyderabad,5.51,0,None,0.0,46,100,0.51,10000,0,0,0,0
STU-2026-00322,Engineering,A,Chennai,7.97,3,SME,0.113,82,99,0.48,15000,0,1,1,85000
STU-2026-00323,Nursing,D,Hyderabad,6.67,4,SME,0.15,100,47,0.63,30000,0,0,1,31000
STU-2026-00324,MBA,C,Pune,6.92,0,None,0.0,48,64,0.63,25000,0,0,1,54000
STU-2026-00325,MBA,D,Mumbai,6.36,2,Startup,0.105,49,70,0.71,25000,0,0,1,29000
STU-2026-00326,MBA,D,Bengaluru,8.31,0,None,0.0,17,60,0.54,15000,0,0,1,32000
STU-2026-00327,MBA,C,Chennai,10.0,3,Startup,0.157,66,73,0.59,15000,0,1,1,89000
STU-2026-00328,MBA,A,Delhi NCR,8.72,1,Startup,0.052,71,71,0.58,25000,0,1,1,115000
STU-2026-00329,Engineering,B,Mumbai,8.63,0,None,0.0,72,26,0.67,25000,0,0,1,64000
STU-2026-00330,Nursing,D,Bengaluru,6.33,2,Startup,0.105,68,84,0.52,30000,0,0,1,20000
STU-2026-00331,Nursing,C,Bengaluru,5.14,4,SME,0.15,24,83,0.7,25000,0,0,1,28000
STU-2026-00332,MBA,C,Pune,7.42,0,None,0.0,24,76,0.68,25000,0,0,1,62000
STU-2026-00333,Nursing,D,Bengaluru,7.65,0,None,0.0,49,86,0.6,20000,0,0,0,26000
STU-2026-00334,Engineering,A,Delhi NCR,7.6,6,SME,0.225,46,68,0.52,25000,0,1,1,69000
STU-2026-00335,MBA,A,Mumbai,8.37,3,SME,0.113,60,58,0.67,20000,0,1,1,91000
STU-2026-00336,MBA,C,Mumbai,5.88,0,None,0.0,21,56,0.68,30000,0,0,0,40000
STU-2026-00337,Nursing,B,Delhi NCR,5.5,1,Startup,0.052,73,51,0.61,30000,0,0,1,39000
STU-2026-00338,MBA,C,Hyderabad,5.23,1,MNC,0.075,0,73,0.78,10000,0,0,1,41000
STU-2026-00339,MBA,C,Delhi NCR,6.21,3,MNC,0.225,60,55,0.65,15000,0,0,1,63000
STU-2026-00340,Nursing,D,Hyderabad,10.0,0,None,0.0,50,62,0.6,10000,0,0,0,31000
STU-2026-00341,Engineering,C,Pune,6.31,2,SME,0.075,27,72,0.52,30000,0,0,1,39000
STU-2026-00342,Engineering,C,Hyderabad,6.79,0,None,0.0,32,72,0.68,25000,0,0,0,35000
STU-2026-00343,Nursing,C,Hyderabad,6.44,0,None,0.0,6,58,0.55,30000,0,0,1,29000
STU-2026-00344,Nursing,D,Chennai,7.03,4,MNC,0.3,61,68,0.64,20000,0,0,1,33000
STU-2026-00345,MBA,A,Pune,7.73,6,SME,0.225,11,68,0.74,10000,0,1,1,139000
STU-2026-00346,Nursing,D,Delhi NCR,8.28,5,SME,0.188,42,73,0.54,15000,0,0,1,37000
STU-2026-00347,Nursing,A,Hyderabad,9.16,5,SME,0.188,57,63,0.6,30000,0,1,1,66000
STU-2026-00348,MBA,B,Chennai,5.2,5,SME,0.188,49,52,0.55,10000,0,0,1,53000
STU-2026-00349,Engineering,A,Pune,9.36,2,Startup,0.105,67,75,0.66,15000,0,1,1,123000
STU-2026-00350,MBA,D,Chennai,6.71,6,MNC,0.45,57,54,0.44,30000,0,0,1,59000
STU-2026-00351,Engineering,C,Chennai,5.72,0,None,0.0,18,87,0.48,25000,0,0,1,28000
STU-2026-00352,MBA,B,Pune,8.14,3,SME,0.113,53,79,0.55,20000,0,1,1,85000
STU-2026-00353,Nursing,C,Hyderabad,5.6,0,None,0.0,59,62,0.58,15000,0,0,0,15000
STU-2026-00354,MBA,C,Bengaluru,6.57,3,Startup,0.157,100,82,0.6,15000,0,0,1,55000
STU-2026-00355,Nursing,D,Delhi NCR,7.46,0,None,0.0,10,87,0.67,30000,0,0,1,27000
STU-2026-00356,Nursing,C,Delhi NCR,6.82,0,None,0.0,57,79,0.56,30000,0,0,1,30000
STU-2026-00357,MBA,D,Delhi NCR,8.66,2,Startup,0.105,9,48,0.62,10000,0,0,1,56000
STU-2026-00358,MBA,A,Delhi NCR,8.4,6,Startup,0.315,56,92,0.44,25000,0,1,1,140000
STU-2026-00359,Engineering,B,Hyderabad,5.86,5,SME,0.188,56,95,0.6,20000,0,0,1,42000
STU-2026-00360,Engineering,A,Hyderabad,7.71,2,MNC,0.15,52,65,0.73,10000,0,1,1,76000
STU-2026-00361,Nursing,B,Chennai,7.75,1,Startup,0.052,70,87,0.76,20000,0,0,1,40000
STU-2026-00362,Nursing,D,Mumbai,5.29,2,MNC,0.15,34,77,0.7,30000,0,0,0,20000
STU-2026-00363,Engineering,D,Chennai,6.98,4,Startup,0.21,19,100,0.44,15000,0,0,1,50000
STU-2026-00364,MBA,C,Delhi NCR,6.81,1,SME,0.037,35,65,0.58,30000,0,0,1,34000
STU-2026-00365,Engineering,A,Bengaluru,9.43,2,MNC,0.15,32,66,0.56,25000,0,1,1,85000
STU-2026-00366,MBA,B,Chennai,7.96,3,MNC,0.225,100,50,0.62,10000,0,1,1,96000
STU-2026-00367,MBA,A,Delhi NCR,8.22,6,SME,0.225,47,77,0.78,30000,0,1,1,143000
STU-2026-00368,MBA,B,Hyderabad,6.21,2,MNC,0.15,41,77,0.75,20000,0,0,1,63000
STU-2026-00369,Engineering,D,Chennai,6.8,0,None,0.0,9,79,0.69,15000,0,0,0,29000
STU-2026-00370,Engineering,C,Delhi NCR,7.12,2,MNC,0.15,29,69,0.81,30000,0,0,1,44000
STU-2026-00371,Nursing,D,Pune,6.02,1,Startup,0.052,59,67,0.54,10000,0,0,1,26000
STU-2026-00372,Engineering,B,Pune,6.9,2,MNC,0.15,23,85,0.53,20000,0,0,1,42000
STU-2026-00373,MBA,B,Pune,8.39,3,Startup,0.157,36,81,0.6,30000,0,0,1,85000
STU-2026-00374,Nursing,A,Delhi NCR,8.75,6,MNC,0.45,62,79,0.8,10000,0,1,1,122000
STU-2026-00375,Nursing,A,Pune,8.28,4,SME,0.15,42,50,0.58,30000,0,1,1,72000
STU-2026-00376,Nursing,C,Chennai,8.61,0,None,0.0,4,70,0.47,20000,0,0,1,42000
STU-2026-00377,MBA,B,Bengaluru,7.08,4,MNC,0.3,8,73,0.64,25000,0,0,1,101000
STU-2026-00378,Nursing,C,Pune,5.51,4,SME,0.15,57,88,0.42,15000,0,0,1,25000
STU-2026-00379,Engineering,A,Hyderabad,8.13,6,Startup,0.315,67,63,0.53,10000,0,1,1,92000
STU-2026-00380,Nursing,A,Mumbai,7.33,5,MNC,0.375,74,53,0.67,30000,0,1,1,58000
STU-2026-00381,Nursing,B,Bengaluru,6.82,5,Startup,0.263,84,55,0.55,10000,0,1,1,54000
STU-2026-00382,Nursing,B,Chennai,7.25,1,SME,0.037,48,91,0.77,25000,0,1,1,42000
STU-2026-00383,Engineering,D,Bengaluru,5.83,4,SME,0.15,19,78,0.64,10000,0,0,1,34000
STU-2026-00384,Nursing,D,Chennai,5.0,6,MNC,0.45,66,55,0.56,25000,0,0,1,32000
STU-2026-00385,MBA,A,Chennai,10.0,1,MNC,0.075,72,67,0.65,25000,1,1,1,132000
STU-2026-00386,MBA,A,Hyderabad,9.64,1,Startup,0.052,65,77,0.67,10000,0,1,1,147000
STU-2026-00387,MBA,D,Bengaluru,6.06,6,SME,0.225,26,53,0.64,25000,0,0,1,45000
STU-2026-00388,MBA,D,Pune,8.81,4,Startup,0.21,40,80,0.49,10000,0,0,1,67000
STU-2026-00389,Nursing,B,Chennai,8.35,1,MNC,0.075,54,69,0.45,30000,0,0,1,57000
STU-2026-00390,MBA,B,Chennai,8.08,1,MNC,0.075,70,71,0.6,20000,0,0,1,89000
STU-2026-00391,MBA,D,Hyderabad,7.31,0,None,0.0,52,62,0.38,15000,0,0,1,39000
STU-2026-00392,Engineering,D,Delhi NCR,5.76,0,None,0.0,57,64,0.71,15000,0,0,1,29000
STU-2026-00393,Nursing,A,Mumbai,7.11,4,SME,0.15,84,74,0.56,10000,0,1,1,46000
STU-2026-00394,Engineering,B,Mumbai,7.91,0,None,0.0,39,50,0.45,10000,0,0,1,53000
STU-2026-00395,MBA,A,Bengaluru,9.43,4,Startup,0.21,49,44,0.49,15000,0,1,1,143000
STU-2026-00396,Nursing,B,Mumbai,6.95,0,None,0.0,63,78,0.71,20000,0,1,1,37000
STU-2026-00397,Engineering,C,Hyderabad,5.21,6,Startup,0.315,30,74,0.5,15000,0,0,0,41000
STU-2026-00398,MBA,B,Chennai,7.45,4,Startup,0.21,61,59,0.58,20000,0,0,1,95000
STU-2026-00399,Engineering,B,Chennai,8.54,5,Startup,0.263,23,56,0.45,10000,0,0,1,79000
STU-2026-00400,MBA,D,Hyderabad,5.06,0,None,0.0,17,55,0.62,25000,0,0,0,0
STU-2026-00401,MBA,B,Delhi NCR,6.78,5,Startup,0.263,64,62,0.57,15000,0,1,1,95000
STU-2026-00402,Engineering,C,Chennai,5.24,0,None,0.0,61,82,0.49,25000,0,0,1,37000
STU-2026-00403,Engineering,D,Pune,5.45,2,Startup,0.105,17,85,0.63,15000,0,0,0,29000
STU-2026-00404,MBA,B,Delhi NCR,7.89,4,Startup,0.21,33,86,0.72,10000,0,1,1,88000
STU-2026-00405,Nursing,B,Mumbai,5.97,6,SME,0.225,70,79,0.59,30000,0,1,1,39000
STU-2026-00406,Engineering,A,Bengaluru,8.65,5,SME,0.188,40,70,0.58,30000,0,1,1,100000
STU-2026-00407,Engineering,D,Bengaluru,6.64,3,Startup,0.157,61,63,0.44,10000,0,0,1,42000
STU-2026-00408,Engineering,B,Chennai,6.21,0,None,0.0,74,62,0.63,25000,0,0,1,45000
STU-2026-00409,Engineering,B,Pune,6.72,5,Startup,0.263,46,56,0.52,20000,0,0,1,56000
STU-2026-00410,MBA,D,Hyderabad,7.62,3,Startup,0.157,77,61,0.62,20000,0,0,1,54000
STU-2026-00411,Nursing,D,Pune,6.89,0,None,0.0,59,77,0.48,25000,0,0,1,27000
STU-2026-00412,MBA,B,Delhi NCR,6.74,1,SME,0.037,61,80,0.58,15000,0,1,1,88000
STU-2026-00413,Nursing,B,Mumbai,6.71,5,SME,0.188,32,75,0.67,25000,0,0,1,54000
STU-2026-00414,MBA,B,Bengaluru,6.16,4,SME,0.15,74,61,0.77,15000,0,1,1,58000
STU-2026-00415,MBA,C,Delhi NCR,6.14,4,SME,0.15,61,64,0.6,25000,0,0,1,36000
STU-2026-00416,MBA,B,Chennai,7.49,2,MNC,0.15,46,63,0.74,30000,0,0,1,90000
STU-2026-00417,MBA,B,Hyderabad,7.22,1,SME,0.037,54,82,0.63,10000,0,1,1,80000
STU-2026-00418,Engineering,A,Mumbai,7.93,6,MNC,0.45,48,54,0.52,10000,1,1,1,140000
STU-2026-00419,Nursing,B,Mumbai,6.15,4,Startup,0.21,34,77,0.65,10000,0,0,1,40000
STU-2026-00420,Nursing,D,Chennai,6.65,0,None,0.0,48,71,0.38,10000,0,0,0,20000
STU-2026-00421,Nursing,D,Mumbai,7.01,0,None,0.0,100,76,0.57,20000,0,0,1,26000
STU-2026-00422,Nursing,C,Mumbai,7.3,6,SME,0.225,55,100,0.49,25000,0,0,1,33000
STU-2026-00423,Engineering,A,Mumbai,8.64,2,MNC,0.15,42,64,0.57,30000,0,1,1,116000
STU-2026-00424,Nursing,C,Delhi NCR,5.31,0,None,0.0,41,59,0.47,25000,0,0,0,22000
STU-2026-00425,Engineering,C,Pune,9.71,0,None,0.0,51,49,0.54,15000,0,0,1,73000
STU-2026-00426,Nursing,B,Delhi NCR,5.91,1,SME,0.037,22,98,0.64,10000,0,0,1,37000
STU-2026-00427,Engineering,D,Pune,4.0,0,None,0.0,40,75,0.69,25000,0,0,0,0
STU-2026-00428,Engineering,A,Chennai,8.27,0,None,0.0,41,74,0.51,25000,0,0,1,72000
STU-2026-00429,MBA,C,Hyderabad,7.58,1,SME,0.037,61,66,0.6,10000,0,0,1,54000
STU-2026-00430,Engineering,B,Chennai,7.45,4,Startup,0.21,100,53,0.75,10000,0,1,1,70000
STU-2026-00431,Engineering,C,Hyderabad,8.91,1,MNC,0.075,49,76,0.59,20000,0,1,1,64000
STU-2026-00432,Engineering,B,Hyderabad,6.87,0,None,0.0,34,67,0.52,25000,0,0,1,61000
STU-2026-00433,Engineering,C,Bengaluru,6.25,5,Startup,0.263,39,71,0.68,30000,0,0,0,41000
STU-2026-00434,MBA,D,Chennai,7.05,0,None,0.0,70,63,0.41,10000,0,0,1,36000
STU-2026-00435,Nursing,C,Mumbai,5.37,0,None,0.0,24,67,0.54,15000,0,0,0,0
STU-2026-00436,Engineering,C,Hyderabad,7.88,5,Startup,0.263,72,80,0.49,20000,0,0,1,57000
STU-2026-00437,Engineering,C,Pune,7.52,0,None,0.0,57,59,0.61,20000,0,0,1,52000
STU-2026-00438,Nursing,D,Pune,7.65,0,None,0.0,60,71,0.74,30000,0,0,1,23000
STU-2026-00439,Nursing,D,Mumbai,8.48,3,MNC,0.225,57,63,0.55,10000,0,0,1,38000
STU-2026-00440,Engineering,C,Bengaluru,7.04,0,None,0.0,48,95,0.71,15000,0,0,1,46000
STU-2026-00441,Nursing,D,Delhi NCR,5.56,0,None,0.0,50,97,0.58,10000,0,0,0,17000
STU-2026-00442,Engineering,C,Pune,5.49,0,None,0.0,20,64,0.46,20000,0,0,0,36000
STU-2026-00443,Engineering,B,Mumbai,6.59,0,None,0.0,90,78,0.7,25000,0,0,1,55000
STU-2026-00444,Nursing,D,Mumbai,5.49,0,None,0.0,62,73,0.66,20000,0,0,0,16000
STU-2026-00445,Nursing,A,Hyderabad,8.68,3,Startup,0.157,41,77,0.46,10000,0,1,1,63000
STU-2026-00446,MBA,D,Pune,7.46,6,SME,0.225,56,60,0.66,15000,0,0,1,48000
STU-2026-00447,Nursing,B,Chennai,6.49,2,Startup,0.105,21,75,0.44,20000,0,0,1,38000
STU-2026-00448,MBA,D,Bengaluru,7.61,0,None,0.0,32,65,0.67,25000,0,0,1,46000
STU-2026-00449,MBA,D,Delhi NCR,7.36,0,None,0.0,2,81,0.66,10000,0,0,0,41000
STU-2026-00450,MBA,C,Bengaluru,6.75,4,SME,0.15,37,75,0.74,30000,0,0,1,45000
STU-2026-00451,Engineering,D,Mumbai,7.55,0,None,0.0,73,76,0.71,10000,0,1,1,40000
STU-2026-00452,MBA,C,Hyderabad,7.1,0,None,0.0,66,72,0.6,20000,0,0,1,63000
STU-2026-00453,MBA,C,Pune,5.82,6,SME,0.225,78,77,0.46,15000,0,0,1,35000
STU-2026-00454,MBA,C,Hyderabad,7.55,2,Startup,0.105,62,61,0.61,20000,0,1,1,55000
STU-2026-00455,Engineering,D,Delhi NCR,5.53,0,None,0.0,77,99,0.6,25000,0,0,1,30000
STU-2026-00456,Nursing,B,Delhi NCR,6.76,4,Startup,0.21,50,88,0.77,10000,0,1,1,40000
STU-2026-00457,Nursing,B,Hyderabad,9.49,2,SME,0.075,49,65,0.63,30000,0,1,1,64000
STU-2026-00458,Engineering,D,Chennai,7.3,0,None,0.0,52,71,0.66,20000,0,0,0,0
STU-2026-00459,Nursing,A,Pune,7.96,2,SME,0.075,65,53,0.64,20000,0,1,1,83000
STU-2026-00460,Engineering,C,Chennai,8.69,0,None,0.0,28,68,0.59,25000,0,0,1,51000
STU-2026-00461,MBA,A,Pune,7.59,4,SME,0.15,37,79,0.66,25000,0,1,1,127000
STU-2026-00462,Nursing,D,Hyderabad,6.04,0,None,0.0,46,82,0.6,20000,0,0,1,19000
STU-2026-00463,Nursing,A,Mumbai,8.04,6,SME,0.225,56,59,0.58,20000,0,0,1,70000
STU-2026-00464,Engineering,A,Hyderabad,7.97,6,SME,0.225,55,66,0.59,25000,0,1,1,114000
STU-2026-00465,MBA,D,Mumbai,6.02,0,None,0.0,10,54,0.55,20000,0,0,0,0
STU-2026-00466,Engineering,B,Pune,6.73,4,SME,0.15,34,63,0.62,30000,0,0,1,53000
STU-2026-00467,Nursing,B,Delhi NCR,7.09,4,MNC,0.3,41,70,0.52,20000,0,1,1,38000
STU-2026-00468,MBA,A,Mumbai,7.91,6,MNC,0.45,66,73,0.87,20000,1,1,1,125000
STU-2026-00469,MBA,C,Pune,6.69,5,Startup,0.263,0,69,0.52,20000,0,0,1,55000
STU-2026-00470,MBA,A,Pune,8.11,4,Startup,0.21,47,96,0.57,10000,1,1,1,142000
STU-2026-00471,MBA,A,Chennai,8.59,0,None,0.0,67,76,0.41,20000,0,1,1,124000
STU-2026-00472,Nursing,A,Chennai,8.16,6,MNC,0.45,32,69,0.77,30000,1,1,1,90000
STU-2026-00473,Engineering,B,Delhi NCR,8.45,4,MNC,0.3,53,44,0.51,25000,0,1,1,78000
STU-2026-00474,Nursing,B,Bengaluru,7.26,4,Startup,0.21,54,99,0.76,10000,1,1,1,48000
STU-2026-00475,Nursing,B,Pune,7.8,4,MNC,0.3,30,92,0.48,15000,0,1,1,47000
STU-2026-00476,Engineering,C,Chennai,6.09,1,SME,0.037,19,61,0.55,10000,0,0,0,41000
STU-2026-00477,Nursing,B,Delhi NCR,6.4,4,MNC,0.3,64,88,0.55,20000,0,0,1,45000
STU-2026-00478,Nursing,D,Hyderabad,8.22,3,SME,0.113,45,62,0.65,25000,0,0,0,35000
STU-2026-00479,Nursing,D,Hyderabad,7.29,0,None,0.0,32,57,0.51,20000,0,0,0,30000
STU-2026-00480,MBA,B,Chennai,6.86,3,SME,0.113,69,39,0.54,30000,0,0,1,61000
STU-2026-00481,Engineering,B,Delhi NCR,6.56,0,None,0.0,47,74,0.58,20000,0,0,0,33000
STU-2026-00482,Engineering,B,Delhi NCR,6.89,5,Startup,0.263,69,29,0.55,25000,0,0,1,78000
STU-2026-00483,Nursing,B,Hyderabad,7.11,2,Startup,0.105,68,72,0.39,30000,0,1,1,45000
STU-2026-00484,Nursing,B,Hyderabad,8.01,0,None,0.0,100,39,0.77,20000,0,1,1,47000
STU-2026-00485,Engineering,B,Delhi NCR,7.45,5,MNC,0.375,52,61,0.63,20000,0,0,1,85000
STU-2026-00486,Engineering,D,Bengaluru,6.3,0,None,0.0,12,63,0.73,25000,0,0,0,30000
STU-2026-00487,Nursing,D,Pune,5.92,4,SME,0.15,59,80,0.78,25000,0,0,1,26000
STU-2026-00488,MBA,B,Mumbai,7.6,2,Startup,0.105,86,59,0.67,10000,0,1,1,77000
STU-2026-00489,MBA,B,Hyderabad,7.59,4,SME,0.15,65,68,0.62,25000,0,1,1,93000
STU-2026-00490,Nursing,A,Hyderabad,8.9,0,None,0.0,51,57,0.7,30000,0,1,1,84000
STU-2026-00491,MBA,A,Chennai,7.72,2,Startup,0.105,55,45,0.56,10000,0,1,1,102000
STU-2026-00492,Nursing,B,Delhi NCR,8.14,1,Startup,0.052,56,75,0.49,20000,0,0,1,26000
STU-2026-00493,MBA,A,Pune,8.05,1,MNC,0.075,27,88,0.68,15000,0,1,1,137000
STU-2026-00494,Nursing,C,Chennai,5.66,4,MNC,0.3,84,84,0.58,30000,0,1,1,26000
STU-2026-00495,Engineering,B,Bengaluru,6.68,5,Startup,0.263,48,62,0.49,30000,0,1,1,60000
STU-2026-00496,MBA,B,Delhi NCR,7.85,3,Startup,0.157,49,43,0.63,30000,0,0,1,84000
STU-2026-00497,MBA,A,Bengaluru,7.11,4,MNC,0.3,100,84,0.61,20000,1,1,1,104000
STU-2026-00498,Nursing,B,Chennai,8.04,2,MNC,0.15,64,74,0.73,20000,0,1,1,54000
STU-2026-00499,Engineering,D,Pune,4.81,0,None,0.0,16,68,0.61,20000,0,0,0,0
STU-2026-00500,Nursing,D,Pune,9.69,0,None,0.0,78,79,0.61,10000,0,0,1,28000
STU-2026-00501,MBA,C,Chennai,6.89,3,Startup,0.157,46,51,0.63,25000,0,0,1,41000
STU-2026-00502,MBA,A,Chennai,7.51,0,None,0.0,52,98,0.66,25000,0,0,1,104000
STU-2026-00503,Nursing,C,Mumbai,4.94,4,MNC,0.3,67,63,0.59,25000,0,0,1,22000
STU-2026-00504,Engineering,D,Delhi NCR,5.12,0,None,0.0,25,86,0.45,20000,0,0,0,0
STU-2026-00505,MBA,B,Hyderabad,7.05,3,SME,0.113,71,88,0.55,10000,0,0,1,85000
STU-2026-00506,Engineering,A,Chennai,6.7,4,MNC,0.3,52,73,0.64,10000,0,1,1,90000
STU-2026-00507,Engineering,D,Pune,4.0,0,None,0.0,24,77,0.5,25000,0,0,0,0
STU-2026-00508,Engineering,B,Chennai,7.95,3,MNC,0.225,53,73,0.5,20000,0,1,1,79000
STU-2026-00509,MBA,A,Delhi NCR,8.33,6,MNC,0.45,48,73,0.67,10000,0,1,1,182000
STU-2026-00510,MBA,C,Chennai,6.4,2,Startup,0.105,51,88,0.46,10000,0,0,1,48000
STU-2026-00511,Nursing,A,Mumbai,7.57,1,MNC,0.075,95,57,0.54,30000,0,1,1,51000
STU-2026-00512,Engineering,D,Mumbai,6.33,0,None,0.0,48,65,0.59,20000,0,0,0,22000
STU-2026-00513,Engineering,D,Chennai,7.19,0,None,0.0,84,70,0.62,10000,0,0,1,27000
STU-2026-00514,Engineering,D,Mumbai,8.84,1,MNC,0.075,45,94,0.53,20000,0,1,1,48000
STU-2026-00515,MBA,C,Bengaluru,7.46,0,None,0.0,46,66,0.72,15000,0,0,1,38000
STU-2026-00516,Nursing,B,Mumbai,6.38,1,SME,0.037,56,75,0.59,15000,0,1,1,26000
STU-2026-00517,MBA,C,Chennai,6.97,0,None,0.0,0,81,0.59,15000,0,0,1,43000
STU-2026-00518,MBA,D,Bengaluru,8.34,0,None,0.0,66,79,0.59,10000,0,0,1,43000
STU-2026-00519,Engineering,A,Hyderabad,8.88,3,Startup,0.157,93,86,0.53,20000,0,1,1,85000
STU-2026-00520,Engineering,B,Delhi NCR,8.07,2,SME,0.075,69,42,0.48,30000,0,0,1,62000
STU-2026-00521,Nursing,C,Chennai,5.35,0,None,0.0,50,74,0.58,20000,0,0,0,27000
STU-2026-00522,Engineering,B,Chennai,9.16,6,MNC,0.45,50,61,0.65,15000,0,1,1,97000
STU-2026-00523,MBA,D,Mumbai,7.69,0,None,0.0,0,90,0.61,30000,0,0,0,43000
STU-2026-00524,Engineering,A,Delhi NCR,8.17,2,Startup,0.105,25,92,0.6,30000,0,1,1,106000
STU-2026-00525,MBA,C,Hyderabad,5.57,4,MNC,0.3,52,66,0.68,10000,0,0,0,51000
STU-2026-00526,Nursing,A,Mumbai,7.72,1,MNC,0.075,69,77,0.53,25000,0,1,1,63000
STU-2026-00527,Nursing,C,Chennai,5.72,4,Startup,0.21,61,64,0.31,25000,0,0,1,25000
STU-2026-00528,Engineering,B,Delhi NCR,5.87,0,None,0.0,35,72,0.73,10000,0,0,1,40000
STU-2026-00529,Nursing,B,Bengaluru,7.96,4,SME,0.15,51,60,0.48,10000,0,0,1,48000
STU-2026-00530,MBA,D,Chennai,6.99,2,MNC,0.15,38,64,0.51,15000,0,0,1,37000
STU-2026-00531,Engineering,D,Mumbai,7.73,0,None,0.0,15,59,0.45,30000,0,0,0,41000
STU-2026-00532,Engineering,C,Chennai,7.42,6,MNC,0.45,64,78,0.49,10000,0,0,1,54000
STU-2026-00533,Engineering,B,Chennai,8.83,0,None,0.0,36,83,0.69,25000,0,1,1,62000
STU-2026-00534,MBA,C,Bengaluru,7.65,0,None,0.0,97,61,0.45,20000,0,0,0,60000
STU-2026-00535,Nursing,A,Mumbai,6.69,4,Startup,0.21,53,77,0.62,30000,0,1,1,65000
STU-2026-00536,Engineering,C,Chennai,8.33,6,MNC,0.45,16,60,0.52,25000,0,1,1,78000
STU-2026-00537,MBA,C,Mumbai,7.34,0,None,0.0,70,52,0.77,30000,0,0,1,58000
STU-2026-00538,Engineering,C,Bengaluru,8.94,0,None,0.0,0,62,0.53,10000,0,0,1,43000
STU-2026-00539,Nursing,A,Bengaluru,8.81,1,MNC,0.075,87,80,0.63,10000,0,1,1,64000
STU-2026-00540,Engineering,A,Pune,9.2,2,MNC,0.15,76,69,0.56,10000,0,1,1,91000
STU-2026-00541,Nursing,D,Bengaluru,9.09,0,None,0.0,8,73,0.7,25000,0,0,0,32000
STU-2026-00542,Nursing,C,Delhi NCR,7.93,5,Startup,0.263,40,100,0.43,10000,0,1,1,42000
STU-2026-00543,Nursing,A,Bengaluru,8.82,5,MNC,0.375,69,59,0.62,25000,0,1,1,102000
STU-2026-00544,Engineering,D,Delhi NCR,7.16,3,Startup,0.157,56,86,0.64,10000,0,0,1,33000
STU-2026-00545,Nursing,D,Mumbai,5.95,0,None,0.0,70,92,0.58,20000,0,0,1,18000
STU-2026-00546,Nursing,C,Chennai,8.21,4,Startup,0.21,57,99,0.51,30000,0,0,1,44000
STU-2026-00547,MBA,B,Chennai,8.15,2,MNC,0.15,56,57,0.69,10000,0,1,1,75000
STU-2026-00548,MBA,A,Bengaluru,9.28,6,SME,0.225,83,72,0.61,10000,1,1,1,127000
STU-2026-00549,MBA,A,Chennai,8.22,6,SME,0.225,17,83,0.44,20000,0,1,1,123000
STU-2026-00550,Engineering,B,Hyderabad,7.29,4,Startup,0.21,47,66,0.74,10000,0,0,1,78000
STU-2026-00551,Engineering,C,Mumbai,7.21,0,None,0.0,10,54,0.77,15000,0,0,0,34000
STU-2026-00552,Nursing,D,Chennai,8.16,4,SME,0.15,48,56,0.62,10000,0,0,1,37000
STU-2026-00553,Nursing,A,Hyderabad,9.05,0,None,0.0,71,75,0.78,25000,0,1,1,57000
STU-2026-00554,Engineering,A,Pune,8.56,2,MNC,0.15,100,55,0.56,20000,0,1,1,100000
STU-2026-00555,MBA,C,Pune,5.62,6,Startup,0.315,68,100,0.62,20000,0,0,1,41000
STU-2026-00556,MBA,C,Bengaluru,7.11,0,None,0.0,68,77,0.6,15000,0,0,1,42000
STU-2026-00557,Engineering,A,Bengaluru,8.87,0,None,0.0,78,47,0.76,25000,0,1,1,110000
STU-2026-00558,MBA,C,Pune,5.19,0,None,0.0,6,68,0.65,20000,0,0,1,41000
STU-2026-00559,Engineering,D,Delhi NCR,6.51,0,None,0.0,14,88,0.5,10000,0,0,1,28000
STU-2026-00560,Engineering,B,Chennai,9.09,6,SME,0.225,74,68,0.55,30000,0,1,1,88000
STU-2026-00561,Engineering,B,Delhi NCR,7.58,0,None,0.0,48,68,0.61,15000,0,0,1,60000
STU-2026-00562,MBA,D,Hyderabad,5.62,0,None,0.0,11,45,0.42,20000,0,0,0,0
STU-2026-00563,MBA,B,Mumbai,6.79,4,SME,0.15,99,62,0.62,30000,0,1,1,74000
STU-2026-00564,Engineering,A,Pune,8.14,0,None,0.0,36,92,0.78,15000,0,0,1,71000
STU-2026-00565,Engineering,A,Mumbai,7.98,2,MNC,0.15,41,78,0.53,15000,0,1,1,111000
STU-2026-00566,MBA,C,Chennai,7.06,6,MNC,0.45,66,87,0.54,30000,0,0,1,74000
STU-2026-00567,Nursing,C,Mumbai,7.83,0,None,0.0,43,46,0.52,10000,0,0,1,33000
STU-2026-00568,Engineering,D,Bengaluru,9.17,0,None,0.0,5,78,0.75,20000,0,1,1,39000
STU-2026-00569,Engineering,A,Pune,8.59,0,None,0.0,71,73,0.59,30000,0,1,1,55000
STU-2026-00570,MBA,D,Pune,7.62,0,None,0.0,43,67,0.8,25000,0,0,0,41000
STU-2026-00571,Engineering,C,Bengaluru,9.19,3,Startup,0.157,19,62,0.59,25000,0,0,1,63000
STU-2026-00572,Engineering,A,Hyderabad,7.17,2,SME,0.075,49,61,0.59,20000,0,1,1,84000
STU-2026-00573,MBA,D,Hyderabad,4.67,0,None,0.0,67,74,0.74,10000,0,0,0,31000
STU-2026-00574,MBA,D,Bengaluru,7.36,0,None,0.0,74,78,0.59,30000,0,1,1,48000
STU-2026-00575,Engineering,A,Pune,8.66,3,Startup,0.157,34,51,0.63,30000,0,1,1,94000
STU-2026-00576,MBA,C,Hyderabad,6.97,4,Startup,0.21,80,80,0.49,15000,0,0,1,53000
STU-2026-00577,Engineering,C,Hyderabad,6.33,0,None,0.0,30,63,0.47,20000,0,0,0,33000
STU-2026-00578,Engineering,D,Hyderabad,4.0,0,None,0.0,91,86,0.56,30000,0,0,0,15000
STU-2026-00579,Engineering,B,Mumbai,9.2,2,Startup,0.105,98,72,0.7,30000,0,1,1,60000
STU-2026-00580,Nursing,A,Bengaluru,7.87,4,Startup,0.21,63,63,0.58,15000,0,1,1,73000
STU-2026-00581,Engineering,B,Hyderabad,7.55,6,SME,0.225,39,59,0.47,20000,0,1,1,47000
STU-2026-00582,Nursing,A,Chennai,9.12,5,SME,0.188,88,65,0.34,15000,0,1,1,83000
STU-2026-00583,Nursing,B,Pune,6.49,2,Startup,0.105,50,93,0.67,10000,0,0,1,30000
STU-2026-00584,Engineering,A,Bengaluru,7.94,1,SME,0.037,56,77,0.55,25000,0,1,1,109000
STU-2026-00585,Engineering,C,Hyderabad,7.78,0,None,0.0,39,67,0.56,15000,0,0,1,40000
STU-2026-00586,MBA,B,Delhi NCR,7.55,0,None,0.0,61,62,0.46,15000,0,0,1,69000
STU-2026-00587,Nursing,B,Mumbai,8.0,3,MNC,0.225,49,88,0.51,20000,0,1,1,40000
STU-2026-00588,Nursing,D,Hyderabad,7.32,0,None,0.0,52,58,0.64,20000,0,0,1,17000
STU-2026-00589,MBA,B,Bengaluru,8.0,4,SME,0.15,10,56,0.76,25000,0,0,1,70000
STU-2026-00590,Nursing,C,Bengaluru,6.56,5,SME,0.188,92,43,0.49,30000,0,0,1,43000
STU-2026-00591,MBA,B,Chennai,7.4,2,Startup,0.105,35,100,0.76,20000,0,1,1,67000
STU-2026-00592,Nursing,C,Bengaluru,6.74,0,None,0.0,36,75,0.75,10000,0,0,1,24000
STU-2026-00593,Nursing,D,Hyderabad,8.45,0,None,0.0,48,80,0.75,30000,0,0,1,29000
STU-2026-00594,MBA,B,Chennai,6.97,4,MNC,0.3,29,75,0.85,20000,0,0,1,84000
STU-2026-00595,Nursing,A,Bengaluru,8.71,3,MNC,0.225,62,68,0.47,10000,0,1,1,73000
STU-2026-00596,Nursing,C,Pune,4.17,0,None,0.0,70,84,0.61,15000,0,0,1,21000
STU-2026-00597,Engineering,A,Delhi NCR,8.38,1,SME,0.037,78,66,0.73,10000,0,1,1,92000
STU-2026-00598,Engineering,D,Pune,5.28,2,Startup,0.105,47,58,0.54,25000,0,0,0,22000
STU-2026-00599,MBA,C,Hyderabad,9.35,0,None,0.0,73,99,0.48,25000,0,1,1,54000
STU-2026-00600,Nursing,B,Bengaluru,6.8,1,Startup,0.052,42,89,0.56,10000,0,1,1,43000
STU-2026-00601,MBA,C,Mumbai,9.56,0,None,0.0,3,89,0.71,15000,0,0,1,79000
STU-2026-00602,MBA,B,Chennai,7.84,0,None,0.0,55,58,0.53,10000,0,1,1,73000
STU-2026-00603,MBA,D,Chennai,7.74,0,None,0.0,20,58,0.71,15000,0,0,0,41000
STU-2026-00604,Nursing,D,Bengaluru,6.84,0,None,0.0,43,67,0.64,20000,0,0,1,26000
STU-2026-00605,Engineering,B,Pune,6.51,6,SME,0.225,54,88,0.69,30000,0,0,1,62000
STU-2026-00606,MBA,C,Delhi NCR,4.43,0,None,0.0,41,98,0.51,10000,0,0,0,35000
STU-2026-00607,MBA,D,Bengaluru,4.95,0,None,0.0,24,79,0.54,10000,0,0,0,31000
STU-2026-00608,MBA,A,Delhi NCR,8.54,6,SME,0.225,65,65,0.64,25000,0,1,1,144000
STU-2026-00609,Engineering,A,Mumbai,7.8,6,Startup,0.315,56,55,0.6,10000,0,1,1,88000
STU-2026-00610,MBA,A,Delhi NCR,8.41,4,Startup,0.21,64,82,0.56,20000,0,1,1,142000
STU-2026-00611,Engineering,D,Bengaluru,7.33,0,None,0.0,19,72,0.64,25000,0,0,0,23000
STU-2026-00612,MBA,B,Pune,7.66,0,None,0.0,100,65,0.53,25000,0,1,1,74000
STU-2026-00613,MBA,C,Bengaluru,8.23,5,MNC,0.375,9,81,0.66,15000,0,0,1,85000
STU-2026-00614,Nursing,A,Mumbai,9.02,5,Startup,0.263,77,53,0.68,30000,0,1,1,89000
STU-2026-00615,Engineering,A,Pune,8.26,4,SME,0.15,57,88,0.59,25000,0,1,1,92000
STU-2026-00616,Nursing,B,Pune,7.68,4,SME,0.15,85,79,0.51,10000,1,1,1,51000
STU-2026-00617,Nursing,B,Mumbai,8.78,4,MNC,0.3,57,78,0.68,15000,0,1,1,74000
STU-2026-00618,Engineering,B,Bengaluru,8.37,0,None,0.0,54,61,0.63,10000,0,1,1,60000
STU-2026-00619,Nursing,D,Bengaluru,8.08,6,MNC,0.45,76,56,0.52,30000,0,0,1,42000
STU-2026-00620,MBA,C,Chennai,6.17,1,MNC,0.075,74,76,0.6,25000,0,0,0,38000
STU-2026-00621,Nursing,D,Hyderabad,7.14,0,None,0.0,0,85,0.58,20000,0,0,1,33000
STU-2026-00622,Nursing,D,Mumbai,6.58,5,SME,0.188,37,85,0.77,30000,0,0,0,20000
STU-2026-00623,MBA,A,Pune,7.7,0,None,0.0,72,77,0.71,30000,0,0,1,65000
STU-2026-00624,Nursing,A,Mumbai,8.89,1,Startup,0.052,43,40,0.61,30000,0,1,1,71000
STU-2026-00625,MBA,D,Delhi NCR,6.25,0,None,0.0,36,64,0.47,25000,0,0,0,39000
STU-2026-00626,Nursing,D,Mumbai,7.19,0,None,0.0,44,55,0.58,25000,0,0,0,0
STU-2026-00627,Engineering,D,Mumbai,7.01,0,None,0.0,76,48,0.54,20000,0,0,1,38000
STU-2026-00628,Nursing,B,Mumbai,7.05,3,Startup,0.157,46,40,0.61,10000,0,1,1,47000
STU-2026-00629,MBA,C,Delhi NCR,6.77,0,None,0.0,48,70,0.52,25000,0,0,1,50000
STU-2026-00630,Nursing,A,Bengaluru,8.21,0,None,0.0,40,90,0.67,25000,0,1,1,73000
STU-2026-00631,MBA,C,Chennai,6.2,0,None,0.0,20,59,0.42,10000,0,0,0,32000
STU-2026-00632,Engineering,D,Bengaluru,5.33,4,SME,0.15,0,69,0.58,25000,0,0,0,24000
STU-2026-00633,Nursing,C,Mumbai,5.39,2,MNC,0.15,52,62,0.63,20000,0,0,0,27000
STU-2026-00634,Nursing,D,Bengaluru,8.36,5,SME,0.188,55,64,0.63,10000,0,0,1,34000
STU-2026-00635,Engineering,B,Bengaluru,7.17,2,MNC,0.15,57,73,0.5,25000,0,0,1,48000
STU-2026-00636,Engineering,C,Chennai,4.88,0,None,0.0,10,72,0.51,20000,0,0,0,28000
STU-2026-00637,MBA,D,Chennai,4.44,6,MNC,0.45,56,82,0.5,15000,0,0,1,32000
STU-2026-00638,MBA,D,Hyderabad,6.92,0,None,0.0,8,43,0.56,25000,0,0,0,37000
STU-2026-00639,Nursing,C,Delhi NCR,5.38,0,None,0.0,30,74,0.6,20000,0,0,0,21000
STU-2026-00640,Nursing,A,Delhi NCR,9.14,0,None,0.0,36,77,0.72,10000,0,1,1,68000
STU-2026-00641,Engineering,B,Bengaluru,6.97,6,MNC,0.45,81,49,0.5,20000,0,1,1,89000
STU-2026-00642,Nursing,D,Hyderabad,7.26,0,None,0.0,16,65,0.54,10000,0,0,0,29000
STU-2026-00643,MBA,B,Chennai,6.13,0,None,0.0,92,82,0.71,10000,0,0,1,56000
STU-2026-00644,Engineering,C,Hyderabad,5.08,3,SME,0.113,27,77,0.73,20000,0,0,0,31000
STU-2026-00645,MBA,D,Delhi NCR,6.62,0,None,0.0,5,79,0.53,15000,0,0,0,35000
STU-2026-00646,MBA,C,Chennai,5.85,5,Startup,0.263,40,67,0.56,30000,0,0,1,55000
STU-2026-00647,Engineering,A,Hyderabad,9.52,3,SME,0.113,63,85,0.46,30000,0,1,1,91000
STU-2026-00648,Nursing,C,Delhi NCR,5.03,4,MNC,0.3,22,88,0.7,20000,0,0,1,22000
STU-2026-00649,MBA,C,Delhi NCR,6.56,0,None,0.0,48,73,0.42,20000,0,0,0,46000
STU-2026-00650,Engineering,B,Hyderabad,8.04,1,SME,0.037,16,68,0.61,25000,0,0,1,68000
STU-2026-00651,Nursing,C,Chennai,7.5,0,None,0.0,20,41,0.56,10000,0,0,1,39000
STU-2026-00652,Nursing,D,Delhi NCR,7.65,0,None,0.0,51,76,0.54,25000,0,0,1,33000
STU-2026-00653,MBA,D,Chennai,5.67,0,None,0.0,80,65,0.73,30000,0,0,0,35000
STU-2026-00654,Engineering,C,Chennai,5.92,6,SME,0.225,5,73,0.7,25000,0,0,0,32000
STU-2026-00655,Nursing,C,Hyderabad,6.69,0,None,0.0,38,78,0.69,15000,0,0,1,37000
STU-2026-00656,Nursing,B,Delhi NCR,7.72,0,None,0.0,53,46,0.57,15000,0,0,1,49000
STU-2026-00657,Nursing,C,Chennai,7.35,2,SME,0.075,11,73,0.67,20000,0,0,1,38000
STU-2026-00658,Nursing,A,Bengaluru,8.81,6,Startup,0.315,61,76,0.72,25000,0,1,1,85000
STU-2026-00659,MBA,C,Delhi NCR,5.87,4,MNC,0.3,49,88,0.54,25000,0,0,0,51000
STU-2026-00660,Engineering,A,Pune,8.93,5,MNC,0.375,71,76,0.57,25000,0,1,1,136000
STU-2026-00661,Nursing,C,Pune,5.8,0,None,0.0,95,79,0.54,15000,0,0,1,25000
STU-2026-00662,Engineering,B,Delhi NCR,7.26,5,Startup,0.263,82,73,0.53,15000,0,1,1,69000
STU-2026-00663,MBA,B,Mumbai,8.27,6,MNC,0.45,48,75,0.63,20000,0,0,1,145000
STU-2026-00664,Nursing,A,Mumbai,9.23,2,MNC,0.15,52,53,0.63,30000,0,1,1,86000
STU-2026-00665,Engineering,D,Mumbai,7.03,0,None,0.0,53,92,0.66,25000,0,0,0,39000
STU-2026-00666,Nursing,D,Pune,8.77,0,None,0.0,100,53,0.62,25000,0,0,0,33000
STU-2026-00667,MBA,A,Mumbai,7.76,6,Startup,0.315,98,58,0.43,10000,0,1,1,92000
STU-2026-00668,MBA,B,Mumbai,8.25,6,SME,0.225,19,70,0.39,15000,0,0,1,117000
STU-2026-00669,Engineering,C,Delhi NCR,7.23,0,None,0.0,18,70,0.6,25000,0,0,1,33000
STU-2026-00670,Nursing,C,Bengaluru,7.51,0,None,0.0,0,61,0.55,10000,0,0,1,32000
STU-2026-00671,MBA,C,Pune,5.11,5,SME,0.188,15,73,0.59,20000,0,0,0,40000
STU-2026-00672,MBA,B,Delhi NCR,8.2,4,Startup,0.21,50,69,0.82,15000,0,0,1,67000
STU-2026-00673,Engineering,D,Mumbai,7.74,0,None,0.0,23,65,0.52,15000,0,0,0,44000
STU-2026-00674,Engineering,A,Hyderabad,8.84,1,Startup,0.052,77,49,0.48,10000,0,0,1,84000
STU-2026-00675,MBA,C,Hyderabad,7.95,5,MNC,0.375,53,67,0.6,10000,0,0,1,80000
STU-2026-00676,Nursing,A,Mumbai,8.81,4,Startup,0.21,28,74,0.69,25000,0,1,1,91000
STU-2026-00677,Engineering,C,Pune,10.0,2,SME,0.075,37,76,0.53,10000,0,0,1,66000
STU-2026-00678,MBA,D,Chennai,7.03,0,None,0.0,15,73,0.75,30000,0,0,1,46000
STU-2026-00679,MBA,B,Pune,7.26,1,SME,0.037,75,74,0.5,30000,0,1,1,60000
STU-2026-00680,Engineering,C,Mumbai,6.04,4,MNC,0.3,45,74,0.48,30000,0,0,1,49000
STU-2026-00681,Engineering,C,Hyderabad,5.95,3,SME,0.113,2,68,0.56,25000,0,0,0,36000
STU-2026-00682,MBA,B,Mumbai,5.49,2,SME,0.075,52,65,0.66,25000,0,0,1,69000
STU-2026-00683,MBA,B,Mumbai,5.59,0,None,0.0,86,67,0.69,10000,0,0,1,61000
STU-2026-00684,Engineering,D,Bengaluru,6.34,5,MNC,0.375,13,91,0.59,10000,0,0,1,47000
STU-2026-00685,MBA,B,Pune,6.47,3,Startup,0.157,72,61,0.59,25000,0,0,1,54000
STU-2026-00686,Engineering,A,Bengaluru,7.58,3,Startup,0.157,87,83,0.59,20000,0,1,1,86000
STU-2026-00687,MBA,A,Mumbai,9.29,1,MNC,0.075,56,73,0.71,15000,0,1,1,158000
STU-2026-00688,Nursing,B,Delhi NCR,5.97,4,SME,0.15,93,64,0.58,20000,0,0,1,36000
STU-2026-00689,Nursing,A,Delhi NCR,7.37,2,MNC,0.15,48,68,0.7,25000,0,1,1,68000
STU-2026-00690,MBA,D,Delhi NCR,5.49,6,Startup,0.315,18,97,0.53,25000,0,0,1,40000
STU-2026-00691,Nursing,B,Mumbai,7.5,0,None,0.0,81,89,0.59,10000,0,0,1,41000
STU-2026-00692,Engineering,A,Pune,8.47,4,SME,0.15,78,70,0.66,25000,1,1,1,106000
STU-2026-00693,Engineering,D,Delhi NCR,7.17,6,SME,0.225,2,31,0.64,15000,0,0,0,37000
STU-2026-00694,MBA,D,Mumbai,7.09,4,MNC,0.3,38,87,0.61,10000,0,0,1,60000
STU-2026-00695,MBA,C,Mumbai,6.54,6,SME,0.225,53,63,0.54,30000,0,0,1,57000
STU-2026-00696,Nursing,B,Chennai,7.98,5,SME,0.188,55,42,0.56,30000,0,1,1,50000
STU-2026-00697,Engineering,D,Chennai,6.5,4,Startup,0.21,65,59,0.45,25000,0,0,1,33000
STU-2026-00698,Engineering,A,Mumbai,7.43,2,SME,0.075,56,77,0.6,25000,0,1,1,105000
STU-2026-00699,MBA,B,Mumbai,7.16,3,MNC,0.225,66,62,0.52,20000,0,0,1,76000
STU-2026-00700,MBA,A,Hyderabad,8.49,6,Startup,0.315,100,59,0.56,25000,0,1,1,152000
STU-2026-00701,Engineering,A,Pune,8.41,5,Startup,0.263,86,34,0.36,10000,0,1,1,127000
STU-2026-00702,MBA,D,Delhi NCR,4.92,0,None,0.0,0,79,0.62,25000,0,0,0,0
STU-2026-00703,Nursing,A,Mumbai,7.41,1,SME,0.037,41,72,0.54,30000,0,1,1,34000
STU-2026-00704,Engineering,A,Hyderabad,7.51,6,Startup,0.315,37,66,0.55,30000,0,1,1,73000
STU-2026-00705,Nursing,B,Chennai,7.55,3,Startup,0.157,71,98,0.55,10000,0,1,1,36000
STU-2026-00706,Engineering,D,Delhi NCR,4.0,5,SME,0.188,61,70,0.72,25000,0,0,0,23000
STU-2026-00707,Nursing,C,Chennai,9.04,0,None,0.0,50,74,0.6,10000,0,0,1,47000
STU-2026-00708,Nursing,B,Mumbai,6.89,6,Startup,0.315,70,47,0.48,30000,0,1,1,48000
STU-2026-00709,Nursing,C,Chennai,8.54,0,None,0.0,38,42,0.69,15000,0,0,1,40000
STU-2026-00710,MBA,B,Chennai,7.53,4,MNC,0.3,29,72,0.82,20000,0,1,1,90000
STU-2026-00711,Nursing,B,Bengaluru,8.58,0,None,0.0,64,73,0.49,25000,0,1,1,55000
STU-2026-00712,Engineering,D,Bengaluru,5.8,1,Startup,0.052,76,69,0.51,10000,0,0,1,27000
STU-2026-00713,Nursing,A,Pune,8.81,5,SME,0.188,54,69,0.65,15000,0,1,1,57000
STU-2026-00714,MBA,A,Hyderabad,7.3,5,Startup,0.263,79,68,0.55,30000,0,1,1,99000
STU-2026-00715,MBA,B,Chennai,5.48,6,MNC,0.45,58,61,0.5,10000,0,0,1,78000
STU-2026-00716,MBA,C,Hyderabad,9.31,4,SME,0.15,2,87,0.7,15000,0,0,1,79000
STU-2026-00717,MBA,D,Delhi NCR,6.25,4,MNC,0.3,45,93,0.66,15000,0,0,1,43000
STU-2026-00718,MBA,C,Chennai,5.02,3,SME,0.113,35,88,0.45,30000,0,0,0,41000
STU-2026-00719,Nursing,B,Bengaluru,6.52,6,Startup,0.315,44,64,0.46,20000,0,0,1,53000
STU-2026-00720,Nursing,B,Chennai,6.19,2,SME,0.075,28,61,0.67,30000,0,0,1,34000
STU-2026-00721,Nursing,C,Chennai,6.85,0,None,0.0,0,77,0.64,20000,0,0,0,34000
STU-2026-00722,Nursing,D,Hyderabad,5.45,6,SME,0.225,68,72,0.57,25000,0,0,1,23000
STU-2026-00723,Nursing,C,Pune,8.26,5,MNC,0.375,13,59,0.7,10000,0,0,1,55000
STU-2026-00724,MBA,B,Mumbai,9.2,2,Startup,0.105,52,80,0.48,15000,0,1,1,97000
STU-2026-00725,MBA,C,Bengaluru,7.37,6,Startup,0.315,24,45,0.65,15000,0,0,0,66000
STU-2026-00726,Nursing,A,Delhi NCR,8.95,1,SME,0.037,64,99,0.7,30000,0,1,1,72000
STU-2026-00727,Engineering,D,Bengaluru,6.74,6,Startup,0.315,0,56,0.54,10000,0,0,0,0
STU-2026-00728,MBA,D,Pune,6.86,6,Startup,0.315,34,45,0.64,30000,0,0,1,53000
STU-2026-00729,Engineering,A,Chennai,7.94,5,Startup,0.263,72,80,0.63,15000,0,1,1,107000
STU-2026-00730,Nursing,C,Hyderabad,8.23,5,MNC,0.375,25,100,0.55,15000,0,1,1,44000
STU-2026-00731,MBA,D,Bengaluru,7.07,1,MNC,0.075,0,62,0.49,15000,0,0,0,50000
STU-2026-00732,Nursing,A,Pune,8.72,0,None,0.0,13,100,0.63,20000,0,0,1,69000
STU-2026-00733,Nursing,C,Bengaluru,7.01,0,None,0.0,23,73,0.54,20000,0,0,0,27000
STU-2026-00734,Engineering,C,Pune,5.08,2,MNC,0.15,44,79,0.65,15000,0,0,1,35000
STU-2026-00735,MBA,A,Chennai,7.77,6,Startup,0.315,77,50,0.51,25000,0,1,1,153000
STU-2026-00736,Nursing,C,Mumbai,7.93,3,SME,0.113,52,86,0.51,15000,0,0,1,37000
STU-2026-00737,Engineering,A,Hyderabad,8.88,0,None,0.0,58,64,0.65,30000,0,1,1,82000
STU-2026-00738,Nursing,D,Mumbai,6.73,0,None,0.0,14,33,0.62,15000,0,0,0,24000
STU-2026-00739,Nursing,C,Delhi NCR,4.46,0,None,0.0,31,37,0.74,15000,0,0,0,0
STU-2026-00740,Nursing,D,Hyderabad,8.31,6,MNC,0.45,64,56,0.49,10000,0,0,1,36000
STU-2026-00741,Nursing,C,Pune,6.92,0,None,0.0,28,43,0.38,30000,0,0,0,27000
STU-2026-00742,Nursing,B,Mumbai,6.95,3,Startup,0.157,74,88,0.57,10000,0,1,1,48000
STU-2026-00743,MBA,C,Hyderabad,5.17,1,SME,0.037,46,78,0.67,20000,0,0,0,34000
STU-2026-00744,Nursing,D,Pune,5.75,0,None,0.0,42,77,0.75,15000,0,0,0,18000
STU-2026-00745,MBA,A,Mumbai,9.12,0,None,0.0,66,89,0.63,30000,0,1,1,94000
STU-2026-00746,Nursing,A,Chennai,6.96,0,None,0.0,73,88,0.78,15000,0,1,1,63000
STU-2026-00747,Nursing,D,Mumbai,6.1,0,None,0.0,11,83,0.64,25000,0,0,0,22000
STU-2026-00748,Nursing,A,Chennai,8.46,1,Startup,0.052,86,89,0.65,20000,0,1,1,74000
STU-2026-00749,Engineering,A,Mumbai,7.83,0,None,0.0,75,49,0.71,20000,0,0,1,84000
STU-2026-00750,Nursing,A,Hyderabad,7.52,3,Startup,0.157,71,69,0.44,25000,0,1,1,61000
STU-2026-00751,MBA,D,Pune,7.86,0,None,0.0,40,76,0.5,25000,0,0,0,42000
STU-2026-00752,Nursing,A,Hyderabad,8.89,0,None,0.0,94,58,0.71,30000,0,0,1,56000
STU-2026-00753,Engineering,A,Chennai,7.43,3,SME,0.113,33,46,0.64,10000,0,0,1,90000
STU-2026-00754,MBA,C,Hyderabad,7.63,0,None,0.0,47,80,0.59,25000,0,0,1,63000
STU-2026-00755,MBA,D,Chennai,6.09,0,None,0.0,17,67,0.51,15000,0,0,0,37000
STU-2026-00756,Nursing,B,Bengaluru,7.85,5,Startup,0.263,42,63,0.71,15000,0,1,1,72000
STU-2026-00757,MBA,C,Mumbai,8.22,5,MNC,0.375,69,49,0.68,10000,0,1,1,74000
STU-2026-00758,Engineering,A,Hyderabad,8.33,5,SME,0.188,79,78,0.51,10000,0,1,1,92000
STU-2026-00759,MBA,B,Chennai,7.72,6,Startup,0.315,54,67,0.68,15000,0,0,1,122000
STU-2026-00760,MBA,B,Bengaluru,5.68,0,None,0.0,48,76,0.66,30000,0,0,1,52000
STU-2026-00761,MBA,B,Mumbai,7.91,0,None,0.0,55,91,0.68,30000,0,1,1,63000
STU-2026-00762,Engineering,D,Chennai,6.7,3,SME,0.113,32,55,0.64,10000,0,0,0,37000
STU-2026-00763,MBA,A,Bengaluru,7.34,4,Startup,0.21,94,57,0.62,20000,0,1,1,104000
STU-2026-00764,Engineering,B,Mumbai,8.35,1,MNC,0.075,35,92,0.6,20000,0,0,1,64000
STU-2026-00765,MBA,D,Delhi NCR,7.77,3,SME,0.113,25,59,0.58,30000,0,0,0,63000
STU-2026-00766,Engineering,C,Delhi NCR,6.12,2,MNC,0.15,61,73,0.5,20000,0,0,1,45000
STU-2026-00767,Engineering,B,Chennai,7.31,4,Startup,0.21,84,85,0.69,20000,0,1,1,55000
STU-2026-00768,Engineering,C,Pune,6.06,0,None,0.0,45,78,0.38,20000,0,0,0,35000
STU-2026-00769,MBA,D,Hyderabad,6.47,0,None,0.0,72,76,0.73,30000,0,0,1,42000
STU-2026-00770,Engineering,C,Bengaluru,8.76,2,Startup,0.105,73,54,0.57,10000,0,0,1,59000
STU-2026-00771,Nursing,A,Mumbai,8.75,6,MNC,0.45,43,71,0.4,30000,1,1,1,90000
STU-2026-00772,Nursing,D,Hyderabad,6.87,0,None,0.0,32,87,0.32,10000,0,0,0,23000
STU-2026-00773,Nursing,C,Hyderabad,6.26,5,Startup,0.263,83,57,0.68,15000,0,0,1,40000
STU-2026-00774,MBA,D,Bengaluru,6.0,5,SME,0.188,22,86,0.64,20000,0,0,0,37000
STU-2026-00775,Engineering,D,Hyderabad,7.26,4,Startup,0.21,61,60,0.31,30000,0,0,1,33000
STU-2026-00776,Engineering,B,Hyderabad,5.48,5,MNC,0.375,3,82,0.61,25000,0,0,1,68000
STU-2026-00777,Engineering,B,Hyderabad,8.14,6,MNC,0.45,92,49,0.6,25000,0,1,1,85000
STU-2026-00778,MBA,A,Bengaluru,8.0,2,MNC,0.15,73,71,0.66,20000,0,1,1,157000
STU-2026-00779,MBA,B,Mumbai,7.18,5,Startup,0.263,41,74,0.52,25000,0,1,1,81000
STU-2026-00780,MBA,D,Mumbai,6.12,0,None,0.0,28,81,0.58,20000,0,0,0,44000
STU-2026-00781,Engineering,C,Chennai,5.77,0,None,0.0,41,80,0.44,30000,0,0,1,28000
STU-2026-00782,Nursing,B,Pune,8.32,3,SME,0.113,41,80,0.71,10000,0,1,1,54000
STU-2026-00783,Nursing,C,Pune,6.52,2,SME,0.075,26,92,0.53,25000,0,0,0,33000
STU-2026-00784,MBA,C,Pune,5.84,5,MNC,0.375,16,48,0.55,30000,0,0,1,59000
STU-2026-00785,Engineering,D,Bengaluru,7.94,0,None,0.0,53,67,0.58,30000,0,0,1,43000
STU-2026-00786,Nursing,C,Bengaluru,6.95,0,None,0.0,28,55,0.46,15000,0,0,1,32000
STU-2026-00787,MBA,A,Chennai,8.66,3,SME,0.113,57,91,0.55,10000,0,1,1,123000
STU-2026-00788,MBA,D,Pune,6.07,0,None,0.0,55,76,0.64,15000,0,0,0,34000
STU-2026-00789,Nursing,D,Mumbai,9.67,0,None,0.0,70,81,0.61,15000,0,1,1,36000
STU-2026-00790,Nursing,B,Bengaluru,7.53,1,SME,0.037,54,69,0.28,15000,0,0,1,40000
STU-2026-00791,Engineering,B,Delhi NCR,9.09,5,Startup,0.263,60,52,0.6,30000,0,1,1,91000
STU-2026-00792,Nursing,A,Chennai,8.43,3,MNC,0.225,79,58,0.6,15000,0,1,1,88000
STU-2026-00793,MBA,D,Pune,7.42,0,None,0.0,52,70,0.64,25000,0,0,1,41000
STU-2026-00794,Nursing,B,Hyderabad,7.64,2,SME,0.075,38,57,0.61,30000,0,1,1,44000
STU-2026-00795,MBA,B,Chennai,7.26,4,SME,0.15,52,62,0.63,30000,0,0,1,92000
STU-2026-00796,Engineering,B,Pune,6.83,1,MNC,0.075,74,51,0.67,15000,0,1,1,58000
STU-2026-00797,Nursing,D,Bengaluru,5.61,2,Startup,0.105,46,52,0.57,30000,0,0,1,24000
STU-2026-00798,Nursing,A,Hyderabad,8.21,1,MNC,0.075,41,80,0.6,25000,0,0,1,76000
STU-2026-00799,Nursing,B,Hyderabad,7.48,1,SME,0.037,84,54,0.28,25000,0,0,1,45000
STU-2026-00800,Nursing,D,Delhi NCR,4.77,6,SME,0.225,16,100,0.57,25000,0,0,1,18000
STU-2026-00801,Engineering,D,Pune,4.29,0,None,0.0,36,66,0.56,30000,0,0,0,0
STU-2026-00802,Engineering,D,Bengaluru,7.12,0,None,0.0,36,51,0.65,15000,0,0,0,0
STU-2026-00803,Engineering,C,Hyderabad,4.34,4,Startup,0.21,58,78,0.59,15000,0,0,0,27000
STU-2026-00804,Engineering,A,Hyderabad,7.99,5,MNC,0.375,28,59,0.67,25000,0,1,1,106000
STU-2026-00805,Nursing,B,Chennai,8.26,4,Startup,0.21,22,80,0.52,10000,0,1,1,54000
STU-2026-00806,Engineering,D,Chennai,8.38,3,SME,0.113,18,79,0.57,25000,0,0,1,41000
STU-2026-00807,Nursing,C,Hyderabad,5.79,0,None,0.0,40,69,0.62,25000,0,0,0,28000
STU-2026-00808,Engineering,D,Hyderabad,7.91,4,MNC,0.3,14,83,0.48,20000,0,0,1,51000
STU-2026-00809,Nursing,D,Delhi NCR,4.51,5,Startup,0.263,42,63,0.52,25000,0,0,1,18000
STU-2026-00810,Nursing,B,Chennai,6.69,0,None,0.0,62,80,0.59,15000,0,1,1,40000
STU-2026-00811,MBA,B,Mumbai,5.32,4,Startup,0.21,49,62,0.65,30000,0,0,0,83000
STU-2026-00812,Nursing,A,Bengaluru,8.62,6,MNC,0.45,63,88,0.83,10000,1,1,1,110000
STU-2026-00813,Engineering,D,Hyderabad,6.96,0,None,0.0,36,63,0.52,10000,0,0,0,25000
STU-2026-00814,MBA,B,Delhi NCR,7.42,0,None,0.0,26,73,0.6,10000,0,0,1,64000
STU-2026-00815,Nursing,D,Pune,10.0,5,Startup,0.263,74,51,0.62,30000,0,0,1,37000
STU-2026-00816,Engineering,B,Chennai,6.16,1,MNC,0.075,69,60,0.7,30000,0,1,1,59000
STU-2026-00817,MBA,B,Mumbai,6.65,5,SME,0.188,70,79,0.55,15000,0,0,1,91000
STU-2026-00818,Nursing,B,Chennai,7.73,0,None,0.0,73,58,0.48,15000,0,0,1,42000
STU-2026-00819,Nursing,A,Bengaluru,7.35,0,None,0.0,60,45,0.49,20000,0,1,1,62000
STU-2026-00820,MBA,C,Chennai,6.33,0,None,0.0,15,55,0.56,30000,0,0,0,52000
STU-2026-00821,Engineering,A,Chennai,7.8,1,SME,0.037,37,74,0.52,20000,0,0,1,100000
STU-2026-00822,Nursing,C,Delhi NCR,7.79,3,MNC,0.225,44,51,0.62,30000,0,0,1,39000
STU-2026-00823,Engineering,D,Pune,8.42,3,MNC,0.225,72,95,0.63,25000,0,1,1,57000
STU-2026-00824,Nursing,A,Hyderabad,8.56,0,None,0.0,50,63,0.62,20000,0,0,1,65000
STU-2026-00825,MBA,A,Hyderabad,9.08,5,SME,0.188,16,93,0.71,20000,0,1,1,150000
STU-2026-00826,Nursing,D,Pune,6.8,2,Startup,0.105,71,85,0.46,25000,0,0,1,25000
STU-2026-00827,Nursing,D,Hyderabad,6.9,4,MNC,0.3,22,96,0.7,20000,0,0,1,25000
STU-2026-00828,Engineering,D,Chennai,6.34,2,SME,0.075,51,74,0.73,15000,0,0,1,36000
STU-2026-00829,MBA,D,Delhi NCR,7.19,1,SME,0.037,5,67,0.71,20000,0,0,0,46000
STU-2026-00830,Engineering,C,Mumbai,6.42,0,None,0.0,14,68,0.63,20000,0,0,0,35000
STU-2026-00831,Engineering,B,Pune,6.56,2,SME,0.075,82,66,0.75,20000,0,1,1,52000
STU-2026-00832,Engineering,B,Pune,6.49,2,SME,0.075,18,48,0.46,15000,0,0,1,53000
STU-2026-00833,MBA,B,Bengaluru,7.89,2,SME,0.075,16,52,0.69,20000,0,0,1,77000
STU-2026-00834,Engineering,A,Mumbai,8.65,6,SME,0.225,93,67,0.61,25000,0,1,1,148000
STU-2026-00835,Nursing,A,Hyderabad,6.52,4,Startup,0.21,74,68,0.66,30000,0,1,1,60000
STU-2026-00836,MBA,D,Hyderabad,7.65,4,MNC,0.3,100,82,0.52,30000,0,0,1,53000
STU-2026-00837,MBA,D,Bengaluru,4.65,2,MNC,0.15,32,81,0.47,30000,0,0,0,33000
STU-2026-00838,MBA,D,Hyderabad,5.92,0,None,0.0,36,94,0.67,20000,0,0,0,33000
STU-2026-00839,MBA,B,Pune,7.58,6,SME,0.225,50,38,0.8,25000,0,1,1,91000
STU-2026-00840,MBA,A,Mumbai,8.15,4,SME,0.15,45,67,0.44,10000,0,1,1,98000
STU-2026-00841,MBA,C,Hyderabad,5.56,2,SME,0.075,29,89,0.6,20000,0,0,0,51000
STU-2026-00842,Engineering,C,Pune,7.68,3,Startup,0.157,53,81,0.84,15000,0,1,1,46000
STU-2026-00843,MBA,D,Bengaluru,8.75,0,None,0.0,50,77,0.43,20000,0,0,1,44000
STU-2026-00844,MBA,D,Delhi NCR,7.79,0,None,0.0,67,39,0.6,30000,0,0,1,43000
STU-2026-00845,Engineering,B,Mumbai,8.23,2,SME,0.075,67,75,0.57,25000,0,0,1,55000
STU-2026-00846,MBA,B,Bengaluru,8.21,6,MNC,0.45,60,68,0.56,25000,0,1,1,128000
STU-2026-00847,Engineering,B,Pune,7.16,6,SME,0.225,33,81,0.58,30000,0,0,1,81000
STU-2026-00848,Nursing,C,Pune,6.78,0,None,0.0,47,52,0.58,30000,0,0,1,22000
STU-2026-00849,Nursing,A,Pune,8.36,0,None,0.0,62,71,0.7,15000,0,1,1,79000
STU-2026-00850,Engineering,B,Delhi NCR,6.51,6,MNC,0.45,63,71,0.49,25000,0,1,1,95000
STU-2026-00851,Nursing,C,Delhi NCR,6.78,0,None,0.0,53,71,0.53,30000,0,0,0,26000
STU-2026-00852,Nursing,C,Delhi NCR,5.13,0,None,0.0,83,68,0.57,10000,0,0,1,18000
STU-2026-00853,MBA,B,Hyderabad,6.73,6,SME,0.225,61,85,0.65,15000,0,1,1,77000
STU-2026-00854,MBA,C,Delhi NCR,7.28,4,SME,0.15,45,55,0.6,25000,0,0,1,61000
STU-2026-00855,Engineering,D,Hyderabad,6.22,0,None,0.0,100,69,0.46,15000,0,0,1,31000
STU-2026-00856,Engineering,C,Pune,8.81,5,Startup,0.263,25,46,0.68,10000,0,0,1,59000
STU-2026-00857,Engineering,B,Delhi NCR,7.24,3,SME,0.113,59,80,0.53,20000,0,0,1,60000
STU-2026-00858,Nursing,C,Hyderabad,6.98,3,Startup,0.157,42,77,0.68,20000,0,0,1,37000
STU-2026-00859,Nursing,D,Pune,4.9,0,None,0.0,41,77,0.67,10000,0,0,0,15000
STU-2026-00860,Engineering,B,Chennai,6.93,6,SME,0.225,71,86,0.56,10000,0,1,1,64000
STU-2026-00861,Engineering,B,Pune,7.38,0,None,0.0,56,81,0.63,10000,0,1,1,48000
STU-2026-00862,MBA,A,Mumbai,8.61,5,MNC,0.375,49,57,0.6,10000,0,1,1,219000
STU-2026-00863,MBA,B,Mumbai,7.32,4,Startup,0.21,37,74,0.39,15000,0,0,1,82000
STU-2026-00864,Engineering,C,Pune,7.75,2,SME,0.075,64,62,0.58,15000,0,0,1,40000
STU-2026-00865,Engineering,A,Chennai,8.45,3,Startup,0.157,35,64,0.5,25000,0,1,1,128000
STU-2026-00866,Nursing,C,Hyderabad,5.24,0,None,0.0,0,68,0.6,30000,0,0,0,21000
STU-2026-00867,Engineering,D,Chennai,6.56,5,Startup,0.263,49,86,0.4,30000,0,0,1,39000
STU-2026-00868,Nursing,C,Delhi NCR,5.7,0,None,0.0,83,60,0.6,15000,0,0,1,22000
STU-2026-00869,Engineering,D,Delhi NCR,4.58,0,None,0.0,29,85,0.57,20000,0,0,0,0
STU-2026-00870,Engineering,C,Mumbai,7.91,0,None,0.0,32,62,0.61,15000,0,0,1,61000
STU-2026-00871,MBA,C,Pune,7.79,6,Startup,0.315,69,62,0.5,25000,0,0,1,74000
STU-2026-00872,MBA,A,Pune,7.34,5,MNC,0.375,56,76,0.64,10000,0,1,1,135000
STU-2026-00873,Nursing,C,Bengaluru,6.19,0,None,0.0,27,52,0.78,30000,0,0,0,26000
STU-2026-00874,MBA,D,Bengaluru,5.69,0,None,0.0,100,54,0.56,25000,0,0,1,35000
STU-2026-00875,MBA,B,Delhi NCR,8.46,0,None,0.0,96,78,0.49,15000,0,1,1,82000
STU-2026-00876,Nursing,C,Delhi NCR,9.28,5,Startup,0.263,5,88,0.62,25000,0,1,1,49000
STU-2026-00877,Engineering,A,Bengaluru,7.53,0,None,0.0,75,80,0.7,10000,0,1,1,70000
STU-2026-00878,Nursing,D,Hyderabad,4.93,0,None,0.0,60,76,0.5,30000,0,0,0,16000
STU-2026-00879,MBA,B,Delhi NCR,6.02,0,None,0.0,44,53,0.56,10000,0,0,1,42000
STU-2026-00880,Nursing,A,Bengaluru,9.82,3,Startup,0.157,85,58,0.63,15000,1,1,1,103000
STU-2026-00881,Nursing,D,Chennai,5.82,0,None,0.0,67,62,0.47,10000,0,0,0,24000
STU-2026-00882,Engineering,A,Pune,10.0,4,Startup,0.21,36,80,0.56,25000,1,1,1,97000
STU-2026-00883,MBA,D,Chennai,5.28,3,MNC,0.225,21,71,0.54,15000,0,0,0,43000
STU-2026-00884,Engineering,C,Pune,7.52,0,None,0.0,80,76,0.48,25000,0,0,1,39000
STU-2026-00885,Engineering,B,Delhi NCR,8.41,1,MNC,0.075,91,77,0.45,15000,0,0,1,80000
STU-2026-00886,MBA,D,Bengaluru,6.6,1,MNC,0.075,42,81,0.67,25000,0,0,1,39000
STU-2026-00887,Nursing,A,Hyderabad,7.95,2,Startup,0.105,77,78,0.57,25000,0,1,1,66000
STU-2026-00888,Nursing,C,Delhi NCR,5.78,0,None,0.0,21,55,0.57,10000,0,0,1,22000
STU-2026-00889,Nursing,A,Delhi NCR,8.35,3,MNC,0.225,47,66,0.45,20000,0,1,1,77000
STU-2026-00890,Engineering,B,Mumbai,8.04,4,Startup,0.21,64,52,0.71,10000,0,1,1,74000
STU-2026-00891,Engineering,C,Hyderabad,6.79,0,None,0.0,27,73,0.65,15000,0,0,0,36000
STU-2026-00892,Engineering,A,Hyderabad,8.0,4,SME,0.15,65,88,0.52,30000,0,1,1,87000
STU-2026-00893,Engineering,C,Mumbai,5.84,0,None,0.0,31,82,0.49,25000,0,0,1,25000
STU-2026-00894,Engineering,C,Chennai,6.13,0,None,0.0,32,95,0.57,20000,0,0,0,25000
STU-2026-00895,Nursing,B,Chennai,7.53,1,MNC,0.075,72,76,0.62,25000,0,1,1,41000
STU-2026-00896,Engineering,C,Hyderabad,7.87,3,Startup,0.157,0,56,0.42,15000,0,0,1,52000
STU-2026-00897,Engineering,D,Delhi NCR,6.94,3,MNC,0.225,42,56,0.58,25000,0,0,0,47000
STU-2026-00898,Nursing,D,Hyderabad,6.44,0,None,0.0,28,94,0.48,25000,0,0,0,18000
STU-2026-00899,Engineering,B,Hyderabad,7.43,6,Startup,0.315,69,81,0.86,20000,0,0,1,79000
STU-2026-00900,Nursing,B,Mumbai,6.94,4,Startup,0.21,48,61,0.51,20000,0,1,1,53000
STU-2026-00901,Nursing,C,Pune,6.83,0,None,0.0,74,47,0.47,30000,0,0,0,26000
STU-2026-00902,MBA,B,Mumbai,7.66,3,SME,0.113,62,72,0.46,15000,0,1,1,82000
STU-2026-00903,MBA,A,Chennai,8.79,4,MNC,0.3,22,75,0.48,30000,0,1,1,159000
STU-2026-00904,Nursing,D,Hyderabad,6.91,0,None,0.0,19,70,0.45,20000,0,0,1,23000
STU-2026-00905,MBA,D,Chennai,8.14,0,None,0.0,27,62,0.52,10000,0,0,1,42000
STU-2026-00906,Nursing,A,Mumbai,8.72,2,MNC,0.15,52,40,0.54,10000,0,0,1,78000
STU-2026-00907,Engineering,A,Pune,7.25,0,None,0.0,79,69,0.58,10000,0,1,1,85000
STU-2026-00908,Nursing,D,Chennai,6.78,0,None,0.0,21,43,0.53,30000,0,0,0,0
STU-2026-00909,Nursing,C,Mumbai,6.93,0,None,0.0,31,80,0.54,30000,0,0,1,35000
STU-2026-00910,Nursing,A,Mumbai,8.47,2,SME,0.075,59,61,0.54,25000,0,1,1,65000
STU-2026-00911,Engineering,D,Chennai,7.71,0,None,0.0,34,50,0.78,30000,0,0,1,28000
STU-2026-00912,Nursing,D,Delhi NCR,6.27,1,SME,0.037,43,96,0.49,20000,0,0,1,27000
STU-2026-00913,Nursing,A,Chennai,7.7,0,None,0.0,54,54,0.58,20000,0,0,1,65000
STU-2026-00914,Engineering,B,Hyderabad,8.59,0,None,0.0,45,40,0.6,15000,0,0,1,66000
STU-2026-00915,Nursing,D,Bengaluru,6.41,0,None,0.0,43,93,0.64,15000,0,0,0,20000
STU-2026-00916,Nursing,B,Hyderabad,7.33,4,SME,0.15,93,67,0.6,10000,0,1,1,55000
STU-2026-00917,Nursing,C,Chennai,9.15,0,None,0.0,51,71,0.6,25000,0,0,0,44000
STU-2026-00918,Engineering,B,Bengaluru,7.63,5,Startup,0.263,69,59,0.56,15000,0,1,1,83000
STU-2026-00919,Nursing,D,Delhi NCR,6.35,5,Startup,0.263,92,76,0.47,20000,0,0,1,25000
STU-2026-00920,MBA,D,Chennai,4.17,0,None,0.0,80,81,0.65,15000,0,0,0,19000
STU-2026-00921,Nursing,B,Pune,7.02,6,Startup,0.315,77,54,0.35,20000,0,0,1,50000
STU-2026-00922,MBA,D,Pune,6.96,0,None,0.0,58,80,0.63,10000,0,0,1,31000
STU-2026-00923,MBA,A,Hyderabad,8.6,0,None,0.0,73,51,0.45,20000,0,0,1,100000
STU-2026-00924,Engineering,C,Bengaluru,7.7,0,None,0.0,25,57,0.54,20000,0,0,1,44000
STU-2026-00925,Engineering,C,Hyderabad,6.58,5,SME,0.188,37,89,0.53,15000,0,0,1,46000
STU-2026-00926,Engineering,A,Pune,8.07,2,Startup,0.105,100,54,0.56,20000,0,1,1,105000
STU-2026-00927,Nursing,B,Bengaluru,9.19,3,MNC,0.225,93,88,0.58,30000,0,1,1,47000
STU-2026-00928,MBA,B,Chennai,9.54,0,None,0.0,69,63,0.73,20000,0,1,1,94000
STU-2026-00929,MBA,B,Pune,7.33,6,SME,0.225,73,69,0.45,30000,0,1,1,96000
STU-2026-00930,Engineering,C,Mumbai,6.76,5,Startup,0.263,59,54,0.6,10000,0,0,1,54000
STU-2026-00931,Engineering,C,Delhi NCR,6.84,4,Startup,0.21,57,86,0.67,10000,0,0,1,40000
STU-2026-00932,Engineering,A,Chennai,8.2,4,MNC,0.3,49,65,0.56,20000,0,1,1,77000
STU-2026-00933,Nursing,A,Delhi NCR,7.67,2,Startup,0.105,64,50,0.6,30000,0,1,1,75000
STU-2026-00934,Nursing,B,Bengaluru,9.14,0,None,0.0,68,88,0.53,25000,0,1,1,30000
STU-2026-00935,MBA,A,Bengaluru,9.15,4,MNC,0.3,91,62,0.57,15000,0,1,1,162000
STU-2026-00936,MBA,A,Pune,9.1,1,SME,0.037,25,76,0.57,25000,0,1,1,130000
STU-2026-00937,MBA,A,Pune,8.05,6,MNC,0.45,58,67,0.7,15000,0,1,1,155000
STU-2026-00938,MBA,B,Pune,6.23,5,MNC,0.375,52,83,0.6,30000,0,1,1,101000
STU-2026-00939,Nursing,B,Bengaluru,8.54,0,None,0.0,62,62,0.34,25000,0,0,1,45000
STU-2026-00940,MBA,A,Mumbai,8.51,4,Startup,0.21,57,65,0.42,20000,0,1,1,142000
STU-2026-00941,Engineering,C,Delhi NCR,8.86,1,Startup,0.052,38,75,0.7,15000,0,0,1,56000
STU-2026-00942,MBA,D,Hyderabad,5.91,0,None,0.0,62,72,0.63,10000,0,0,0,37000
STU-2026-00943,Engineering,B,Chennai,9.58,6,MNC,0.45,40,65,0.62,10000,0,1,1,95000
STU-2026-00944,Nursing,A,Bengaluru,5.93,2,Startup,0.105,87,81,0.43,10000,0,0,1,62000
STU-2026-00945,MBA,A,Delhi NCR,9.36,1,Startup,0.052,79,67,0.61,15000,0,1,1,148000
STU-2026-00946,Nursing,B,Bengaluru,6.62,3,SME,0.113,44,85,0.6,25000,0,1,1,37000
STU-2026-00947,Nursing,B,Chennai,7.45,1,Startup,0.052,42,70,0.45,30000,0,0,1,34000
STU-2026-00948,Nursing,A,Delhi NCR,8.76,0,None,0.0,74,44,0.73,20000,1,1,1,68000
STU-2026-00949,Engineering,C,Mumbai,6.03,0,None,0.0,100,50,0.6,10000,0,0,1,41000
STU-2026-00950,Engineering,D,Chennai,7.23,0,None,0.0,28,56,0.57,20000,0,0,0,33000
STU-2026-00951,Engineering,A,Delhi NCR,7.75,6,Startup,0.315,30,89,0.55,15000,0,1,1,102000
STU-2026-00952,MBA,A,Delhi NCR,8.25,5,SME,0.188,25,75,0.5,10000,0,1,1,136000
STU-2026-00953,Engineering,B,Hyderabad,7.1,5,SME,0.188,45,68,0.66,10000,0,0,1,61000
STU-2026-00954,Engineering,B,Hyderabad,7.56,4,Startup,0.21,48,65,0.39,15000,0,1,1,71000
STU-2026-00955,Engineering,C,Chennai,5.87,0,None,0.0,87,71,0.5,20000,0,0,1,36000
STU-2026-00956,Engineering,C,Mumbai,7.27,4,MNC,0.3,29,77,0.57,30000,0,0,1,39000
STU-2026-00957,MBA,B,Bengaluru,7.07,4,SME,0.15,94,58,0.54,15000,0,0,1,62000
STU-2026-00958,Engineering,D,Hyderabad,4.15,5,SME,0.188,34,72,0.59,15000,0,0,0,23000
STU-2026-00959,MBA,B,Hyderabad,8.52,0,None,0.0,56,61,0.57,20000,0,1,1,96000
STU-2026-00960,Nursing,C,Pune,6.05,2,SME,0.075,42,75,0.5,15000,0,0,1,22000
STU-2026-00961,Nursing,B,Bengaluru,5.73,6,SME,0.225,67,64,0.62,15000,0,0,1,33000
STU-2026-00962,MBA,B,Chennai,7.45,2,Startup,0.105,35,91,0.46,10000,0,0,1,64000
STU-2026-00963,Nursing,A,Bengaluru,8.66,2,SME,0.075,53,62,0.69,10000,0,1,1,77000
STU-2026-00964,MBA,D,Pune,5.62,0,None,0.0,5,72,0.57,20000,0,0,0,32000
STU-2026-00965,Engineering,B,Mumbai,7.71,0,None,0.0,28,98,0.58,10000,0,1,1,50000
STU-2026-00966,Nursing,C,Hyderabad,7.17,2,SME,0.075,7,77,0.56,15000,0,0,1,36000
STU-2026-00967,Engineering,A,Delhi NCR,7.21,0,None,0.0,46,77,0.81,25000,0,1,1,81000
STU-2026-00968,Engineering,D,Chennai,6.67,2,Startup,0.105,89,44,0.61,25000,0,0,0,21000
STU-2026-00969,MBA,B,Bengaluru,7.8,0,None,0.0,63,66,0.59,10000,0,1,1,70000
STU-2026-00970,MBA,A,Delhi NCR,8.61,2,SME,0.075,47,74,0.58,15000,0,1,1,151000
STU-2026-00971,Engineering,A,Bengaluru,9.14,4,SME,0.15,63,35,0.56,25000,1,1,1,104000
STU-2026-00972,Nursing,C,Pune,8.12,4,Startup,0.21,76,73,0.52,10000,0,0,1,46000
STU-2026-00973,Nursing,D,Chennai,5.82,0,None,0.0,44,51,0.57,30000,0,0,0,21000
STU-2026-00974,Nursing,A,Hyderabad,7.31,0,None,0.0,84,61,0.43,25000,0,1,1,57000
STU-2026-00975,Engineering,B,Hyderabad,7.66,6,MNC,0.45,87,66,0.59,30000,0,1,1,93000
STU-2026-00976,MBA,A,Bengaluru,8.35,4,Startup,0.21,52,41,0.74,20000,0,0,1,118000
STU-2026-00977,MBA,B,Pune,7.86,1,SME,0.037,36,48,0.39,30000,0,0,1,70000
STU-2026-00978,Engineering,D,Chennai,10.0,0,None,0.0,15,56,0.54,30000,0,0,1,42000
STU-2026-00979,Engineering,B,Hyderabad,8.11,6,SME,0.225,40,49,0.42,15000,0,0,1,68000
STU-2026-00980,MBA,D,Delhi NCR,6.44,0,None,0.0,24,89,0.72,15000,0,0,0,27000
STU-2026-00981,MBA,B,Pune,6.93,0,None,0.0,48,60,0.53,20000,0,0,1,61000
STU-2026-00982,Nursing,B,Chennai,6.86,1,MNC,0.075,64,75,0.51,25000,0,1,1,35000
STU-2026-00983,Nursing,C,Mumbai,4.86,4,SME,0.15,50,58,0.63,30000,0,0,0,0
STU-2026-00984,Nursing,B,Pune,8.89,1,MNC,0.075,73,47,0.45,20000,0,1,1,47000
STU-2026-00985,Nursing,B,Bengaluru,6.67,2,SME,0.075,15,65,0.58,10000,0,0,1,32000
STU-2026-00986,MBA,C,Delhi NCR,4.98,4,Startup,0.21,51,85,0.44,15000,0,0,1,43000
STU-2026-00987,Engineering,B,Bengaluru,8.59,0,None,0.0,59,32,0.58,20000,0,1,1,55000
STU-2026-00988,Engineering,D,Pune,6.33,5,MNC,0.375,36,27,0.77,30000,0,0,0,43000
STU-2026-00989,MBA,B,Bengaluru,7.41,4,Startup,0.21,85,76,0.58,25000,0,0,1,93000
STU-2026-00990,MBA,A,Hyderabad,6.7,2,SME,0.075,73,54,0.73,20000,0,1,1,102000
STU-2026-00991,Nursing,B,Mumbai,7.58,0,None,0.0,25,57,0.67,10000,0,0,1,50000
STU-2026-00992,Nursing,C,Mumbai,7.28,0,None,0.0,16,58,0.61,10000,0,0,0,0
STU-2026-00993,Nursing,C,Delhi NCR,8.81,1,MNC,0.075,51,88,0.44,25000,0,1,1,54000
STU-2026-00994,Engineering,B,Chennai,6.18,6,SME,0.225,75,70,0.45,30000,0,1,1,63000
STU-2026-00995,Nursing,B,Pune,6.9,3,MNC,0.225,83,45,0.45,10000,0,0,1,47000
STU-2026-00996,MBA,C,Delhi NCR,5.94,1,Startup,0.052,60,78,0.69,30000,0,0,1,49000
STU-2026-00997,Engineering,C,Pune,6.27,0,None,0.0,91,58,0.81,20000,0,0,1,28000
STU-2026-00998,MBA,D,Hyderabad,8.44,0,None,0.0,43,83,0.72,15000,0,0,1,44000
STU-2026-00999,Nursing,A,Mumbai,8.98,6,SME,0.225,60,80,0.38,10000,0,1,1,77000
STU-2026-01000,MBA,C,Pune,8.78,3,Startup,0.157,56,74,0.65,30000,0,0,1,90000
STU-2026-01001,Nursing,C,Bengaluru,9.19,4,SME,0.15,50,94,0.54,25000,0,0,1,46000
STU-2026-01002,MBA,B,Hyderabad,7.93,3,MNC,0.225,52,78,0.63,10000,0,0,1,97000
STU-2026-01003,Engineering,A,Pune,8.89,1,SME,0.037,63,87,0.48,15000,0,1,1,78000
STU-2026-01004,Nursing,D,Pune,5.46,0,None,0.0,24,56,0.55,20000,0,0,0,0
STU-2026-01005,Nursing,B,Mumbai,8.34,6,Startup,0.315,54,46,0.71,20000,0,1,1,61000
STU-2026-01006,Engineering,C,Delhi NCR,7.34,3,MNC,0.225,45,86,0.65,10000,0,0,1,68000
STU-2026-01007,Nursing,C,Delhi NCR,7.03,0,None,0.0,36,84,0.62,30000,0,0,1,41000
STU-2026-01008,Nursing,A,Bengaluru,7.98,0,None,0.0,54,72,0.71,20000,0,0,1,43000
STU-2026-01009,Nursing,D,Pune,6.1,6,MNC,0.45,0,64,0.65,25000,0,0,0,24000
STU-2026-01010,Engineering,D,Hyderabad,6.88,4,Startup,0.21,62,45,0.68,10000,0,0,1,44000
STU-2026-01011,Nursing,C,Hyderabad,8.26,3,SME,0.113,95,65,0.61,30000,0,0,1,39000
STU-2026-01012,Engineering,B,Hyderabad,9.03,3,MNC,0.225,33,57,0.74,15000,0,1,1,78000
STU-2026-01013,MBA,A,Delhi NCR,8.88,6,SME,0.225,67,93,0.61,15000,1,1,1,195000
STU-2026-01014,Nursing,D,Bengaluru,7.52,3,SME,0.113,41,81,0.56,20000,0,1,1,29000
STU-2026-01015,Nursing,A,Delhi NCR,7.98,4,MNC,0.3,43,86,0.69,20000,0,1,1,87000
STU-2026-01016,MBA,C,Bengaluru,4.99,2,MNC,0.15,45,77,0.77,20000,0,0,0,33000
STU-2026-01017,Engineering,B,Mumbai,6.6,1,Startup,0.052,33,90,0.75,30000,0,0,1,61000
STU-2026-01018,Engineering,B,Delhi NCR,7.63,6,SME,0.225,58,65,0.57,20000,0,0,1,72000
STU-2026-01019,MBA,B,Mumbai,7.46,5,SME,0.188,75,71,0.58,15000,0,0,1,83000
STU-2026-01020,Engineering,A,Pune,8.79,5,MNC,0.375,37,71,0.62,10000,0,1,1,113000
STU-2026-01021,MBA,A,Chennai,8.38,1,Startup,0.052,37,75,0.51,25000,0,1,1,153000
STU-2026-01022,Engineering,A,Hyderabad,7.51,6,Startup,0.315,71,59,0.7,10000,0,1,1,109000
STU-2026-01023,Nursing,C,Chennai,5.75,3,MNC,0.225,35,55,0.68,15000,0,0,0,33000
STU-2026-01024,MBA,C,Hyderabad,6.39,0,None,0.0,37,72,0.52,25000,0,0,1,56000
STU-2026-01025,Nursing,A,Delhi NCR,7.58,0,None,0.0,83,92,0.52,20000,0,0,1,61000
STU-2026-01026,Engineering,A,Hyderabad,7.76,1,MNC,0.075,97,71,0.52,30000,0,1,1,100000
STU-2026-01027,MBA,C,Delhi NCR,6.11,0,None,0.0,41,84,0.55,20000,0,0,1,44000
STU-2026-01028,Nursing,B,Bengaluru,8.18,0,None,0.0,72,67,0.61,30000,0,0,1,35000
STU-2026-01029,MBA,D,Mumbai,7.11,0,None,0.0,87,57,0.52,25000,0,0,0,45000
STU-2026-01030,Nursing,A,Mumbai,8.56,1,Startup,0.052,57,56,0.61,25000,0,0,1,71000
STU-2026-01031,Engineering,D,Hyderabad,7.85,0,None,0.0,9,47,0.76,20000,0,0,0,42000
STU-2026-01032,Engineering,A,Pune,8.08,1,SME,0.037,57,77,0.51,25000,0,1,1,81000
STU-2026-01033,Engineering,D,Delhi NCR,5.22,6,Startup,0.315,48,66,0.58,25000,0,0,0,39000
STU-2026-01034,Engineering,B,Bengaluru,8.38,5,Startup,0.263,79,65,0.43,20000,0,1,1,78000
STU-2026-01035,MBA,B,Chennai,6.75,3,Startup,0.157,68,88,0.6,25000,0,1,1,84000
STU-2026-01036,MBA,A,Mumbai,7.34,3,Startup,0.157,47,84,0.33,25000,0,1,1,86000
STU-2026-01037,Engineering,C,Delhi NCR,6.23,2,SME,0.075,33,65,0.54,10000,0,0,0,51000
STU-2026-01038,MBA,A,Delhi NCR,9.69,1,Startup,0.052,37,94,0.56,30000,0,1,1,130000
STU-2026-01039,MBA,D,Hyderabad,6.01,0,None,0.0,65,72,0.55,30000,0,0,0,30000
STU-2026-01040,Engineering,B,Pune,5.86,3,MNC,0.225,60,52,0.57,30000,0,1,1,63000
STU-2026-01041,MBA,D,Hyderabad,6.76,5,SME,0.188,38,98,0.65,15000,0,0,1,36000
STU-2026-01042,Engineering,A,Chennai,8.52,5,Startup,0.263,77,61,0.63,10000,0,1,1,108000
STU-2026-01043,Nursing,D,Delhi NCR,4.0,4,MNC,0.3,34,85,0.54,20000,0,0,0,16000
STU-2026-01044,MBA,A,Hyderabad,8.49,0,None,0.0,56,56,0.73,30000,0,1,1,99000
STU-2026-01045,MBA,C,Pune,7.4,1,MNC,0.075,53,80,0.43,15000,0,0,1,52000
STU-2026-01046,Engineering,A,Bengaluru,7.91,4,SME,0.15,100,75,0.56,20000,0,0,1,113000
STU-2026-01047,MBA,D,Bengaluru,5.19,0,None,0.0,15,65,0.74,20000,0,0,0,29000
STU-2026-01048,MBA,C,Pune,7.17,3,MNC,0.225,25,72,0.61,30000,0,0,1,72000
STU-2026-01049,Engineering,D,Bengaluru,7.39,1,Startup,0.052,31,81,0.59,30000,0,0,0,33000
STU-2026-01050,Engineering,A,Chennai,8.27,3,MNC,0.225,78,67,0.48,20000,0,1,1,106000
STU-2026-01051,Engineering,B,Pune,7.69,4,SME,0.15,78,85,0.54,20000,0,1,1,55000
STU-2026-01052,Nursing,D,Pune,7.64,0,None,0.0,76,65,0.58,30000,0,0,1,28000
STU-2026-01053,Engineering,B,Pune,7.94,0,None,0.0,36,80,0.51,30000,0,0,1,56000
STU-2026-01054,MBA,C,Pune,6.1,0,None,0.0,34,48,0.7,15000,0,0,1,31000
STU-2026-01055,Engineering,A,Mumbai,8.98,2,SME,0.075,44,83,0.59,25000,0,1,1,97000
STU-2026-01056,Nursing,D,Bengaluru,8.25,0,None,0.0,9,79,0.71,25000,0,0,1,38000
STU-2026-01057,MBA,D,Hyderabad,6.17,0,None,0.0,64,68,0.72,30000,0,0,0,33000
STU-2026-01058,MBA,D,Pune,8.37,0,None,0.0,28,49,0.55,15000,0,0,1,58000
STU-2026-01059,MBA,A,Hyderabad,8.29,6,MNC,0.45,86,50,0.56,30000,0,1,1,152000
STU-2026-01060,MBA,D,Hyderabad,6.9,1,MNC,0.075,57,63,0.61,30000,0,0,1,36000
STU-2026-01061,MBA,C,Mumbai,6.66,6,MNC,0.45,36,68,0.6,15000,0,0,1,65000
STU-2026-01062,Nursing,C,Pune,8.33,5,SME,0.188,11,59,0.88,10000,0,0,1,34000
STU-2026-01063,Engineering,D,Chennai,7.68,6,MNC,0.45,0,66,0.81,30000,0,0,1,36000
STU-2026-01064,Nursing,C,Hyderabad,5.0,0,None,0.0,62,87,0.55,20000,0,0,1,26000
STU-2026-01065,Nursing,A,Pune,9.63,4,SME,0.15,55,35,0.52,20000,0,1,1,82000
STU-2026-01066,MBA,C,Delhi NCR,6.57,0,None,0.0,68,89,0.58,10000,0,0,1,49000
STU-2026-01067,Nursing,C,Chennai,6.88,3,MNC,0.225,63,71,0.81,25000,0,0,1,33000
STU-2026-01068,Nursing,B,Hyderabad,7.37,0,None,0.0,69,89,0.6,20000,0,0,1,46000
STU-2026-01069,Nursing,A,Delhi NCR,8.8,2,SME,0.075,21,70,0.44,10000,0,0,1,63000
STU-2026-01070,MBA,C,Bengaluru,7.77,3,Startup,0.157,43,51,0.69,10000,0,0,1,67000
STU-2026-01071,Nursing,A,Hyderabad,7.55,0,None,0.0,53,78,0.65,30000,0,1,1,58000
STU-2026-01072,Nursing,B,Chennai,7.81,2,Startup,0.105,51,73,0.64,15000,0,0,1,35000
STU-2026-01073,MBA,B,Hyderabad,7.83,3,MNC,0.225,67,60,0.47,15000,0,1,1,96000
STU-2026-01074,Nursing,B,Pune,7.27,4,Startup,0.21,37,58,0.73,15000,0,0,1,45000
STU-2026-01075,Nursing,D,Chennai,7.41,2,SME,0.075,20,93,0.74,20000,0,0,1,25000
STU-2026-01076,Engineering,C,Mumbai,4.0,0,None,0.0,3,50,0.61,25000,0,0,0,0
STU-2026-01077,MBA,D,Delhi NCR,5.19,0,None,0.0,33,78,0.65,30000,0,0,0,0
STU-2026-01078,Engineering,D,Chennai,6.65,4,Startup,0.21,5,84,0.68,15000,0,0,0,33000
STU-2026-01079,Nursing,D,Mumbai,6.25,0,None,0.0,0,75,0.57,25000,0,0,0,18000
STU-2026-01080,MBA,C,Hyderabad,6.06,1,MNC,0.075,2,55,0.48,30000,0,0,1,42000
STU-2026-01081,Nursing,C,Pune,6.95,6,Startup,0.315,30,51,0.58,20000,0,0,1,32000
STU-2026-01082,MBA,C,Mumbai,7.77,0,None,0.0,19,63,0.65,30000,0,0,0,56000
STU-2026-01083,MBA,D,Chennai,6.42,6,SME,0.225,43,34,0.42,30000,0,0,0,52000
STU-2026-01084,Engineering,C,Chennai,5.71,2,Startup,0.105,34,74,0.67,30000,0,0,0,31000
STU-2026-01085,Engineering,A,Mumbai,7.93,0,None,0.0,74,100,0.58,10000,0,0,1,86000
STU-2026-01086,Nursing,A,Chennai,9.26,2,SME,0.075,62,56,0.7,20000,0,1,1,65000
STU-2026-01087,MBA,B,Mumbai,7.88,0,None,0.0,80,88,0.59,10000,0,1,1,87000
STU-2026-01088,Engineering,B,Hyderabad,6.29,6,MNC,0.45,69,49,0.71,10000,0,1,1,81000
STU-2026-01089,Nursing,B,Pune,7.99,6,SME,0.225,36,91,0.76,15000,0,1,1,48000
STU-2026-01090,Engineering,B,Delhi NCR,7.19,6,MNC,0.45,63,59,0.77,25000,0,1,1,46000
STU-2026-01091,MBA,D,Chennai,7.21,3,Startup,0.157,31,69,0.56,15000,0,0,1,56000
STU-2026-01092,Engineering,C,Mumbai,7.14,0,None,0.0,32,69,0.6,20000,0,0,0,44000
STU-2026-01093,Engineering,C,Delhi NCR,7.35,0,None,0.0,79,89,0.53,10000,0,0,1,36000
STU-2026-01094,MBA,B,Hyderabad,8.2,6,Startup,0.315,50,55,0.63,10000,0,0,1,74000
STU-2026-01095,Engineering,D,Bengaluru,6.59,1,Startup,0.052,42,64,0.44,20000,0,0,0,34000
STU-2026-01096,Engineering,A,Mumbai,8.67,0,None,0.0,60,87,0.64,20000,0,1,1,85000
STU-2026-01097,MBA,A,Pune,7.08,0,None,0.0,58,87,0.67,10000,0,1,1,87000
STU-2026-01098,Engineering,D,Delhi NCR,8.42,0,None,0.0,35,92,0.6,20000,0,0,1,47000
STU-2026-01099,MBA,A,Hyderabad,8.05,4,Startup,0.21,64,89,0.59,25000,0,1,1,165000
STU-2026-01100,MBA,A,Hyderabad,7.82,4,SME,0.15,63,87,0.54,25000,0,1,1,120000
STU-2026-01101,Engineering,C,Delhi NCR,4.65,4,MNC,0.3,33,74,0.57,10000,0,0,0,43000
STU-2026-01102,MBA,C,Mumbai,6.92,3,SME,0.113,76,66,0.51,15000,0,0,1,53000
STU-2026-01103,Engineering,A,Pune,7.26,3,SME,0.113,89,61,0.42,25000,0,1,1,77000
STU-2026-01104,Engineering,C,Pune,6.07,0,None,0.0,0,96,0.47,25000,0,0,0,39000
STU-2026-01105,Nursing,B,Bengaluru,7.92,0,None,0.0,59,44,0.52,10000,0,0,1,39000
STU-2026-01106,Nursing,B,Pune,7.7,5,SME,0.188,74,84,0.48,20000,0,1,1,57000
STU-2026-01107,MBA,D,Mumbai,6.8,0,None,0.0,67,100,0.46,10000,0,0,1,25000
STU-2026-01108,MBA,A,Pune,8.35,0,None,0.0,67,69,0.53,30000,0,0,1,113000
STU-2026-01109,MBA,B,Chennai,8.96,1,MNC,0.075,48,77,0.44,15000,0,1,1,84000
STU-2026-01110,MBA,A,Pune,7.59,5,MNC,0.375,45,64,0.64,15000,0,1,1,126000
STU-2026-01111,Nursing,B,Mumbai,7.46,0,None,0.0,38,97,0.51,10000,0,0,1,35000
STU-2026-01112,MBA,A,Pune,9.64,5,MNC,0.375,71,56,0.71,10000,1,1,1,177000
STU-2026-01113,Engineering,D,Hyderabad,6.39,2,MNC,0.15,21,75,0.55,15000,0,0,1,27000
STU-2026-01114,MBA,C,Chennai,8.64,3,MNC,0.225,37,74,0.68,30000,0,0,1,85000
STU-2026-01115,Nursing,B,Delhi NCR,5.0,2,MNC,0.15,46,56,0.47,30000,0,0,1,34000
STU-2026-01116,Engineering,C,Mumbai,7.64,0,None,0.0,46,60,0.64,15000,0,0,1,50000
STU-2026-01117,MBA,B,Chennai,8.28,2,Startup,0.105,61,57,0.53,15000,0,0,1,81000
STU-2026-01118,Nursing,A,Bengaluru,8.41,0,None,0.0,74,69,0.6,30000,0,1,1,60000
STU-2026-01119,MBA,B,Mumbai,6.57,1,MNC,0.075,25,60,0.65,10000,0,0,1,63000
STU-2026-01120,Engineering,A,Chennai,8.57,3,Startup,0.157,70,54,0.7,25000,0,1,1,85000
STU-2026-01121,Nursing,B,Bengaluru,6.68,0,None,0.0,84,68,0.38,20000,0,0,1,36000
STU-2026-01122,Nursing,D,Pune,5.4,0,None,0.0,30,70,0.75,15000,0,0,0,21000
STU-2026-01123,Nursing,A,Hyderabad,9.34,0,None,0.0,89,74,0.4,25000,0,1,1,83000
STU-2026-01124,Nursing,A,Chennai,8.14,3,Startup,0.157,95,83,0.66,25000,1,1,1,76000
STU-2026-01125,Engineering,B,Bengaluru,5.01,0,None,0.0,50,88,0.52,30000,0,0,1,31000
STU-2026-01126,Engineering,C,Hyderabad,8.94,4,SME,0.15,82,57,0.61,15000,0,0,1,64000
STU-2026-01127,MBA,A,Bengaluru,8.61,0,None,0.0,76,75,0.89,15000,0,1,1,82000
STU-2026-01128,Nursing,D,Pune,6.33,0,None,0.0,1,48,0.5,10000,0,0,0,0
STU-2026-01129,Engineering,C,Delhi NCR,5.65,0,None,0.0,53,62,0.58,20000,0,0,1,29000
STU-2026-01130,MBA,D,Mumbai,6.48,0,None,0.0,49,41,0.36,10000,0,0,0,40000
STU-2026-01131,Nursing,B,Bengaluru,9.56,4,SME,0.15,63,82,0.58,10000,0,1,1,77000
STU-2026-01132,Engineering,B,Chennai,5.38,5,Startup,0.263,68,100,0.63,25000,0,1,1,46000
STU-2026-01133,Engineering,C,Bengaluru,6.76,3,MNC,0.225,41,37,0.48,10000,0,0,0,53000
STU-2026-01134,Engineering,D,Bengaluru,7.85,0,None,0.0,48,82,0.58,15000,0,0,1,36000
STU-2026-01135,Engineering,D,Hyderabad,6.87,0,None,0.0,33,80,0.56,25000,0,0,1,26000
STU-2026-01136,Engineering,B,Hyderabad,6.4,4,Startup,0.21,74,69,0.55,15000,0,1,1,52000
STU-2026-01137,MBA,B,Chennai,7.3,3,MNC,0.225,88,93,0.76,20000,0,1,1,98000
STU-2026-01138,Engineering,A,Chennai,7.44,3,MNC,0.225,42,35,0.77,10000,0,0,1,92000
STU-2026-01139,MBA,D,Pune,5.71,0,None,0.0,57,64,0.47,20000,0,0,0,26000
STU-2026-01140,Engineering,C,Hyderabad,5.8,0,None,0.0,0,49,0.62,30000,0,0,0,0
STU-2026-01141,Engineering,B,Mumbai,6.02,5,Startup,0.263,60,62,0.8,15000,0,1,1,49000
STU-2026-01142,Nursing,D,Pune,7.47,0,None,0.0,59,61,0.45,25000,0,0,0,25000
STU-2026-01143,Nursing,B,Bengaluru,7.06,5,MNC,0.375,69,59,0.48,30000,0,1,1,57000
STU-2026-01144,Engineering,A,Pune,7.26,1,Startup,0.052,79,43,0.54,30000,0,0,1,71000
STU-2026-01145,Engineering,D,Hyderabad,6.12,0,None,0.0,87,57,0.84,10000,0,0,1,28000
STU-2026-01146,MBA,D,Bengaluru,7.37,0,None,0.0,100,55,0.49,10000,0,0,0,42000
STU-2026-01147,Nursing,D,Bengaluru,4.73,0,None,0.0,41,95,0.62,20000,0,0,0,15000
STU-2026-01148,Engineering,A,Mumbai,8.92,3,MNC,0.225,43,98,0.79,25000,0,1,1,112000
STU-2026-01149,Nursing,A,Pune,9.02,2,SME,0.075,82,58,0.55,25000,0,1,1,79000
STU-2026-01150,Engineering,C,Chennai,7.6,0,None,0.0,6,63,0.47,10000,0,0,0,47000
STU-2026-01151,Nursing,A,Pune,7.61,3,SME,0.113,54,46,0.62,10000,0,1,1,58000
STU-2026-01152,MBA,D,Delhi NCR,6.57,5,SME,0.188,45,58,0.45,30000,0,0,1,40000
STU-2026-01153,Engineering,A,Hyderabad,8.12,6,MNC,0.45,80,100,0.48,30000,1,1,1,108000
STU-2026-01154,Nursing,C,Mumbai,6.15,0,None,0.0,22,53,0.6,20000,0,0,0,0
STU-2026-01155,MBA,A,Delhi NCR,8.96,6,SME,0.225,61,76,0.55,10000,0,1,1,147000
STU-2026-01156,Nursing,B,Bengaluru,6.34,2,SME,0.075,53,57,0.51,10000,0,0,0,46000
STU-2026-01157,Nursing,D,Chennai,5.98,5,SME,0.188,69,86,0.47,15000,0,0,0,34000
STU-2026-01158,Nursing,B,Delhi NCR,9.25,3,SME,0.113,59,74,0.54,25000,0,1,1,51000
STU-2026-01159,MBA,A,Mumbai,6.57,4,Startup,0.21,34,70,0.49,30000,0,0,1,86000
STU-2026-01160,Nursing,A,Pune,7.57,6,SME,0.225,77,74,0.6,20000,0,1,1,77000
STU-2026-01161,MBA,C,Chennai,8.54,1,MNC,0.075,29,64,0.47,25000,0,0,1,75000
STU-2026-01162,Engineering,A,Pune,9.24,3,MNC,0.225,79,43,0.71,10000,0,1,1,132000
STU-2026-01163,Engineering,C,Mumbai,6.36,4,MNC,0.3,58,50,0.72,15000,0,0,1,43000
STU-2026-01164,Nursing,A,Delhi NCR,7.4,6,SME,0.225,25,71,0.78,15000,1,1,1,71000
STU-2026-01165,MBA,C,Pune,8.14,0,None,0.0,46,77,0.57,10000,0,0,1,63000
STU-2026-01166,MBA,B,Mumbai,6.92,0,None,0.0,58,69,0.68,15000,0,0,1,64000
STU-2026-01167,Nursing,C,Pune,9.09,6,SME,0.225,69,90,0.6,20000,0,1,1,55000
STU-2026-01168,MBA,D,Pune,8.67,0,None,0.0,0,50,0.73,15000,0,0,0,45000
STU-2026-01169,MBA,B,Delhi NCR,6.25,3,Startup,0.157,49,49,0.81,10000,0,0,1,67000
STU-2026-01170,Engineering,C,Delhi NCR,7.51,0,None,0.0,64,84,0.71,15000,0,0,1,41000
STU-2026-01171,Nursing,B,Chennai,8.27,2,MNC,0.15,49,70,0.64,15000,0,1,1,39000
STU-2026-01172,Engineering,B,Mumbai,8.21,0,None,0.0,55,81,0.68,20000,0,1,1,73000
STU-2026-01173,Nursing,B,Pune,8.85,2,MNC,0.15,89,74,0.6,30000,0,1,1,63000
STU-2026-01174,Nursing,A,Chennai,7.95,3,MNC,0.225,68,69,0.51,20000,0,1,1,76000
STU-2026-01175,MBA,B,Hyderabad,9.55,1,Startup,0.052,27,62,0.6,25000,0,1,1,99000
STU-2026-01176,Engineering,D,Delhi NCR,7.17,0,None,0.0,12,53,0.63,30000,0,0,0,0
STU-2026-01177,Nursing,C,Chennai,6.16,4,Startup,0.21,53,55,0.76,30000,0,0,1,24000
STU-2026-01178,Nursing,B,Hyderabad,6.57,4,Startup,0.21,14,58,0.68,10000,0,0,1,47000
STU-2026-01179,Nursing,D,Mumbai,4.97,0,None,0.0,60,62,0.6,30000,0,0,0,14000
STU-2026-01180,Engineering,C,Mumbai,5.42,0,None,0.0,64,76,0.71,15000,0,0,1,32000
STU-2026-01181,MBA,C,Mumbai,4.73,0,None,0.0,33,70,0.8,30000,0,0,1,42000
STU-2026-01182,Nursing,B,Hyderabad,8.1,3,MNC,0.225,46,72,0.62,10000,0,0,1,52000
STU-2026-01183,Engineering,D,Chennai,6.55,1,SME,0.037,80,39,0.72,25000,0,0,0,25000
STU-2026-01184,Engineering,D,Delhi NCR,8.22,5,MNC,0.375,58,89,0.68,20000,0,1,1,56000
STU-2026-01185,MBA,B,Chennai,7.34,3,Startup,0.157,67,89,0.52,20000,0,0,1,75000
STU-2026-01186,Engineering,C,Delhi NCR,4.27,0,None,0.0,43,42,0.61,25000,0,0,0,23000
STU-2026-01187,Nursing,A,Bengaluru,9.54,4,SME,0.15,31,88,0.67,25000,0,1,1,119000
STU-2026-01188,MBA,C,Bengaluru,6.72,4,SME,0.15,18,49,0.58,25000,0,0,0,56000
STU-2026-01189,Engineering,A,Bengaluru,7.96,4,SME,0.15,73,64,0.41,20000,0,1,1,61000
STU-2026-01190,Engineering,D,Mumbai,7.22,0,None,0.0,16,72,0.73,20000,0,0,0,38000
STU-2026-01191,MBA,B,Hyderabad,7.07,5,MNC,0.375,95,65,0.52,15000,0,1,1,84000
STU-2026-01192,Engineering,D,Delhi NCR,5.79,1,Startup,0.052,28,69,0.73,30000,0,0,0,0
STU-2026-01193,MBA,D,Hyderabad,6.83,2,MNC,0.15,56,73,0.73,10000,0,0,1,44000
STU-2026-01194,Engineering,C,Delhi NCR,7.51,6,Startup,0.315,42,64,0.65,10000,0,0,1,51000
STU-2026-01195,Nursing,C,Pune,6.17,0,None,0.0,74,22,0.64,15000,0,0,0,20000
STU-2026-01196,Engineering,A,Delhi NCR,8.45,1,SME,0.037,70,79,0.33,20000,0,1,1,80000
STU-2026-01197,Nursing,D,Hyderabad,7.62,0,None,0.0,59,57,0.67,20000,0,0,1,18000
STU-2026-01198,Nursing,D,Chennai,8.2,3,SME,0.113,21,57,0.56,30000,0,0,1,31000
STU-2026-01199,Engineering,C,Bengaluru,7.46,2,Startup,0.105,7,59,0.59,25000,0,0,1,46000
STU-2026-01200,Nursing,B,Delhi NCR,8.59,0,None,0.0,61,63,0.58,20000,0,0,1,52000
STU-2026-01201,MBA,D,Chennai,8.45,3,MNC,0.225,49,88,0.5,20000,0,0,1,53000
STU-2026-01202,MBA,A,Hyderabad,8.45,0,None,0.0,53,81,0.51,15000,0,1,1,120000
STU-2026-01203,Engineering,B,Hyderabad,5.43,3,SME,0.113,100,66,0.4,20000,0,0,1,45000
STU-2026-01204,MBA,C,Mumbai,6.7,3,MNC,0.225,65,81,0.63,10000,0,0,1,58000
STU-2026-01205,Engineering,C,Delhi NCR,8.93,4,Startup,0.21,3,72,0.61,15000,0,0,1,54000
STU-2026-01206,Engineering,B,Bengaluru,5.76,2,SME,0.075,63,74,0.75,30000,0,0,1,54000
STU-2026-01207,Nursing,A,Pune,10.0,1,MNC,0.075,52,51,0.56,15000,0,1,1,90000
STU-2026-01208,Engineering,D,Delhi NCR,6.09,0,None,0.0,79,53,0.43,20000,0,0,1,18000
STU-2026-01209,Engineering,D,Hyderabad,6.56,3,MNC,0.225,100,70,0.49,20000,0,0,1,36000
STU-2026-01210,Engineering,A,Bengaluru,8.33,0,None,0.0,73,54,0.77,15000,0,1,1,95000
STU-2026-01211,Nursing,B,Delhi NCR,6.87,0,None,0.0,86,66,0.63,15000,0,0,1,33000
STU-2026-01212,Engineering,D,Chennai,7.63,1,MNC,0.075,29,57,0.54,10000,0,0,1,34000
STU-2026-01213,MBA,D,Mumbai,6.66,0,None,0.0,40,41,0.45,10000,0,0,0,34000
STU-2026-01214,Nursing,A,Pune,9.05,0,None,0.0,79,81,0.78,20000,0,1,1,77000
STU-2026-01215,Engineering,A,Delhi NCR,7.73,1,MNC,0.075,100,100,0.6,30000,0,1,1,103000
STU-2026-01216,Engineering,B,Bengaluru,7.35,1,MNC,0.075,47,83,0.61,15000,0,0,1,51000
STU-2026-01217,Nursing,C,Hyderabad,4.74,0,None,0.0,46,84,0.58,15000,0,0,1,18000
STU-2026-01218,Nursing,B,Hyderabad,6.45,1,SME,0.037,59,69,0.68,10000,0,0,1,45000
STU-2026-01219,Nursing,B,Chennai,9.47,0,None,0.0,59,89,0.49,20000,0,1,1,61000
STU-2026-01220,Engineering,A,Chennai,8.89,0,None,0.0,60,26,0.54,15000,0,0,1,78000
STU-2026-01221,Nursing,D,Delhi NCR,6.95,2,Startup,0.105,30,58,0.49,10000,0,0,0,31000
STU-2026-01222,Engineering,C,Pune,6.01,0,None,0.0,27,63,0.63,30000,0,0,1,19000
STU-2026-01223,Engineering,D,Mumbai,8.03,3,MNC,0.225,76,54,0.5,25000,0,0,1,40000
STU-2026-01224,Engineering,B,Pune,7.72,6,Startup,0.315,21,53,0.75,30000,0,0,1,89000
STU-2026-01225,Nursing,A,Mumbai,8.48,1,Startup,0.052,24,80,0.59,20000,0,1,1,71000
STU-2026-01226,MBA,C,Chennai,7.37,4,MNC,0.3,58,88,0.64,30000,0,0,1,64000
STU-2026-01227,MBA,C,Pune,10.0,0,None,0.0,58,100,0.74,10000,0,1,1,75000
STU-2026-01228,MBA,C,Bengaluru,6.76,0,None,0.0,0,70,0.72,25000,0,0,0,51000
STU-2026-01229,Nursing,A,Pune,8.88,6,SME,0.225,42,63,0.5,10000,0,1,1,68000
STU-2026-01230,Engineering,B,Pune,6.6,5,MNC,0.375,88,56,0.61,15000,0,1,1,79000
STU-2026-01231,Engineering,C,Bengaluru,8.37,0,None,0.0,62,75,0.58,30000,0,0,1,62000
STU-2026-01232,MBA,A,Bengaluru,7.59,6,Startup,0.315,73,86,0.54,20000,1,1,1,143000
STU-2026-01233,Nursing,C,Chennai,8.87,3,Startup,0.157,28,51,0.55,30000,0,0,1,44000
STU-2026-01234,MBA,D,Hyderabad,6.33,0,None,0.0,0,77,0.8,25000,0,0,0,39000
STU-2026-01235,Engineering,A,Delhi NCR,8.66,2,SME,0.075,68,84,0.64,15000,0,1,1,84000
STU-2026-01236,Engineering,A,Chennai,8.0,0,None,0.0,66,65,0.63,10000,0,1,1,93000
STU-2026-01237,MBA,A,Bengaluru,9.23,6,Startup,0.315,62,50,0.57,15000,0,1,1,113000
STU-2026-01238,MBA,A,Mumbai,9.31,5,Startup,0.263,63,76,0.74,25000,0,1,1,164000
STU-2026-01239,Engineering,C,Chennai,6.67,0,None,0.0,35,58,0.77,30000,0,0,1,42000
STU-2026-01240,MBA,C,Hyderabad,4.55,1,Startup,0.052,69,86,0.61,10000,0,0,1,36000
STU-2026-01241,MBA,D,Delhi NCR,9.55,4,Startup,0.21,0,82,0.51,10000,0,0,1,64000
STU-2026-01242,Engineering,B,Hyderabad,7.07,3,SME,0.113,60,53,0.7,15000,0,0,1,63000
STU-2026-01243,MBA,D,Bengaluru,6.41,0,None,0.0,11,73,0.44,25000,0,0,0,29000
STU-2026-01244,MBA,A,Hyderabad,8.57,6,SME,0.225,42,63,0.63,30000,0,1,1,134000
STU-2026-01245,Nursing,D,Pune,4.98,2,SME,0.075,56,96,0.88,10000,0,0,1,21000
STU-2026-01246,MBA,C,Pune,4.66,4,SME,0.15,78,82,0.55,20000,0,0,1,37000
STU-2026-01247,MBA,C,Mumbai,6.25,0,None,0.0,52,54,0.7,10000,0,0,0,38000
STU-2026-01248,Engineering,C,Delhi NCR,5.71,5,MNC,0.375,59,61,0.47,20000,0,0,1,45000
STU-2026-01249,MBA,A,Pune,7.26,3,Startup,0.157,37,100,0.51,20000,0,1,1,102000
STU-2026-01250,Engineering,B,Bengaluru,7.08,3,SME,0.113,72,84,0.57,10000,0,0,1,70000
STU-2026-01251,Nursing,A,Delhi NCR,8.12,0,None,0.0,95,36,0.62,15000,0,1,1,59000
STU-2026-01252,Engineering,C,Mumbai,6.53,0,None,0.0,47,62,0.57,25000,0,0,0,34000
STU-2026-01253,Nursing,D,Delhi NCR,8.27,0,None,0.0,52,74,0.68,25000,0,0,1,25000
STU-2026-01254,Nursing,A,Delhi NCR,7.72,4,Startup,0.21,60,54,0.55,30000,0,1,1,95000
STU-2026-01255,Engineering,D,Mumbai,4.0,2,Startup,0.105,36,96,0.61,25000,0,0,0,21000
STU-2026-01256,Nursing,C,Bengaluru,6.0,3,Startup,0.157,0,73,0.52,15000,0,0,0,28000
STU-2026-01257,MBA,A,Hyderabad,9.6,3,MNC,0.225,100,73,0.55,20000,0,1,1,162000
STU-2026-01258,Nursing,D,Bengaluru,8.94,1,SME,0.037,34,34,0.67,30000,0,0,1,24000
STU-2026-01259,Engineering,C,Delhi NCR,7.01,0,None,0.0,51,69,0.52,30000,0,0,1,38000
STU-2026-01260,MBA,D,Bengaluru,5.02,0,None,0.0,0,89,0.66,10000,0,0,0,27000
STU-2026-01261,Nursing,C,Hyderabad,6.17,4,SME,0.15,13,64,0.39,30000,0,0,0,29000
STU-2026-01262,MBA,B,Pune,8.11,5,SME,0.188,59,82,0.73,25000,0,1,1,96000
STU-2026-01263,Nursing,B,Mumbai,7.51,5,MNC,0.375,40,81,0.77,30000,0,1,1,74000
STU-2026-01264,MBA,B,Chennai,5.97,6,Startup,0.315,37,83,0.63,20000,0,1,1,73000
STU-2026-01265,Nursing,D,Hyderabad,5.76,1,SME,0.037,35,47,0.49,15000,0,0,0,23000
STU-2026-01266,MBA,D,Bengaluru,7.24,0,None,0.0,0,65,0.48,20000,0,0,0,38000
STU-2026-01267,MBA,D,Delhi NCR,5.5,1,SME,0.037,41,60,0.75,15000,0,0,0,26000
STU-2026-01268,MBA,C,Delhi NCR,4.22,3,SME,0.113,39,62,0.46,30000,0,0,1,37000
STU-2026-01269,Engineering,D,Bengaluru,6.77,0,None,0.0,74,80,0.52,15000,0,0,0,35000
STU-2026-01270,Engineering,B,Delhi NCR,7.9,5,Startup,0.263,63,57,0.66,25000,0,0,1,73000
STU-2026-01271,Nursing,A,Bengaluru,9.36,0,None,0.0,47,46,0.49,15000,0,1,1,75000
STU-2026-01272,Engineering,C,Delhi NCR,6.65,2,SME,0.075,27,77,0.52,10000,0,0,1,36000
STU-2026-01273,Nursing,D,Mumbai,5.72,0,None,0.0,24,64,0.6,10000,0,0,0,9000
STU-2026-01274,MBA,C,Mumbai,5.83,4,Startup,0.21,30,93,0.49,10000,0,0,1,62000
STU-2026-01275,MBA,B,Bengaluru,6.19,0,None,0.0,68,58,0.55,30000,0,0,1,51000
STU-2026-01276,Engineering,C,Pune,10.0,2,SME,0.075,61,87,0.65,10000,0,0,1,65000
STU-2026-01277,MBA,C,Hyderabad,8.09,6,SME,0.225,19,84,0.67,15000,0,1,1,66000
STU-2026-01278,MBA,B,Bengaluru,6.4,0,None,0.0,53,92,0.42,15000,0,0,0,60000
STU-2026-01279,MBA,D,Pune,6.27,0,None,0.0,40,84,0.54,30000,0,0,0,0
STU-2026-01280,Engineering,D,Hyderabad,9.25,0,None,0.0,15,54,0.71,10000,0,0,1,42000
STU-2026-01281,MBA,D,Pune,7.38,3,MNC,0.225,67,65,0.75,20000,0,0,0,58000
STU-2026-01282,MBA,C,Delhi NCR,5.79,0,None,0.0,74,72,0.53,30000,0,0,1,47000
STU-2026-01283,Engineering,A,Chennai,8.71,6,MNC,0.45,39,63,0.6,20000,0,1,1,145000
STU-2026-01284,Nursing,D,Delhi NCR,4.38,6,Startup,0.315,48,66,0.52,10000,0,0,0,19000
STU-2026-01285,Nursing,B,Pune,5.0,4,Startup,0.21,46,57,0.65,20000,0,0,1,33000
STU-2026-01286,Engineering,B,Delhi NCR,9.04,2,Startup,0.105,80,84,0.55,20000,0,1,1,72000
STU-2026-01287,Nursing,D,Mumbai,6.56,0,None,0.0,50,61,0.75,10000,0,0,0,25000
STU-2026-01288,MBA,D,Chennai,8.55,0,None,0.0,66,49,0.64,20000,0,0,1,55000
STU-2026-01289,Nursing,D,Mumbai,5.46,6,Startup,0.315,24,85,0.52,30000,0,0,0,30000
STU-2026-01290,Engineering,C,Pune,6.74,5,SME,0.188,22,57,0.63,20000,0,0,0,44000
STU-2026-01291,MBA,A,Mumbai,8.47,2,SME,0.075,86,80,0.53,25000,0,1,1,112000
STU-2026-01292,Nursing,B,Mumbai,6.26,6,Startup,0.315,57,92,0.62,20000,0,1,1,57000
STU-2026-01293,Nursing,A,Mumbai,7.05,0,None,0.0,34,46,0.64,30000,0,0,1,67000
STU-2026-01294,Nursing,B,Hyderabad,7.74,3,Startup,0.157,52,70,0.61,25000,0,0,1,70000
STU-2026-01295,Nursing,B,Delhi NCR,8.02,0,None,0.0,64,79,0.67,30000,0,1,1,40000
STU-2026-01296,MBA,C,Bengaluru,7.52,0,None,0.0,50,58,0.74,20000,0,0,1,60000
STU-2026-01297,Engineering,D,Pune,8.47,5,MNC,0.375,41,75,0.68,10000,0,0,1,54000
STU-2026-01298,Engineering,B,Mumbai,7.63,2,Startup,0.105,41,100,0.46,15000,0,0,1,75000
STU-2026-01299,Engineering,D,Hyderabad,7.66,0,None,0.0,14,79,0.75,20000,0,0,1,49000
STU-2026-01300,Engineering,A,Delhi NCR,6.82,0,None,0.0,74,87,0.69,30000,0,1,1,67000
STU-2026-01301,Engineering,A,Chennai,8.56,4,SME,0.15,76,79,0.7,25000,0,1,1,98000
STU-2026-01302,Engineering,B,Chennai,6.56,3,Startup,0.157,52,85,0.61,25000,0,1,1,58000
STU-2026-01303,MBA,B,Pune,7.56,5,MNC,0.375,62,60,0.59,20000,0,1,1,98000
STU-2026-01304,Nursing,B,Pune,6.71,0,None,0.0,41,63,0.61,15000,0,0,1,30000
STU-2026-01305,Engineering,C,Delhi NCR,6.42,0,None,0.0,44,42,0.52,25000,0,0,0,32000
STU-2026-01306,Engineering,C,Hyderabad,7.03,4,MNC,0.3,36,62,0.64,10000,0,1,1,65000
STU-2026-01307,MBA,B,Delhi NCR,5.58,4,SME,0.15,72,67,0.62,15000,0,0,1,61000
STU-2026-01308,Nursing,D,Chennai,6.98,0,None,0.0,26,57,0.56,30000,0,0,0,26000
STU-2026-01309,MBA,A,Mumbai,8.88,1,Startup,0.052,50,74,0.7,15000,0,1,1,119000
STU-2026-01310,MBA,C,Hyderabad,6.53,5,SME,0.188,45,53,0.58,10000,0,0,1,61000
STU-2026-01311,Engineering,C,Hyderabad,6.48,3,Startup,0.157,45,58,0.67,20000,0,0,1,41000
STU-2026-01312,Engineering,A,Hyderabad,7.91,0,None,0.0,59,63,0.67,15000,0,1,1,101000
STU-2026-01313,Nursing,D,Delhi NCR,8.56,2,MNC,0.15,18,71,0.53,20000,0,0,1,44000
STU-2026-01314,Nursing,D,Bengaluru,6.43,0,None,0.0,49,78,0.5,20000,0,0,0,18000
STU-2026-01315,Engineering,B,Pune,6.61,3,SME,0.113,3,78,0.81,20000,0,0,1,43000
STU-2026-01316,MBA,C,Delhi NCR,6.03,3,SME,0.113,29,55,0.69,20000,0,0,1,40000
STU-2026-01317,MBA,B,Delhi NCR,8.23,4,MNC,0.3,91,99,0.89,30000,0,1,1,141000
STU-2026-01318,Nursing,D,Mumbai,6.37,0,None,0.0,25,75,0.54,10000,0,0,0,18000
STU-2026-01319,Engineering,B,Mumbai,7.26,2,SME,0.075,86,69,0.61,25000,0,1,1,68000
STU-2026-01320,MBA,A,Pune,6.88,0,None,0.0,72,66,0.62,20000,0,1,1,73000
STU-2026-01321,Nursing,D,Pune,5.58,0,None,0.0,0,62,0.73,15000,0,0,0,15000
STU-2026-01322,Engineering,C,Mumbai,6.22,0,None,0.0,3,53,0.64,20000,0,0,0,0
STU-2026-01323,Engineering,B,Chennai,8.61,3,SME,0.113,59,71,0.57,30000,0,1,1,80000
STU-2026-01324,Engineering,A,Hyderabad,8.47,2,Startup,0.105,71,67,0.65,10000,0,1,1,96000
STU-2026-01325,Engineering,D,Chennai,6.47,0,None,0.0,29,60,0.65,20000,0,0,1,35000
STU-2026-01326,Engineering,C,Chennai,5.29,1,Startup,0.052,72,65,0.66,20000,0,0,0,32000
STU-2026-01327,Nursing,A,Delhi NCR,8.45,0,None,0.0,30,79,0.73,10000,0,1,1,78000
STU-2026-01328,MBA,D,Pune,6.57,3,SME,0.113,61,37,0.84,10000,0,0,1,40000
STU-2026-01329,MBA,A,Chennai,6.62,4,Startup,0.21,66,48,0.64,30000,0,1,1,88000
STU-2026-01330,Engineering,B,Mumbai,8.62,3,Startup,0.157,76,85,0.6,10000,0,1,1,85000
STU-2026-01331,Nursing,A,Hyderabad,7.98,4,MNC,0.3,32,90,0.81,25000,0,1,1,106000
STU-2026-01332,MBA,B,Bengaluru,7.59,4,MNC,0.3,52,61,0.76,10000,0,0,1,102000
STU-2026-01333,Engineering,B,Pune,6.94,3,SME,0.113,51,85,0.56,15000,0,0,1,67000
STU-2026-01334,Engineering,C,Pune,8.72,6,Startup,0.315,56,60,0.55,30000,0,0,1,69000
STU-2026-01335,Engineering,C,Chennai,5.61,0,None,0.0,58,71,0.43,20000,0,0,0,30000
STU-2026-01336,Nursing,B,Pune,7.43,4,Startup,0.21,98,74,0.52,20000,0,1,1,47000
STU-2026-01337,Nursing,D,Mumbai,7.19,3,SME,0.113,55,88,0.6,15000,0,0,1,31000
STU-2026-01338,MBA,D,Mumbai,5.95,0,None,0.0,95,75,0.52,20000,0,0,1,45000
STU-2026-01339,MBA,B,Chennai,7.47,2,Startup,0.105,50,67,0.67,30000,0,1,1,83000
STU-2026-01340,Nursing,A,Delhi NCR,8.28,1,Startup,0.052,90,65,0.7,20000,0,1,1,72000
STU-2026-01341,Engineering,B,Chennai,7.39,2,SME,0.075,59,64,0.73,25000,0,0,1,52000
STU-2026-01342,MBA,A,Hyderabad,9.9,0,None,0.0,80,34,0.54,10000,0,0,1,109000
STU-2026-01343,Nursing,A,Hyderabad,5.69,1,Startup,0.052,57,53,0.61,30000,0,0,1,47000
STU-2026-01344,MBA,C,Delhi NCR,6.3,5,MNC,0.375,78,91,0.68,10000,0,0,1,80000
STU-2026-01345,Nursing,D,Bengaluru,4.94,4,MNC,0.3,5,69,0.83,10000,0,0,0,21000
STU-2026-01346,MBA,C,Delhi NCR,5.07,4,SME,0.15,64,84,0.68,25000,0,0,1,37000
STU-2026-01347,Nursing,C,Delhi NCR,5.25,2,MNC,0.15,42,54,0.48,15000,0,0,0,24000
STU-2026-01348,Engineering,C,Chennai,6.15,0,None,0.0,52,71,0.57,30000,0,0,1,30000
STU-2026-01349,Engineering,A,Pune,8.28,0,None,0.0,63,47,0.7,15000,0,0,1,86000
STU-2026-01350,Nursing,D,Pune,8.2,6,SME,0.225,63,71,0.56,30000,0,0,1,38000
STU-2026-01351,Nursing,D,Delhi NCR,6.06,5,Startup,0.263,20,39,0.62,25000,0,0,0,31000
STU-2026-01352,MBA,A,Bengaluru,8.49,0,None,0.0,87,60,0.71,15000,0,1,1,122000
STU-2026-01353,Engineering,A,Chennai,7.03,1,MNC,0.075,65,40,0.57,25000,0,1,1,72000
STU-2026-01354,Nursing,B,Chennai,6.45,6,SME,0.225,77,68,0.55,15000,0,1,1,61000
STU-2026-01355,Engineering,C,Pune,8.18,0,None,0.0,69,77,0.62,25000,0,0,0,42000
STU-2026-01356,Engineering,A,Bengaluru,7.82,6,SME,0.225,23,53,0.4,25000,0,0,1,111000
STU-2026-01357,MBA,D,Mumbai,8.13,5,MNC,0.375,50,56,0.41,15000,0,0,0,52000
STU-2026-01358,MBA,D,Mumbai,5.73,0,None,0.0,36,55,0.63,10000,0,0,0,33000
STU-2026-01359,Nursing,D,Pune,8.17,6,SME,0.225,10,76,0.6,30000,0,0,1,39000
STU-2026-01360,Nursing,C,Mumbai,7.85,0,None,0.0,16,67,0.63,25000,0,0,1,37000
STU-2026-01361,Nursing,D,Bengaluru,7.14,5,MNC,0.375,86,47,0.59,25000,0,0,1,37000
STU-2026-01362,Nursing,C,Hyderabad,4.86,0,None,0.0,49,61,0.53,25000,0,0,0,0
STU-2026-01363,MBA,A,Pune,7.83,6,Startup,0.315,82,70,0.66,25000,1,1,1,138000
STU-2026-01364,Nursing,D,Mumbai,6.13,0,None,0.0,52,62,0.55,15000,0,0,0,0
STU-2026-01365,MBA,C,Pune,7.91,0,None,0.0,30,73,0.5,15000,0,0,1,50000
STU-2026-01366,Nursing,C,Hyderabad,6.63,6,SME,0.225,62,82,0.6,25000,0,0,1,50000
STU-2026-01367,Engineering,C,Chennai,8.9,4,SME,0.15,58,59,0.59,20000,0,0,1,70000
STU-2026-01368,MBA,B,Hyderabad,7.76,6,SME,0.225,44,63,0.71,10000,0,1,1,109000
STU-2026-01369,Nursing,D,Bengaluru,7.71,0,None,0.0,34,21,0.63,15000,0,0,0,27000
STU-2026-01370,Nursing,D,Mumbai,6.86,4,Startup,0.21,7,78,0.66,15000,0,0,1,33000
STU-2026-01371,Engineering,A,Mumbai,8.68,3,Startup,0.157,52,69,0.61,15000,0,1,1,119000
STU-2026-01372,Engineering,A,Mumbai,8.71,1,SME,0.037,100,100,0.61,15000,0,0,1,110000
STU-2026-01373,Engineering,B,Pune,6.96,3,Startup,0.157,44,64,0.56,10000,0,0,1,46000
STU-2026-01374,Nursing,C,Bengaluru,5.51,5,SME,0.188,49,79,0.66,10000,0,0,1,24000
STU-2026-01375,Nursing,A,Pune,7.79,1,MNC,0.075,65,92,0.4,30000,0,1,1,52000
STU-2026-01376,Nursing,A,Hyderabad,6.88,0,None,0.0,79,78,0.64,10000,0,1,1,49000
STU-2026-01377,Engineering,A,Bengaluru,7.85,2,SME,0.075,100,66,0.67,20000,0,1,1,63000
STU-2026-01378,Nursing,D,Hyderabad,4.35,0,None,0.0,26,86,0.68,10000,0,0,0,13000
STU-2026-01379,Engineering,C,Delhi NCR,8.74,1,MNC,0.075,16,73,0.6,25000,0,0,1,64000
STU-2026-01380,MBA,A,Bengaluru,7.64,4,Startup,0.21,33,70,0.56,20000,1,1,1,131000
STU-2026-01381,Nursing,B,Mumbai,7.09,6,Startup,0.315,39,42,0.5,20000,0,0,1,63000
STU-2026-01382,Nursing,B,Bengaluru,8.62,5,Startup,0.263,65,65,0.63,15000,0,1,1,76000
STU-2026-01383,Engineering,D,Pune,6.57,4,SME,0.15,38,37,0.58,20000,0,0,1,29000
STU-2026-01384,Engineering,D,Bengaluru,5.9,6,SME,0.225,60,48,0.71,10000,0,0,0,31000
STU-2026-01385,Engineering,C,Delhi NCR,5.45,0,None,0.0,49,100,0.68,15000,0,0,0,36000
STU-2026-01386,MBA,A,Pune,7.95,6,SME,0.225,87,82,0.31,15000,0,1,1,143000
STU-2026-01387,Nursing,A,Chennai,8.32,6,SME,0.225,40,60,0.41,20000,0,1,1,105000
STU-2026-01388,MBA,D,Chennai,7.77,3,SME,0.113,95,83,0.7,20000,0,1,1,52000
STU-2026-01389,MBA,A,Delhi NCR,8.05,5,MNC,0.375,81,92,0.55,25000,0,1,1,145000
STU-2026-01390,MBA,B,Hyderabad,8.33,5,SME,0.188,76,49,0.79,25000,0,1,1,88000
STU-2026-01391,Nursing,C,Chennai,5.72,0,None,0.0,100,74,0.51,15000,0,0,1,27000
STU-2026-01392,MBA,A,Mumbai,8.05,4,SME,0.15,77,58,0.55,15000,0,0,1,95000
STU-2026-01393,Nursing,C,Bengaluru,8.97,0,None,0.0,81,71,0.77,30000,0,0,1,37000
STU-2026-01394,MBA,C,Chennai,6.87,0,None,0.0,37,67,0.71,10000,0,0,1,54000
STU-2026-01395,Nursing,C,Bengaluru,8.04,3,SME,0.113,50,55,0.46,25000,0,0,1,37000
STU-2026-01396,Nursing,A,Chennai,8.27,0,None,0.0,60,100,0.47,20000,0,0,1,67000
STU-2026-01397,MBA,C,Mumbai,6.35,0,None,0.0,48,79,0.73,10000,0,0,0,42000
STU-2026-01398,MBA,C,Hyderabad,7.31,4,Startup,0.21,59,100,0.7,15000,0,0,1,55000
STU-2026-01399,Nursing,B,Delhi NCR,6.94,6,SME,0.225,48,80,0.63,30000,0,0,1,44000
STU-2026-01400,Nursing,B,Chennai,8.38,6,MNC,0.45,67,79,0.64,10000,1,1,1,70000
STU-2026-01401,MBA,B,Delhi NCR,7.11,2,SME,0.075,42,74,0.36,25000,0,0,1,69000
STU-2026-01402,MBA,A,Mumbai,7.11,0,None,0.0,41,82,0.62,15000,0,1,1,96000
STU-2026-01403,MBA,B,Pune,7.59,0,None,0.0,85,72,0.45,30000,0,1,1,74000
STU-2026-01404,MBA,D,Delhi NCR,6.09,6,Startup,0.315,9,76,0.59,25000,0,0,1,43000
STU-2026-01405,Nursing,D,Chennai,5.8,2,MNC,0.15,62,84,0.62,30000,0,0,1,23000
STU-2026-01406,Engineering,D,Chennai,7.08,0,None,0.0,69,79,0.58,30000,0,0,1,21000
STU-2026-01407,Nursing,A,Chennai,9.84,4,MNC,0.3,26,61,0.6,15000,0,1,1,114000
STU-2026-01408,Nursing,C,Mumbai,5.53,4,MNC,0.3,47,61,0.63,10000,0,0,1,31000
STU-2026-01409,MBA,C,Mumbai,6.14,1,Startup,0.052,27,74,0.69,20000,0,0,0,40000
STU-2026-01410,MBA,C,Delhi NCR,7.54,0,None,0.0,39,82,0.51,15000,0,0,0,50000
STU-2026-01411,Engineering,D,Mumbai,5.88,3,Startup,0.157,38,60,0.67,15000,0,0,0,32000
STU-2026-01412,Engineering,D,Mumbai,6.99,0,None,0.0,45,70,0.65,20000,0,0,0,39000
STU-2026-01413,Engineering,A,Pune,8.01,3,SME,0.113,34,73,0.51,25000,0,1,1,122000
STU-2026-01414,MBA,D,Pune,5.86,5,MNC,0.375,48,44,0.65,15000,0,0,0,42000
STU-2026-01415,Nursing,D,Pune,5.48,2,SME,0.075,58,85,0.6,20000,0,0,0,25000
STU-2026-01416,Engineering,D,Pune,5.9,0,None,0.0,0,77,0.49,25000,0,0,0,25000
STU-2026-01417,MBA,A,Chennai,8.68,6,Startup,0.315,88,52,0.54,10000,0,1,1,181000
STU-2026-01418,Engineering,A,Hyderabad,7.67,6,Startup,0.315,48,77,0.54,30000,0,1,1,80000
STU-2026-01419,Nursing,A,Chennai,9.97,2,SME,0.075,33,65,0.6,30000,1,1,1,66000
STU-2026-01420,Nursing,A,Hyderabad,9.79,4,SME,0.15,75,76,0.5,10000,1,1,1,77000
STU-2026-01421,Engineering,B,Mumbai,8.77,2,MNC,0.15,41,68,0.54,30000,0,0,1,83000
STU-2026-01422,MBA,A,Hyderabad,8.63,4,SME,0.15,84,43,0.71,10000,1,1,1,119000
STU-2026-01423,MBA,A,Delhi NCR,9.72,4,MNC,0.3,55,49,0.57,30000,1,1,1,142000
STU-2026-01424,MBA,D,Delhi NCR,6.08,0,None,0.0,55,70,0.66,10000,0,0,0,37000
STU-2026-01425,Nursing,B,Delhi NCR,7.07,0,None,0.0,65,56,0.73,20000,0,0,1,46000
STU-2026-01426,Engineering,B,Delhi NCR,7.27,6,MNC,0.45,64,63,0.5,10000,0,0,1,66000
STU-2026-01427,Nursing,C,Bengaluru,6.41,0,None,0.0,45,85,0.56,10000,0,0,0,22000
STU-2026-01428,MBA,D,Mumbai,7.38,0,None,0.0,75,89,0.67,25000,0,0,1,53000
STU-2026-01429,MBA,C,Pune,7.2,1,MNC,0.075,56,65,0.46,15000,0,0,1,55000
STU-2026-01430,Engineering,B,Pune,7.56,5,Startup,0.263,99,71,0.72,10000,0,1,1,68000
STU-2026-01431,MBA,A,Delhi NCR,7.14,4,MNC,0.3,45,78,0.6,25000,0,1,1,123000
STU-2026-01432,Engineering,D,Chennai,6.38,0,None,0.0,94,69,0.72,10000,0,0,1,32000
STU-2026-01433,MBA,A,Bengaluru,8.94,6,MNC,0.45,64,35,0.6,20000,1,1,1,180000
STU-2026-01434,Nursing,D,Pune,7.34,0,None,0.0,0,59,0.64,30000,0,0,0,30000
STU-2026-01435,Engineering,B,Delhi NCR,7.36,2,MNC,0.15,68,70,0.5,30000,0,0,1,67000
STU-2026-01436,MBA,D,Mumbai,7.01,0,None,0.0,25,46,0.66,25000,0,0,0,43000
STU-2026-01437,Nursing,C,Chennai,9.04,1,MNC,0.075,0,60,0.58,25000,0,0,1,31000
STU-2026-01438,MBA,C,Chennai,9.12,0,None,0.0,43,69,0.58,20000,0,0,1,75000
STU-2026-01439,Nursing,B,Hyderabad,6.43,3,MNC,0.225,67,64,0.52,15000,0,1,1,47000
STU-2026-01440,Nursing,A,Delhi NCR,8.69,0,None,0.0,83,49,0.78,10000,0,0,1,59000
STU-2026-01441,Engineering,C,Pune,6.25,0,None,0.0,55,73,0.58,30000,0,0,1,30000
STU-2026-01442,MBA,C,Chennai,5.0,0,None,0.0,58,80,0.76,25000,0,0,0,39000
STU-2026-01443,MBA,B,Chennai,7.22,3,MNC,0.225,84,85,0.62,25000,0,1,1,94000
STU-2026-01444,Nursing,C,Mumbai,7.58,2,SME,0.075,23,50,0.57,10000,0,0,1,41000
STU-2026-01445,Nursing,D,Mumbai,5.47,6,MNC,0.45,11,89,0.49,25000,0,0,1,25000
STU-2026-01446,Nursing,D,Pune,8.74,6,SME,0.225,21,87,0.62,10000,0,0,1,26000
STU-2026-01447,Nursing,A,Chennai,6.44,1,Startup,0.052,56,74,0.49,25000,0,0,1,57000
STU-2026-01448,Nursing,C,Pune,7.48,0,None,0.0,37,82,0.48,10000,0,0,1,40000
STU-2026-01449,Engineering,D,Delhi NCR,6.88,4,MNC,0.3,43,100,0.46,15000,0,0,1,51000
STU-2026-01450,Nursing,A,Delhi NCR,7.94,6,Startup,0.315,77,55,0.53,15000,0,1,1,90000
STU-2026-01451,Engineering,C,Chennai,8.15,0,None,0.0,79,69,0.72,25000,0,0,1,53000
STU-2026-01452,MBA,A,Delhi NCR,8.37,6,SME,0.225,69,76,0.44,30000,0,1,1,134000
STU-2026-01453,Engineering,A,Bengaluru,6.85,6,Startup,0.315,77,83,0.63,10000,0,1,1,112000
STU-2026-01454,MBA,D,Bengaluru,9.24,6,SME,0.225,44,78,0.62,30000,0,0,1,64000
STU-2026-01455,Nursing,B,Mumbai,7.47,6,MNC,0.45,78,100,0.46,15000,0,1,1,50000
STU-2026-01456,MBA,B,Hyderabad,9.09,3,MNC,0.225,48,48,0.66,10000,0,1,1,114000
STU-2026-01457,Nursing,C,Chennai,7.05,4,MNC,0.3,50,91,0.51,25000,0,0,1,37000
STU-2026-01458,Nursing,A,Delhi NCR,7.27,4,Startup,0.21,53,87,0.66,10000,0,1,1,69000
STU-2026-01459,Nursing,D,Pune,7.43,0,None,0.0,20,65,0.62,10000,0,0,0,27000
STU-2026-01460,Nursing,B,Mumbai,7.36,4,SME,0.15,52,100,0.69,25000,0,1,1,46000
STU-2026-01461,MBA,A,Pune,7.84,0,None,0.0,57,74,0.41,10000,0,0,1,91000
STU-2026-01462,Nursing,A,Chennai,8.37,6,Startup,0.315,55,92,0.45,10000,0,1,1,104000
STU-2026-01463,Engineering,B,Bengaluru,7.63,1,SME,0.037,78,100,0.53,10000,0,1,1,56000
STU-2026-01464,Engineering,D,Pune,4.45,5,SME,0.188,32,83,0.65,20000,0,0,0,23000
STU-2026-01465,MBA,B,Mumbai,6.84,3,MNC,0.225,85,63,0.63,20000,0,1,1,95000
STU-2026-01466,Nursing,B,Mumbai,8.47,5,Startup,0.263,34,52,0.66,10000,0,1,1,56000
STU-2026-01467,Nursing,D,Hyderabad,8.02,0,None,0.0,45,71,0.68,10000,0,0,1,34000
STU-2026-01468,Engineering,D,Delhi NCR,5.85,6,MNC,0.45,56,92,0.46,15000,0,0,1,45000
STU-2026-01469,Engineering,D,Mumbai,8.19,0,None,0.0,36,59,0.7,25000,0,0,1,31000
STU-2026-01470,Engineering,A,Chennai,7.24,0,None,0.0,65,79,0.57,10000,0,1,1,67000
STU-2026-01471,MBA,D,Pune,4.26,0,None,0.0,29,71,0.57,25000,0,0,0,0
STU-2026-01472,Engineering,A,Pune,6.75,4,SME,0.15,50,83,0.73,30000,0,1,1,70000
STU-2026-01473,Engineering,C,Chennai,5.42,1,Startup,0.052,52,80,0.64,30000,0,0,0,28000
STU-2026-01474,MBA,B,Mumbai,7.47,0,None,0.0,70,82,0.61,30000,0,1,1,70000
STU-2026-01475,Nursing,A,Hyderabad,8.75,2,SME,0.075,66,71,0.57,15000,0,1,1,78000
STU-2026-01476,Nursing,C,Delhi NCR,7.12,0,None,0.0,50,90,0.63,30000,0,0,1,35000
STU-2026-01477,MBA,B,Bengaluru,6.13,0,None,0.0,38,75,0.65,10000,0,0,1,54000
STU-2026-01478,Engineering,B,Delhi NCR,6.89,5,SME,0.188,50,84,0.67,20000,0,1,1,56000
STU-2026-01479,MBA,B,Bengaluru,6.15,5,Startup,0.263,88,79,0.53,20000,0,1,1,71000
STU-2026-01480,MBA,A,Hyderabad,7.97,6,MNC,0.45,69,59,0.57,10000,0,1,1,137000
STU-2026-01481,Engineering,A,Pune,8.74,2,SME,0.075,97,59,0.43,15000,0,0,1,94000
STU-2026-01482,Engineering,C,Bengaluru,6.0,6,SME,0.225,45,72,0.44,25000,0,0,0,44000
STU-2026-01483,Nursing,C,Hyderabad,6.96,3,SME,0.113,29,45,0.65,20000,0,0,1,35000
STU-2026-01484,MBA,C,Bengaluru,5.78,0,None,0.0,41,50,0.71,10000,0,0,0,30000
STU-2026-01485,MBA,B,Mumbai,7.2,6,MNC,0.45,69,65,0.57,25000,0,0,1,105000
STU-2026-01486,Nursing,B,Bengaluru,6.85,3,SME,0.113,17,64,0.7,25000,0,0,1,54000
STU-2026-01487,Engineering,D,Bengaluru,7.31,1,Startup,0.052,48,68,0.59,10000,0,0,1,34000
STU-2026-01488,Engineering,C,Mumbai,7.44,2,Startup,0.105,17,54,0.49,25000,0,0,1,51000
STU-2026-01489,Engineering,C,Mumbai,7.17,2,MNC,0.15,14,79,0.59,20000,0,0,1,40000
STU-2026-01490,Engineering,B,Delhi NCR,7.66,3,SME,0.113,52,59,0.67,15000,0,0,1,69000
STU-2026-01491,Engineering,B,Mumbai,8.18,0,None,0.0,42,58,0.58,20000,0,0,1,59000
STU-2026-01492,Engineering,A,Chennai,8.55,0,None,0.0,95,62,0.43,10000,0,1,1,110000
STU-2026-01493,MBA,B,Delhi NCR,7.89,3,Startup,0.157,38,68,0.49,15000,0,1,1,68000
STU-2026-01494,Nursing,D,Chennai,6.44,0,None,0.0,15,72,0.56,15000,0,0,0,22000
STU-2026-01495,Engineering,B,Bengaluru,6.51,6,Startup,0.315,73,69,0.5,20000,0,1,1,68000
STU-2026-01496,Nursing,D,Chennai,6.62,0,None,0.0,75,98,0.59,10000,0,0,1,19000
STU-2026-01497,Nursing,B,Hyderabad,7.35,2,Startup,0.105,56,73,0.63,15000,0,1,1,47000
STU-2026-01498,Engineering,C,Bengaluru,5.35,5,Startup,0.263,17,62,0.57,15000,0,0,1,32000
STU-2026-01499,Nursing,A,Pune,7.91,5,MNC,0.375,79,66,0.65,15000,0,1,1,87000
STU-2026-01500,Nursing,D,Chennai,6.53,3,Startup,0.157,57,47,0.56,30000,0,0,1,28000
STU-2026-01501,MBA,B,Delhi NCR,8.99,5,SME,0.188,52,92,0.53,25000,0,1,1,111000
STU-2026-01502,Nursing,D,Pune,5.7,0,None,0.0,48,69,0.66,25000,0,0,0,19000
STU-2026-01503,Nursing,A,Bengaluru,9.3,2,Startup,0.105,58,82,0.58,15000,1,1,1,71000
STU-2026-01504,MBA,B,Delhi NCR,6.89,4,SME,0.15,90,63,0.76,15000,0,1,1,72000
STU-2026-01505,MBA,C,Hyderabad,4.62,0,None,0.0,40,72,0.72,10000,0,0,1,30000
STU-2026-01506,MBA,D,Hyderabad,7.76,0,None,0.0,59,86,0.65,30000,0,0,0,43000
STU-2026-01507,Engineering,D,Hyderabad,5.41,4,Startup,0.21,35,85,0.63,25000,0,0,1,31000
STU-2026-01508,MBA,D,Delhi NCR,5.24,3,Startup,0.157,0,72,0.58,25000,0,0,0,0
STU-2026-01509,Engineering,B,Pune,5.8,6,MNC,0.45,45,67,0.67,20000,0,1,1,78000
STU-2026-01510,Engineering,C,Hyderabad,5.56,6,MNC,0.45,62,71,0.67,20000,0,0,1,53000
STU-2026-01511,Engineering,A,Mumbai,8.44,0,None,0.0,46,70,0.58,10000,0,1,1,71000
STU-2026-01512,Nursing,B,Delhi NCR,7.47,0,None,0.0,68,70,0.73,20000,0,1,1,42000
STU-2026-01513,MBA,C,Chennai,7.06,6,Startup,0.315,47,76,0.42,15000,0,0,1,52000
STU-2026-01514,Nursing,B,Chennai,8.78,3,MNC,0.225,59,67,0.69,20000,0,1,1,50000
STU-2026-01515,MBA,C,Pune,6.71,5,SME,0.188,32,44,0.53,10000,0,0,1,56000
STU-2026-01516,MBA,B,Pune,6.02,6,SME,0.225,83,68,0.6,15000,0,1,1,60000
STU-2026-01517,MBA,B,Hyderabad,7.96,5,Startup,0.263,53,57,0.66,25000,0,1,1,103000
STU-2026-01518,MBA,A,Delhi NCR,8.94,4,SME,0.15,50,46,0.75,25000,1,1,1,163000
STU-2026-01519,Engineering,D,Pune,6.4,1,Startup,0.052,11,54,0.43,15000,0,0,0,38000
STU-2026-01520,Nursing,B,Delhi NCR,7.36,1,Startup,0.052,66,91,0.56,20000,0,1,1,56000
STU-2026-01521,MBA,B,Pune,7.37,4,SME,0.15,48,80,0.57,30000,0,0,1,94000
STU-2026-01522,MBA,C,Hyderabad,8.26,0,None,0.0,44,51,0.48,10000,0,0,1,55000
STU-2026-01523,Engineering,B,Delhi NCR,7.16,5,SME,0.188,80,81,0.74,30000,0,0,1,60000
STU-2026-01524,MBA,D,Bengaluru,7.71,1,SME,0.037,51,93,0.64,25000,0,0,1,49000
STU-2026-01525,Engineering,D,Mumbai,8.07,0,None,0.0,32,70,0.69,25000,0,0,1,41000
STU-2026-01526,Nursing,C,Mumbai,6.7,0,None,0.0,74,37,0.46,30000,0,0,1,29000
STU-2026-01527,Engineering,A,Chennai,8.68,1,MNC,0.075,61,79,0.52,15000,0,1,1,110000
STU-2026-01528,Engineering,D,Delhi NCR,8.26,0,None,0.0,90,74,0.63,20000,0,0,1,35000
STU-2026-01529,Nursing,A,Pune,8.05,0,None,0.0,81,61,0.68,30000,0,1,1,60000
STU-2026-01530,Engineering,B,Delhi NCR,7.75,4,Startup,0.21,52,64,0.43,15000,0,0,1,65000
STU-2026-01531,Engineering,B,Hyderabad,6.98,6,MNC,0.45,68,80,0.62,25000,0,1,1,82000
STU-2026-01532,Engineering,B,Bengaluru,7.2,6,SME,0.225,51,75,0.66,25000,0,1,1,77000
STU-2026-01533,Engineering,C,Hyderabad,6.15,0,None,0.0,37,80,0.71,25000,0,0,1,35000
STU-2026-01534,MBA,B,Mumbai,6.25,4,MNC,0.3,40,74,0.63,25000,0,0,1,76000
STU-2026-01535,Nursing,B,Hyderabad,8.13,5,Startup,0.263,37,87,0.56,25000,0,1,1,53000
STU-2026-01536,MBA,A,Chennai,7.38,0,None,0.0,51,69,0.56,25000,0,0,1,100000
STU-2026-01537,MBA,C,Pune,6.59,2,Startup,0.105,38,44,0.64,15000,0,0,1,65000
STU-2026-01538,Engineering,D,Pune,5.67,0,None,0.0,0,79,0.63,15000,0,0,0,0
STU-2026-01539,Nursing,A,Pune,6.98,1,MNC,0.075,91,91,0.35,15000,0,1,1,72000
STU-2026-01540,MBA,C,Chennai,6.23,6,SME,0.225,28,66,0.49,15000,0,0,0,63000
STU-2026-01541,MBA,D,Hyderabad,4.59,0,None,0.0,46,83,0.45,20000,0,0,0,0
STU-2026-01542,Engineering,A,Hyderabad,9.17,3,Startup,0.157,71,61,0.72,25000,1,1,1,114000
STU-2026-01543,Engineering,C,Bengaluru,5.72,4,MNC,0.3,30,74,0.58,10000,0,0,1,33000
STU-2026-01544,Nursing,D,Pune,5.01,0,None,0.0,45,63,0.54,25000,0,0,0,0
STU-2026-01545,Engineering,D,Mumbai,6.82,0,None,0.0,39,80,0.61,10000,0,0,0,37000
STU-2026-01546,Nursing,B,Delhi NCR,6.19,4,Startup,0.21,71,45,0.52,25000,0,0,1,47000
STU-2026-01547,Engineering,A,Hyderabad,8.15,6,Startup,0.315,60,53,0.57,15000,0,1,1,117000
STU-2026-01548,MBA,C,Bengaluru,5.61,0,None,0.0,73,45,0.52,10000,0,0,1,37000
STU-2026-01549,Nursing,A,Bengaluru,7.15,5,SME,0.188,64,63,0.52,25000,0,0,1,93000
STU-2026-01550,Engineering,A,Chennai,8.0,6,Startup,0.315,21,92,0.66,15000,0,1,1,93000
STU-2026-01551,MBA,C,Bengaluru,7.61,0,None,0.0,34,41,0.78,10000,0,0,1,67000
STU-2026-01552,Nursing,B,Pune,8.78,6,SME,0.225,40,85,0.53,10000,0,0,1,56000
STU-2026-01553,MBA,C,Pune,7.28,0,None,0.0,28,65,0.71,10000,0,0,1,45000
STU-2026-01554,Engineering,D,Bengaluru,7.64,3,MNC,0.225,45,32,0.64,15000,0,0,1,43000
STU-2026-01555,Engineering,A,Pune,8.91,0,None,0.0,47,75,0.44,10000,0,1,1,118000
STU-2026-01556,MBA,B,Chennai,6.51,2,MNC,0.15,45,59,0.61,15000,0,0,1,74000
STU-2026-01557,Nursing,B,Mumbai,8.35,1,Startup,0.052,71,43,0.7,20000,0,1,1,55000
STU-2026-01558,Nursing,B,Hyderabad,7.87,5,Startup,0.263,64,85,0.79,25000,0,1,1,64000
STU-2026-01559,Engineering,B,Bengaluru,7.41,0,None,0.0,57,47,0.57,20000,0,0,1,51000
STU-2026-01560,Engineering,A,Pune,7.32,1,Startup,0.052,51,64,0.61,15000,0,0,1,62000
STU-2026-01561,MBA,B,Mumbai,7.86,3,SME,0.113,44,86,0.62,30000,0,1,1,98000
STU-2026-01562,MBA,A,Mumbai,7.95,4,Startup,0.21,49,83,0.65,30000,0,1,1,149000
STU-2026-01563,MBA,A,Chennai,8.03,5,MNC,0.375,61,70,0.51,20000,0,1,1,172000
STU-2026-01564,Engineering,C,Chennai,7.33,6,SME,0.225,41,68,0.63,15000,0,0,1,56000
STU-2026-01565,MBA,B,Chennai,7.17,6,Startup,0.315,66,77,0.5,25000,0,1,1,59000
STU-2026-01566,Engineering,C,Mumbai,7.38,5,Startup,0.263,57,81,0.56,25000,0,0,1,65000
STU-2026-01567,Nursing,B,Hyderabad,8.91,1,MNC,0.075,59,72,0.71,10000,0,0,1,51000
STU-2026-01568,Nursing,A,Delhi NCR,9.27,4,MNC,0.3,80,76,0.45,30000,0,1,1,85000
STU-2026-01569,Engineering,A,Bengaluru,8.46,3,MNC,0.225,44,55,0.39,15000,0,1,1,100000
STU-2026-01570,MBA,B,Chennai,7.66,0,None,0.0,60,54,0.47,30000,0,0,1,63000
STU-2026-01571,MBA,C,Bengaluru,7.24,0,None,0.0,20,96,0.7,10000,0,0,1,51000
STU-2026-01572,Nursing,D,Chennai,8.62,1,MNC,0.075,35,70,0.62,20000,0,0,1,35000
STU-2026-01573,MBA,B,Bengaluru,7.02,6,MNC,0.45,49,80,0.67,15000,0,1,1,72000
STU-2026-01574,Nursing,D,Hyderabad,6.55,0,None,0.0,56,97,0.48,25000,0,0,0,21000
STU-2026-01575,Nursing,A,Mumbai,9.28,1,MNC,0.075,59,56,0.66,10000,0,1,1,63000
STU-2026-01576,Nursing,B,Bengaluru,6.61,0,None,0.0,95,76,0.61,15000,0,0,1,38000
STU-2026-01577,Nursing,B,Bengaluru,7.78,4,SME,0.15,66,72,0.69,25000,0,1,1,43000
STU-2026-01578,MBA,B,Chennai,6.89,0,None,0.0,20,100,0.69,25000,0,0,1,61000
STU-2026-01579,Engineering,B,Delhi NCR,6.86,4,SME,0.15,91,49,0.61,15000,0,0,1,66000
STU-2026-01580,MBA,D,Mumbai,6.68,3,Startup,0.157,0,66,0.5,25000,0,0,0,54000
STU-2026-01581,Engineering,D,Pune,4.71,0,None,0.0,20,62,0.56,30000,0,0,0,21000
STU-2026-01582,Nursing,D,Bengaluru,7.3,4,MNC,0.3,24,73,0.68,25000,0,0,1,36000
STU-2026-01583,MBA,A,Delhi NCR,8.24,2,SME,0.075,81,67,0.64,15000,0,1,1,112000
STU-2026-01584,MBA,D,Pune,7.11,0,None,0.0,53,51,0.74,20000,0,0,0,36000
STU-2026-01585,MBA,D,Mumbai,6.69,0,None,0.0,50,94,0.41,25000,0,0,0,26000
STU-2026-01586,Engineering,B,Bengaluru,7.53,0,None,0.0,65,94,0.61,30000,0,1,1,61000
STU-2026-01587,Nursing,C,Pune,6.28,0,None,0.0,5,74,0.45,25000,0,0,1,26000
STU-2026-01588,MBA,C,Pune,8.23,0,None,0.0,28,74,0.62,30000,0,0,1,55000
STU-2026-01589,Engineering,D,Mumbai,7.27,1,Startup,0.052,17,52,0.72,30000,0,0,1,35000
STU-2026-01590,Engineering,B,Pune,9.17,6,Startup,0.315,55,90,0.62,30000,0,1,1,114000
STU-2026-01591,Nursing,D,Chennai,7.99,6,MNC,0.45,37,81,0.56,25000,0,1,1,25000
STU-2026-01592,MBA,B,Bengaluru,6.48,3,SME,0.113,80,66,0.62,10000,0,0,1,85000
STU-2026-01593,Nursing,B,Delhi NCR,8.69,6,MNC,0.45,56,64,0.7,20000,1,1,1,80000
STU-2026-01594,Engineering,B,Mumbai,9.67,0,None,0.0,42,58,0.48,10000,0,1,1,74000
STU-2026-01595,Nursing,D,Pune,6.62,1,SME,0.037,60,88,0.45,15000,0,0,0,26000
STU-2026-01596,MBA,B,Pune,7.03,3,SME,0.113,44,85,0.47,30000,0,0,1,76000
STU-2026-01597,Nursing,D,Hyderabad,6.11,0,None,0.0,60,61,0.74,25000,0,0,0,23000
STU-2026-01598,Nursing,A,Mumbai,8.8,3,MNC,0.225,47,39,0.64,20000,0,1,1,90000
STU-2026-01599,Nursing,B,Chennai,7.27,3,MNC,0.225,51,100,0.45,15000,0,1,1,45000
STU-2026-01600,MBA,A,Mumbai,7.93,0,None,0.0,54,58,0.66,25000,0,1,1,109000
STU-2026-01601,Nursing,D,Chennai,6.92,0,None,0.0,15,78,0.82,25000,0,0,0,22000
STU-2026-01602,Engineering,B,Delhi NCR,6.94,0,None,0.0,50,29,0.64,15000,0,0,1,39000
STU-2026-01603,Engineering,D,Bengaluru,7.7,1,Startup,0.052,13,65,0.75,30000,0,0,0,29000
STU-2026-01604,Engineering,B,Bengaluru,7.77,0,None,0.0,83,46,0.64,15000,0,1,1,40000
STU-2026-01605,Engineering,C,Pune,7.76,0,None,0.0,62,65,0.73,30000,0,0,1,45000
STU-2026-01606,Engineering,B,Mumbai,7.05,4,MNC,0.3,41,69,0.66,20000,0,0,1,46000
STU-2026-01607,Engineering,C,Mumbai,8.32,4,Startup,0.21,45,64,0.69,10000,0,1,1,33000
STU-2026-01608,Engineering,A,Delhi NCR,8.55,1,SME,0.037,31,77,0.61,30000,0,1,1,84000
STU-2026-01609,Engineering,A,Bengaluru,6.7,1,Startup,0.052,51,76,0.7,30000,0,0,1,84000
STU-2026-01610,Nursing,C,Pune,6.02,0,None,0.0,49,62,0.62,20000,0,0,1,21000
STU-2026-01611,Nursing,D,Delhi NCR,5.98,0,None,0.0,45,100,0.51,20000,0,0,1,27000
STU-2026-01612,MBA,B,Delhi NCR,7.4,4,SME,0.15,54,60,0.59,10000,0,0,1,78000
STU-2026-01613,MBA,C,Mumbai,8.6,0,None,0.0,25,66,0.43,25000,0,0,1,64000
STU-2026-01614,Nursing,B,Mumbai,7.56,5,Startup,0.263,56,66,0.65,15000,0,1,1,56000
STU-2026-01615,MBA,D,Hyderabad,7.06,4,SME,0.15,68,80,0.62,25000,0,0,1,49000
STU-2026-01616,Nursing,B,Mumbai,8.8,3,MNC,0.225,72,42,0.73,20000,0,1,1,60000
STU-2026-01617,Engineering,C,Chennai,7.14,0,None,0.0,31,73,0.54,30000,0,0,1,40000
STU-2026-01618,MBA,D,Chennai,6.34,1,Startup,0.052,17,74,0.62,25000,0,0,0,32000
STU-2026-01619,MBA,A,Chennai,6.92,5,MNC,0.375,73,92,0.5,15000,1,1,1,128000
STU-2026-01620,Nursing,A,Bengaluru,8.19,1,Startup,0.052,52,49,0.7,30000,0,0,1,59000
STU-2026-01621,MBA,B,Pune,8.49,4,SME,0.15,22,47,0.6,30000,0,0,1,97000
STU-2026-01622,Engineering,B,Bengaluru,7.2,0,None,0.0,100,67,0.58,10000,0,0,1,54000
STU-2026-01623,Engineering,D,Chennai,7.54,0,None,0.0,70,48,0.58,20000,0,0,1,38000
STU-2026-01624,MBA,C,Bengaluru,6.81,6,Startup,0.315,54,58,0.76,10000,0,1,1,51000
STU-2026-01625,Nursing,B,Hyderabad,6.42,4,MNC,0.3,39,80,0.47,20000,0,0,1,50000
STU-2026-01626,Engineering,A,Chennai,8.15,6,SME,0.225,65,54,0.66,25000,0,1,1,98000
STU-2026-01627,Nursing,D,Bengaluru,7.09,0,None,0.0,43,70,0.52,10000,0,0,0,24000
STU-2026-01628,MBA,A,Mumbai,7.1,0,None,0.0,51,76,0.47,30000,0,1,1,109000
STU-2026-01629,Engineering,A,Hyderabad,7.2,3,Startup,0.157,87,68,0.64,30000,0,1,1,98000
STU-2026-01630,Nursing,A,Delhi NCR,8.52,0,None,0.0,44,53,0.45,30000,0,1,1,71000
STU-2026-01631,Engineering,D,Pune,7.58,0,None,0.0,37,53,0.53,20000,0,0,1,32000
STU-2026-01632,Nursing,B,Hyderabad,7.64,5,MNC,0.375,38,75,0.55,10000,0,1,1,65000
STU-2026-01633,MBA,A,Hyderabad,7.8,3,MNC,0.225,57,62,0.46,20000,0,1,1,127000
STU-2026-01634,Engineering,D,Chennai,7.19,0,None,0.0,44,65,0.69,30000,0,0,1,36000
STU-2026-01635,MBA,B,Chennai,5.73,6,MNC,0.45,0,74,0.46,30000,0,0,1,74000
STU-2026-01636,MBA,C,Hyderabad,8.7,1,Startup,0.052,50,72,0.68,30000,0,0,1,61000
STU-2026-01637,MBA,B,Pune,8.57,4,MNC,0.3,38,75,0.45,20000,0,1,1,106000
STU-2026-01638,Engineering,B,Chennai,9.18,2,SME,0.075,29,61,0.68,10000,0,1,1,75000
STU-2026-01639,Engineering,D,Chennai,5.65,0,None,0.0,25,89,0.59,15000,0,0,0,25000
STU-2026-01640,Engineering,D,Delhi NCR,5.38,0,None,0.0,63,78,0.83,25000,0,0,0,28000
STU-2026-01641,MBA,D,Pune,5.23,0,None,0.0,44,85,0.39,20000,0,0,0,27000
STU-2026-01642,MBA,B,Chennai,6.8,4,MNC,0.3,68,87,0.59,15000,0,1,1,83000
STU-2026-01643,MBA,A,Chennai,8.2,6,MNC,0.45,38,87,0.63,30000,0,1,1,134000
STU-2026-01644,Engineering,D,Chennai,6.25,0,None,0.0,36,47,0.43,15000,0,0,0,0
STU-2026-01645,Engineering,B,Chennai,8.02,0,None,0.0,47,55,0.52,10000,0,0,1,56000
STU-2026-01646,MBA,A,Chennai,9.93,2,Startup,0.105,81,85,0.72,25000,0,1,1,115000
STU-2026-01647,Nursing,B,Mumbai,6.39,0,None,0.0,87,62,0.47,25000,0,0,1,34000
STU-2026-01648,Engineering,A,Mumbai,8.41,6,Startup,0.315,65,58,0.67,30000,0,1,1,111000
STU-2026-01649,MBA,B,Chennai,8.19,2,MNC,0.15,47,61,0.66,10000,0,0,1,82000
STU-2026-01650,Engineering,D,Pune,7.47,0,None,0.0,91,79,0.65,30000,0,0,1,29000
STU-2026-01651,Engineering,D,Chennai,6.94,6,SME,0.225,39,75,0.61,10000,0,0,1,37000
STU-2026-01652,MBA,D,Delhi NCR,6.87,4,Startup,0.21,9,65,0.74,10000,0,0,1,47000
STU-2026-01653,Engineering,A,Mumbai,9.72,0,None,0.0,33,53,0.77,30000,0,1,1,96000
STU-2026-01654,Engineering,A,Hyderabad,7.24,5,Startup,0.263,69,78,0.49,20000,0,1,1,89000
STU-2026-01655,Nursing,A,Hyderabad,8.4,0,None,0.0,38,89,0.69,25000,0,1,1,63000
STU-2026-01656,Nursing,D,Delhi NCR,6.64,1,Startup,0.052,21,63,0.57,10000,0,0,1,27000
STU-2026-01657,Nursing,B,Pune,8.43,1,Startup,0.052,67,53,0.6,30000,0,1,1,40000
STU-2026-01658,Nursing,D,Mumbai,7.56,5,SME,0.188,98,86,0.74,10000,0,0,1,35000
STU-2026-01659,Engineering,A,Bengaluru,7.63,6,MNC,0.45,76,80,0.63,10000,1,1,1,105000
STU-2026-01660,Nursing,D,Delhi NCR,6.58,0,None,0.0,42,55,0.62,15000,0,0,0,0
STU-2026-01661,Nursing,B,Chennai,8.55,0,None,0.0,61,62,0.52,30000,0,0,1,53000
STU-2026-01662,MBA,A,Mumbai,8.64,5,Startup,0.263,46,57,0.67,20000,0,1,1,142000
STU-2026-01663,Nursing,B,Pune,7.62,6,MNC,0.45,66,83,0.47,15000,0,0,1,56000
STU-2026-01664,MBA,A,Hyderabad,9.64,3,SME,0.113,100,97,0.58,30000,0,1,1,89000
STU-2026-01665,MBA,B,Hyderabad,6.89,3,SME,0.113,56,90,0.69,20000,0,1,1,62000
STU-2026-01666,Nursing,B,Chennai,6.54,0,None,0.0,65,80,0.64,10000,0,0,1,40000
STU-2026-01667,Engineering,A,Bengaluru,8.54,0,None,0.0,39,58,0.67,15000,0,1,1,109000
STU-2026-01668,Engineering,B,Hyderabad,8.0,2,SME,0.075,50,70,0.61,30000,0,0,1,55000
STU-2026-01669,MBA,A,Hyderabad,8.76,4,SME,0.15,77,79,0.75,15000,0,1,1,162000
STU-2026-01670,MBA,D,Mumbai,5.72,6,Startup,0.315,15,44,0.56,15000,0,0,0,46000
STU-2026-01671,Nursing,B,Mumbai,7.74,3,SME,0.113,36,64,0.56,15000,0,0,1,41000
STU-2026-01672,Nursing,C,Hyderabad,5.88,5,SME,0.188,76,73,0.67,15000,0,0,1,35000
STU-2026-01673,MBA,B,Delhi NCR,8.8,4,Startup,0.21,20,59,0.65,10000,0,1,1,89000
STU-2026-01674,Nursing,B,Mumbai,7.19,5,MNC,0.375,48,72,0.72,30000,0,1,1,63000
STU-2026-01675,MBA,C,Delhi NCR,5.57,0,Startup,0.157,43,82,0.69,20000,0,1,1,90000
STU-2026-01676,Engineering,B,Delhi NCR,7.03,0,None,0.0,76,71,0.49,25000,0,0,1,47000
STU-2026-01677,Engineering,D,Mumbai,8.95,1,MNC,0.075,79,79,0.74,30000,0,0,1,49000
STU-2026-01678,Nursing,C,Hyderabad,8.57,4,MNC,0.3,46,66,0.43,30000,0,0,1,54000
STU-2026-01679,MBA,C,Hyderabad,7.93,0,None,0.0,53,62,0.4,10000,0,0,1,54000
STU-2026-01680,Engineering,B,Delhi NCR,7.19,4,MNC,0.3,72,100,0.61,20000,0,1,1,67000
STU-2026-01681,Nursing,D,Pune,6.95,3,MNC,0.225,19,72,0.65,30000,0,0,1,31000
STU-2026-01682,Nursing,B,Chennai,7.93,0,None,0.0,25,80,0.53,25000,0,0,1,37000
STU-2026-01683,Nursing,C,Mumbai,7.32,6,Startup,0.315,34,45,0.65,15000,0,0,1,42000
STU-2026-01684,Nursing,D,Chennai,7.09,0,None,0.0,62,97,0.46,25000,0,0,1,23000
STU-2026-01685,MBA,D,Hyderabad,7.32,0,None,0.0,45,65,0.56,25000,0,0,0,48000
STU-2026-01686,Nursing,B,Delhi NCR,7.96,1,Startup,0.052,78,65,0.53,25000,0,0,1,49000
STU-2026-01687,MBA,A,Chennai,7.37,0,None,0.0,97,50,0.63,15000,0,1,1,103000
STU-2026-01688,Engineering,B,Hyderabad,7.68,0,None,0.0,41,49,0.68,20000,0,1,1,53000
STU-2026-01689,Nursing,D,Mumbai,5.43,4,SME,0.15,0,55,0.59,30000,0,0,0,24000
STU-2026-01690,Nursing,B,Pune,7.81,6,SME,0.225,52,61,0.74,30000,0,1,1,36000
STU-2026-01691,Nursing,A,Pune,7.66,0,None,0.0,43,62,0.66,15000,0,0,1,58000
STU-2026-01692,Nursing,A,Chennai,9.25,5,SME,0.188,46,98,0.53,20000,0,1,1,81000
STU-2026-01693,Engineering,A,Hyderabad,8.3,2,SME,0.075,69,77,0.52,30000,0,1,1,126000
STU-2026-01694,Engineering,B,Mumbai,7.02,2,SME,0.075,74,46,0.57,20000,0,0,1,60000
STU-2026-01695,Engineering,D,Pune,4.0,0,None,0.0,44,53,0.63,20000,0,0,0,0
STU-2026-01696,Engineering,C,Chennai,5.77,0,None,0.0,33,54,0.55,30000,0,0,0,24000
STU-2026-01697,Engineering,C,Delhi NCR,8.02,0,None,0.0,8,67,0.68,20000,0,0,1,40000
STU-2026-01698,Engineering,A,Chennai,8.38,4,MNC,0.3,82,52,0.58,20000,0,1,1,105000
STU-2026-01699,Nursing,A,Pune,8.23,4,MNC,0.3,43,63,0.46,20000,0,1,1,96000
STU-2026-01700,Engineering,D,Delhi NCR,5.48,0,None,0.0,24,78,0.72,10000,0,0,0,0
STU-2026-01701,Engineering,C,Chennai,6.6,0,None,0.0,47,68,0.35,20000,0,0,1,46000
STU-2026-01702,Engineering,A,Pune,8.29,1,SME,0.037,39,62,0.78,30000,0,1,1,97000
STU-2026-01703,Engineering,D,Mumbai,7.23,1,MNC,0.075,23,67,0.59,20000,0,0,1,44000
STU-2026-01704,Engineering,D,Pune,8.14,0,None,0.0,5,73,0.67,20000,0,0,1,34000
STU-2026-01705,MBA,B,Hyderabad,10.0,1,Startup,0.052,34,54,0.62,25000,0,1,1,85000
STU-2026-01706,Engineering,B,Delhi NCR,7.23,1,Startup,0.052,82,70,0.57,15000,0,1,1,59000
STU-2026-01707,Engineering,B,Delhi NCR,8.53,0,None,0.0,86,75,0.63,25000,0,1,1,68000
STU-2026-01708,MBA,C,Mumbai,6.87,0,None,0.0,40,88,0.75,15000,0,0,0,49000
STU-2026-01709,MBA,C,Mumbai,5.97,0,None,0.0,32,76,0.67,30000,0,0,0,30000
STU-2026-01710,MBA,B,Delhi NCR,6.53,4,SME,0.15,78,29,0.72,25000,0,0,1,83000
STU-2026-01711,Engineering,A,Mumbai,8.04,2,MNC,0.15,19,76,0.73,20000,0,1,1,86000
STU-2026-01712,Nursing,A,Chennai,8.27,6,Startup,0.315,49,58,0.7,25000,0,1,1,73000
STU-2026-01713,Nursing,A,Pune,7.32,3,Startup,0.157,30,72,0.72,10000,0,1,1,51000
STU-2026-01714,MBA,B,Hyderabad,8.34,0,None,0.0,94,60,0.55,30000,0,1,1,96000
STU-2026-01715,Engineering,B,Delhi NCR,6.98,3,SME,0.113,33,79,0.68,15000,0,0,1,53000
STU-2026-01716,Nursing,D,Bengaluru,7.99,0,None,0.0,53,58,0.6,10000,0,0,0,30000
STU-2026-01717,Nursing,B,Bengaluru,7.24,5,SME,0.188,51,70,0.6,15000,0,1,1,52000
STU-2026-01718,Engineering,A,Bengaluru,8.07,3,MNC,0.225,75,76,0.56,15000,0,1,1,99000
STU-2026-01719,MBA,A,Hyderabad,8.6,0,None,0.0,53,64,0.8,10000,0,1,1,98000
STU-2026-01720,MBA,D,Hyderabad,7.49,0,None,0.0,43,76,0.61,15000,0,0,1,45000
STU-2026-01721,Engineering,C,Pune,6.73,0,None,0.0,66,73,0.61,30000,0,0,1,38000
STU-2026-01722,MBA,A,Delhi NCR,8.21,0,None,0.0,48,59,0.5,20000,0,0,1,92000
STU-2026-01723,MBA,C,Chennai,6.59,0,None,0.0,43,66,0.36,20000,0,0,1,55000
STU-2026-01724,Engineering,B,Mumbai,7.95,0,None,0.0,98,55,0.79,20000,0,0,1,61000
STU-2026-01725,Engineering,C,Pune,5.27,0,None,0.0,40,76,0.58,30000,0,0,1,31000
STU-2026-01726,Engineering,D,Bengaluru,6.17,0,None,0.0,26,82,0.53,25000,0,0,1,33000
STU-2026-01727,MBA,C,Delhi NCR,4.8,0,None,0.0,68,100,0.63,10000,0,0,1,40000
STU-2026-01728,Nursing,B,Delhi NCR,7.22,3,SME,0.113,64,50,0.61,30000,0,0,1,48000
STU-2026-01729,Nursing,C,Bengaluru,8.08,2,SME,0.075,21,62,0.79,25000,0,0,1,38000
STU-2026-01730,Engineering,A,Bengaluru,8.15,5,MNC,0.375,44,94,0.55,10000,0,1,1,107000
STU-2026-01731,Nursing,B,Bengaluru,5.5,1,MNC,0.075,47,55,0.66,30000,0,0,1,37000
STU-2026-01732,Nursing,C,Delhi NCR,8.48,2,SME,0.075,60,67,0.61,15000,0,0,1,38000
STU-2026-01733,Engineering,B,Bengaluru,6.64,6,Startup,0.315,74,100,0.65,30000,0,0,1,61000
STU-2026-01734,MBA,C,Pune,6.95,1,Startup,0.052,42,59,0.62,10000,0,0,0,45000
STU-2026-01735,MBA,D,Hyderabad,7.57,5,MNC,0.375,15,78,0.46,15000,0,0,1,53000
STU-2026-01736,Nursing,C,Chennai,6.53,3,MNC,0.225,48,62,0.61,30000,0,0,1,39000
STU-2026-01737,Engineering,B,Chennai,8.29,4,SME,0.15,57,68,0.83,30000,0,1,1,61000
STU-2026-01738,Nursing,A,Bengaluru,8.28,5,Startup,0.263,53,68,0.48,30000,0,1,1,103000
STU-2026-01739,MBA,D,Hyderabad,7.49,0,None,0.0,0,88,0.71,15000,0,0,0,47000
STU-2026-01740,Engineering,B,Hyderabad,6.64,6,MNC,0.45,51,92,0.57,30000,0,0,1,71000
STU-2026-01741,MBA,C,Delhi NCR,6.71,3,SME,0.113,70,70,0.56,20000,0,0,1,54000
STU-2026-01742,Nursing,A,Bengaluru,7.6,5,MNC,0.375,83,73,0.6,20000,0,1,1,68000
STU-2026-01743,Engineering,B,Delhi NCR,6.97,3,MNC,0.225,60,67,0.73,15000,0,1,1,72000
STU-2026-01744,Engineering,A,Mumbai,8.21,6,SME,0.225,81,76,0.6,20000,0,1,1,89000
STU-2026-01745,MBA,A,Chennai,8.61,3,SME,0.113,59,62,0.71,15000,0,1,1,115000
STU-2026-01746,MBA,C,Delhi NCR,8.03,6,MNC,0.45,48,69,0.63,20000,0,1,1,64000
STU-2026-01747,Engineering,C,Bengaluru,6.38,0,None,0.0,80,60,0.57,10000,0,0,1,36000
STU-2026-01748,Nursing,A,Chennai,7.73,4,SME,0.15,70,73,0.68,20000,0,1,1,65000
STU-2026-01749,Nursing,B,Pune,7.27,3,MNC,0.225,69,58,0.69,30000,0,1,1,42000
STU-2026-01750,Nursing,D,Bengaluru,6.21,0,None,0.0,27,100,0.56,25000,0,0,1,17000
STU-2026-01751,MBA,B,Pune,6.51,0,None,0.0,46,57,0.57,15000,0,0,1,53000
STU-2026-01752,MBA,B,Bengaluru,8.66,0,None,0.0,84,84,0.65,25000,0,1,1,74000
STU-2026-01753,Nursing,B,Chennai,6.55,3,MNC,0.225,67,52,0.5,15000,0,1,1,57000
STU-2026-01754,MBA,B,Mumbai,7.89,0,None,0.0,82,66,0.47,25000,0,1,1,80000
STU-2026-01755,Engineering,D,Chennai,6.89,1,SME,0.037,34,84,0.5,30000,0,0,0,28000
STU-2026-01756,Engineering,A,Hyderabad,8.27,0,None,0.0,38,60,0.53,25000,0,0,1,66000
STU-2026-01757,Engineering,A,Mumbai,8.27,6,MNC,0.45,85,72,0.75,15000,1,1,1,138000
STU-2026-01758,Engineering,A,Delhi NCR,8.26,0,None,0.0,60,81,0.56,30000,0,0,1,91000
STU-2026-01759,Engineering,A,Mumbai,7.3,3,SME,0.113,41,70,0.59,10000,0,0,1,86000
STU-2026-01760,Engineering,B,Pune,8.47,4,MNC,0.3,37,89,0.44,20000,1,1,1,77000
STU-2026-01761,MBA,D,Bengaluru,6.97,0,None,0.0,0,69,0.62,30000,0,0,0,36000
STU-2026-01762,Nursing,C,Chennai,5.66,1,MNC,0.075,68,70,0.75,10000,0,0,1,24000
STU-2026-01763,Nursing,C,Mumbai,7.78,4,MNC,0.3,0,52,0.71,10000,0,0,1,32000
STU-2026-01764,Engineering,A,Bengaluru,9.69,2,Startup,0.105,32,73,0.61,20000,0,0,1,106000
STU-2026-01765,Engineering,D,Chennai,7.34,1,Startup,0.052,49,84,0.56,15000,0,0,1,32000
STU-2026-01766,Engineering,B,Mumbai,6.09,3,Startup,0.157,34,48,0.7,10000,0,0,1,55000
STU-2026-01767,Nursing,C,Mumbai,6.48,0,None,0.0,37,90,0.56,10000,0,0,1,28000
STU-2026-01768,Engineering,B,Bengaluru,7.35,3,SME,0.113,100,48,0.73,15000,0,1,1,56000
STU-2026-01769,Nursing,D,Bengaluru,8.76,6,Startup,0.315,0,62,0.48,30000,0,0,1,33000
STU-2026-01770,MBA,C,Mumbai,7.32,0,None,0.0,35,63,0.64,25000,0,0,1,44000
STU-2026-01771,Nursing,C,Delhi NCR,10.0,6,MNC,0.45,28,37,0.52,10000,0,0,1,70000
STU-2026-01772,Engineering,B,Delhi NCR,7.82,0,None,0.0,68,64,0.57,25000,0,0,1,57000
STU-2026-01773,Nursing,D,Mumbai,7.8,0,None,0.0,48,78,0.65,25000,0,0,1,28000
STU-2026-01774,Nursing,C,Bengaluru,7.23,0,None,0.0,70,60,0.51,15000,0,0,0,32000
STU-2026-01775,Engineering,D,Delhi NCR,4.58,0,None,0.0,52,68,0.71,25000,0,0,0,20000
STU-2026-01776,MBA,D,Hyderabad,8.15,3,MNC,0.225,75,60,0.62,15000,0,0,1,60000
STU-2026-01777,MBA,D,Hyderabad,6.48,0,None,0.0,72,42,0.56,30000,0,0,0,40000
STU-2026-01778,MBA,B,Pune,8.85,0,None,0.0,84,66,0.73,25000,0,1,1,94000
STU-2026-01779,Nursing,B,Chennai,9.31,0,None,0.0,84,72,0.57,20000,0,0,1,54000
STU-2026-01780,Engineering,B,Mumbai,6.38,4,MNC,0.3,44,52,0.55,10000,0,0,1,64000
STU-2026-01781,Engineering,C,Delhi NCR,6.08,2,Startup,0.105,67,67,0.52,25000,0,0,1,50000
STU-2026-01782,Engineering,D,Bengaluru,7.2,0,None,0.0,31,47,0.58,15000,0,0,0,31000
STU-2026-01783,Engineering,B,Mumbai,5.83,6,MNC,0.45,43,92,0.74,25000,0,0,1,69000
STU-2026-01784,Nursing,A,Chennai,7.26,3,MNC,0.225,88,74,0.69,10000,0,1,1,76000
STU-2026-01785,Nursing,A,Pune,8.19,2,MNC,0.15,77,84,0.61,15000,0,1,1,81000
STU-2026-01786,MBA,B,Mumbai,7.44,1,SME,0.037,43,56,0.45,25000,0,0,1,84000
STU-2026-01787,Engineering,B,Pune,7.68,6,SME,0.225,49,82,0.52,20000,0,1,1,68000
STU-2026-01788,MBA,D,Chennai,7.73,0,None,0.0,1,57,0.44,10000,0,0,0,52000
STU-2026-01789,MBA,A,Bengaluru,7.8,0,None,0.0,50,83,0.71,10000,0,1,1,111000
STU-2026-01790,Nursing,B,Hyderabad,6.42,0,None,0.0,88,100,0.65,25000,0,0,1,33000
STU-2026-01791,MBA,D,Hyderabad,7.54,3,SME,0.113,29,89,0.66,30000,0,0,1,48000
STU-2026-01792,MBA,B,Pune,6.61,3,MNC,0.225,56,62,0.72,30000,0,1,1,59000
STU-2026-01793,MBA,B,Chennai,5.58,5,MNC,0.375,55,47,0.6,15000,0,1,1,87000
STU-2026-01794,MBA,B,Chennai,7.7,5,MNC,0.375,56,40,0.6,25000,0,1,1,108000
STU-2026-01795,MBA,C,Chennai,5.95,4,MNC,0.3,29,48,0.37,10000,0,0,0,42000
STU-2026-01796,MBA,D,Bengaluru,7.2,0,None,0.0,27,62,0.5,10000,0,0,0,0
STU-2026-01797,Engineering,C,Hyderabad,8.61,3,MNC,0.225,15,64,0.45,15000,0,0,1,62000
STU-2026-01798,MBA,B,Hyderabad,6.67,0,None,0.0,52,95,0.59,15000,0,0,1,53000
STU-2026-01799,Nursing,A,Delhi NCR,6.68,0,None,0.0,57,75,0.71,15000,0,0,1,43000
STU-2026-01800,Nursing,A,Bengaluru,7.74,5,SME,0.188,60,68,0.59,10000,0,1,1,61000
STU-2026-01801,Nursing,D,Mumbai,7.92,0,None,0.0,51,65,0.76,10000,0,0,1,31000
STU-2026-01802,MBA,A,Delhi NCR,5.79,4,SME,0.15,92,82,0.8,15000,0,1,1,106000
STU-2026-01803,MBA,D,Chennai,7.85,0,None,0.0,74,100,0.62,15000,0,0,1,43000
STU-2026-01804,Nursing,A,Delhi NCR,8.51,6,SME,0.225,61,51,0.44,10000,0,1,1,90000
STU-2026-01805,Nursing,B,Mumbai,9.08,4,Startup,0.21,78,86,0.59,30000,0,1,1,57000
STU-2026-01806,Engineering,C,Bengaluru,6.49,0,None,0.0,28,71,0.64,25000,0,0,1,36000
STU-2026-01807,Engineering,A,Chennai,6.68,2,SME,0.075,50,71,0.72,15000,0,0,1,80000
STU-2026-01808,Nursing,B,Hyderabad,7.79,6,SME,0.225,61,84,0.53,30000,0,1,1,53000
STU-2026-01809,MBA,D,Bengaluru,6.03,0,None,0.0,53,59,0.62,20000,0,0,0,36000
STU-2026-01810,Nursing,D,Mumbai,6.25,6,Startup,0.315,32,71,0.62,15000,0,0,1,35000
STU-2026-01811,Engineering,A,Bengaluru,7.41,4,MNC,0.3,59,46,0.64,10000,0,0,1,95000
STU-2026-01812,Engineering,C,Hyderabad,6.35,1,Startup,0.052,47,62,0.54,10000,0,0,1,40000
STU-2026-01813,MBA,C,Bengaluru,6.13,2,MNC,0.15,34,95,0.58,20000,0,0,1,45000
STU-2026-01814,Nursing,C,Delhi NCR,6.14,0,None,0.0,25,51,0.49,15000,0,0,0,29000
STU-2026-01815,Nursing,D,Delhi NCR,6.34,3,Startup,0.157,35,89,0.73,15000,0,0,1,23000
STU-2026-01816,Engineering,D,Mumbai,5.76,0,None,0.0,57,67,0.56,20000,0,0,0,23000
STU-2026-01817,MBA,D,Hyderabad,7.18,2,Startup,0.105,7,85,0.55,20000,0,0,0,36000
STU-2026-01818,Nursing,C,Delhi NCR,6.79,0,None,0.0,32,69,0.75,25000,0,0,1,26000
STU-2026-01819,Nursing,D,Delhi NCR,5.95,6,MNC,0.45,55,89,0.63,30000,0,0,1,32000
STU-2026-01820,Nursing,A,Chennai,9.34,6,SME,0.225,21,80,0.7,10000,0,1,1,77000
STU-2026-01821,Engineering,A,Delhi NCR,7.52,5,Startup,0.263,45,63,0.62,10000,0,1,1,113000
STU-2026-01822,Engineering,D,Pune,5.79,3,Startup,0.157,19,90,0.66,25000,0,0,0,33000
STU-2026-01823,Nursing,D,Mumbai,6.76,0,None,0.0,53,65,0.63,10000,0,0,0,21000
STU-2026-01824,MBA,D,Bengaluru,5.99,0,None,0.0,31,56,0.55,10000,0,0,0,0
STU-2026-01825,MBA,C,Hyderabad,7.46,0,None,0.0,38,44,0.52,25000,0,0,1,49000
STU-2026-01826,Engineering,C,Pune,5.96,0,None,0.0,38,75,0.46,15000,0,0,1,30000
STU-2026-01827,MBA,B,Chennai,7.48,5,MNC,0.375,59,62,0.5,30000,0,1,1,119000
STU-2026-01828,MBA,A,Delhi NCR,7.11,4,MNC,0.3,94,66,0.6,10000,0,1,1,105000
STU-2026-01829,Engineering,A,Chennai,7.8,3,SME,0.113,39,67,0.56,15000,0,1,1,74000
STU-2026-01830,Engineering,B,Mumbai,7.6,1,Startup,0.052,65,54,0.67,25000,0,0,1,37000
STU-2026-01831,MBA,B,Chennai,8.16,2,MNC,0.15,38,54,0.67,10000,0,0,1,99000
STU-2026-01832,MBA,C,Delhi NCR,8.25,0,None,0.0,24,82,0.52,20000,0,1,1,53000
STU-2026-01833,MBA,D,Pune,8.03,2,SME,0.075,61,75,0.53,25000,0,0,1,33000
STU-2026-01834,MBA,D,Mumbai,7.07,5,MNC,0.375,49,72,0.3,10000,0,0,0,49000
STU-2026-01835,Nursing,B,Delhi NCR,7.79,6,SME,0.225,66,67,0.66,20000,0,0,1,58000
STU-2026-01836,Engineering,B,Pune,7.97,4,Startup,0.21,68,67,0.78,10000,0,1,1,61000
STU-2026-01837,Nursing,D,Delhi NCR,7.1,1,Startup,0.052,59,61,0.71,15000,0,0,1,17000
STU-2026-01838,Nursing,D,Chennai,7.16,1,MNC,0.075,30,78,0.69,15000,0,0,1,33000
STU-2026-01839,Nursing,B,Pune,7.32,2,SME,0.075,72,82,0.59,25000,0,1,1,40000
STU-2026-01840,Engineering,C,Bengaluru,6.29,6,SME,0.225,7,74,0.63,10000,0,0,1,49000
STU-2026-01841,MBA,C,Mumbai,6.46,0,None,0.0,11,76,0.71,20000,0,0,1,54000
STU-2026-01842,Nursing,A,Chennai,8.03,4,Startup,0.21,51,59,0.59,25000,0,1,1,77000
STU-2026-01843,MBA,C,Hyderabad,6.64,0,None,0.0,37,58,0.69,20000,0,0,1,46000
STU-2026-01844,Engineering,B,Pune,6.75,2,SME,0.075,33,90,0.66,30000,0,0,1,60000
STU-2026-01845,Engineering,D,Pune,7.91,0,None,0.0,43,94,0.62,25000,0,0,0,38000
STU-2026-01846,Nursing,C,Chennai,7.09,1,MNC,0.075,25,79,0.43,10000,0,0,1,28000
STU-2026-01847,Engineering,A,Hyderabad,7.41,1,Startup,0.052,58,76,0.62,30000,0,0,1,74000
STU-2026-01848,Nursing,A,Chennai,7.29,5,MNC,0.375,56,86,0.6,20000,0,1,1,94000
STU-2026-01849,MBA,B,Bengaluru,6.91,5,Startup,0.263,56,100,0.74,10000,0,0,1,86000
STU-2026-01850,Engineering,D,Mumbai,6.8,0,None,0.0,61,59,0.52,25000,0,0,0,28000
STU-2026-01851,MBA,D,Mumbai,7.78,2,SME,0.075,10,61,0.42,20000,0,0,1,57000
STU-2026-01852,MBA,C,Delhi NCR,6.41,4,SME,0.15,33,77,0.75,15000,0,0,1,47000
STU-2026-01853,Engineering,D,Mumbai,4.86,0,None,0.0,12,71,0.53,15000,0,0,0,20000
STU-2026-01854,MBA,C,Delhi NCR,5.53,0,None,0.0,11,93,0.69,30000,0,0,1,43000
STU-2026-01855,MBA,B,Hyderabad,7.07,2,SME,0.075,86,70,0.62,25000,0,1,1,39000
STU-2026-01856,Engineering,D,Bengaluru,8.73,4,SME,0.15,52,75,0.59,15000,0,0,1,42000
STU-2026-01857,MBA,C,Hyderabad,7.54,0,None,0.0,7,73,0.66,15000,0,0,1,57000
STU-2026-01858,Engineering,B,Hyderabad,6.51,0,None,0.0,41,74,0.67,30000,0,0,0,52000
STU-2026-01859,MBA,C,Hyderabad,6.15,0,None,0.0,35,50,0.51,20000,0,0,1,44000
STU-2026-01860,Engineering,A,Mumbai,7.89,0,None,0.0,58,77,0.64,10000,0,1,1,94000
STU-2026-01861,Nursing,B,Mumbai,8.47,5,MNC,0.375,68,71,0.67,30000,0,1,1,75000
STU-2026-01862,MBA,A,Chennai,8.92,4,SME,0.15,40,54,0.53,20000,0,1,1,101000
STU-2026-01863,Engineering,B,Chennai,7.89,3,MNC,0.225,67,87,0.62,30000,0,0,1,61000
STU-2026-01864,Engineering,D,Delhi NCR,5.38,3,MNC,0.225,27,67,0.48,15000,0,0,1,24000
STU-2026-01865,Nursing,A,Chennai,9.28,1,MNC,0.075,84,83,0.53,25000,0,1,1,62000
STU-2026-01866,Nursing,A,Mumbai,8.93,0,None,0.0,59,64,0.48,20000,0,0,1,58000
STU-2026-01867,Engineering,A,Mumbai,9.09,3,MNC,0.225,52,67,0.67,25000,1,1,1,137000
STU-2026-01868,Engineering,D,Mumbai,5.63,0,None,0.0,0,100,0.83,25000,0,0,0,21000
STU-2026-01869,Nursing,A,Bengaluru,8.97,4,Startup,0.21,58,68,0.69,25000,0,1,1,69000
STU-2026-01870,Engineering,B,Delhi NCR,7.18,0,None,0.0,73,78,0.63,15000,0,1,1,50000
STU-2026-01871,Nursing,A,Mumbai,8.34,3,Startup,0.157,0,63,0.68,30000,0,0,1,69000
STU-2026-01872,Nursing,A,Bengaluru,7.37,3,MNC,0.225,80,78,0.68,15000,0,1,1,68000
STU-2026-01873,Nursing,A,Hyderabad,7.98,0,None,0.0,54,61,0.57,30000,0,1,1,44000
STU-2026-01874,Engineering,B,Delhi NCR,9.28,0,None,0.0,70,69,0.69,15000,0,0,1,62000
STU-2026-01875,Engineering,C,Bengaluru,6.65,0,None,0.0,74,69,0.65,15000,0,0,1,41000
STU-2026-01876,MBA,C,Pune,8.81,0,None,0.0,65,69,0.67,10000,0,0,1,68000
STU-2026-01877,MBA,C,Pune,8.13,4,Startup,0.21,68,68,0.66,30000,0,0,1,61000
STU-2026-01878,MBA,B,Delhi NCR,7.23,0,None,0.0,58,45,0.69,20000,0,0,0,94000
STU-2026-01879,MBA,A,Hyderabad,9.4,5,Startup,0.263,55,70,0.63,15000,0,1,1,157000
STU-2026-01880,Engineering,D,Pune,6.63,4,SME,0.15,38,73,0.47,20000,0,0,0,36000
STU-2026-01881,MBA,A,Hyderabad,8.3,2,SME,0.075,56,87,0.56,20000,0,1,1,137000
STU-2026-01882,MBA,A,Pune,8.14,0,None,0.0,64,69,0.72,10000,0,1,1,125000
STU-2026-01883,Nursing,C,Hyderabad,6.68,0,None,0.0,19,80,0.57,30000,0,0,1,17000
STU-2026-01884,Nursing,C,Pune,6.81,0,None,0.0,29,54,0.54,15000,0,0,0,29000
STU-2026-01885,MBA,D,Bengaluru,5.16,0,None,0.0,48,90,0.63,10000,0,0,1,34000
STU-2026-01886,Engineering,C,Delhi NCR,8.28,0,None,0.0,87,63,0.53,20000,0,0,1,52000
STU-2026-01887,Engineering,A,Delhi NCR,8.82,6,Startup,0.315,98,70,0.64,15000,0,1,1,158000
STU-2026-01888,MBA,C,Bengaluru,6.4,4,Startup,0.21,32,65,0.54,30000,0,0,0,51000
STU-2026-01889,Engineering,B,Mumbai,6.13,6,SME,0.225,44,99,0.67,10000,0,1,1,66000
STU-2026-01890,Nursing,D,Chennai,9.0,3,Startup,0.157,0,52,0.52,15000,0,0,0,34000
STU-2026-01891,Engineering,A,Pune,7.84,3,Startup,0.157,64,71,0.53,10000,0,0,1,79000
STU-2026-01892,Engineering,D,Bengaluru,6.14,5,Startup,0.263,34,53,0.55,15000,0,0,0,35000
STU-2026-01893,Nursing,A,Delhi NCR,7.34,0,None,0.0,43,50,0.58,30000,0,0,1,64000
STU-2026-01894,Engineering,D,Delhi NCR,7.29,0,None,0.0,38,58,0.64,25000,0,0,1,34000
STU-2026-01895,Engineering,A,Delhi NCR,9.48,1,Startup,0.052,69,84,0.61,10000,0,1,1,90000
STU-2026-01896,MBA,C,Delhi NCR,6.25,0,None,0.0,49,75,0.65,20000,0,0,1,35000
STU-2026-01897,MBA,A,Hyderabad,7.42,4,SME,0.15,65,59,0.94,10000,0,1,1,108000
STU-2026-01898,MBA,C,Chennai,6.18,4,SME,0.15,28,70,0.61,10000,0,0,1,49000
STU-2026-01899,MBA,A,Mumbai,9.28,1,MNC,0.075,88,74,0.47,10000,0,1,1,158000
STU-2026-01900,MBA,D,Bengaluru,8.44,0,None,0.0,58,91,0.61,15000,0,0,1,43000
STU-2026-01901,Nursing,C,Hyderabad,7.15,6,MNC,0.45,73,61,0.51,20000,0,0,1,43000
STU-2026-01902,Engineering,A,Mumbai,8.72,1,Startup,0.052,51,96,0.47,20000,0,1,1,84000
STU-2026-01903,Nursing,D,Delhi NCR,4.64,2,SME,0.075,46,66,0.49,25000,0,0,0,0
STU-2026-01904,Engineering,B,Delhi NCR,7.49,5,Startup,0.263,80,79,0.61,25000,0,1,1,70000
STU-2026-01905,Nursing,A,Hyderabad,7.06,5,Startup,0.263,32,67,0.58,25000,0,1,1,77000
STU-2026-01906,MBA,C,Chennai,7.53,0,None,0.0,33,49,0.64,10000,0,0,1,35000
STU-2026-01907,MBA,C,Chennai,5.8,0,None,0.0,23,72,0.52,30000,0,0,0,40000
STU-2026-01908,Engineering,B,Chennai,7.34,0,None,0.0,46,60,0.49,25000,0,0,1,59000
STU-2026-01909,Engineering,B,Mumbai,6.73,4,Startup,0.21,90,65,0.75,15000,0,1,1,42000
STU-2026-01910,MBA,A,Delhi NCR,8.52,5,SME,0.188,65,71,0.54,30000,0,1,1,120000
STU-2026-01911,MBA,C,Chennai,6.44,0,None,0.0,61,73,0.66,15000,0,0,1,44000
STU-2026-01912,Nursing,A,Bengaluru,7.28,3,Startup,0.157,53,20,0.54,25000,0,0,1,71000
STU-2026-01913,Nursing,B,Pune,7.23,0,None,0.0,67,37,0.59,20000,0,0,1,33000
STU-2026-01914,MBA,B,Chennai,7.31,5,SME,0.188,86,76,0.6,10000,0,1,1,72000
STU-2026-01915,Engineering,D,Mumbai,6.15,2,MNC,0.15,51,49,0.66,25000,0,0,0,36000
STU-2026-01916,Engineering,C,Mumbai,7.95,0,None,0.0,0,61,0.51,30000,0,0,0,38000
STU-2026-01917,MBA,C,Delhi NCR,9.73,0,None,0.0,55,99,0.68,30000,0,0,1,66000
STU-2026-01918,Engineering,C,Pune,7.51,0,None,0.0,51,61,0.45,25000,0,1,1,42000
STU-2026-01919,Nursing,D,Hyderabad,6.41,0,None,0.0,43,66,0.61,25000,0,0,1,22000
STU-2026-01920,MBA,C,Mumbai,5.4,0,None,0.0,36,63,0.74,25000,0,0,1,39000
STU-2026-01921,Nursing,D,Bengaluru,5.27,0,None,0.0,9,70,0.63,25000,0,0,0,0
STU-2026-01922,Engineering,C,Hyderabad,6.22,5,Startup,0.263,25,70,0.36,10000,0,0,0,41000
STU-2026-01923,Nursing,A,Chennai,9.17,1,MNC,0.075,44,73,0.62,10000,0,1,1,90000
STU-2026-01924,Engineering,A,Hyderabad,8.15,1,SME,0.037,50,60,0.58,10000,0,0,1,94000
STU-2026-01925,MBA,B,Hyderabad,7.92,4,Startup,0.21,72,89,0.79,25000,0,1,1,104000
STU-2026-01926,Engineering,B,Chennai,7.15,6,Startup,0.315,84,86,0.7,25000,0,1,1,63000
STU-2026-01927,Engineering,B,Bengaluru,6.11,3,SME,0.113,59,93,0.57,30000,0,1,1,57000
STU-2026-01928,MBA,A,Mumbai,7.97,0,None,0.0,86,26,0.48,30000,0,0,1,90000
STU-2026-01929,MBA,C,Chennai,7.2,0,None,0.0,47,76,0.66,20000,0,0,1,42000
STU-2026-01930,Nursing,A,Bengaluru,8.52,0,None,0.0,47,46,0.7,25000,0,1,1,81000
STU-2026-01931,Engineering,A,Chennai,8.35,3,MNC,0.225,73,91,0.54,15000,1,1,1,110000
STU-2026-01932,MBA,A,Bengaluru,8.93,1,SME,0.037,64,89,0.62,20000,0,1,1,145000
STU-2026-01933,MBA,A,Pune,7.44,4,MNC,0.3,85,69,0.72,10000,1,1,1,132000
STU-2026-01934,Engineering,C,Bengaluru,7.41,2,MNC,0.15,51,40,0.61,10000,0,0,0,50000
STU-2026-01935,Engineering,C,Chennai,5.43,0,None,0.0,10,94,0.71,25000,0,0,0,32000
STU-2026-01936,Nursing,C,Hyderabad,6.5,0,None,0.0,54,60,0.7,25000,0,0,1,26000
STU-2026-01937,MBA,C,Pune,6.83,0,None,0.0,25,75,0.55,20000,0,0,1,58000
STU-2026-01938,MBA,C,Hyderabad,5.94,5,Startup,0.263,37,77,0.56,10000,0,0,1,58000
STU-2026-01939,MBA,A,Bengaluru,9.07,2,SME,0.075,48,56,0.57,15000,0,0,1,136000
STU-2026-01940,MBA,D,Mumbai,5.41,0,None,0.0,98,89,0.6,25000,0,0,1,23000
STU-2026-01941,MBA,B,Chennai,10.0,0,None,0.0,48,68,0.41,25000,0,1,1,77000
STU-2026-01942,Nursing,A,Delhi NCR,8.28,6,SME,0.225,49,54,0.52,25000,0,1,1,63000
STU-2026-01943,Nursing,B,Delhi NCR,6.75,3,Startup,0.157,73,100,0.65,25000,0,0,1,41000
STU-2026-01944,Nursing,D,Delhi NCR,6.84,0,None,0.0,31,84,0.62,10000,0,0,1,22000
STU-2026-01945,Nursing,C,Hyderabad,8.39,0,None,0.0,36,55,0.82,25000,0,0,0,32000
STU-2026-01946,Nursing,C,Delhi NCR,6.05,0,None,0.0,100,97,0.75,10000,0,0,1,35000
STU-2026-01947,MBA,B,Pune,7.87,5,Startup,0.263,80,73,0.6,30000,0,1,1,89000
STU-2026-01948,Nursing,B,Delhi NCR,8.11,1,Startup,0.052,67,70,0.75,10000,0,0,1,51000
STU-2026-01949,MBA,A,Bengaluru,8.77,5,MNC,0.375,83,69,0.62,10000,1,1,1,190000
STU-2026-01950,MBA,C,Mumbai,6.44,0,None,0.0,47,95,0.39,10000,0,0,0,56000
STU-2026-01951,Engineering,C,Bengaluru,8.11,0,None,0.0,53,63,0.51,20000,0,0,1,57000
STU-2026-01952,Nursing,B,Mumbai,6.87,2,SME,0.075,62,59,0.68,15000,0,0,1,41000
STU-2026-01953,MBA,A,Delhi NCR,6.85,4,Startup,0.21,28,70,0.47,15000,0,1,1,74000
STU-2026-01954,Nursing,D,Pune,5.84,0,None,0.0,40,65,0.49,10000,0,0,0,0
STU-2026-01955,MBA,C,Hyderabad,5.61,0,None,0.0,33,99,0.61,30000,0,0,1,43000
STU-2026-01956,MBA,C,Hyderabad,8.14,0,None,0.0,0,65,0.73,15000,0,0,1,74000
STU-2026-01957,MBA,B,Pune,8.98,3,Startup,0.157,51,62,0.5,10000,0,0,1,79000
STU-2026-01958,MBA,D,Hyderabad,7.31,0,None,0.0,4,79,0.66,25000,0,0,0,0
STU-2026-01959,Engineering,B,Hyderabad,9.05,3,SME,0.113,70,81,0.52,20000,0,1,1,87000
STU-2026-01960,MBA,C,Pune,6.68,0,None,0.0,90,71,0.71,25000,0,0,1,52000
STU-2026-01961,MBA,A,Hyderabad,6.86,0,None,0.0,67,59,0.52,25000,0,1,1,85000
STU-2026-01962,Engineering,B,Hyderabad,6.5,2,SME,0.075,53,50,0.74,30000,0,0,1,56000
STU-2026-01963,MBA,B,Hyderabad,8.86,5,Startup,0.263,50,78,0.5,10000,1,1,1,118000
STU-2026-01964,MBA,B,Pune,7.31,4,SME,0.15,45,68,0.57,25000,0,1,1,64000
STU-2026-01965,Engineering,A,Mumbai,8.31,6,MNC,0.45,60,68,0.59,20000,0,1,1,140000
STU-2026-01966,Nursing,A,Delhi NCR,8.69,6,Startup,0.315,68,24,0.63,10000,0,0,1,97000
STU-2026-01967,Engineering,A,Chennai,9.38,2,SME,0.075,41,66,0.54,25000,0,1,1,105000
STU-2026-01968,Engineering,B,Chennai,9.23,2,Startup,0.105,68,74,0.61,20000,0,1,1,56000
STU-2026-01969,Nursing,A,Pune,8.27,2,MNC,0.15,59,81,0.58,10000,0,1,1,73000
STU-2026-01970,Engineering,B,Hyderabad,6.42,5,MNC,0.375,21,81,0.66,15000,0,1,1,78000
STU-2026-01971,Engineering,A,Pune,7.67,0,None,0.0,31,69,0.57,30000,0,0,1,78000
STU-2026-01972,MBA,D,Mumbai,6.07,3,Startup,0.157,0,63,0.49,25000,0,0,0,36000
STU-2026-01973,Engineering,B,Hyderabad,8.61,5,SME,0.188,92,80,0.44,25000,0,1,1,94000
STU-2026-01974,Nursing,A,Pune,8.22,0,None,0.0,86,62,0.41,10000,0,0,1,80000
STU-2026-01975,Engineering,B,Chennai,6.01,2,SME,0.075,60,71,0.55,30000,0,0,1,49000
STU-2026-01976,Engineering,D,Pune,6.13,0,None,0.0,4,73,0.71,10000,0,0,0,25000
STU-2026-01977,Nursing,D,Delhi NCR,5.3,4,Startup,0.21,33,94,0.66,10000,0,0,1,25000
STU-2026-01978,MBA,D,Pune,7.3,0,None,0.0,43,80,0.55,20000,0,0,0,46000
STU-2026-01979,MBA,A,Hyderabad,9.19,5,Startup,0.263,38,82,0.77,10000,0,1,1,131000
STU-2026-01980,Nursing,D,Mumbai,6.95,3,MNC,0.225,26,61,0.64,25000,0,0,0,23000
STU-2026-01981,Nursing,D,Delhi NCR,6.82,0,None,0.0,39,75,0.79,15000,0,0,1,25000
STU-2026-01982,MBA,B,Delhi NCR,6.52,5,Startup,0.263,75,62,0.61,30000,0,1,1,88000
STU-2026-01983,Engineering,B,Chennai,6.19,0,None,0.0,14,67,0.65,30000,0,0,1,54000
STU-2026-01984,MBA,D,Chennai,7.32,2,Startup,0.105,26,35,0.58,20000,0,0,1,44000
STU-2026-01985,MBA,A,Chennai,8.22,4,SME,0.15,68,55,0.66,15000,0,1,1,118000
STU-2026-01986,Nursing,C,Bengaluru,5.45,5,SME,0.188,38,37,0.63,20000,0,0,1,35000
STU-2026-01987,Nursing,D,Mumbai,6.57,0,None,0.0,50,57,0.56,15000,0,0,0,0
STU-2026-01988,Engineering,A,Chennai,8.04,0,None,0.0,54,74,0.54,25000,0,1,1,79000
STU-2026-01989,MBA,B,Chennai,7.17,1,MNC,0.075,62,71,0.68,25000,0,0,1,68000
STU-2026-01990,MBA,A,Mumbai,8.06,1,MNC,0.075,46,65,0.8,10000,0,1,1,107000
STU-2026-01991,MBA,C,Hyderabad,6.34,1,MNC,0.075,34,65,0.63,20000,0,0,0,56000
STU-2026-01992,Engineering,D,Pune,7.56,0,None,0.0,9,36,0.5,30000,0,0,0,48000
STU-2026-01993,Nursing,B,Bengaluru,8.04,4,SME,0.15,24,60,0.59,20000,0,0,1,41000
STU-2026-01994,Engineering,B,Chennai,7.37,0,None,0.0,46,53,0.63,30000,0,0,1,62000
STU-2026-01995,Engineering,A,Hyderabad,8.66,0,None,0.0,50,81,0.63,10000,0,1,1,81000
STU-2026-01996,Engineering,A,Bengaluru,7.8,3,Startup,0.157,61,100,0.63,30000,0,1,1,81000
STU-2026-01997,Nursing,A,Delhi NCR,7.81,0,None,0.0,100,64,0.69,30000,0,1,1,63000
STU-2026-01998,MBA,B,Bengaluru,8.29,4,SME,0.15,49,60,0.77,20000,0,1,1,99000
STU-2026-01999,MBA,B,Mumbai,8.29,6,Startup,0.315,69,100,0.6,10000,0,1,1,79000
STU-2026-02000,Nursing,A,Bengaluru,7.54,3,MNC,0.225,36,89,0.34,10000,0,1,1,39000
STU-2026-02001,MBA,B,Mumbai,6.67,3,MNC,0.225,50,91,0.64,15000,0,0,1,88000
STU-2026-02002,MBA,C,Pune,6.82,1,MNC,0.075,41,52,0.5,20000,0,0,0,53000
STU-2026-02003,Engineering,B,Hyderabad,7.58,5,Startup,0.263,91,76,0.33,25000,0,1,1,56000
STU-2026-02004,Nursing,A,Hyderabad,7.43,1,SME,0.037,44,60,0.46,25000,0,0,1,47000
STU-2026-02005,MBA,A,Mumbai,8.49,3,MNC,0.225,100,50,0.57,20000,0,0,1,128000
STU-2026-02006,Engineering,B,Bengaluru,8.14,6,Startup,0.315,74,71,0.69,10000,1,1,1,100000
STU-2026-02007,Engineering,D,Mumbai,6.17,5,SME,0.188,4,64,0.51,10000,0,0,0,28000
STU-2026-02008,MBA,A,Pune,8.14,5,MNC,0.375,77,68,0.51,30000,1,1,1,103000
STU-2026-02009,MBA,B,Delhi NCR,7.17,1,MNC,0.075,59,70,0.62,25000,0,1,1,71000
STU-2026-02010,Nursing,B,Chennai,7.13,4,Startup,0.21,52,61,0.68,15000,0,0,1,54000
STU-2026-02011,Engineering,A,Mumbai,8.22,2,SME,0.075,50,79,0.53,30000,0,1,1,94000
STU-2026-02012,MBA,A,Hyderabad,7.72,4,Startup,0.21,71,78,0.72,15000,0,1,1,129000
STU-2026-02013,MBA,D,Hyderabad,5.45,0,None,0.0,100,49,0.69,25000,0,0,1,26000
STU-2026-02014,Engineering,C,Delhi NCR,6.65,0,None,0.0,38,90,0.53,25000,0,0,1,25000
STU-2026-02015,Engineering,B,Bengaluru,9.23,0,None,0.0,39,75,0.59,10000,0,1,1,77000
STU-2026-02016,Engineering,D,Chennai,8.81,5,SME,0.188,46,80,0.63,10000,0,1,1,45000
STU-2026-02017,Engineering,B,Mumbai,8.58,0,None,0.0,82,86,0.53,15000,0,1,1,66000
STU-2026-02018,MBA,B,Delhi NCR,6.13,0,None,0.0,92,70,0.63,20000,0,0,1,46000
STU-2026-02019,Nursing,B,Delhi NCR,6.9,0,None,0.0,64,80,0.62,25000,0,0,1,36000
STU-2026-02020,MBA,A,Chennai,8.6,0,None,0.0,90,81,0.68,20000,0,1,1,86000
STU-2026-02021,Nursing,B,Pune,6.46,3,MNC,0.225,69,70,0.64,25000,0,1,1,49000
STU-2026-02022,Nursing,C,Delhi NCR,8.31,3,SME,0.113,42,58,0.59,15000,0,0,1,49000
STU-2026-02023,Nursing,C,Delhi NCR,7.75,5,MNC,0.375,53,89,0.4,10000,0,1,1,37000
STU-2026-02024,MBA,D,Chennai,6.79,4,Startup,0.21,32,80,0.62,10000,0,0,1,43000
STU-2026-02025,Engineering,B,Hyderabad,8.21,6,SME,0.225,63,45,0.51,15000,0,1,1,87000
STU-2026-02026,Engineering,C,Chennai,7.36,2,MNC,0.15,11,68,0.8,15000,0,0,1,46000
STU-2026-02027,Nursing,D,Chennai,7.39,1,MNC,0.075,59,63,0.65,25000,0,0,1,30000
STU-2026-02028,Engineering,C,Delhi NCR,7.0,3,MNC,0.225,52,59,0.52,10000,0,0,1,48000
STU-2026-02029,MBA,D,Pune,7.14,0,None,0.0,32,83,0.54,25000,0,0,0,46000
STU-2026-02030,MBA,D,Mumbai,8.21,0,None,0.0,27,99,0.63,25000,0,0,0,50000
STU-2026-02031,Engineering,D,Hyderabad,6.34,0,None,0.0,51,69,0.61,20000,0,0,0,33000
STU-2026-02032,Engineering,C,Mumbai,5.41,3,Startup,0.157,12,76,0.76,30000,0,0,0,40000
STU-2026-02033,Engineering,A,Delhi NCR,9.06,5,Startup,0.263,76,65,0.49,25000,0,1,1,113000
STU-2026-02034,Nursing,A,Mumbai,9.14,6,SME,0.225,38,81,0.5,20000,0,1,1,96000
STU-2026-02035,Nursing,D,Pune,6.01,5,SME,0.188,44,64,0.67,20000,0,0,1,25000
STU-2026-02036,Engineering,D,Pune,8.67,2,MNC,0.15,57,60,0.59,10000,0,0,1,46000
STU-2026-02037,MBA,C,Mumbai,9.83,5,Startup,0.263,49,39,0.55,20000,0,0,1,84000
STU-2026-02038,Nursing,D,Mumbai,4.42,3,Startup,0.157,18,47,0.64,20000,0,0,0,18000
STU-2026-02039,Nursing,A,Mumbai,8.12,6,Startup,0.315,32,78,0.79,20000,0,1,1,77000
STU-2026-02040,Engineering,D,Pune,5.09,0,None,0.0,17,77,0.71,10000,0,0,0,26000
STU-2026-02041,MBA,A,Delhi NCR,8.77,5,MNC,0.375,70,60,0.62,25000,0,1,1,155000
STU-2026-02042,Engineering,A,Delhi NCR,8.46,5,Startup,0.263,94,50,0.65,10000,1,1,1,122000
STU-2026-02043,MBA,B,Delhi NCR,8.33,3,Startup,0.157,72,89,0.49,25000,0,0,1,89000
STU-2026-02044,Engineering,B,Chennai,5.34,0,None,0.0,85,88,0.56,30000,0,0,1,39000
STU-2026-02045,Nursing,A,Bengaluru,8.24,0,None,0.0,63,78,0.58,10000,0,1,1,68000
STU-2026-02046,Engineering,D,Hyderabad,6.07,0,None,0.0,73,50,0.59,30000,0,0,1,25000
STU-2026-02047,Nursing,B,Mumbai,7.81,3,Startup,0.157,71,57,0.59,10000,0,1,1,46000
STU-2026-02048,Nursing,C,Hyderabad,9.56,5,MNC,0.375,21,85,0.56,20000,0,0,1,57000
STU-2026-02049,Engineering,A,Hyderabad,8.72,5,MNC,0.375,78,93,0.89,15000,1,1,1,111000
STU-2026-02050,Engineering,C,Hyderabad,7.34,0,None,0.0,33,84,0.47,25000,0,1,1,47000
STU-2026-02051,Engineering,D,Delhi NCR,4.78,0,None,0.0,22,82,0.72,20000,0,0,0,0
STU-2026-02052,Nursing,C,Delhi NCR,7.66,6,Startup,0.315,0,69,0.71,25000,0,0,1,33000
STU-2026-02053,MBA,A,Bengaluru,8.32,3,MNC,0.225,48,79,0.51,30000,0,1,1,91000
STU-2026-02054,Engineering,A,Hyderabad,8.34,3,SME,0.113,57,52,0.62,30000,0,1,1,92000
STU-2026-02055,Nursing,C,Bengaluru,7.12,0,None,0.0,47,52,0.81,30000,0,0,1,34000
STU-2026-02056,Engineering,B,Pune,8.27,6,MNC,0.45,57,79,0.62,10000,0,1,1,85000
STU-2026-02057,Engineering,D,Hyderabad,6.06,5,MNC,0.375,28,50,0.71,30000,0,0,1,44000
STU-2026-02058,MBA,D,Delhi NCR,8.32,0,None,0.0,31,60,0.52,30000,0,0,1,49000
STU-2026-02059,MBA,B,Delhi NCR,7.42,3,MNC,0.225,86,76,0.52,25000,0,1,1,93000
STU-2026-02060,MBA,A,Chennai,9.03,6,Startup,0.315,71,98,0.76,20000,1,1,1,133000
STU-2026-02061,Engineering,C,Hyderabad,5.23,3,SME,0.113,30,81,0.78,25000,0,0,1,39000
STU-2026-02062,Nursing,B,Pune,7.25,2,SME,0.075,72,82,0.4,15000,0,0,1,50000
STU-2026-02063,Nursing,B,Pune,7.77,6,MNC,0.45,36,34,0.56,30000,0,1,1,54000
STU-2026-02064,MBA,C,Delhi NCR,6.97,0,None,0.0,53,80,0.36,10000,0,0,0,48000
STU-2026-02065,MBA,D,Hyderabad,7.49,5,Startup,0.263,52,77,0.56,15000,0,0,1,48000
STU-2026-02066,Engineering,D,Mumbai,7.72,0,None,0.0,17,83,0.62,25000,0,0,1,32000
STU-2026-02067,MBA,D,Chennai,5.17,0,None,0.0,24,65,0.36,10000,0,0,0,0
STU-2026-02068,MBA,A,Chennai,8.94,0,None,0.0,71,63,0.6,10000,0,1,1,118000
STU-2026-02069,Engineering,D,Pune,8.65,0,None,0.0,64,78,0.55,25000,0,0,1,30000
STU-2026-02070,Nursing,B,Chennai,7.25,3,Startup,0.157,72,81,0.67,30000,0,1,1,45000
STU-2026-02071,Nursing,A,Chennai,8.63,0,None,0.0,41,57,0.61,20000,0,1,1,48000
STU-2026-02072,MBA,D,Chennai,7.35,0,None,0.0,59,69,0.84,25000,0,0,1,40000
STU-2026-02073,MBA,D,Chennai,6.33,0,None,0.0,38,65,0.46,15000,0,0,0,36000
STU-2026-02074,Nursing,A,Bengaluru,9.18,5,SME,0.188,100,90,0.52,20000,0,1,1,82000
STU-2026-02075,Nursing,D,Pune,8.94,0,None,0.0,36,50,0.55,15000,0,0,1,34000
STU-2026-02076,Nursing,C,Mumbai,6.56,0,None,0.0,57,36,0.61,25000,0,0,1,25000
STU-2026-02077,MBA,A,Hyderabad,7.53,5,SME,0.188,23,94,0.53,30000,0,1,1,125000
STU-2026-02078,MBA,C,Delhi NCR,8.61,0,None,0.0,36,62,0.62,15000,0,0,1,60000
STU-2026-02079,Engineering,A,Chennai,7.44,6,MNC,0.45,29,52,0.69,25000,0,1,1,101000
STU-2026-02080,Nursing,C,Hyderabad,5.94,3,MNC,0.225,42,66,0.57,20000,0,0,1,38000
STU-2026-02081,MBA,B,Mumbai,5.89,4,Startup,0.21,67,58,0.58,15000,0,0,1,64000
STU-2026-02082,Engineering,C,Delhi NCR,7.08,1,MNC,0.075,57,74,0.54,20000,0,0,1,34000
STU-2026-02083,Engineering,A,Bengaluru,7.52,5,MNC,0.375,99,58,0.48,10000,0,1,1,105000
STU-2026-02084,Nursing,A,Hyderabad,8.04,2,MNC,0.15,88,78,0.55,25000,0,1,1,66000
STU-2026-02085,Engineering,C,Bengaluru,7.85,0,None,0.0,32,43,0.6,30000,0,0,0,60000
STU-2026-02086,MBA,D,Hyderabad,5.64,0,None,0.0,36,74,0.57,25000,0,0,0,34000
STU-2026-02087,MBA,A,Chennai,9.42,1,Startup,0.052,75,92,0.5,25000,0,1,1,130000
STU-2026-02088,MBA,C,Mumbai,7.22,3,SME,0.113,74,67,0.56,10000,0,0,1,42000
STU-2026-02089,MBA,A,Chennai,8.01,6,MNC,0.45,57,56,0.71,20000,0,1,1,146000
STU-2026-02090,Engineering,C,Delhi NCR,7.15,0,None,0.0,74,70,0.69,30000,0,0,1,42000
STU-2026-02091,Nursing,A,Chennai,7.33,1,Startup,0.052,31,72,0.55,10000,0,1,1,66000
STU-2026-02092,Nursing,C,Bengaluru,6.58,6,SME,0.225,11,78,0.5,10000,0,0,0,29000
STU-2026-02093,Nursing,A,Bengaluru,8.09,0,None,0.0,83,70,0.56,25000,0,0,1,68000
STU-2026-02094,Engineering,B,Delhi NCR,6.72,4,MNC,0.3,62,65,0.68,25000,0,1,1,64000
STU-2026-02095,MBA,B,Bengaluru,7.99,1,SME,0.037,100,83,0.59,15000,0,1,1,71000
STU-2026-02096,Engineering,D,Mumbai,5.66,0,None,0.0,26,58,0.67,30000,0,0,0,0
STU-2026-02097,Engineering,B,Mumbai,8.83,3,SME,0.113,75,70,0.6,25000,0,1,1,76000
STU-2026-02098,Nursing,B,Chennai,8.59,5,SME,0.188,46,47,0.67,15000,0,1,1,47000
STU-2026-02099,MBA,B,Delhi NCR,6.77,4,SME,0.15,43,59,0.57,25000,0,0,1,65000
STU-2026-02100,Nursing,C,Hyderabad,5.89,0,None,0.0,34,73,0.57,10000,0,0,1,27000
STU-2026-02101,Engineering,A,Delhi NCR,6.93,4,Startup,0.21,70,79,0.56,15000,0,0,1,86000
STU-2026-02102,Nursing,D,Mumbai,6.79,0,None,0.0,12,48,0.59,20000,0,0,0,22000
STU-2026-02103,Nursing,A,Delhi NCR,8.13,6,MNC,0.45,38,63,0.65,25000,0,1,1,68000
STU-2026-02104,MBA,D,Chennai,6.23,0,None,0.0,13,74,0.63,20000,0,0,0,0
STU-2026-02105,MBA,B,Pune,8.26,0,None,0.0,38,93,0.6,20000,0,0,1,64000
STU-2026-02106,MBA,C,Pune,7.22,0,None,0.0,30,69,0.76,25000,0,0,1,52000
STU-2026-02107,MBA,D,Delhi NCR,8.5,3,Startup,0.157,47,46,0.65,15000,0,0,0,68000
STU-2026-02108,MBA,A,Delhi NCR,7.54,2,SME,0.075,100,92,0.52,15000,0,1,1,116000
STU-2026-02109,Nursing,B,Chennai,8.28,0,None,0.0,69,89,0.59,30000,0,1,1,44000
STU-2026-02110,Nursing,C,Bengaluru,7.83,1,SME,0.037,49,74,0.68,10000,0,0,0,36000
STU-2026-02111,MBA,A,Chennai,8.37,3,SME,0.113,93,47,0.76,10000,0,1,1,129000
STU-2026-02112,Nursing,A,Hyderabad,9.54,5,MNC,0.375,71,76,0.62,15000,0,1,1,101000
STU-2026-02113,Nursing,D,Chennai,5.94,0,None,0.0,39,35,0.64,15000,0,0,0,19000
STU-2026-02114,MBA,C,Pune,7.06,0,None,0.0,4,99,0.59,15000,0,0,1,43000
STU-2026-02115,Engineering,A,Mumbai,8.22,5,MNC,0.375,88,86,0.69,30000,1,1,1,110000
STU-2026-02116,MBA,D,Mumbai,5.06,0,None,0.0,35,66,0.7,20000,0,0,0,36000
STU-2026-02117,Engineering,B,Chennai,8.7,2,MNC,0.15,51,43,0.74,20000,0,1,1,59000
STU-2026-02118,Nursing,A,Pune,9.41,2,SME,0.075,68,72,0.76,20000,1,1,1,86000
STU-2026-02119,Engineering,A,Mumbai,8.58,6,SME,0.225,72,64,0.59,25000,0,1,1,103000
STU-2026-02120,Engineering,A,Chennai,7.91,5,MNC,0.375,47,72,0.57,10000,0,1,1,85000
STU-2026-02121,Nursing,D,Bengaluru,6.66,3,Startup,0.157,43,65,0.58,25000,0,0,0,28000
STU-2026-02122,Nursing,A,Delhi NCR,8.72,2,MNC,0.15,70,86,0.62,20000,0,1,1,79000
STU-2026-02123,Nursing,D,Pune,7.63,0,None,0.0,1,57,0.76,10000,0,0,0,0
STU-2026-02124,Engineering,D,Hyderabad,6.63,0,None,0.0,69,69,0.56,20000,0,0,1,29000
STU-2026-02125,Nursing,B,Pune,7.53,0,None,0.0,46,87,0.74,25000,0,0,1,33000
STU-2026-02126,Nursing,D,Delhi NCR,6.17,6,MNC,0.45,35,78,0.5,25000,0,0,1,33000
STU-2026-02127,Engineering,A,Pune,8.95,4,Startup,0.21,48,50,0.93,25000,0,1,1,107000
STU-2026-02128,Nursing,A,Chennai,8.9,2,SME,0.075,58,83,0.62,10000,0,1,1,73000
STU-2026-02129,Engineering,B,Bengaluru,6.05,4,SME,0.15,99,56,0.46,15000,0,0,1,44000
STU-2026-02130,Engineering,B,Pune,7.45,4,SME,0.15,74,85,0.68,30000,0,1,1,64000
STU-2026-02131,Engineering,A,Pune,8.53,3,SME,0.113,25,79,0.45,20000,0,1,1,92000
STU-2026-02132,Engineering,A,Delhi NCR,8.05,5,Startup,0.263,45,61,0.83,10000,0,1,1,80000
STU-2026-02133,MBA,B,Hyderabad,9.0,5,Startup,0.263,84,66,0.63,20000,0,1,1,137000
STU-2026-02134,Nursing,B,Delhi NCR,6.7,4,SME,0.15,63,64,0.46,30000,0,1,1,35000
STU-2026-02135,Nursing,A,Mumbai,8.38,1,Startup,0.052,25,64,0.64,15000,0,0,1,74000
STU-2026-02136,Engineering,B,Hyderabad,7.23,2,MNC,0.15,83,90,0.54,25000,0,1,1,63000
STU-2026-02137,Engineering,A,Pune,8.7,6,SME,0.225,60,73,0.58,25000,0,1,1,131000
STU-2026-02138,Engineering,D,Pune,7.58,0,None,0.0,58,81,0.58,10000,0,0,1,29000
STU-2026-02139,MBA,C,Chennai,8.32,6,Startup,0.315,0,69,0.71,30000,0,0,1,83000
STU-2026-02140,MBA,C,Hyderabad,5.98,2,Startup,0.105,31,84,0.62,30000,0,0,0,40000
STU-2026-02141,Nursing,B,Hyderabad,8.48,3,SME,0.113,69,96,0.77,30000,0,1,1,72000
STU-2026-02142,MBA,D,Pune,6.83,0,None,0.0,16,60,0.37,20000,0,0,1,48000
STU-2026-02143,Nursing,B,Bengaluru,6.48,4,MNC,0.3,55,71,0.5,20000,0,0,1,45000
STU-2026-02144,MBA,B,Bengaluru,7.18,1,Startup,0.052,52,73,0.74,15000,0,0,1,72000
STU-2026-02145,Engineering,A,Hyderabad,8.78,1,MNC,0.075,71,61,0.61,30000,0,1,1,81000
STU-2026-02146,MBA,B,Mumbai,8.76,5,MNC,0.375,89,59,0.62,20000,0,1,1,103000
STU-2026-02147,Nursing,A,Bengaluru,8.59,4,SME,0.15,63,48,0.65,20000,0,1,1,87000
STU-2026-02148,MBA,D,Delhi NCR,5.99,6,SME,0.225,36,91,0.65,15000,0,0,0,36000
STU-2026-02149,Engineering,B,Mumbai,6.9,3,MNC,0.225,68,75,0.52,20000,0,0,1,65000
STU-2026-02150,Nursing,A,Bengaluru,8.05,5,SME,0.188,100,71,0.78,25000,0,1,1,56000
STU-2026-02151,MBA,C,Chennai,5.46,6,Startup,0.315,70,96,0.52,15000,0,0,1,42000
STU-2026-02152,Engineering,A,Bengaluru,6.75,1,SME,0.037,74,73,0.6,15000,0,0,1,90000
STU-2026-02153,Engineering,B,Pune,7.0,3,MNC,0.225,71,48,0.58,10000,0,1,1,67000
STU-2026-02154,Engineering,D,Pune,6.99,3,Startup,0.157,52,53,0.62,30000,0,0,1,38000
STU-2026-02155,Engineering,B,Hyderabad,7.57,4,SME,0.15,35,50,0.38,25000,0,0,1,73000
STU-2026-02156,MBA,C,Hyderabad,7.81,0,None,0.0,48,38,0.5,10000,0,0,1,57000
STU-2026-02157,Nursing,B,Bengaluru,7.28,3,SME,0.113,67,70,0.61,15000,0,0,1,52000
STU-2026-02158,MBA,D,Pune,6.28,3,SME,0.113,7,58,0.57,10000,0,0,0,40000
STU-2026-02159,Nursing,D,Chennai,6.58,0,None,0.0,9,82,0.53,10000,0,0,0,28000
STU-2026-02160,MBA,D,Chennai,7.41,0,None,0.0,0,43,0.59,25000,0,0,0,0
STU-2026-02161,Engineering,B,Pune,8.15,6,MNC,0.45,61,72,0.53,15000,1,1,1,125000
STU-2026-02162,MBA,C,Hyderabad,6.47,0,None,0.0,49,71,0.57,30000,0,0,0,39000
STU-2026-02163,MBA,C,Mumbai,5.44,3,SME,0.113,50,62,0.34,10000,0,0,1,43000
STU-2026-02164,Nursing,C,Mumbai,8.42,6,Startup,0.315,49,48,0.38,25000,0,0,1,43000
STU-2026-02165,Engineering,C,Delhi NCR,7.93,5,MNC,0.375,40,87,0.47,25000,0,1,1,69000
STU-2026-02166,Nursing,D,Pune,4.38,0,None,0.0,73,71,0.64,30000,0,0,0,18000
STU-2026-02167,Engineering,A,Delhi NCR,7.25,0,None,0.0,77,82,0.5,15000,0,1,1,77000
STU-2026-02168,Nursing,B,Bengaluru,8.15,0,None,0.0,29,100,0.48,10000,0,1,1,39000
STU-2026-02169,Engineering,D,Chennai,6.06,3,MNC,0.225,60,85,0.47,30000,0,0,1,39000
STU-2026-02170,MBA,B,Chennai,6.56,1,Startup,0.052,92,48,0.54,20000,0,0,1,56000
STU-2026-02171,Nursing,B,Hyderabad,7.76,3,SME,0.113,65,67,0.68,10000,0,1,1,50000
STU-2026-02172,Nursing,D,Pune,8.18,6,MNC,0.45,60,82,0.49,10000,0,1,1,35000
STU-2026-02173,Engineering,B,Chennai,6.22,2,Startup,0.105,59,56,0.68,10000,0,0,1,36000
STU-2026-02174,MBA,B,Chennai,6.67,2,SME,0.075,31,63,0.65,10000,0,0,1,61000
STU-2026-02175,MBA,C,Hyderabad,8.36,0,None,0.0,0,89,0.55,20000,0,0,1,55000
STU-2026-02176,MBA,A,Hyderabad,9.43,1,MNC,0.075,35,70,0.65,10000,0,0,1,112000
STU-2026-02177,Engineering,A,Bengaluru,8.08,6,MNC,0.45,42,58,0.57,15000,0,1,1,114000
STU-2026-02178,Engineering,B,Chennai,8.58,1,SME,0.037,40,51,0.79,15000,0,0,1,53000
STU-2026-02179,MBA,B,Chennai,5.76,2,Startup,0.105,82,65,0.57,10000,0,0,1,68000
STU-2026-02180,MBA,C,Bengaluru,6.58,0,None,0.0,99,72,0.71,30000,0,0,1,47000
STU-2026-02181,MBA,D,Bengaluru,6.1,3,MNC,0.225,48,78,0.54,15000,0,0,1,51000
STU-2026-02182,MBA,C,Chennai,9.28,0,None,0.0,61,98,0.54,10000,0,1,1,80000
STU-2026-02183,MBA,C,Hyderabad,5.72,0,None,0.0,28,96,0.5,30000,0,0,0,50000
STU-2026-02184,MBA,B,Mumbai,8.7,5,Startup,0.263,69,69,0.56,15000,0,1,1,126000
STU-2026-02185,Nursing,B,Chennai,7.74,6,SME,0.225,100,57,0.6,20000,0,1,1,44000
STU-2026-02186,Engineering,C,Chennai,6.62,5,SME,0.188,50,78,0.82,20000,0,0,1,53000
STU-2026-02187,Engineering,B,Delhi NCR,7.57,3,MNC,0.225,94,100,0.65,10000,0,1,1,63000
STU-2026-02188,Nursing,B,Pune,7.78,0,None,0.0,69,80,0.65,30000,0,1,1,39000
STU-2026-02189,MBA,C,Hyderabad,7.28,0,None,0.0,86,85,0.65,30000,0,1,1,49000
STU-2026-02190,Engineering,C,Chennai,6.19,0,None,0.0,21,68,0.56,20000,0,0,1,33000
STU-2026-02191,Engineering,B,Pune,6.7,3,SME,0.113,99,63,0.62,10000,0,1,1,46000
STU-2026-02192,Engineering,C,Delhi NCR,8.28,0,None,0.0,56,93,0.53,30000,0,0,1,48000
STU-2026-02193,Engineering,A,Pune,8.41,4,SME,0.15,31,72,0.46,30000,0,1,1,68000
STU-2026-02194,Nursing,D,Chennai,4.58,0,None,0.0,60,62,0.5,15000,0,0,0,16000
STU-2026-02195,MBA,C,Hyderabad,7.85,0,None,0.0,36,100,0.54,25000,0,1,1,56000
STU-2026-02196,MBA,A,Bengaluru,6.88,5,MNC,0.375,70,75,0.49,25000,0,1,1,121000
STU-2026-02197,MBA,C,Hyderabad,7.22,0,None,0.0,0,86,0.55,10000,0,0,0,59000
STU-2026-02198,Engineering,B,Delhi NCR,7.48,6,SME,0.225,84,77,0.6,15000,0,1,1,73000
STU-2026-02199,Nursing,B,Bengaluru,7.09,1,MNC,0.075,43,79,0.59,20000,0,0,1,49000
STU-2026-02200,Engineering,C,Pune,6.66,0,None,0.0,40,61,0.64,25000,0,0,1,43000
STU-2026-02201,Engineering,B,Bengaluru,6.92,3,Startup,0.157,51,82,0.63,10000,0,0,1,71000
STU-2026-02202,Engineering,B,Bengaluru,5.8,6,MNC,0.45,76,51,0.79,15000,0,0,1,73000
STU-2026-02203,Nursing,C,Mumbai,6.7,0,None,0.0,31,73,0.66,20000,0,0,0,25000
STU-2026-02204,Engineering,D,Hyderabad,7.58,6,MNC,0.45,0,61,0.9,25000,0,0,1,59000
STU-2026-02205,Nursing,D,Pune,6.1,1,Startup,0.052,53,80,0.71,15000,0,0,0,29000
STU-2026-02206,MBA,B,Pune,6.91,3,SME,0.113,65,74,0.49,25000,0,0,1,73000
STU-2026-02207,Nursing,D,Hyderabad,6.28,0,None,0.0,100,57,0.72,25000,0,0,1,21000
STU-2026-02208,Nursing,A,Bengaluru,7.51,2,MNC,0.15,45,62,0.42,20000,0,0,1,52000
STU-2026-02209,MBA,C,Hyderabad,8.42,5,SME,0.188,55,82,0.66,25000,0,1,1,87000
STU-2026-02210,Engineering,B,Bengaluru,6.89,1,MNC,0.075,62,81,0.47,20000,0,1,1,55000
STU-2026-02211,MBA,A,Delhi NCR,8.31,2,Startup,0.105,85,84,0.6,15000,0,1,1,91000
STU-2026-02212,MBA,C,Pune,6.13,4,MNC,0.3,53,77,0.72,20000,0,0,1,45000
STU-2026-02213,MBA,B,Bengaluru,8.56,5,MNC,0.375,89,83,0.58,25000,1,1,1,166000
STU-2026-02214,Engineering,C,Chennai,6.94,6,Startup,0.315,7,61,0.66,10000,0,0,0,53000
STU-2026-02215,Engineering,C,Bengaluru,7.26,4,SME,0.15,78,90,0.69,25000,0,0,1,54000
STU-2026-02216,Engineering,D,Chennai,7.65,4,Startup,0.21,46,44,0.52,10000,0,0,0,30000
STU-2026-02217,MBA,D,Delhi NCR,6.8,1,SME,0.037,20,100,0.58,25000,0,0,1,31000
STU-2026-02218,Nursing,C,Pune,6.16,5,Startup,0.263,42,56,0.56,10000,0,0,1,32000
STU-2026-02219,Engineering,D,Hyderabad,9.03,6,MNC,0.45,49,77,0.65,15000,0,1,1,59000
STU-2026-02220,Engineering,C,Chennai,6.42,2,SME,0.075,44,87,0.71,30000,0,0,1,44000
STU-2026-02221,Nursing,D,Pune,6.57,0,None,0.0,41,63,0.58,20000,0,0,1,23000
STU-2026-02222,Engineering,A,Pune,8.31,1,SME,0.037,31,65,0.58,20000,0,0,1,89000
STU-2026-02223,MBA,D,Delhi NCR,6.28,1,SME,0.037,42,72,0.5,20000,0,0,0,38000
STU-2026-02224,Engineering,C,Delhi NCR,8.22,0,None,0.0,46,60,0.64,25000,0,1,1,53000
STU-2026-02225,MBA,C,Chennai,7.46,0,None,0.0,58,92,0.71,10000,0,0,1,62000
STU-2026-02226,MBA,A,Hyderabad,7.33,2,MNC,0.15,30,72,0.61,10000,0,0,1,122000
STU-2026-02227,Nursing,A,Bengaluru,6.71,6,Startup,0.315,49,63,0.44,25000,0,1,1,54000
STU-2026-02228,MBA,C,Pune,6.09,2,SME,0.075,63,80,0.49,30000,0,0,1,49000
STU-2026-02229,Nursing,D,Mumbai,9.6,0,None,0.0,50,68,0.51,20000,0,0,1,29000
STU-2026-02230,Engineering,B,Hyderabad,8.87,6,MNC,0.45,60,78,0.75,25000,0,1,1,114000
STU-2026-02231,Nursing,A,Delhi NCR,8.24,6,Startup,0.315,69,58,0.52,25000,0,1,1,113000
STU-2026-02232,MBA,A,Bengaluru,9.0,3,SME,0.113,85,67,0.54,10000,0,1,1,119000
STU-2026-02233,MBA,A,Bengaluru,6.56,3,SME,0.113,46,62,0.58,30000,0,0,1,99000
STU-2026-02234,Nursing,B,Chennai,7.49,3,SME,0.113,48,41,0.54,25000,0,0,1,50000
STU-2026-02235,Engineering,D,Delhi NCR,7.89,2,Startup,0.105,63,81,0.59,30000,0,0,1,35000
STU-2026-02236,Nursing,A,Hyderabad,6.99,2,SME,0.075,80,67,0.48,20000,0,0,1,50000
STU-2026-02237,MBA,A,Pune,8.23,4,SME,0.15,81,65,0.37,15000,0,1,1,119000
STU-2026-02238,MBA,C,Pune,6.53,6,Startup,0.315,24,73,0.61,10000,0,0,1,65000
STU-2026-02239,Engineering,B,Mumbai,7.07,2,MNC,0.15,50,91,0.66,30000,0,1,1,72000
STU-2026-02240,MBA,D,Hyderabad,7.43,0,None,0.0,63,46,0.62,30000,0,0,0,53000
STU-2026-02241,MBA,D,Pune,7.91,1,Startup,0.052,24,76,0.62,20000,0,0,1,40000
STU-2026-02242,MBA,C,Pune,7.23,0,None,0.0,34,74,0.53,25000,0,0,0,61000
STU-2026-02243,Engineering,B,Chennai,6.45,4,MNC,0.3,40,69,0.52,30000,0,0,1,63000
STU-2026-02244,Engineering,D,Hyderabad,4.99,1,MNC,0.075,15,100,0.65,30000,0,0,0,26000
STU-2026-02245,MBA,C,Delhi NCR,7.48,4,SME,0.15,65,68,0.7,25000,0,0,1,52000
STU-2026-02246,Engineering,B,Hyderabad,7.66,5,Startup,0.263,67,56,0.63,30000,0,0,1,69000
STU-2026-02247,MBA,D,Mumbai,8.03,3,SME,0.113,63,55,0.49,25000,0,0,1,51000
STU-2026-02248,Engineering,D,Hyderabad,6.01,0,None,0.0,66,75,0.64,30000,0,0,0,32000
STU-2026-02249,Engineering,A,Pune,5.94,1,SME,0.037,77,84,0.56,20000,0,1,1,63000
STU-2026-02250,Engineering,B,Chennai,7.56,5,Startup,0.263,67,100,0.73,20000,0,1,1,61000
STU-2026-02251,Engineering,D,Hyderabad,6.97,0,None,0.0,20,82,0.61,20000,0,0,0,32000
STU-2026-02252,Nursing,A,Chennai,7.52,6,SME,0.225,63,57,0.6,20000,0,1,1,70000
STU-2026-02253,Nursing,D,Bengaluru,6.33,4,Startup,0.21,45,80,0.49,20000,0,0,1,31000
STU-2026-02254,MBA,B,Bengaluru,8.07,1,SME,0.037,61,80,0.65,20000,0,1,1,54000
STU-2026-02255,MBA,B,Chennai,5.95,4,SME,0.15,80,47,0.64,25000,0,0,1,54000
STU-2026-02256,MBA,D,Bengaluru,7.22,5,MNC,0.375,45,100,0.54,15000,0,1,1,60000
STU-2026-02257,Nursing,A,Hyderabad,7.67,4,MNC,0.3,76,78,0.6,20000,0,1,1,70000
STU-2026-02258,Nursing,B,Bengaluru,6.67,4,SME,0.15,75,67,0.59,10000,0,1,1,44000
STU-2026-02259,MBA,A,Chennai,7.06,6,Startup,0.315,86,72,0.58,30000,0,1,1,124000
STU-2026-02260,Nursing,B,Bengaluru,8.27,6,MNC,0.45,71,81,0.74,15000,1,1,1,65000
STU-2026-02261,MBA,B,Delhi NCR,6.38,0,None,0.0,93,66,0.55,10000,0,0,1,62000
STU-2026-02262,Engineering,B,Hyderabad,7.65,2,SME,0.075,30,77,0.55,30000,0,1,1,56000
STU-2026-02263,MBA,B,Bengaluru,7.06,5,SME,0.188,43,89,0.56,10000,0,0,1,86000
STU-2026-02264,Nursing,C,Bengaluru,5.14,0,None,0.0,56,97,0.66,10000,0,0,1,25000
STU-2026-02265,Engineering,A,Chennai,9.57,5,Startup,0.263,84,77,0.69,25000,0,1,1,139000
STU-2026-02266,Engineering,D,Delhi NCR,5.59,5,MNC,0.375,31,24,0.64,30000,0,0,0,41000
STU-2026-02267,Nursing,A,Pune,8.51,6,MNC,0.45,82,54,0.7,20000,1,1,1,106000
STU-2026-02268,MBA,A,Delhi NCR,8.83,5,SME,0.188,63,62,0.68,25000,0,1,1,126000
STU-2026-02269,MBA,A,Mumbai,6.78,0,None,0.0,46,80,0.65,20000,0,0,1,89000
STU-2026-02270,Nursing,A,Chennai,6.69,0,None,0.0,53,60,0.53,25000,0,0,1,45000
STU-2026-02271,Nursing,C,Bengaluru,6.07,4,MNC,0.3,0,66,0.49,20000,0,0,1,29000
STU-2026-02272,Engineering,C,Chennai,6.93,4,SME,0.15,36,95,0.65,25000,0,0,0,37000
STU-2026-02273,Engineering,C,Delhi NCR,6.87,0,None,0.0,17,25,0.73,25000,0,0,1,42000
STU-2026-02274,MBA,D,Chennai,6.07,0,None,0.0,51,59,0.62,20000,0,0,0,43000
STU-2026-02275,Nursing,A,Bengaluru,6.94,0,None,0.0,85,71,0.55,20000,0,1,1,59000
STU-2026-02276,Engineering,B,Delhi NCR,8.87,6,Startup,0.315,66,57,0.61,20000,1,1,1,104000
STU-2026-02277,Nursing,B,Hyderabad,8.41,4,SME,0.15,76,80,0.72,25000,0,1,1,43000
STU-2026-02278,Nursing,C,Bengaluru,6.88,6,MNC,0.45,20,54,0.53,15000,0,1,1,44000
STU-2026-02279,Nursing,C,Pune,7.23,0,None,0.0,9,42,0.52,15000,0,0,1,33000
STU-2026-02280,Engineering,B,Hyderabad,8.1,5,MNC,0.375,75,61,0.74,20000,0,1,1,100000
STU-2026-02281,MBA,D,Pune,7.33,2,Startup,0.105,0,59,0.42,15000,0,0,1,46000
STU-2026-02282,Nursing,C,Hyderabad,4.13,0,None,0.0,49,62,0.45,25000,0,0,1,18000
STU-2026-02283,Nursing,B,Hyderabad,7.21,4,Startup,0.21,52,47,0.47,10000,0,1,1,45000
STU-2026-02284,Nursing,A,Delhi NCR,8.22,2,MNC,0.15,19,50,0.66,15000,0,1,1,92000
STU-2026-02285,MBA,A,Chennai,9.27,0,None,0.0,55,77,0.57,25000,1,1,1,140000
STU-2026-02286,MBA,A,Chennai,8.34,5,MNC,0.375,64,92,0.66,15000,1,1,1,99000
STU-2026-02287,MBA,A,Pune,8.57,3,SME,0.113,50,96,0.75,10000,0,1,1,151000
STU-2026-02288,MBA,A,Mumbai,9.63,5,MNC,0.375,61,100,0.6,15000,1,1,1,192000
STU-2026-02289,MBA,B,Chennai,7.15,2,MNC,0.15,62,91,0.6,25000,0,0,1,81000
STU-2026-02290,Engineering,A,Hyderabad,7.64,3,MNC,0.225,77,80,0.75,15000,1,1,1,112000
STU-2026-02291,Nursing,A,Bengaluru,7.66,1,MNC,0.075,76,100,0.53,15000,1,1,1,58000
STU-2026-02292,Engineering,D,Pune,5.78,0,None,0.0,47,81,0.69,10000,0,0,0,28000
STU-2026-02293,MBA,A,Bengaluru,7.65,4,MNC,0.3,30,56,0.52,25000,0,1,1,150000
STU-2026-02294,Engineering,A,Hyderabad,7.02,5,Startup,0.263,67,52,0.66,20000,0,1,1,77000
STU-2026-02295,Nursing,A,Hyderabad,8.84,1,SME,0.037,48,65,0.38,25000,0,1,1,79000
STU-2026-02296,Nursing,B,Hyderabad,7.51,5,Startup,0.263,29,88,0.53,10000,0,0,1,71000
STU-2026-02297,MBA,D,Hyderabad,5.96,0,None,0.0,59,78,0.64,15000,0,0,1,36000
STU-2026-02298,MBA,D,Hyderabad,7.13,0,None,0.0,39,93,0.47,20000,0,0,1,46000
STU-2026-02299,MBA,B,Delhi NCR,8.2,5,SME,0.188,82,69,0.41,20000,0,1,1,77000
STU-2026-02300,Nursing,D,Mumbai,5.92,2,Startup,0.105,9,63,0.54,10000,0,0,0,0
STU-2026-02301,MBA,D,Pune,7.64,0,None,0.0,96,79,0.58,10000,0,0,1,41000
STU-2026-02302,MBA,C,Mumbai,6.91,4,Startup,0.21,39,57,0.77,30000,0,0,0,66000
STU-2026-02303,Engineering,B,Mumbai,7.4,2,Startup,0.105,98,75,0.56,30000,0,1,1,61000
STU-2026-02304,MBA,C,Hyderabad,5.43,0,None,0.0,21,43,0.51,20000,0,0,0,41000
STU-2026-02305,Nursing,B,Hyderabad,5.52,3,MNC,0.225,57,78,0.58,15000,0,0,1,35000
STU-2026-02306,MBA,B,Bengaluru,6.96,2,Startup,0.105,47,73,0.83,30000,0,0,1,68000
STU-2026-02307,MBA,D,Chennai,6.74,0,None,0.0,23,86,0.36,20000,0,0,0,43000
STU-2026-02308,MBA,C,Delhi NCR,6.45,0,None,0.0,19,77,0.69,20000,0,0,1,41000
STU-2026-02309,Nursing,C,Chennai,7.35,0,None,0.0,30,81,0.75,20000,0,0,0,32000
STU-2026-02310,MBA,D,Pune,4.72,0,None,0.0,100,63,0.67,25000,0,0,0,24000
STU-2026-02311,Engineering,D,Delhi NCR,5.69,2,Startup,0.105,80,84,0.79,20000,0,0,1,30000
STU-2026-02312,Engineering,B,Bengaluru,7.23,3,Startup,0.157,54,54,0.61,20000,0,0,1,66000
STU-2026-02313,Engineering,C,Pune,7.0,3,SME,0.113,47,95,0.6,30000,0,0,1,58000
STU-2026-02314,Nursing,B,Bengaluru,8.81,4,Startup,0.21,83,65,0.62,10000,0,1,1,64000
STU-2026-02315,Engineering,B,Bengaluru,7.77,4,SME,0.15,60,85,0.48,30000,0,1,1,75000
STU-2026-02316,MBA,A,Chennai,8.14,6,Startup,0.315,57,77,0.75,15000,0,1,1,141000
STU-2026-02317,MBA,D,Mumbai,6.82,0,None,0.0,85,64,0.6,20000,0,0,1,40000
STU-2026-02318,MBA,C,Pune,8.16,1,Startup,0.052,17,67,0.75,15000,0,0,1,60000
STU-2026-02319,Nursing,A,Delhi NCR,8.41,6,Startup,0.315,40,64,0.61,15000,0,1,1,102000
STU-2026-02320,Engineering,C,Hyderabad,8.65,0,None,0.0,19,72,0.67,10000,0,0,1,55000
STU-2026-02321,MBA,B,Delhi NCR,7.79,6,Startup,0.315,73,80,0.51,30000,0,1,1,116000
STU-2026-02322,Nursing,C,Chennai,6.55,0,None,0.0,43,66,0.37,10000,0,0,0,29000
STU-2026-02323,Nursing,C,Delhi NCR,6.19,4,SME,0.15,11,57,0.68,15000,0,0,1,37000
STU-2026-02324,Engineering,C,Pune,5.19,0,None,0.0,61,60,0.54,20000,0,0,0,33000
STU-2026-02325,MBA,B,Chennai,8.46,3,Startup,0.157,58,69,0.65,30000,0,1,1,107000
STU-2026-02326,Nursing,A,Bengaluru,7.17,0,None,0.0,60,54,0.59,25000,0,0,1,55000
STU-2026-02327,MBA,D,Pune,5.84,5,MNC,0.375,3,39,0.59,30000,0,0,0,41000
STU-2026-02328,MBA,A,Hyderabad,9.26,1,SME,0.037,43,91,0.76,20000,0,0,1,125000
STU-2026-02329,Nursing,D,Delhi NCR,6.32,6,MNC,0.45,0,48,0.68,10000,0,0,1,36000
STU-2026-02330,Nursing,A,Hyderabad,8.46,5,MNC,0.375,60,95,0.81,30000,0,1,1,63000
STU-2026-02331,Engineering,D,Hyderabad,4.28,2,MNC,0.15,73,69,0.62,25000,0,0,0,0
STU-2026-02332,MBA,D,Pune,5.9,6,MNC,0.45,33,73,0.56,20000,0,0,0,43000
STU-2026-02333,Engineering,B,Chennai,8.71,4,SME,0.15,65,79,0.51,25000,0,0,1,69000
STU-2026-02334,Engineering,D,Hyderabad,5.76,0,None,0.0,49,100,0.67,30000,0,0,1,29000
STU-2026-02335,MBA,A,Mumbai,7.7,4,MNC,0.3,67,97,0.78,20000,0,1,1,134000
STU-2026-02336,Engineering,C,Hyderabad,5.08,0,None,0.0,61,93,0.6,15000,0,0,0,31000
STU-2026-02337,Nursing,C,Chennai,7.3,2,MNC,0.15,42,73,0.58,15000,0,0,1,40000
STU-2026-02338,Engineering,C,Bengaluru,5.62,0,None,0.0,15,66,0.67,30000,0,0,0,29000
STU-2026-02339,Nursing,A,Bengaluru,8.41,1,Startup,0.052,53,83,0.63,20000,0,1,1,71000
STU-2026-02340,Engineering,B,Bengaluru,8.82,4,Startup,0.21,49,76,0.59,15000,0,1,1,71000
STU-2026-02341,Engineering,C,Mumbai,6.93,0,None,0.0,68,56,0.47,25000,0,0,0,33000
STU-2026-02342,Engineering,D,Mumbai,7.51,0,None,0.0,5,66,0.66,15000,0,0,0,32000
STU-2026-02343,MBA,A,Pune,8.35,2,MNC,0.15,62,67,0.58,25000,1,1,1,138000
STU-2026-02344,Nursing,A,Mumbai,10.0,5,SME,0.188,50,69,0.47,30000,0,1,1,118000
STU-2026-02345,Engineering,B,Bengaluru,6.98,0,None,0.0,98,51,0.49,25000,0,0,1,51000
STU-2026-02346,Nursing,C,Chennai,7.91,4,MNC,0.3,51,64,0.59,15000,0,0,1,38000
STU-2026-02347,Engineering,C,Pune,5.73,0,None,0.0,66,43,0.76,10000,0,0,0,29000
STU-2026-02348,MBA,A,Mumbai,8.79,4,Startup,0.21,90,87,0.65,10000,1,1,1,102000
STU-2026-02349,MBA,C,Delhi NCR,6.17,4,SME,0.15,17,88,0.56,20000,0,0,1,55000
STU-2026-02350,Engineering,A,Chennai,7.51,4,Startup,0.21,48,89,0.52,10000,0,1,1,82000
STU-2026-02351,MBA,C,Mumbai,6.42,0,None,0.0,39,58,0.5,15000,0,0,1,40000
STU-2026-02352,Engineering,A,Bengaluru,7.55,2,SME,0.075,41,69,0.69,25000,0,1,1,74000
STU-2026-02353,Engineering,A,Hyderabad,9.92,6,SME,0.225,40,86,0.53,20000,0,1,1,111000
STU-2026-02354,MBA,D,Bengaluru,6.74,0,None,0.0,54,80,0.51,15000,0,0,0,33000
STU-2026-02355,Nursing,B,Chennai,7.39,6,MNC,0.45,56,56,0.63,20000,1,1,1,55000
STU-2026-02356,Engineering,B,Mumbai,7.07,3,Startup,0.157,71,62,0.67,20000,0,0,1,77000
STU-2026-02357,MBA,C,Mumbai,7.21,3,MNC,0.225,24,61,0.55,25000,0,0,1,51000
STU-2026-02358,Engineering,B,Pune,6.83,0,None,0.0,49,70,0.57,25000,0,0,1,48000
STU-2026-02359,Nursing,B,Bengaluru,7.4,0,None,0.0,47,80,0.69,20000,0,0,1,43000
STU-2026-02360,Engineering,A,Pune,6.47,1,Startup,0.052,52,85,0.56,25000,0,0,1,94000
STU-2026-02361,MBA,D,Bengaluru,8.98,6,MNC,0.45,52,87,0.38,20000,0,0,1,69000
STU-2026-02362,MBA,D,Delhi NCR,6.52,0,None,0.0,28,32,0.64,30000,0,0,0,46000
STU-2026-02363,MBA,A,Pune,7.57,5,MNC,0.375,43,30,0.57,15000,0,1,1,122000
STU-2026-02364,Engineering,B,Bengaluru,9.64,1,SME,0.037,55,72,0.46,10000,0,1,1,52000
STU-2026-02365,Nursing,D,Delhi NCR,7.63,1,MNC,0.075,58,90,0.5,15000,0,0,1,31000
STU-2026-02366,MBA,B,Chennai,7.94,3,SME,0.113,43,34,0.63,25000,0,0,1,75000
STU-2026-02367,Nursing,C,Bengaluru,7.72,0,None,0.0,39,50,0.41,20000,0,0,0,45000
STU-2026-02368,Nursing,B,Hyderabad,8.22,1,SME,0.037,64,67,0.58,25000,0,1,1,44000
STU-2026-02369,Nursing,A,Bengaluru,8.66,1,MNC,0.075,53,99,0.67,10000,1,1,1,66000
STU-2026-02370,Engineering,B,Pune,8.56,5,Startup,0.263,54,72,0.76,25000,0,1,1,83000
STU-2026-02371,MBA,B,Chennai,7.94,5,Startup,0.263,70,63,0.81,25000,0,1,1,113000
STU-2026-02372,Engineering,D,Hyderabad,8.26,0,None,0.0,88,46,0.51,25000,0,0,1,27000
STU-2026-02373,Engineering,C,Chennai,4.87,3,Startup,0.157,28,73,0.76,15000,0,0,0,29000
STU-2026-02374,MBA,C,Pune,7.17,4,SME,0.15,52,77,0.58,10000,0,0,0,51000
STU-2026-02375,Nursing,C,Hyderabad,8.5,0,None,0.0,45,65,0.71,20000,0,0,1,35000
STU-2026-02376,MBA,A,Hyderabad,8.31,0,None,0.0,51,72,0.58,15000,0,0,1,110000
STU-2026-02377,MBA,A,Mumbai,7.14,3,MNC,0.225,63,91,0.57,20000,0,1,1,110000
STU-2026-02378,MBA,D,Pune,5.8,1,SME,0.037,55,68,0.77,15000,0,0,1,34000
STU-2026-02379,MBA,B,Bengaluru,8.22,2,MNC,0.15,52,71,0.56,15000,0,1,1,107000
STU-2026-02380,Nursing,C,Hyderabad,7.76,2,SME,0.075,63,84,0.66,30000,0,0,1,45000
STU-2026-02381,Nursing,A,Hyderabad,9.64,2,SME,0.075,55,64,0.66,30000,0,1,1,78000
STU-2026-02382,Engineering,C,Bengaluru,5.3,0,None,0.0,48,78,0.67,15000,0,0,1,29000
STU-2026-02383,Nursing,B,Chennai,8.49,0,None,0.0,61,63,0.58,30000,0,0,1,46000
STU-2026-02384,MBA,B,Delhi NCR,8.19,0,None,0.0,67,93,0.57,25000,0,1,1,85000
STU-2026-02385,MBA,D,Hyderabad,9.61,4,Startup,0.21,44,54,0.68,20000,0,1,1,63000
STU-2026-02386,Engineering,C,Mumbai,7.81,0,None,0.0,71,85,0.61,30000,0,0,1,44000
STU-2026-02387,Nursing,C,Bengaluru,7.35,5,SME,0.188,63,75,0.56,10000,0,0,1,42000
STU-2026-02388,Engineering,D,Bengaluru,7.26,0,None,0.0,19,67,0.69,15000,0,0,0,23000
STU-2026-02389,Engineering,D,Bengaluru,8.61,4,SME,0.15,53,79,0.49,15000,0,0,1,47000
STU-2026-02390,Engineering,C,Mumbai,4.9,0,None,0.0,76,72,0.56,20000,0,0,0,20000
STU-2026-02391,Engineering,D,Mumbai,7.51,5,SME,0.188,47,67,0.73,15000,0,0,0,37000
STU-2026-02392,Engineering,D,Bengaluru,5.78,3,MNC,0.225,33,71,0.64,10000,0,0,0,28000
STU-2026-02393,Nursing,C,Hyderabad,8.82,0,None,0.0,100,72,0.52,30000,0,1,1,30000
STU-2026-02394,MBA,B,Chennai,7.17,1,SME,0.037,46,53,0.57,30000,0,0,1,69000
STU-2026-02395,MBA,B,Mumbai,7.53,6,Startup,0.315,48,64,0.58,20000,0,1,1,90000
STU-2026-02396,Engineering,D,Delhi NCR,7.79,0,None,0.0,55,79,0.74,25000,0,0,0,33000
STU-2026-02397,MBA,B,Chennai,9.26,4,Startup,0.21,55,28,0.58,15000,0,1,1,63000
STU-2026-02398,Nursing,A,Mumbai,9.27,5,SME,0.188,46,75,0.58,20000,0,1,1,71000
STU-2026-02399,Engineering,D,Chennai,5.68,4,MNC,0.3,67,68,0.55,10000,0,0,0,40000
STU-2026-02400,MBA,C,Delhi NCR,8.56,3,Startup,0.157,70,77,0.63,20000,0,0,1,68000
STU-2026-02401,MBA,A,Mumbai,7.65,0,None,0.0,23,86,0.53,25000,0,1,1,111000
STU-2026-02402,Engineering,D,Bengaluru,7.47,6,Startup,0.315,55,61,0.79,10000,0,0,1,47000
STU-2026-02403,Nursing,D,Hyderabad,6.02,5,Startup,0.263,17,77,0.62,30000,0,0,0,20000
STU-2026-02404,Nursing,D,Mumbai,5.28,5,SME,0.188,70,61,0.57,10000,0,0,1,18000
STU-2026-02405,Nursing,A,Mumbai,7.62,2,Startup,0.105,45,94,0.8,30000,0,1,1,73000
STU-2026-02406,Nursing,D,Pune,6.1,1,Startup,0.052,89,74,0.69,25000,0,0,1,21000
STU-2026-02407,MBA,A,Pune,9.53,6,SME,0.225,71,92,0.63,25000,0,1,1,137000
STU-2026-02408,Nursing,A,Bengaluru,8.28,1,SME,0.037,47,53,0.72,20000,0,1,1,68000
STU-2026-02409,Engineering,C,Pune,7.16,6,Startup,0.315,25,92,0.49,20000,0,0,1,56000
STU-2026-02410,MBA,C,Delhi NCR,6.73,2,Startup,0.105,8,83,0.67,25000,0,0,0,59000
STU-2026-02411,Engineering,C,Pune,7.25,6,Startup,0.315,8,57,0.71,15000,0,0,1,50000
STU-2026-02412,Engineering,C,Chennai,5.77,0,None,0.0,27,63,0.52,20000,0,0,0,0
STU-2026-02413,Engineering,D,Mumbai,8.17,0,None,0.0,64,51,0.61,30000,0,0,0,36000
STU-2026-02414,Nursing,B,Delhi NCR,7.16,1,SME,0.037,51,100,0.56,10000,0,0,1,37000
STU-2026-02415,Nursing,D,Delhi NCR,8.05,6,MNC,0.45,0,59,0.74,25000,0,0,1,41000
STU-2026-02416,Engineering,C,Chennai,9.36,0,None,0.0,46,59,0.57,20000,0,0,1,64000
STU-2026-02417,MBA,C,Bengaluru,7.49,3,MNC,0.225,68,88,0.56,10000,0,0,1,65000
STU-2026-02418,Engineering,C,Hyderabad,5.75,5,Startup,0.263,44,87,0.58,30000,0,0,1,41000
STU-2026-02419,Nursing,B,Pune,8.3,1,MNC,0.075,47,37,0.65,10000,0,1,1,53000
STU-2026-02420,Engineering,D,Delhi NCR,6.03,0,None,0.0,12,77,0.61,20000,0,0,0,35000
STU-2026-02421,Nursing,C,Pune,5.66,0,None,0.0,84,70,0.42,25000,0,0,1,28000
STU-2026-02422,Engineering,C,Hyderabad,6.36,1,Startup,0.052,3,68,0.51,15000,0,0,0,43000
STU-2026-02423,MBA,A,Bengaluru,7.35,6,Startup,0.315,46,81,0.51,10000,0,1,1,102000
STU-2026-02424,MBA,B,Chennai,7.85,2,MNC,0.15,66,60,0.6,25000,0,1,1,72000
STU-2026-02425,Nursing,B,Bengaluru,5.55,0,None,0.0,69,68,0.53,15000,0,0,1,35000
STU-2026-02426,Engineering,D,Pune,4.15,0,None,0.0,24,100,0.66,30000,0,0,0,22000
STU-2026-02427,Nursing,B,Pune,7.52,0,None,0.0,76,81,0.65,30000,0,0,1,43000
STU-2026-02428,Nursing,D,Chennai,6.09,4,SME,0.15,40,52,0.52,20000,0,0,0,21000
STU-2026-02429,Nursing,C,Delhi NCR,6.19,0,None,0.0,36,76,0.69,20000,0,0,0,32000
STU-2026-02430,Engineering,C,Hyderabad,7.93,0,None,0.0,53,72,0.63,15000,0,0,1,54000
STU-2026-02431,MBA,B,Hyderabad,8.83,1,SME,0.037,61,78,0.73,25000,0,1,1,81000
STU-2026-02432,Nursing,C,Mumbai,6.82,5,MNC,0.375,62,84,0.58,20000,0,0,1,42000
STU-2026-02433,Nursing,B,Pune,6.58,1,Startup,0.052,30,51,0.63,30000,0,0,1,39000
STU-2026-02434,MBA,D,Hyderabad,7.05,0,None,0.0,70,47,0.65,15000,0,0,1,44000
STU-2026-02435,Engineering,D,Hyderabad,6.22,3,Startup,0.157,20,72,0.76,15000,0,0,1,30000
STU-2026-02436,Engineering,C,Mumbai,5.19,3,SME,0.113,0,90,0.5,20000,0,0,0,40000
STU-2026-02437,Nursing,A,Chennai,6.91,4,SME,0.15,90,66,0.49,15000,0,1,1,55000
STU-2026-02438,MBA,B,Chennai,7.94,5,SME,0.188,47,41,0.58,20000,0,0,1,90000
STU-2026-02439,MBA,B,Hyderabad,6.31,5,Startup,0.263,50,73,0.58,15000,0,0,1,82000
STU-2026-02440,Nursing,C,Mumbai,5.41,1,SME,0.037,38,20,0.62,20000,0,0,0,21000
STU-2026-02441,Nursing,A,Mumbai,8.45,5,Startup,0.263,83,63,0.51,15000,0,1,1,66000
STU-2026-02442,Nursing,B,Bengaluru,6.84,2,MNC,0.15,84,71,0.41,10000,0,0,1,45000
STU-2026-02443,Nursing,D,Chennai,7.83,0,None,0.0,0,77,0.73,10000,0,0,1,28000
STU-2026-02444,Engineering,D,Hyderabad,7.41,6,Startup,0.315,0,100,0.54,25000,0,0,1,43000
STU-2026-02445,MBA,D,Bengaluru,8.61,2,MNC,0.15,95,72,0.7,20000,0,0,1,48000
STU-2026-02446,MBA,B,Chennai,8.98,3,Startup,0.157,48,93,0.73,10000,0,1,1,123000
STU-2026-02447,Engineering,C,Pune,9.48,0,None,0.0,36,58,0.41,20000,0,1,1,51000
STU-2026-02448,Nursing,A,Delhi NCR,9.11,1,SME,0.037,45,93,0.53,20000,0,1,1,71000
STU-2026-02449,Engineering,A,Hyderabad,7.77,0,None,0.0,72,69,0.66,20000,0,1,1,72000
STU-2026-02450,Engineering,B,Mumbai,6.92,5,MNC,0.375,100,73,0.4,10000,0,1,1,72000
STU-2026-02451,MBA,D,Delhi NCR,9.01,0,None,0.0,66,56,0.84,30000,0,0,1,61000
STU-2026-02452,Nursing,C,Mumbai,5.41,2,SME,0.075,0,49,0.27,30000,0,0,1,26000
STU-2026-02453,MBA,B,Hyderabad,6.58,3,MNC,0.225,69,73,0.66,15000,0,1,1,72000
STU-2026-02454,Nursing,C,Hyderabad,5.74,0,None,0.0,61,82,0.61,25000,0,0,1,23000
STU-2026-02455,Nursing,B,Hyderabad,6.6,0,None,0.0,68,60,0.65,25000,0,0,1,35000
STU-2026-02456,Engineering,A,Hyderabad,9.71,1,Startup,0.052,52,58,0.72,20000,0,1,1,94000
STU-2026-02457,Engineering,C,Chennai,7.49,0,None,0.0,63,88,0.53,30000,0,0,1,40000
STU-2026-02458,Engineering,A,Pune,7.72,0,None,0.0,84,62,0.63,15000,0,1,1,67000
STU-2026-02459,Nursing,C,Pune,7.96,5,Startup,0.263,54,40,0.63,25000,0,0,1,50000
STU-2026-02460,Engineering,A,Delhi NCR,7.04,2,MNC,0.15,53,75,0.61,25000,0,1,1,64000
STU-2026-02461,Engineering,D,Mumbai,8.78,0,None,0.0,53,90,0.69,25000,0,0,1,32000
STU-2026-02462,Nursing,A,Hyderabad,7.75,0,None,0.0,92,91,0.54,20000,0,0,1,58000
STU-2026-02463,Nursing,D,Hyderabad,6.45,3,Startup,0.157,34,78,0.69,15000,0,0,1,27000
STU-2026-02464,MBA,B,Delhi NCR,5.7,4,Startup,0.21,53,100,0.64,25000,0,1,1,67000
STU-2026-02465,MBA,A,Pune,8.53,0,None,0.0,12,66,0.6,10000,0,1,1,110000
STU-2026-02466,MBA,D,Hyderabad,4.82,0,None,0.0,51,58,0.48,25000,0,0,0,0
STU-2026-02467,MBA,A,Hyderabad,8.63,2,MNC,0.15,85,77,0.66,20000,0,1,1,130000
STU-2026-02468,Nursing,B,Chennai,8.2,1,SME,0.037,12,72,0.5,10000,0,1,1,46000
STU-2026-02469,Engineering,C,Pune,6.84,0,None,0.0,2,85,0.66,30000,0,0,1,34000
STU-2026-02470,Engineering,D,Chennai,5.87,2,SME,0.075,46,60,0.64,20000,0,0,0,0
STU-2026-02471,Nursing,A,Bengaluru,7.81,0,None,0.0,96,77,0.62,15000,1,1,1,39000
STU-2026-02472,Engineering,C,Mumbai,5.82,4,MNC,0.3,30,83,0.69,30000,0,0,1,50000
STU-2026-02473,Nursing,A,Mumbai,7.88,2,SME,0.075,84,55,0.59,10000,0,1,1,76000
STU-2026-02474,MBA,A,Bengaluru,7.78,3,MNC,0.225,59,78,0.65,25000,0,1,1,126000
STU-2026-02475,Engineering,C,Pune,6.3,0,None,0.0,31,70,0.62,15000,0,0,0,36000
STU-2026-02476,Nursing,B,Hyderabad,5.98,4,SME,0.15,73,73,0.7,30000,0,0,1,28000
STU-2026-02477,Nursing,C,Bengaluru,6.37,6,SME,0.225,35,81,0.39,20000,0,0,1,36000
STU-2026-02478,MBA,A,Pune,7.67,4,Startup,0.21,61,61,0.53,15000,0,1,1,107000
STU-2026-02479,MBA,C,Hyderabad,7.62,0,None,0.0,22,56,0.78,25000,0,0,1,39000
STU-2026-02480,Engineering,D,Bengaluru,5.88,2,MNC,0.15,46,75,0.45,10000,0,0,1,35000
STU-2026-02481,Engineering,B,Pune,7.98,0,None,0.0,87,77,0.64,30000,0,1,1,69000
STU-2026-02482,MBA,B,Chennai,6.66,6,SME,0.225,73,60,0.65,25000,0,1,1,60000
STU-2026-02483,MBA,C,Delhi NCR,6.65,3,MNC,0.225,47,63,0.63,10000,0,0,1,58000
STU-2026-02484,MBA,B,Mumbai,7.72,4,MNC,0.3,88,77,0.62,15000,0,1,1,103000
STU-2026-02485,Nursing,A,Pune,8.46,1,MNC,0.075,86,71,0.42,10000,0,0,1,78000
STU-2026-02486,MBA,B,Mumbai,6.93,1,MNC,0.075,69,72,0.58,25000,0,0,1,60000
STU-2026-02487,Nursing,C,Pune,6.78,4,SME,0.15,25,64,0.57,10000,0,0,1,38000
STU-2026-02488,Nursing,B,Bengaluru,7.37,1,SME,0.037,80,93,0.69,10000,0,1,1,45000
STU-2026-02489,Engineering,C,Delhi NCR,7.84,3,Startup,0.157,42,85,0.66,15000,0,0,1,59000
STU-2026-02490,Nursing,A,Pune,8.27,3,SME,0.113,58,63,0.62,10000,0,1,1,80000
STU-2026-02491,Engineering,B,Chennai,7.85,0,None,0.0,72,89,0.59,25000,0,0,1,70000
STU-2026-02492,Engineering,D,Mumbai,6.16,5,SME,0.188,23,43,0.66,20000,0,0,0,0
STU-2026-02493,Nursing,B,Bengaluru,6.75,3,MNC,0.225,72,81,0.53,10000,0,1,1,40000
STU-2026-02494,Nursing,A,Pune,7.76,1,SME,0.037,65,62,0.58,15000,0,0,1,73000
STU-2026-02495,Nursing,C,Delhi NCR,7.41,0,None,0.0,60,89,0.52,10000,0,0,1,23000
STU-2026-02496,Nursing,B,Mumbai,10.0,5,MNC,0.375,57,86,0.48,25000,1,1,1,98000
STU-2026-02497,Nursing,A,Bengaluru,8.15,1,SME,0.037,40,68,0.38,30000,0,0,1,73000
STU-2026-02498,Engineering,A,Chennai,8.17,4,SME,0.15,54,78,0.66,25000,0,0,1,98000
STU-2026-02499,MBA,D,Pune,9.72,2,SME,0.075,7,69,0.79,25000,0,0,1,55000
STU-2026-02500,Nursing,C,Delhi NCR,7.05,6,Startup,0.315,40,59,0.59,25000,0,0,1,40000
STU-2026-02501,Engineering,D,Hyderabad,5.9,2,MNC,0.15,8,69,0.77,20000,0,0,0,29000
STU-2026-02502,Nursing,B,Pune,8.25,2,Startup,0.105,57,98,0.6,10000,0,1,1,45000
STU-2026-02503,MBA,C,Bengaluru,7.4,0,None,0.0,47,69,0.55,25000,0,0,1,55000
STU-2026-02504,Nursing,B,Pune,8.13,0,None,0.0,57,74,0.6,20000,0,1,1,44000
STU-2026-02505,Engineering,D,Pune,6.82,4,SME,0.15,100,75,0.66,25000,0,0,1,34000
STU-2026-02506,MBA,D,Pune,8.35,0,None,0.0,33,86,0.57,20000,0,0,0,50000
STU-2026-02507,Nursing,D,Bengaluru,5.47,2,MNC,0.15,53,52,0.57,15000,0,0,0,0
STU-2026-02508,Nursing,B,Hyderabad,10.0,0,None,0.0,27,70,0.71,30000,0,1,1,63000
STU-2026-02509,MBA,D,Hyderabad,6.42,4,Startup,0.21,74,84,0.62,20000,0,0,1,42000
STU-2026-02510,Engineering,D,Bengaluru,5.71,0,None,0.0,71,90,0.51,30000,0,0,0,26000
STU-2026-02511,Nursing,D,Delhi NCR,6.76,5,Startup,0.263,42,84,0.53,10000,0,0,1,35000
STU-2026-02512,Engineering,B,Delhi NCR,7.04,2,SME,0.075,35,63,0.57,25000,0,1,1,64000
STU-2026-02513,Nursing,D,Bengaluru,8.18,1,SME,0.037,60,84,0.53,15000,0,0,1,25000
STU-2026-02514,MBA,B,Delhi NCR,7.29,6,SME,0.225,74,72,0.73,15000,0,0,1,89000
STU-2026-02515,Nursing,D,Hyderabad,5.3,2,MNC,0.15,42,81,0.58,25000,0,0,1,18000
STU-2026-02516,MBA,D,Bengaluru,4.8,2,Startup,0.105,54,96,0.5,20000,0,0,1,31000
STU-2026-02517,Nursing,A,Chennai,7.13,0,None,0.0,37,70,0.56,10000,0,0,1,41000
STU-2026-02518,Engineering,A,Mumbai,7.52,1,Startup,0.052,64,70,0.55,10000,0,1,1,94000
STU-2026-02519,MBA,C,Bengaluru,7.27,2,Startup,0.105,37,84,0.5,10000,0,0,1,56000
STU-2026-02520,MBA,C,Hyderabad,5.32,4,Startup,0.21,30,39,0.79,20000,0,0,0,57000
STU-2026-02521,Nursing,B,Delhi NCR,7.54,5,MNC,0.375,71,63,0.62,15000,0,1,1,64000
STU-2026-02522,Engineering,D,Mumbai,7.73,5,Startup,0.263,31,63,0.44,15000,0,0,1,52000
STU-2026-02523,Nursing,D,Chennai,8.74,6,MNC,0.45,48,59,0.43,10000,0,1,1,32000
STU-2026-02524,Nursing,B,Pune,7.16,0,None,0.0,56,69,0.6,10000,0,0,1,25000
STU-2026-02525,Engineering,D,Pune,6.82,0,None,0.0,0,81,0.54,15000,0,0,0,0
STU-2026-02526,Engineering,C,Pune,5.82,2,Startup,0.105,26,88,0.62,10000,0,0,1,43000
STU-2026-02527,MBA,C,Delhi NCR,6.68,3,MNC,0.225,59,80,0.47,15000,0,1,1,46000
STU-2026-02528,Engineering,C,Chennai,7.9,0,None,0.0,2,79,0.79,15000,0,0,1,43000
STU-2026-02529,Engineering,B,Chennai,8.11,6,MNC,0.45,53,97,0.62,20000,0,1,1,80000
STU-2026-02530,Nursing,D,Mumbai,5.68,5,Startup,0.263,24,65,0.55,15000,0,0,0,32000
STU-2026-02531,MBA,C,Bengaluru,5.56,5,MNC,0.375,44,79,0.66,25000,0,0,1,53000
STU-2026-02532,MBA,B,Mumbai,7.95,6,Startup,0.315,65,66,0.44,20000,0,1,1,80000
STU-2026-02533,MBA,D,Delhi NCR,6.0,0,None,0.0,41,75,0.78,25000,0,0,0,38000
STU-2026-02534,Nursing,A,Delhi NCR,8.44,2,SME,0.075,86,79,0.5,10000,0,0,1,73000
STU-2026-02535,Nursing,A,Delhi NCR,7.78,4,Startup,0.21,40,51,0.62,25000,0,1,1,68000
STU-2026-02536,Engineering,C,Chennai,7.51,0,None,0.0,37,51,0.67,20000,0,0,0,43000
STU-2026-02537,Nursing,D,Pune,6.39,2,Startup,0.105,62,54,0.64,20000,0,0,0,22000
STU-2026-02538,Nursing,B,Pune,5.0,1,Startup,0.052,100,78,0.52,10000,0,0,1,27000
STU-2026-02539,Nursing,C,Hyderabad,7.66,1,MNC,0.075,0,68,0.78,10000,0,0,0,36000
STU-2026-02540,Engineering,A,Bengaluru,9.96,2,SME,0.075,73,72,0.65,15000,0,1,1,132000
STU-2026-02541,Engineering,A,Mumbai,7.88,6,Startup,0.315,21,64,0.5,30000,0,1,1,102000
STU-2026-02542,Engineering,B,Hyderabad,8.7,4,SME,0.15,74,74,0.6,20000,0,1,1,50000
STU-2026-02543,Nursing,A,Hyderabad,8.29,0,None,0.0,76,68,0.55,15000,0,1,1,63000
STU-2026-02544,Engineering,A,Bengaluru,9.55,0,None,0.0,85,84,0.68,10000,0,1,1,108000
STU-2026-02545,Engineering,D,Chennai,7.25,0,None,0.0,55,77,0.65,10000,0,1,1,33000
STU-2026-02546,Nursing,A,Pune,8.95,5,MNC,0.375,51,82,0.69,25000,1,1,1,119000
STU-2026-02547,Engineering,D,Hyderabad,5.74,4,Startup,0.21,28,73,0.69,30000,0,0,1,38000
STU-2026-02548,Engineering,D,Bengaluru,6.01,1,MNC,0.075,11,75,0.59,15000,0,0,0,29000
STU-2026-02549,MBA,B,Hyderabad,7.16,2,SME,0.075,59,70,0.57,10000,0,0,1,67000
STU-2026-02550,Nursing,A,Bengaluru,8.89,0,None,0.0,64,100,0.62,20000,0,1,1,96000
STU-2026-02551,Engineering,B,Pune,7.91,5,Startup,0.263,80,79,0.66,30000,0,1,1,62000
STU-2026-02552,MBA,C,Bengaluru,7.24,0,None,0.0,7,67,0.53,20000,0,0,1,54000
STU-2026-02553,Nursing,B,Hyderabad,7.98,0,None,0.0,66,61,0.57,20000,0,1,1,52000
STU-2026-02554,MBA,B,Mumbai,6.35,0,None,0.0,29,59,0.7,25000,0,0,1,51000
STU-2026-02555,MBA,A,Hyderabad,8.45,4,MNC,0.3,97,76,0.74,25000,1,1,1,122000
STU-2026-02556,Engineering,A,Delhi NCR,8.05,3,SME,0.113,61,72,0.69,30000,0,1,1,52000
STU-2026-02557,Nursing,A,Hyderabad,7.15,3,Startup,0.157,16,73,0.62,20000,0,1,1,55000
STU-2026-02558,Nursing,D,Delhi NCR,7.61,0,None,0.0,58,51,0.45,25000,0,0,0,33000
STU-2026-02559,MBA,B,Bengaluru,9.2,1,SME,0.037,71,59,0.69,20000,0,1,1,78000
STU-2026-02560,MBA,D,Pune,4.23,0,None,0.0,43,61,0.61,25000,0,0,0,0
STU-2026-02561,MBA,D,Pune,7.0,0,None,0.0,0,86,0.65,25000,0,0,0,43000
STU-2026-02562,MBA,A,Bengaluru,7.42,4,SME,0.15,61,82,0.29,15000,0,1,1,109000
STU-2026-02563,MBA,C,Mumbai,6.56,0,None,0.0,76,53,0.54,15000,0,0,0,57000
STU-2026-02564,Engineering,B,Bengaluru,7.25,0,None,0.0,51,69,0.66,25000,0,0,1,75000
STU-2026-02565,MBA,B,Delhi NCR,7.95,1,Startup,0.052,51,62,0.56,25000,0,0,1,78000
STU-2026-02566,Engineering,C,Hyderabad,7.74,0,None,0.0,25,58,0.75,15000,0,0,0,31000
STU-2026-02567,MBA,D,Pune,5.42,0,None,0.0,1,76,0.56,15000,0,0,0,0
STU-2026-02568,MBA,A,Delhi NCR,9.12,1,Startup,0.052,46,82,0.75,25000,0,1,1,137000
STU-2026-02569,Nursing,C,Bengaluru,6.51,0,None,0.0,63,46,0.44,25000,0,0,0,24000
STU-2026-02570,Engineering,D,Pune,6.18,0,None,0.0,35,81,0.56,20000,0,0,0,27000
STU-2026-02571,Nursing,B,Delhi NCR,6.73,6,SME,0.225,41,46,0.61,25000,0,0,1,53000
STU-2026-02572,Nursing,A,Hyderabad,7.04,0,None,0.0,49,97,0.51,20000,0,0,1,44000
STU-2026-02573,MBA,C,Chennai,5.18,3,SME,0.113,79,73,0.61,25000,0,0,0,43000
STU-2026-02574,Engineering,A,Pune,9.13,2,MNC,0.15,83,80,0.49,20000,0,1,1,119000
STU-2026-02575,Nursing,B,Delhi NCR,5.71,4,Startup,0.21,38,83,0.69,30000,0,0,1,43000
STU-2026-02576,MBA,C,Chennai,6.91,0,None,0.0,60,60,0.66,15000,0,0,1,47000
STU-2026-02577,MBA,B,Chennai,7.52,2,MNC,0.15,47,95,0.59,25000,0,0,1,72000
STU-2026-02578,Nursing,D,Mumbai,6.95,0,None,0.0,59,50,0.78,10000,0,0,1,25000
STU-2026-02579,MBA,B,Hyderabad,7.4,5,Startup,0.263,60,68,0.7,25000,0,1,1,97000
STU-2026-02580,Nursing,C,Mumbai,6.28,0,None,0.0,45,58,0.72,15000,0,0,0,26000
STU-2026-02581,MBA,B,Delhi NCR,7.19,1,Startup,0.052,53,81,0.57,15000,0,1,1,62000
STU-2026-02582,Engineering,A,Delhi NCR,8.34,5,Startup,0.263,44,76,0.6,30000,0,1,1,128000
STU-2026-02583,Engineering,C,Delhi NCR,6.01,0,None,0.0,55,58,0.61,20000,0,0,0,31000
STU-2026-02584,Nursing,B,Chennai,7.42,0,None,0.0,96,72,0.77,30000,0,1,1,39000
STU-2026-02585,Nursing,A,Delhi NCR,9.43,6,MNC,0.45,69,60,0.65,30000,1,1,1,74000
STU-2026-02586,Nursing,C,Bengaluru,7.92,4,SME,0.15,67,98,0.64,10000,0,0,1,44000
STU-2026-02587,MBA,C,Bengaluru,7.82,0,None,0.0,81,69,0.58,10000,0,0,1,60000
STU-2026-02588,Engineering,D,Mumbai,4.94,0,None,0.0,59,79,0.66,15000,0,0,0,28000
STU-2026-02589,MBA,D,Hyderabad,7.85,0,None,0.0,25,61,0.51,25000,0,0,1,38000
STU-2026-02590,MBA,A,Delhi NCR,9.07,2,SME,0.075,86,57,0.58,30000,0,1,1,142000
STU-2026-02591,MBA,C,Bengaluru,8.73,3,MNC,0.225,0,65,0.57,10000,0,0,1,71000
STU-2026-02592,Engineering,C,Hyderabad,7.31,0,None,0.0,33,47,0.89,15000,0,0,1,42000
STU-2026-02593,MBA,D,Hyderabad,5.48,0,None,0.0,47,68,0.41,25000,0,0,0,0
STU-2026-02594,Nursing,C,Pune,7.75,0,None,0.0,89,76,0.71,30000,0,0,1,33000
STU-2026-02595,Engineering,C,Delhi NCR,8.11,5,MNC,0.375,82,90,0.49,30000,0,1,1,66000
STU-2026-02596,Engineering,B,Pune,7.24,0,None,0.0,68,82,0.7,10000,0,1,1,51000
STU-2026-02597,Engineering,B,Mumbai,6.14,6,MNC,0.45,67,98,0.55,10000,0,1,1,73000
STU-2026-02598,MBA,C,Delhi NCR,7.03,0,None,0.0,40,56,0.37,20000,0,0,0,47000
STU-2026-02599,Engineering,D,Pune,8.12,5,Startup,0.263,37,62,0.51,25000,0,0,1,56000
STU-2026-02600,Nursing,B,Hyderabad,8.56,2,Startup,0.105,72,48,0.56,15000,0,1,1,62000
STU-2026-02601,Engineering,C,Bengaluru,4.95,0,None,0.0,39,75,0.52,30000,0,0,0,0
STU-2026-02602,Engineering,A,Chennai,8.28,2,Startup,0.105,44,58,0.56,10000,0,1,1,94000
STU-2026-02603,Engineering,B,Bengaluru,6.62,2,SME,0.075,56,44,0.63,20000,0,0,0,51000
STU-2026-02604,MBA,D,Chennai,7.9,1,SME,0.037,14,81,0.72,20000,0,0,0,0
STU-2026-02605,MBA,A,Chennai,8.08,4,SME,0.15,2,68,0.6,10000,0,0,1,154000
STU-2026-02606,Engineering,B,Hyderabad,7.79,0,None,0.0,43,92,0.42,15000,0,0,1,38000
STU-2026-02607,Nursing,D,Mumbai,8.96,0,None,0.0,48,80,0.63,10000,0,0,1,31000
STU-2026-02608,Nursing,C,Hyderabad,7.13,2,Startup,0.105,43,61,0.6,15000,0,0,1,34000
STU-2026-02609,Engineering,A,Chennai,7.02,3,Startup,0.157,33,86,0.57,30000,0,1,1,70000
STU-2026-02610,MBA,D,Bengaluru,5.03,5,Startup,0.263,19,67,0.53,20000,0,0,1,37000
STU-2026-02611,Engineering,C,Delhi NCR,9.02,0,None,0.0,50,34,0.71,20000,0,0,0,53000
STU-2026-02612,MBA,A,Pune,7.58,6,SME,0.225,100,92,0.53,30000,0,1,1,124000
STU-2026-02613,MBA,B,Bengaluru,8.36,0,None,0.0,61,55,0.53,25000,0,0,1,92000
STU-2026-02614,Engineering,B,Bengaluru,7.93,6,SME,0.225,45,80,0.56,20000,0,1,1,100000
STU-2026-02615,Nursing,B,Hyderabad,7.14,3,Startup,0.157,76,59,0.59,10000,0,1,1,45000
STU-2026-02616,Nursing,B,Hyderabad,9.96,3,MNC,0.225,54,79,0.41,30000,0,1,1,80000
STU-2026-02617,Engineering,C,Mumbai,6.17,0,None,0.0,0,69,0.6,15000,0,0,1,46000
STU-2026-02618,MBA,B,Pune,7.12,4,SME,0.15,43,52,0.62,20000,0,0,1,70000
STU-2026-02619,MBA,D,Hyderabad,7.73,4,Startup,0.21,52,71,0.51,30000,0,0,1,34000
STU-2026-02620,Nursing,C,Chennai,7.08,2,MNC,0.15,41,73,0.65,30000,0,0,1,34000
STU-2026-02621,Engineering,A,Mumbai,8.24,1,Startup,0.052,32,61,0.61,10000,0,0,1,101000
STU-2026-02622,MBA,D,Pune,6.01,2,MNC,0.15,45,72,0.67,10000,0,0,1,44000
STU-2026-02623,MBA,B,Chennai,5.39,0,None,0.0,84,93,0.55,25000,0,0,1,43000
STU-2026-02624,Nursing,C,Mumbai,4.46,0,None,0.0,22,62,0.56,10000,0,0,0,0
STU-2026-02625,MBA,A,Mumbai,7.61,3,Startup,0.157,60,58,0.65,15000,0,1,1,154000
STU-2026-02626,Engineering,A,Pune,9.1,0,None,0.0,65,61,0.63,10000,0,1,1,86000
STU-2026-02627,Engineering,B,Pune,8.28,5,SME,0.188,32,66,0.66,30000,0,0,1,71000
STU-2026-02628,MBA,C,Mumbai,6.63,4,MNC,0.3,19,88,0.5,15000,0,0,1,65000
STU-2026-02629,Engineering,A,Pune,7.44,1,MNC,0.075,61,56,0.74,25000,0,0,1,74000
STU-2026-02630,MBA,D,Pune,5.33,0,None,0.0,6,94,0.65,10000,0,0,0,27000
STU-2026-02631,Nursing,A,Chennai,8.93,0,None,0.0,44,82,0.51,20000,0,1,1,77000
STU-2026-02632,Nursing,C,Chennai,7.84,0,None,0.0,55,54,0.56,20000,0,0,1,29000
STU-2026-02633,Engineering,C,Bengaluru,8.45,0,None,0.0,0,58,0.55,25000,0,0,0,0
STU-2026-02634,Engineering,A,Hyderabad,7.08,4,SME,0.15,73,70,0.76,25000,0,1,1,89000
STU-2026-02635,Engineering,A,Delhi NCR,8.45,5,Startup,0.263,61,30,0.46,25000,0,1,1,120000
STU-2026-02636,MBA,B,Delhi NCR,7.79,3,SME,0.113,42,84,0.75,30000,0,1,1,92000
STU-2026-02637,Nursing,B,Delhi NCR,6.94,3,Startup,0.157,82,72,0.65,15000,0,1,1,44000
STU-2026-02638,Nursing,D,Delhi NCR,5.77,0,None,0.0,38,85,0.56,20000,0,0,1,22000
STU-2026-02639,MBA,B,Chennai,7.2,4,SME,0.15,88,65,0.75,30000,0,1,1,77000
STU-2026-02640,MBA,C,Pune,5.73,0,None,0.0,38,67,0.47,20000,0,0,0,36000
STU-2026-02641,Engineering,C,Delhi NCR,7.5,4,SME,0.15,73,52,0.77,15000,0,0,1,42000
STU-2026-02642,Engineering,C,Hyderabad,7.71,6,MNC,0.45,29,69,0.56,30000,0,0,1,71000
STU-2026-02643,MBA,B,Hyderabad,7.21,0,None,0.0,31,78,0.48,15000,0,0,1,79000
STU-2026-02644,Nursing,D,Mumbai,5.36,1,SME,0.037,0,79,0.57,30000,0,0,0,18000
STU-2026-02645,Engineering,A,Hyderabad,8.39,0,None,0.0,45,92,0.45,30000,0,1,1,95000
STU-2026-02646,Nursing,B,Chennai,6.74,6,Startup,0.315,40,85,0.5,25000,0,0,1,56000
STU-2026-02647,Engineering,C,Chennai,6.84,3,SME,0.113,0,96,0.55,25000,0,0,1,45000
STU-2026-02648,Nursing,D,Bengaluru,7.55,6,Startup,0.315,89,45,0.68,10000,0,0,1,33000
STU-2026-02649,Engineering,D,Bengaluru,7.74,2,SME,0.075,63,49,0.77,10000,0,0,0,32000
STU-2026-02650,Nursing,A,Pune,7.99,0,None,0.0,98,65,0.6,10000,0,1,1,59000
STU-2026-02651,Nursing,C,Bengaluru,5.39,3,MNC,0.225,30,91,0.61,30000,0,0,1,31000
STU-2026-02652,Nursing,A,Bengaluru,7.68,0,None,0.0,61,57,0.53,10000,1,1,1,68000
STU-2026-02653,MBA,A,Bengaluru,8.89,0,None,0.0,48,94,0.71,10000,1,1,1,146000
STU-2026-02654,Engineering,C,Pune,5.03,4,Startup,0.21,12,55,0.51,25000,0,0,0,32000
STU-2026-02655,Engineering,C,Delhi NCR,9.29,0,None,0.0,88,70,0.8,15000,0,1,1,49000
STU-2026-02656,MBA,D,Hyderabad,4.39,4,SME,0.15,35,60,0.62,30000,0,0,0,29000
STU-2026-02657,Nursing,A,Chennai,8.62,1,Startup,0.052,36,76,0.56,20000,0,1,1,80000
STU-2026-02658,MBA,A,Delhi NCR,7.22,4,SME,0.15,54,68,0.55,10000,0,1,1,95000
STU-2026-02659,MBA,C,Chennai,6.13,0,None,0.0,22,86,0.55,10000,0,0,1,57000
STU-2026-02660,MBA,A,Pune,8.14,1,Startup,0.052,82,95,0.7,20000,0,1,1,121000
STU-2026-02661,Nursing,A,Mumbai,7.17,6,SME,0.225,44,61,0.82,10000,0,1,1,59000
STU-2026-02662,MBA,D,Chennai,5.55,0,None,0.0,54,72,0.71,30000,0,0,1,25000
STU-2026-02663,MBA,A,Delhi NCR,7.55,6,Startup,0.315,87,67,0.72,15000,0,1,1,109000
STU-2026-02664,Nursing,D,Mumbai,6.44,0,None,0.0,16,62,0.62,15000,0,0,0,17000
STU-2026-02665,Nursing,A,Hyderabad,8.19,5,MNC,0.375,48,60,0.61,25000,0,1,1,105000
STU-2026-02666,MBA,D,Hyderabad,8.23,1,Startup,0.052,70,63,0.5,30000,0,0,1,48000
STU-2026-02667,Engineering,D,Bengaluru,6.07,3,MNC,0.225,11,69,0.56,10000,0,0,1,37000
STU-2026-02668,MBA,C,Pune,8.12,0,None,0.0,9,76,0.53,15000,0,0,0,54000
STU-2026-02669,Engineering,B,Pune,8.57,1,Startup,0.052,53,93,0.65,15000,0,1,1,79000
STU-2026-02670,MBA,A,Delhi NCR,8.56,0,None,0.0,41,98,0.63,20000,0,1,1,96000
STU-2026-02671,Nursing,D,Bengaluru,8.22,6,MNC,0.45,53,79,0.55,10000,0,1,1,46000
STU-2026-02672,Engineering,B,Bengaluru,6.83,5,SME,0.188,32,79,0.44,10000,0,0,1,56000
STU-2026-02673,MBA,D,Delhi NCR,8.26,4,MNC,0.3,30,87,0.55,30000,0,0,1,80000
STU-2026-02674,Nursing,C,Chennai,5.52,4,Startup,0.21,47,100,0.61,10000,0,0,1,32000
STU-2026-02675,MBA,D,Hyderabad,6.85,1,MNC,0.075,0,87,0.4,10000,0,0,0,50000
STU-2026-02676,MBA,C,Pune,6.37,0,None,0.0,23,83,0.51,15000,0,0,0,47000
STU-2026-02677,Engineering,A,Mumbai,8.05,0,None,0.0,35,80,0.65,30000,0,1,1,79000
STU-2026-02678,Engineering,B,Pune,7.97,5,Startup,0.263,84,66,0.67,30000,0,1,1,85000
STU-2026-02679,MBA,D,Mumbai,6.85,6,MNC,0.45,17,63,0.63,30000,0,0,1,53000
STU-2026-02680,MBA,A,Hyderabad,8.84,0,None,0.0,53,72,0.75,15000,0,1,1,92000
STU-2026-02681,Engineering,C,Bengaluru,6.11,4,MNC,0.3,71,72,0.49,20000,0,0,1,50000
STU-2026-02682,Engineering,A,Mumbai,9.0,3,SME,0.113,60,100,0.68,30000,0,1,1,90000
STU-2026-02683,Engineering,C,Bengaluru,5.63,0,None,0.0,48,63,0.77,15000,0,0,1,35000
STU-2026-02684,MBA,B,Bengaluru,6.32,4,Startup,0.21,47,89,0.54,15000,0,1,1,76000
STU-2026-02685,Engineering,B,Pune,7.55,6,SME,0.225,46,69,0.62,10000,0,1,1,60000
STU-2026-02686,Engineering,B,Hyderabad,7.24,0,None,0.0,61,80,0.51,10000,0,0,1,59000
STU-2026-02687,MBA,A,Hyderabad,6.99,0,None,0.0,86,68,0.45,25000,0,0,1,95000
STU-2026-02688,Nursing,C,Bengaluru,6.16,4,MNC,0.3,41,81,0.58,25000,0,0,1,33000
STU-2026-02689,Engineering,C,Pune,8.5,0,None,0.0,82,40,0.71,20000,0,0,1,55000
STU-2026-02690,MBA,D,Hyderabad,6.14,2,SME,0.075,0,79,0.51,15000,0,0,0,0
STU-2026-02691,MBA,D,Chennai,5.22,6,MNC,0.45,55,72,0.68,15000,0,0,1,41000
STU-2026-02692,Nursing,C,Pune,6.72,4,SME,0.15,27,67,0.5,10000,0,0,1,38000
STU-2026-02693,MBA,A,Hyderabad,7.55,0,None,0.0,86,72,0.62,15000,0,0,1,71000
STU-2026-02694,Nursing,A,Delhi NCR,8.32,3,Startup,0.157,76,60,0.77,20000,0,1,1,64000
STU-2026-02695,MBA,C,Delhi NCR,6.84,4,SME,0.15,100,51,0.65,25000,0,0,1,62000
STU-2026-02696,MBA,B,Pune,8.77,6,Startup,0.315,52,87,0.82,20000,0,1,1,120000
STU-2026-02697,Nursing,A,Delhi NCR,7.73,3,Startup,0.157,60,67,0.68,30000,0,1,1,68000
STU-2026-02698,Nursing,B,Delhi NCR,9.03,3,MNC,0.225,91,83,0.55,30000,0,1,1,54000
STU-2026-02699,Engineering,C,Delhi NCR,7.94,0,None,0.0,10,80,0.49,20000,0,0,1,45000
STU-2026-02700,Nursing,D,Delhi NCR,8.4,0,None,0.0,69,92,0.75,25000,0,0,1,24000
STU-2026-02701,Nursing,B,Hyderabad,6.45,2,SME,0.075,18,54,0.61,20000,0,0,1,38000
STU-2026-02702,Engineering,C,Chennai,7.39,3,MNC,0.225,32,53,0.59,25000,0,0,1,50000
STU-2026-02703,Nursing,B,Mumbai,8.84,3,SME,0.113,55,97,0.74,15000,0,1,1,46000
STU-2026-02704,Engineering,C,Bengaluru,6.74,4,Startup,0.21,69,63,0.69,15000,0,1,1,41000
STU-2026-02705,MBA,D,Chennai,5.99,0,None,0.0,58,72,0.53,30000,0,0,0,34000
STU-2026-02706,MBA,C,Bengaluru,4.92,0,None,0.0,59,63,0.32,10000,0,0,0,31000
STU-2026-02707,MBA,A,Pune,9.55,4,MNC,0.3,48,54,0.65,10000,0,1,1,141000
STU-2026-02708,Engineering,C,Pune,7.41,0,None,0.0,14,48,0.77,30000,0,0,1,41000
STU-2026-02709,Nursing,C,Hyderabad,6.8,2,Startup,0.105,53,85,0.52,10000,0,0,1,30000
STU-2026-02710,MBA,D,Hyderabad,6.57,0,None,0.0,44,70,0.67,25000,0,0,1,29000
STU-2026-02711,MBA,C,Mumbai,5.17,0,None,0.0,31,97,0.51,10000,0,0,0,34000
STU-2026-02712,MBA,A,Mumbai,7.76,3,MNC,0.225,64,91,0.65,30000,0,1,1,173000
STU-2026-02713,Nursing,C,Bengaluru,6.89,6,SME,0.225,26,91,0.55,25000,0,1,1,31000
STU-2026-02714,Engineering,A,Chennai,9.34,1,MNC,0.075,64,89,0.79,20000,0,1,1,123000
STU-2026-02715,Nursing,C,Delhi NCR,5.11,0,None,0.0,14,58,0.65,15000,0,0,0,21000
STU-2026-02716,Engineering,C,Hyderabad,6.98,0,None,0.0,55,80,0.71,15000,0,1,1,40000
STU-2026-02717,Engineering,A,Hyderabad,7.78,2,MNC,0.15,72,53,0.53,25000,0,1,1,90000
STU-2026-02718,Engineering,A,Bengaluru,7.23,0,None,0.0,30,71,0.71,30000,0,1,1,76000
STU-2026-02719,MBA,D,Mumbai,9.21,0,None,0.0,37,68,0.34,25000,0,0,1,59000
STU-2026-02720,Engineering,B,Pune,9.06,2,MNC,0.15,43,77,0.7,20000,0,1,1,51000
STU-2026-02721,Engineering,A,Bengaluru,8.4,4,SME,0.15,75,56,0.57,30000,0,1,1,61000
STU-2026-02722,MBA,D,Bengaluru,8.03,0,None,0.0,40,94,0.69,10000,0,0,1,45000
STU-2026-02723,MBA,D,Pune,7.48,0,None,0.0,64,75,0.71,25000,0,0,1,36000
STU-2026-02724,Nursing,D,Mumbai,6.72,3,MNC,0.225,45,52,0.47,25000,0,0,1,27000
STU-2026-02725,MBA,C,Delhi NCR,6.6,0,None,0.0,31,93,0.73,30000,0,0,0,43000
STU-2026-02726,Nursing,D,Pune,7.82,3,MNC,0.225,55,69,0.49,10000,0,0,1,30000
STU-2026-02727,Nursing,D,Bengaluru,7.13,2,MNC,0.15,83,60,0.5,20000,0,0,1,32000
STU-2026-02728,MBA,D,Delhi NCR,5.06,0,None,0.0,76,67,0.53,20000,0,0,0,0
STU-2026-02729,Engineering,D,Hyderabad,7.65,1,SME,0.037,36,73,0.51,30000,0,0,0,34000
STU-2026-02730,Engineering,A,Pune,8.12,1,Startup,0.052,47,47,0.87,30000,0,0,1,90000
STU-2026-02731,MBA,C,Pune,4.67,0,None,0.0,0,71,0.62,25000,0,0,0,35000
STU-2026-02732,Nursing,D,Pune,6.62,0,None,0.0,16,92,0.69,20000,0,0,0,23000
STU-2026-02733,MBA,B,Delhi NCR,7.64,3,Startup,0.157,53,82,0.68,15000,0,1,1,79000
STU-2026-02734,Engineering,B,Hyderabad,9.0,5,SME,0.188,79,71,0.44,15000,0,1,1,88000
STU-2026-02735,Engineering,D,Delhi NCR,4.0,0,None,0.0,46,64,0.58,15000,0,0,0,0
STU-2026-02736,Engineering,B,Mumbai,7.35,5,MNC,0.375,88,63,0.7,20000,0,1,1,84000
STU-2026-02737,Engineering,C,Pune,6.8,0,None,0.0,49,70,0.66,15000,0,0,0,31000
STU-2026-02738,MBA,C,Bengaluru,7.3,0,None,0.0,0,62,0.59,20000,0,0,0,47000
STU-2026-02739,Engineering,A,Bengaluru,8.42,5,MNC,0.375,80,56,0.54,30000,0,1,1,76000
STU-2026-02740,Nursing,B,Delhi NCR,7.64,4,MNC,0.3,79,85,0.51,15000,0,1,1,56000
STU-2026-02741,Engineering,B,Hyderabad,8.33,1,MNC,0.075,63,74,0.71,20000,0,0,1,64000
STU-2026-02742,Engineering,A,Pune,9.51,3,SME,0.113,56,51,0.53,15000,0,1,1,115000
STU-2026-02743,Engineering,B,Bengaluru,6.6,3,MNC,0.225,65,59,0.39,20000,0,0,1,61000
STU-2026-02744,Nursing,A,Hyderabad,8.61,1,Startup,0.052,47,58,0.64,15000,0,1,1,70000
STU-2026-02745,Engineering,A,Pune,8.54,0,None,0.0,54,47,0.7,15000,0,1,1,97000
STU-2026-02746,Engineering,C,Hyderabad,6.58,4,MNC,0.3,55,83,0.76,25000,0,1,1,49000
STU-2026-02747,Engineering,A,Chennai,7.15,6,SME,0.225,63,74,0.67,10000,0,1,1,89000
STU-2026-02748,Engineering,D,Bengaluru,9.32,0,None,0.0,0,76,0.52,25000,0,0,0,41000
STU-2026-02749,Nursing,D,Chennai,5.05,5,SME,0.188,36,71,0.71,25000,0,0,0,23000
STU-2026-02750,Nursing,D,Chennai,6.92,3,SME,0.113,66,64,0.47,30000,0,0,0,21000
STU-2026-02751,Nursing,D,Delhi NCR,7.37,4,MNC,0.3,77,62,0.66,30000,0,0,1,34000
STU-2026-02752,MBA,B,Mumbai,8.17,5,Startup,0.263,31,67,0.67,20000,0,0,1,115000
STU-2026-02753,Engineering,D,Pune,7.22,0,None,0.0,58,64,0.43,20000,0,0,1,33000
STU-2026-02754,Engineering,C,Pune,6.84,0,None,0.0,67,81,0.79,10000,0,0,1,35000
STU-2026-02755,Engineering,D,Chennai,6.57,4,SME,0.15,50,85,0.45,15000,0,0,1,43000
STU-2026-02756,Nursing,C,Pune,6.51,0,None,0.0,63,77,0.7,10000,0,0,1,25000
STU-2026-02757,Engineering,D,Delhi NCR,6.82,0,None,0.0,2,66,0.63,25000,0,0,1,33000
STU-2026-02758,Nursing,D,Delhi NCR,7.55,4,MNC,0.3,69,56,0.58,25000,0,1,1,33000
STU-2026-02759,Engineering,B,Bengaluru,8.62,1,Startup,0.052,79,48,0.63,20000,0,1,1,71000
STU-2026-02760,Engineering,C,Pune,5.9,6,Startup,0.315,12,63,0.59,10000,0,0,1,56000
STU-2026-02761,Nursing,C,Delhi NCR,8.48,5,Startup,0.263,62,55,0.56,10000,0,0,1,42000
STU-2026-02762,MBA,A,Delhi NCR,8.66,3,SME,0.113,74,78,0.7,15000,0,1,1,141000
STU-2026-02763,Engineering,A,Bengaluru,7.64,5,Startup,0.263,41,78,0.72,10000,0,1,1,100000
STU-2026-02764,Engineering,B,Chennai,7.81,1,Startup,0.052,63,53,0.48,25000,0,0,1,62000
STU-2026-02765,MBA,D,Delhi NCR,6.81,3,Startup,0.157,57,67,0.66,10000,0,0,1,57000
STU-2026-02766,Nursing,A,Pune,8.26,4,SME,0.15,100,75,0.58,10000,0,1,1,57000
STU-2026-02767,Nursing,A,Bengaluru,7.41,4,Startup,0.21,42,76,0.55,25000,0,1,1,82000
STU-2026-02768,Nursing,C,Bengaluru,6.69,0,None,0.0,92,52,0.58,15000,0,0,1,33000
STU-2026-02769,Engineering,D,Delhi NCR,4.11,0,None,0.0,4,68,0.76,10000,0,0,0,0
STU-2026-02770,Engineering,C,Mumbai,5.18,2,Startup,0.105,10,95,0.54,30000,0,0,0,40000
STU-2026-02771,Engineering,D,Bengaluru,8.01,0,None,0.0,72,56,0.45,30000,0,0,1,38000
STU-2026-02772,MBA,B,Mumbai,7.86,2,MNC,0.15,90,44,0.69,20000,0,0,1,95000
STU-2026-02773,Nursing,D,Mumbai,6.23,0,None,0.0,20,61,0.46,15000,0,0,0,19000
STU-2026-02774,Nursing,D,Mumbai,7.74,0,None,0.0,56,95,0.64,25000,0,0,1,32000
STU-2026-02775,MBA,C,Pune,6.05,3,SME,0.113,3,73,0.46,30000,0,0,1,59000
STU-2026-02776,Nursing,C,Chennai,9.4,5,MNC,0.375,42,78,0.55,30000,0,1,1,45000
STU-2026-02777,Nursing,C,Hyderabad,4.0,2,MNC,0.15,20,48,0.75,10000,0,0,1,16000
STU-2026-02778,MBA,D,Delhi NCR,8.35,0,None,0.0,64,46,0.56,30000,0,0,0,53000
STU-2026-02779,MBA,D,Chennai,5.33,1,SME,0.037,38,60,0.65,20000,0,0,0,29000
STU-2026-02780,MBA,A,Bengaluru,8.03,2,MNC,0.15,100,64,0.5,25000,0,1,1,116000
STU-2026-02781,Engineering,A,Chennai,7.07,3,Startup,0.157,100,65,0.56,25000,0,1,1,106000
STU-2026-02782,MBA,C,Delhi NCR,4.78,0,None,0.0,47,100,0.61,15000,0,0,0,31000
STU-2026-02783,Nursing,D,Chennai,7.05,0,None,0.0,73,65,0.68,20000,0,0,0,19000
STU-2026-02784,Engineering,D,Pune,6.22,2,Startup,0.105,76,71,0.63,25000,0,0,1,37000
STU-2026-02785,Engineering,C,Delhi NCR,6.07,0,None,0.0,57,58,0.8,15000,0,0,0,30000
STU-2026-02786,MBA,D,Pune,7.46,4,Startup,0.21,42,75,0.62,15000,0,0,1,64000
STU-2026-02787,MBA,B,Hyderabad,8.39,3,MNC,0.225,87,62,0.64,30000,0,1,1,112000
STU-2026-02788,MBA,D,Mumbai,8.19,0,None,0.0,45,47,0.78,10000,0,0,1,43000
STU-2026-02789,Nursing,A,Bengaluru,8.53,4,MNC,0.3,30,86,0.45,15000,0,1,1,89000
STU-2026-02790,Engineering,A,Pune,9.03,0,None,0.0,62,80,0.6,15000,0,1,1,94000
STU-2026-02791,MBA,C,Chennai,6.57,6,Startup,0.315,0,58,0.62,30000,0,0,1,60000
STU-2026-02792,Engineering,A,Bengaluru,7.94,3,MNC,0.225,43,63,0.57,10000,0,1,1,106000
STU-2026-02793,Nursing,A,Mumbai,8.06,2,MNC,0.15,39,49,0.86,25000,0,0,1,66000
STU-2026-02794,MBA,A,Delhi NCR,8.61,5,SME,0.188,67,78,0.56,10000,0,1,1,133000
STU-2026-02795,Nursing,C,Bengaluru,6.43,0,None,0.0,46,86,0.6,30000,0,0,1,32000
STU-2026-02796,MBA,B,Chennai,8.46,5,MNC,0.375,92,44,0.69,25000,0,1,1,94000
STU-2026-02797,Nursing,B,Chennai,7.75,4,Startup,0.21,81,58,0.64,15000,0,1,1,44000
STU-2026-02798,Nursing,D,Pune,6.63,0,None,0.0,48,58,0.51,30000,0,0,0,25000
STU-2026-02799,MBA,C,Chennai,7.57,4,Startup,0.21,18,80,0.52,15000,0,0,0,62000
STU-2026-02800,MBA,C,Bengaluru,8.15,0,None,0.0,56,70,0.56,15000,0,0,1,59000
STU-2026-02801,Nursing,B,Mumbai,6.43,0,None,0.0,53,67,0.46,30000,0,0,1,38000
STU-2026-02802,Engineering,B,Mumbai,7.51,2,MNC,0.15,54,56,0.76,10000,0,0,1,67000
STU-2026-02803,MBA,C,Chennai,6.21,0,None,0.0,41,77,0.46,15000,0,0,1,52000
STU-2026-02804,Nursing,D,Pune,8.91,0,None,0.0,37,71,0.82,30000,0,0,1,28000
STU-2026-02805,Nursing,C,Chennai,6.06,0,None,0.0,64,55,0.71,25000,0,0,1,28000
STU-2026-02806,Nursing,A,Delhi NCR,7.99,0,None,0.0,47,92,0.58,15000,0,1,1,61000
STU-2026-02807,MBA,A,Mumbai,8.35,0,None,0.0,39,62,0.54,20000,0,1,1,93000
STU-2026-02808,MBA,B,Pune,5.74,4,SME,0.15,21,48,0.74,20000,0,0,1,66000
STU-2026-02809,MBA,B,Delhi NCR,8.04,6,Startup,0.315,61,69,0.7,20000,0,1,1,119000
STU-2026-02810,Nursing,B,Mumbai,8.12,2,Startup,0.105,48,63,0.53,25000,0,1,1,47000
STU-2026-02811,Engineering,D,Delhi NCR,5.84,0,None,0.0,48,69,0.63,15000,0,0,1,30000
STU-2026-02812,Engineering,D,Delhi NCR,6.83,6,MNC,0.45,5,63,0.67,25000,0,0,0,60000
STU-2026-02813,Engineering,A,Chennai,8.21,3,SME,0.113,61,60,0.65,20000,0,0,1,124000
STU-2026-02814,MBA,A,Mumbai,9.25,5,MNC,0.375,80,49,0.62,15000,1,1,1,178000
STU-2026-02815,Engineering,C,Chennai,5.6,6,SME,0.225,24,63,0.54,30000,0,0,1,28000
STU-2026-02816,MBA,D,Hyderabad,7.59,5,SME,0.188,8,56,0.4,15000,0,0,0,63000
STU-2026-02817,MBA,A,Pune,8.41,5,SME,0.188,36,85,0.72,20000,0,1,1,168000
STU-2026-02818,Nursing,D,Mumbai,7.79,0,None,0.0,57,58,0.66,10000,0,0,1,29000
STU-2026-02819,MBA,A,Pune,7.65,4,Startup,0.21,63,58,0.39,30000,0,1,1,92000
STU-2026-02820,Nursing,B,Delhi NCR,7.61,2,Startup,0.105,67,75,0.57,20000,0,1,1,50000
STU-2026-02821,MBA,A,Bengaluru,8.79,5,Startup,0.263,95,74,0.61,25000,0,1,1,152000
STU-2026-02822,MBA,A,Hyderabad,8.73,2,Startup,0.105,56,78,0.57,15000,0,1,1,141000
STU-2026-02823,MBA,A,Pune,8.92,0,None,0.0,62,54,0.54,10000,0,1,1,157000
STU-2026-02824,MBA,D,Mumbai,6.39,6,SME,0.225,51,62,0.5,20000,0,0,0,31000
STU-2026-02825,Nursing,A,Pune,9.28,2,SME,0.075,15,66,0.48,30000,0,0,1,93000
STU-2026-02826,MBA,A,Bengaluru,8.36,4,SME,0.15,41,61,0.52,20000,0,1,1,127000
STU-2026-02827,Engineering,B,Mumbai,9.4,1,Startup,0.052,22,69,0.57,15000,0,1,1,77000
STU-2026-02828,MBA,A,Mumbai,8.67,0,None,0.0,67,56,0.72,20000,0,1,1,127000
STU-2026-02829,Engineering,C,Chennai,8.32,0,None,0.0,50,92,0.64,15000,0,0,1,47000
STU-2026-02830,MBA,B,Chennai,7.48,0,None,0.0,50,94,0.63,10000,0,0,1,74000
STU-2026-02831,MBA,C,Hyderabad,10.0,6,MNC,0.45,12,57,0.46,10000,0,0,1,107000
STU-2026-02832,Engineering,A,Mumbai,7.83,1,Startup,0.052,49,72,0.55,15000,0,1,1,99000
STU-2026-02833,Engineering,D,Delhi NCR,7.61,0,None,0.0,62,86,0.63,30000,0,0,1,31000
STU-2026-02834,MBA,A,Pune,7.89,3,MNC,0.225,50,81,0.63,20000,0,1,1,103000
STU-2026-02835,Engineering,C,Bengaluru,8.52,0,None,0.0,29,53,0.56,15000,0,1,1,46000
STU-2026-02836,Nursing,C,Chennai,6.41,0,None,0.0,35,68,0.52,30000,0,0,1,32000
STU-2026-02837,Engineering,A,Bengaluru,8.45,0,None,0.0,38,65,0.54,15000,0,1,1,104000
STU-2026-02838,Nursing,B,Pune,7.35,6,Startup,0.315,58,97,0.69,10000,0,1,1,70000
STU-2026-02839,MBA,D,Pune,7.39,0,None,0.0,0,82,0.44,30000,0,0,0,31000
STU-2026-02840,MBA,B,Bengaluru,7.03,0,None,0.0,53,58,0.57,25000,0,0,1,58000
STU-2026-02841,Nursing,A,Chennai,8.64,6,Startup,0.315,41,67,0.63,30000,0,1,1,70000
STU-2026-02842,MBA,D,Delhi NCR,7.39,2,MNC,0.15,68,69,0.55,10000,0,0,1,49000
STU-2026-02843,MBA,B,Mumbai,7.74,1,SME,0.037,9,54,0.52,20000,0,0,1,77000
STU-2026-02844,Nursing,C,Pune,7.56,1,Startup,0.052,46,50,0.74,25000,0,0,1,28000
STU-2026-02845,Engineering,B,Mumbai,7.83,5,MNC,0.375,48,72,0.71,30000,1,1,1,89000
STU-2026-02846,Engineering,D,Pune,7.15,5,SME,0.188,32,73,0.74,20000,0,0,1,34000
STU-2026-02847,Engineering,A,Chennai,6.9,3,SME,0.113,70,74,0.54,25000,0,1,1,74000
STU-2026-02848,MBA,A,Mumbai,8.09,0,None,0.0,60,65,0.62,20000,0,1,1,86000
STU-2026-02849,Nursing,B,Chennai,7.99,4,MNC,0.3,63,72,0.69,20000,0,1,1,62000
STU-2026-02850,MBA,D,Mumbai,7.66,3,MNC,0.225,27,74,0.57,25000,0,0,1,51000
STU-2026-02851,MBA,C,Pune,7.37,0,None,0.0,42,76,0.6,20000,0,0,0,53000
STU-2026-02852,MBA,B,Chennai,7.56,0,None,0.0,65,61,0.48,15000,0,0,1,67000
STU-2026-02853,Nursing,A,Delhi NCR,8.34,0,None,0.0,54,70,0.56,20000,0,0,1,69000
STU-2026-02854,MBA,C,Mumbai,6.08,0,None,0.0,44,76,0.54,15000,0,0,0,59000
STU-2026-02855,Nursing,A,Bengaluru,7.78,0,None,0.0,72,99,0.68,20000,0,1,1,59000
STU-2026-02856,Nursing,A,Chennai,7.53,5,SME,0.188,78,78,0.55,30000,0,1,1,55000
STU-2026-02857,MBA,C,Mumbai,7.98,1,Startup,0.052,43,73,0.52,25000,0,0,0,69000
STU-2026-02858,Engineering,C,Delhi NCR,6.85,2,MNC,0.15,63,64,0.58,10000,0,0,1,50000
STU-2026-02859,Nursing,A,Mumbai,8.84,1,Startup,0.052,54,79,0.71,20000,0,1,1,66000
STU-2026-02860,MBA,A,Delhi NCR,9.27,0,None,0.0,47,79,0.59,30000,0,0,1,139000
STU-2026-02861,Engineering,A,Delhi NCR,5.99,0,None,0.0,20,78,0.65,30000,0,0,1,63000
STU-2026-02862,Nursing,A,Chennai,6.17,4,MNC,0.3,74,74,0.6,15000,0,1,1,66000
STU-2026-02863,Engineering,B,Pune,7.47,0,None,0.0,23,100,0.72,30000,0,0,1,53000
STU-2026-02864,MBA,B,Pune,7.26,1,Startup,0.052,82,38,0.55,15000,0,0,1,68000
STU-2026-02865,Nursing,D,Bengaluru,6.23,3,Startup,0.157,42,61,0.52,15000,0,0,1,26000
STU-2026-02866,MBA,D,Hyderabad,7.46,0,None,0.0,36,61,0.59,15000,0,0,1,29000
STU-2026-02867,Nursing,A,Chennai,8.52,6,SME,0.225,66,71,0.59,25000,0,0,1,75000
STU-2026-02868,Engineering,A,Pune,9.63,6,Startup,0.315,60,65,0.6,15000,1,1,1,143000
STU-2026-02869,Nursing,B,Chennai,7.27,6,MNC,0.45,68,95,0.7,15000,1,1,1,53000
STU-2026-02870,Nursing,A,Bengaluru,9.54,6,MNC,0.45,44,75,0.67,10000,0,1,1,108000
STU-2026-02871,Nursing,D,Bengaluru,7.89,3,MNC,0.225,22,95,0.46,30000,0,1,1,38000
STU-2026-02872,Engineering,B,Chennai,7.41,0,None,0.0,52,62,0.59,10000,0,0,1,65000
STU-2026-02873,MBA,A,Delhi NCR,9.77,2,MNC,0.15,64,57,0.55,10000,0,1,1,122000
STU-2026-02874,MBA,C,Pune,5.39,0,None,0.0,92,75,0.52,30000,0,0,1,32000
STU-2026-02875,Nursing,C,Pune,5.48,6,MNC,0.45,20,95,0.57,15000,0,0,0,40000
STU-2026-02876,MBA,C,Bengaluru,6.43,6,MNC,0.45,0,65,0.65,25000,0,0,1,85000
STU-2026-02877,MBA,C,Pune,5.78,0,None,0.0,41,60,0.45,10000,0,0,1,44000
STU-2026-02878,MBA,D,Bengaluru,7.14,0,None,0.0,51,60,0.5,10000,0,0,0,48000
STU-2026-02879,Nursing,D,Hyderabad,8.73,0,None,0.0,60,70,0.63,25000,0,0,1,25000
STU-2026-02880,Engineering,C,Bengaluru,6.83,0,None,0.0,7,68,0.76,15000,0,0,1,34000
STU-2026-02881,MBA,A,Pune,8.14,5,MNC,0.375,43,69,0.7,30000,0,1,1,198000
STU-2026-02882,MBA,C,Delhi NCR,8.23,4,MNC,0.3,45,80,0.58,20000,0,0,1,91000
STU-2026-02883,MBA,D,Delhi NCR,8.01,0,None,0.0,34,74,0.72,15000,0,0,1,36000
STU-2026-02884,MBA,B,Mumbai,7.74,6,Startup,0.315,57,87,0.7,25000,0,1,1,79000
STU-2026-02885,Engineering,B,Mumbai,6.72,3,SME,0.113,82,61,0.45,20000,0,0,1,51000
STU-2026-02886,Nursing,A,Delhi NCR,9.63,5,Startup,0.263,66,72,0.56,25000,1,1,1,99000
STU-2026-02887,Engineering,A,Hyderabad,7.87,1,MNC,0.075,44,69,0.5,20000,0,1,1,63000
STU-2026-02888,MBA,B,Chennai,7.36,5,SME,0.188,72,75,0.53,30000,0,1,1,70000
STU-2026-02889,Engineering,D,Hyderabad,6.77,0,None,0.0,56,77,0.53,10000,0,0,1,31000
STU-2026-02890,MBA,D,Hyderabad,7.69,0,None,0.0,78,87,0.71,25000,0,0,1,49000
STU-2026-02891,Engineering,B,Mumbai,7.71,6,Startup,0.315,36,75,0.63,20000,0,1,1,74000
STU-2026-02892,Nursing,C,Hyderabad,5.89,0,None,0.0,56,50,0.75,25000,0,0,0,26000
STU-2026-02893,Nursing,C,Mumbai,7.47,0,None,0.0,55,49,0.68,30000,0,0,1,29000
STU-2026-02894,Engineering,B,Delhi NCR,6.75,0,None,0.0,53,51,0.77,20000,0,1,1,54000
STU-2026-02895,MBA,D,Bengaluru,6.53,4,MNC,0.3,35,81,0.78,25000,0,0,1,40000
STU-2026-02896,Nursing,A,Chennai,9.44,0,None,0.0,24,55,0.58,30000,0,0,1,85000
STU-2026-02897,Engineering,B,Pune,8.36,2,Startup,0.105,49,89,0.74,25000,0,1,1,64000
STU-2026-02898,Nursing,A,Mumbai,10.0,5,Startup,0.263,74,74,0.74,15000,1,1,1,90000
STU-2026-02899,Engineering,B,Bengaluru,7.58,1,Startup,0.052,81,40,0.57,10000,0,1,1,55000
STU-2026-02900,Nursing,D,Mumbai,8.66,6,SME,0.225,75,69,0.54,25000,0,0,1,51000
STU-2026-02901,Engineering,A,Delhi NCR,9.7,5,MNC,0.375,63,61,0.61,10000,1,1,1,112000
STU-2026-02902,MBA,B,Mumbai,7.58,3,SME,0.113,86,43,0.68,15000,0,1,1,72000
STU-2026-02903,Nursing,A,Pune,9.56,2,Startup,0.105,46,77,0.57,20000,0,1,1,74000
STU-2026-02904,Engineering,A,Hyderabad,8.76,5,Startup,0.263,77,69,0.46,10000,0,1,1,121000
STU-2026-02905,MBA,C,Delhi NCR,6.54,5,SME,0.188,87,47,0.38,15000,0,0,1,61000
STU-2026-02906,Engineering,A,Chennai,7.36,6,Startup,0.315,40,84,0.65,15000,0,1,1,111000
STU-2026-02907,Engineering,B,Bengaluru,7.07,6,MNC,0.45,52,82,0.47,15000,0,0,1,71000
STU-2026-02908,Engineering,B,Bengaluru,8.43,1,SME,0.037,65,83,0.4,25000,0,1,1,71000
STU-2026-02909,Engineering,B,Mumbai,6.15,0,None,0.0,77,68,0.91,15000,0,0,1,55000
STU-2026-02910,MBA,C,Chennai,6.33,0,None,0.0,0,62,0.63,10000,0,0,1,57000
STU-2026-02911,Engineering,D,Pune,8.51,0,None,0.0,16,87,0.64,20000,0,0,0,38000
STU-2026-02912,Engineering,B,Chennai,6.79,4,MNC,0.3,61,59,0.5,10000,0,1,1,72000
STU-2026-02913,Engineering,B,Mumbai,7.31,0,None,0.0,87,66,0.57,10000,0,1,1,53000
STU-2026-02914,MBA,B,Chennai,7.58,3,SME,0.113,10,70,0.42,30000,0,0,1,63000
STU-2026-02915,Nursing,C,Pune,5.55,0,None,0.0,26,63,0.67,30000,0,0,0,17000
STU-2026-02916,Nursing,B,Pune,7.58,5,Startup,0.263,66,65,0.59,20000,0,1,1,59000
STU-2026-02917,MBA,C,Hyderabad,4.91,0,None,0.0,34,93,0.74,10000,0,0,1,38000
STU-2026-02918,Engineering,D,Delhi NCR,8.79,0,None,0.0,88,68,0.5,30000,0,0,1,59000
STU-2026-02919,MBA,A,Hyderabad,6.94,0,None,0.0,51,49,0.61,15000,0,0,1,88000
STU-2026-02920,Engineering,B,Chennai,5.55,1,SME,0.037,72,88,0.56,25000,0,0,1,42000
STU-2026-02921,MBA,B,Mumbai,7.68,5,MNC,0.375,59,82,0.72,15000,0,1,1,94000
STU-2026-02922,Engineering,A,Hyderabad,8.92,5,MNC,0.375,32,40,0.62,15000,0,1,1,112000
STU-2026-02923,Nursing,A,Delhi NCR,7.74,1,Startup,0.052,45,57,0.67,20000,0,0,1,60000
STU-2026-02924,MBA,B,Bengaluru,6.59,0,None,0.0,31,83,0.55,25000,0,0,1,47000
STU-2026-02925,Engineering,B,Bengaluru,6.76,1,SME,0.037,75,100,0.4,15000,0,0,1,55000
STU-2026-02926,Nursing,D,Mumbai,6.06,0,None,0.0,61,57,0.62,30000,0,0,0,25000
STU-2026-02927,Engineering,C,Pune,5.99,0,None,0.0,31,84,0.5,20000,0,0,0,25000
STU-2026-02928,MBA,A,Mumbai,7.33,1,SME,0.037,68,55,0.55,10000,0,1,1,89000
STU-2026-02929,Nursing,A,Mumbai,8.86,6,SME,0.225,64,77,0.72,30000,0,1,1,103000
STU-2026-02930,Engineering,A,Chennai,8.93,0,None,0.0,50,89,0.63,10000,0,1,1,96000
STU-2026-02931,MBA,C,Mumbai,8.13,6,SME,0.225,51,97,0.71,10000,0,1,1,60000
STU-2026-02932,Nursing,B,Delhi NCR,7.32,6,MNC,0.45,61,80,0.66,30000,0,1,1,60000
STU-2026-02933,Nursing,C,Delhi NCR,7.66,0,None,0.0,19,95,0.4,10000,0,0,1,33000
STU-2026-02934,Nursing,B,Hyderabad,8.5,5,Startup,0.263,67,75,0.66,20000,0,1,1,57000
STU-2026-02935,MBA,A,Bengaluru,9.03,0,None,0.0,38,70,0.68,20000,0,1,1,124000
STU-2026-02936,Nursing,A,Delhi NCR,7.89,1,SME,0.037,78,60,0.78,25000,0,1,1,49000
STU-2026-02937,MBA,A,Mumbai,7.24,1,SME,0.037,61,72,0.8,20000,0,0,1,97000
STU-2026-02938,Engineering,D,Delhi NCR,5.53,1,Startup,0.052,28,95,0.49,30000,0,0,0,28000
STU-2026-02939,MBA,B,Pune,7.48,1,MNC,0.075,70,53,0.77,25000,0,1,1,75000
STU-2026-02940,Engineering,C,Hyderabad,9.71,0,None,0.0,30,76,0.74,20000,0,0,1,44000
STU-2026-02941,MBA,A,Delhi NCR,6.91,2,SME,0.075,100,62,0.58,25000,0,0,1,109000
STU-2026-02942,Nursing,A,Hyderabad,7.57,6,Startup,0.315,50,74,0.49,10000,0,1,1,93000
STU-2026-02943,MBA,B,Bengaluru,7.93,5,SME,0.188,63,73,0.56,25000,0,1,1,77000
STU-2026-02944,Nursing,C,Mumbai,7.05,6,SME,0.225,43,85,0.71,15000,0,0,1,39000
STU-2026-02945,Engineering,A,Mumbai,8.46,1,MNC,0.075,15,46,0.54,25000,0,0,1,77000
STU-2026-02946,MBA,A,Hyderabad,8.8,6,MNC,0.45,60,67,0.47,20000,0,1,1,99000
STU-2026-02947,Nursing,C,Chennai,6.6,0,None,0.0,42,74,0.44,25000,0,0,1,24000
STU-2026-02948,MBA,B,Hyderabad,6.69,0,None,0.0,74,100,0.61,15000,0,0,1,64000
STU-2026-02949,Nursing,A,Pune,8.95,2,SME,0.075,72,100,0.53,10000,0,1,1,91000
STU-2026-02950,Engineering,D,Hyderabad,8.58,6,MNC,0.45,0,70,0.75,30000,0,1,1,63000
STU-2026-02951,Nursing,C,Pune,6.36,0,None,0.0,15,100,0.67,10000,0,0,0,26000
STU-2026-02952,Engineering,D,Chennai,7.17,0,None,0.0,54,57,0.54,30000,0,0,0,38000
STU-2026-02953,MBA,B,Mumbai,7.16,3,MNC,0.225,69,91,0.62,25000,0,1,1,84000
STU-2026-02954,Engineering,D,Delhi NCR,6.88,6,Startup,0.315,71,75,0.55,15000,0,0,1,49000
STU-2026-02955,MBA,C,Delhi NCR,5.19,1,MNC,0.075,78,75,0.63,25000,0,0,1,36000
STU-2026-02956,Engineering,C,Delhi NCR,7.94,2,Startup,0.105,31,48,0.5,15000,0,0,1,43000
STU-2026-02957,Nursing,A,Chennai,9.49,0,None,0.0,84,90,0.61,25000,0,1,1,60000
STU-2026-02958,MBA,D,Delhi NCR,7.99,5,SME,0.188,49,79,0.77,30000,0,0,1,53000
STU-2026-02959,Nursing,A,Bengaluru,8.46,3,MNC,0.225,41,67,0.65,30000,0,1,1,96000
STU-2026-02960,Nursing,B,Delhi NCR,5.99,2,Startup,0.105,82,80,0.54,30000,0,0,1,25000
STU-2026-02961,Nursing,A,Chennai,7.56,1,Startup,0.052,81,69,0.72,10000,0,1,1,68000
STU-2026-02962,MBA,B,Bengaluru,6.78,2,Startup,0.105,41,68,0.53,15000,0,0,1,68000
STU-2026-02963,Nursing,C,Hyderabad,6.93,0,None,0.0,72,84,0.72,10000,0,0,1,31000
STU-2026-02964,MBA,B,Bengaluru,6.27,1,MNC,0.075,63,79,0.75,30000,0,1,1,74000
STU-2026-02965,MBA,D,Chennai,5.56,1,SME,0.037,32,76,0.72,10000,0,0,0,33000
STU-2026-02966,Nursing,B,Bengaluru,8.19,6,SME,0.225,37,94,0.51,15000,0,0,1,56000
STU-2026-02967,MBA,B,Bengaluru,9.2,3,MNC,0.225,72,81,0.6,10000,0,1,1,80000
STU-2026-02968,MBA,A,Chennai,6.39,0,None,0.0,64,90,0.63,10000,0,1,1,102000
STU-2026-02969,Nursing,D,Delhi NCR,7.19,1,Startup,0.052,37,58,0.8,30000,0,0,1,22000
STU-2026-02970,MBA,A,Mumbai,7.26,2,MNC,0.15,85,54,0.79,10000,0,0,1,130000
STU-2026-02971,Nursing,A,Delhi NCR,8.59,1,SME,0.037,62,67,0.79,15000,0,1,1,59000
STU-2026-02972,Nursing,A,Bengaluru,6.82,3,Startup,0.157,64,70,0.45,25000,0,1,1,56000
STU-2026-02973,MBA,C,Hyderabad,6.81,0,None,0.0,58,92,0.69,25000,0,0,1,51000
STU-2026-02974,Engineering,B,Pune,7.56,3,MNC,0.225,33,76,0.79,10000,0,1,1,52000
STU-2026-02975,Engineering,C,Hyderabad,6.84,0,None,0.0,10,83,0.65,10000,0,0,1,37000
STU-2026-02976,Nursing,C,Mumbai,6.55,2,MNC,0.15,40,58,0.46,25000,0,0,1,30000
STU-2026-02977,Nursing,D,Delhi NCR,7.0,5,MNC,0.375,47,75,0.48,25000,0,0,0,30000
STU-2026-02978,Engineering,B,Chennai,7.9,0,None,0.0,45,65,0.81,15000,0,0,1,52000
STU-2026-02979,Nursing,B,Mumbai,9.4,3,Startup,0.157,59,59,0.72,20000,0,1,1,57000
STU-2026-02980,MBA,A,Mumbai,8.35,1,SME,0.037,47,55,0.59,20000,0,0,1,112000
STU-2026-02981,Engineering,D,Chennai,7.23,0,None,0.0,61,87,0.56,20000,0,0,1,35000
STU-2026-02982,Nursing,A,Delhi NCR,8.46,4,Startup,0.21,50,55,0.65,25000,0,0,1,76000
STU-2026-02983,Nursing,A,Hyderabad,6.16,1,SME,0.037,33,57,0.71,15000,0,0,1,45000
STU-2026-02984,MBA,A,Mumbai,8.78,1,SME,0.037,78,68,0.46,15000,0,1,1,115000
STU-2026-02985,MBA,D,Pune,5.32,1,MNC,0.075,49,74,0.64,25000,0,0,0,36000
STU-2026-02986,Engineering,D,Mumbai,6.58,0,None,0.0,45,64,0.54,15000,0,0,1,21000
STU-2026-02987,Engineering,B,Bengaluru,8.38,3,Startup,0.157,48,59,0.63,10000,0,0,1,63000
STU-2026-02988,MBA,B,Pune,6.65,4,SME,0.15,56,58,0.76,25000,0,1,1,49000
STU-2026-02989,MBA,B,Hyderabad,8.04,5,Startup,0.263,77,78,0.53,20000,0,1,1,84000
STU-2026-02990,Nursing,A,Mumbai,7.86,5,MNC,0.375,36,68,0.45,30000,0,1,1,68000
STU-2026-02991,MBA,B,Delhi NCR,7.71,4,SME,0.15,46,74,0.71,30000,0,1,1,51000
STU-2026-02992,Nursing,B,Pune,6.67,0,None,0.0,54,77,0.43,15000,0,0,1,38000
STU-2026-02993,Nursing,C,Hyderabad,6.9,1,MNC,0.075,49,77,0.63,20000,0,0,1,32000
STU-2026-02994,MBA,A,Hyderabad,8.73,5,Startup,0.263,15,93,0.38,30000,0,1,1,137000
STU-2026-02995,Nursing,A,Delhi NCR,8.74,2,MNC,0.15,0,70,0.68,25000,0,1,1,69000
STU-2026-02996,MBA,B,Pune,7.2,6,SME,0.225,48,64,0.5,30000,0,0,1,87000
STU-2026-02997,Nursing,D,Hyderabad,6.96,4,SME,0.15,52,73,0.67,20000,0,0,1,20000
STU-2026-02998,Nursing,D,Mumbai,5.77,3,MNC,0.225,34,70,0.53,30000,0,0,1,31000
STU-2026-02999,MBA,D,Chennai,7.02,2,MNC,0.15,42,83,0.41,20000,0,0,1,53000
STU-2026-03000,Nursing,A,Delhi NCR,7.69,0,None,0.0,35,67,0.59,30000,0,0,1,78000
STU-2026-03001,MBA,B,Bengaluru,7.02,1,MNC,0.075,37,69,0.69,15000,0,0,1,75000
STU-2026-03002,MBA,B,Pune,6.63,5,MNC,0.375,90,78,0.7,25000,0,1,1,95000
STU-2026-03003,Nursing,A,Hyderabad,7.5,4,SME,0.15,50,90,0.76,10000,0,1,1,69000
STU-2026-03004,MBA,D,Mumbai,6.28,2,SME,0.075,23,74,0.71,15000,0,0,1,37000
STU-2026-03005,MBA,B,Hyderabad,8.01,3,SME,0.113,53,76,0.74,30000,0,0,1,93000
STU-2026-03006,MBA,B,Hyderabad,5.96,0,None,0.0,85,60,0.48,30000,0,0,1,58000
STU-2026-03007,Engineering,C,Mumbai,5.6,4,SME,0.15,9,67,0.48,10000,0,0,0,37000
STU-2026-03008,Engineering,D,Delhi NCR,5.64,0,None,0.0,51,92,0.59,15000,0,0,0,34000
STU-2026-03009,MBA,C,Hyderabad,5.37,4,SME,0.15,70,86,0.69,20000,0,0,1,46000
STU-2026-03010,Engineering,D,Hyderabad,6.1,0,None,0.0,67,87,0.71,25000,0,0,1,25000
STU-2026-03011,Nursing,A,Bengaluru,8.35,0,None,0.0,79,85,0.56,25000,0,1,1,52000
STU-2026-03012,MBA,A,Chennai,8.99,2,MNC,0.15,44,82,0.49,30000,0,1,1,139000
STU-2026-03013,MBA,C,Mumbai,5.86,0,None,0.0,57,61,0.67,15000,0,0,0,31000
STU-2026-03014,MBA,D,Hyderabad,5.62,0,None,0.0,29,91,0.69,30000,0,0,1,40000
STU-2026-03015,MBA,C,Chennai,6.16,1,MNC,0.075,35,64,0.53,25000,0,0,0,47000
STU-2026-03016,Engineering,A,Mumbai,7.17,5,Startup,0.263,59,100,0.55,30000,0,1,1,106000
STU-2026-03017,MBA,D,Mumbai,7.14,1,Startup,0.052,47,65,0.58,30000,0,0,0,48000
STU-2026-03018,Engineering,A,Mumbai,6.81,5,Startup,0.263,79,49,0.7,10000,0,1,1,72000
STU-2026-03019,Engineering,A,Pune,8.66,5,SME,0.188,79,63,0.67,20000,0,0,1,85000
STU-2026-03020,Engineering,C,Chennai,8.35,6,Startup,0.315,34,42,0.53,10000,0,0,1,61000
STU-2026-03021,MBA,D,Bengaluru,6.36,5,MNC,0.375,44,69,0.74,30000,0,0,1,53000
STU-2026-03022,MBA,D,Chennai,8.2,0,None,0.0,30,51,0.72,20000,0,0,1,48000
STU-2026-03023,Engineering,C,Delhi NCR,6.04,0,None,0.0,25,83,0.7,25000,0,0,1,39000
STU-2026-03024,MBA,D,Hyderabad,7.48,0,None,0.0,43,67,0.72,15000,0,0,0,45000
STU-2026-03025,Engineering,D,Bengaluru,5.84,4,SME,0.15,24,66,0.52,15000,0,0,0,24000
STU-2026-03026,Nursing,B,Delhi NCR,7.6,0,None,0.0,63,43,0.56,10000,0,0,1,45000
STU-2026-03027,Nursing,D,Chennai,6.55,4,Startup,0.21,57,68,0.6,10000,0,0,1,31000
STU-2026-03028,Engineering,A,Delhi NCR,7.66,0,None,0.0,50,60,0.57,30000,0,1,1,86000
STU-2026-03029,Nursing,C,Mumbai,5.44,2,MNC,0.15,25,76,0.51,25000,0,0,0,32000
STU-2026-03030,Engineering,A,Bengaluru,7.71,3,Startup,0.157,79,89,0.53,15000,0,1,1,88000
STU-2026-03031,Engineering,C,Pune,5.49,0,None,0.0,43,67,0.64,30000,0,0,1,35000
STU-2026-03032,Engineering,D,Mumbai,7.39,0,None,0.0,0,77,0.77,15000,0,0,0,0
STU-2026-03033,Nursing,A,Mumbai,8.75,1,Startup,0.052,57,57,0.68,10000,0,1,1,79000
STU-2026-03034,Engineering,D,Bengaluru,6.35,6,Startup,0.315,16,72,0.69,15000,0,0,1,37000
STU-2026-03035,MBA,D,Hyderabad,10.0,3,Startup,0.157,67,87,0.45,10000,0,0,1,67000
STU-2026-03036,Engineering,B,Pune,6.5,0,None,0.0,92,91,0.55,30000,0,1,1,48000
STU-2026-03037,MBA,C,Delhi NCR,9.91,6,MNC,0.45,44,79,0.74,30000,0,1,1,111000
STU-2026-03038,MBA,A,Bengaluru,8.09,3,SME,0.113,70,58,0.62,10000,0,0,1,85000
STU-2026-03039,Engineering,D,Delhi NCR,6.86,0,None,0.0,72,84,0.59,10000,0,0,1,29000
STU-2026-03040,Engineering,D,Bengaluru,4.5,1,Startup,0.052,0,52,0.68,25000,0,0,0,0
STU-2026-03041,Nursing,A,Bengaluru,8.57,6,Startup,0.315,93,53,0.65,30000,1,1,1,76000
STU-2026-03042,Engineering,B,Mumbai,8.85,0,None,0.0,54,64,0.81,15000,0,1,1,75000
STU-2026-03043,Nursing,A,Pune,9.28,5,SME,0.188,47,89,0.55,15000,0,1,1,82000
STU-2026-03044,Engineering,B,Delhi NCR,6.88,4,MNC,0.3,76,74,0.55,30000,0,1,1,64000
STU-2026-03045,Nursing,C,Chennai,6.41,6,SME,0.225,41,77,0.64,30000,0,0,1,38000
STU-2026-03046,MBA,B,Pune,7.28,2,SME,0.075,47,48,0.7,15000,0,0,1,75000
STU-2026-03047,Engineering,B,Hyderabad,8.55,3,Startup,0.157,50,49,0.61,10000,0,1,1,71000
STU-2026-03048,MBA,B,Hyderabad,8.97,6,MNC,0.45,10,87,0.68,25000,0,1,1,60000
STU-2026-03049,Nursing,D,Pune,8.34,1,Startup,0.052,14,62,0.58,25000,0,0,1,33000
STU-2026-03050,Nursing,A,Pune,8.91,4,MNC,0.3,76,74,0.64,25000,0,1,1,79000
STU-2026-03051,Nursing,B,Mumbai,8.4,1,Startup,0.052,77,81,0.55,30000,0,1,1,41000
STU-2026-03052,Engineering,A,Chennai,9.06,2,MNC,0.15,55,95,0.45,20000,1,1,1,101000
STU-2026-03053,MBA,B,Mumbai,7.12,6,SME,0.225,64,60,0.59,20000,0,0,1,72000
STU-2026-03054,Engineering,C,Hyderabad,7.38,1,SME,0.037,17,58,0.46,20000,0,0,0,52000
STU-2026-03055,MBA,B,Chennai,6.65,0,None,0.0,45,73,0.56,15000,0,1,1,60000
STU-2026-03056,Engineering,B,Delhi NCR,7.84,4,SME,0.15,79,84,0.62,10000,0,1,1,87000
STU-2026-03057,Nursing,C,Bengaluru,6.68,0,None,0.0,29,60,0.43,30000,0,0,1,19000
STU-2026-03058,Nursing,C,Hyderabad,6.79,2,MNC,0.15,35,100,0.42,10000,0,0,1,33000
STU-2026-03059,MBA,A,Hyderabad,8.04,2,SME,0.075,49,69,0.47,30000,0,1,1,72000
STU-2026-03060,MBA,C,Hyderabad,6.77,6,MNC,0.45,25,85,0.78,20000,0,0,1,85000
STU-2026-03061,Nursing,C,Chennai,6.42,5,SME,0.188,16,96,0.65,10000,0,0,1,36000
STU-2026-03062,Nursing,A,Delhi NCR,8.42,6,SME,0.225,59,50,0.57,30000,0,1,1,78000
STU-2026-03063,MBA,A,Chennai,8.92,1,Startup,0.052,68,57,0.47,15000,0,1,1,111000
STU-2026-03064,Engineering,D,Pune,7.2,0,None,0.0,22,61,0.71,15000,0,0,0,29000
STU-2026-03065,Nursing,B,Mumbai,7.52,4,Startup,0.21,88,74,0.66,25000,0,1,1,59000
STU-2026-03066,Engineering,A,Chennai,10.0,4,Startup,0.21,44,52,0.62,30000,0,1,1,123000
STU-2026-03067,Nursing,D,Pune,5.54,5,SME,0.188,37,79,0.56,25000,0,0,1,26000
STU-2026-03068,Nursing,D,Chennai,7.09,2,Startup,0.105,39,82,0.51,30000,0,0,0,26000
STU-2026-03069,Nursing,B,Pune,7.01,1,SME,0.037,44,97,0.82,30000,0,0,1,41000
STU-2026-03070,MBA,A,Pune,8.05,6,SME,0.225,82,90,0.42,15000,0,1,1,102000
STU-2026-03071,MBA,A,Chennai,9.61,1,SME,0.037,69,58,0.58,20000,0,1,1,138000
STU-2026-03072,MBA,D,Chennai,8.05,6,Startup,0.315,11,98,0.76,30000,0,0,1,61000
STU-2026-03073,Engineering,A,Chennai,9.57,0,None,0.0,85,65,0.68,20000,1,1,1,100000
STU-2026-03074,Nursing,B,Chennai,6.87,3,Startup,0.157,63,74,0.55,20000,0,1,1,36000
STU-2026-03075,Engineering,D,Pune,6.0,2,MNC,0.15,59,44,0.69,20000,0,0,0,0
STU-2026-03076,Nursing,C,Bengaluru,4.72,6,MNC,0.45,28,74,0.73,30000,0,0,1,28000
STU-2026-03077,Nursing,C,Pune,7.5,2,MNC,0.15,18,72,0.48,30000,0,0,1,36000
STU-2026-03078,Nursing,A,Delhi NCR,7.56,3,MNC,0.225,63,72,0.72,20000,0,0,1,71000
STU-2026-03079,Engineering,C,Chennai,5.89,4,MNC,0.3,62,81,0.65,20000,0,0,1,50000
STU-2026-03080,MBA,B,Hyderabad,5.97,0,None,0.0,25,51,0.6,30000,0,0,1,31000
STU-2026-03081,Engineering,B,Delhi NCR,8.82,6,Startup,0.315,63,46,0.61,10000,0,1,1,94000
STU-2026-03082,Engineering,A,Hyderabad,9.08,3,Startup,0.157,33,64,0.51,10000,0,1,1,118000
STU-2026-03083,Nursing,D,Hyderabad,10.0,0,None,0.0,28,59,0.59,25000,0,0,1,32000
STU-2026-03084,Nursing,C,Mumbai,6.95,4,SME,0.15,42,71,0.53,20000,0,0,1,33000
STU-2026-03085,MBA,B,Mumbai,7.49,0,None,0.0,79,96,0.52,30000,0,0,1,61000
STU-2026-03086,Engineering,A,Mumbai,8.35,5,Startup,0.263,49,74,0.71,15000,0,0,1,116000
STU-2026-03087,Engineering,B,Hyderabad,7.04,3,SME,0.113,69,57,0.72,15000,0,1,1,63000
STU-2026-03088,MBA,A,Mumbai,8.83,2,Startup,0.105,45,61,0.68,20000,0,1,1,153000
STU-2026-03089,Engineering,C,Delhi NCR,6.41,0,None,0.0,53,100,0.53,20000,0,0,1,42000
STU-2026-03090,MBA,B,Mumbai,8.45,2,Startup,0.105,53,62,0.58,30000,0,1,1,83000
STU-2026-03091,Engineering,D,Pune,6.89,5,MNC,0.375,29,81,0.62,15000,0,0,1,37000
STU-2026-03092,MBA,D,Delhi NCR,4.4,0,None,0.0,19,82,0.73,30000,0,0,0,27000
STU-2026-03093,MBA,B,Chennai,7.37,1,Startup,0.052,75,74,0.78,10000,0,1,1,87000
STU-2026-03094,Engineering,C,Bengaluru,7.85,0,None,0.0,58,40,0.69,30000,0,0,1,42000
STU-2026-03095,Nursing,A,Chennai,7.01,4,SME,0.15,60,71,0.47,10000,0,0,1,67000
STU-2026-03096,Nursing,B,Pune,8.37,0,None,0.0,64,87,0.59,20000,0,1,1,40000
STU-2026-03097,Engineering,B,Hyderabad,5.94,3,Startup,0.157,97,87,0.46,15000,0,1,1,50000
STU-2026-03098,Engineering,C,Hyderabad,6.47,4,Startup,0.21,30,76,0.68,10000,0,0,1,44000
STU-2026-03099,MBA,D,Pune,6.61,3,Startup,0.157,63,77,0.61,15000,0,0,1,46000
STU-2026-03100,Engineering,D,Chennai,6.24,0,None,0.0,61,54,0.56,20000,0,0,0,24000
STU-2026-03101,Nursing,C,Hyderabad,4.91,6,SME,0.225,42,45,0.47,25000,0,0,1,25000
STU-2026-03102,MBA,C,Chennai,8.34,3,MNC,0.225,10,69,0.64,30000,0,0,1,84000
STU-2026-03103,Engineering,C,Hyderabad,7.41,1,SME,0.037,0,69,0.64,25000,0,0,0,34000
STU-2026-03104,MBA,A,Bengaluru,8.42,1,MNC,0.075,100,64,0.76,10000,0,1,1,120000
STU-2026-03105,Engineering,C,Delhi NCR,7.73,5,SME,0.188,40,66,0.67,15000,0,1,1,55000
STU-2026-03106,Engineering,B,Bengaluru,6.98,1,Startup,0.052,56,100,0.61,20000,0,0,1,45000
STU-2026-03107,Engineering,B,Mumbai,5.67,4,MNC,0.3,67,80,0.56,30000,0,0,1,45000
STU-2026-03108,Engineering,D,Hyderabad,6.96,6,MNC,0.45,52,62,0.77,20000,0,0,1,48000
STU-2026-03109,MBA,C,Hyderabad,7.82,4,Startup,0.21,38,67,0.46,30000,0,0,1,66000
STU-2026-03110,Nursing,D,Bengaluru,7.44,0,None,0.0,57,61,0.58,15000,0,0,1,21000
STU-2026-03111,MBA,D,Chennai,9.35,6,Startup,0.315,21,52,0.61,25000,0,1,1,50000
STU-2026-03112,Engineering,A,Bengaluru,8.09,5,SME,0.188,70,71,0.64,15000,0,1,1,90000
STU-2026-03113,MBA,C,Bengaluru,6.62,1,SME,0.037,12,69,0.56,15000,0,0,0,51000
STU-2026-03114,Engineering,A,Chennai,6.74,0,None,0.0,55,100,0.49,10000,0,1,1,70000
STU-2026-03115,Engineering,B,Hyderabad,6.9,0,None,0.0,34,72,0.75,10000,0,0,1,51000
STU-2026-03116,Nursing,C,Hyderabad,8.01,0,None,0.0,49,46,0.61,25000,0,0,1,34000
STU-2026-03117,Nursing,A,Mumbai,6.01,4,Startup,0.21,68,67,0.42,25000,0,0,1,64000
STU-2026-03118,Engineering,B,Chennai,6.77,3,MNC,0.225,42,69,0.54,30000,0,0,1,60000
STU-2026-03119,Engineering,D,Pune,5.36,1,SME,0.037,27,77,0.6,25000,0,0,0,33000
STU-2026-03120,Engineering,B,Delhi NCR,8.23,3,Startup,0.157,77,68,0.62,20000,0,1,1,79000
STU-2026-03121,Nursing,C,Pune,6.67,0,None,0.0,46,72,0.6,15000,0,1,1,26000
STU-2026-03122,Nursing,A,Delhi NCR,7.66,0,None,0.0,74,61,0.57,10000,0,0,1,63000
STU-2026-03123,Nursing,D,Pune,7.41,5,MNC,0.375,32,81,0.41,10000,0,0,1,34000
STU-2026-03124,MBA,A,Hyderabad,7.26,6,Startup,0.315,25,65,0.67,10000,0,1,1,113000
STU-2026-03125,Nursing,D,Bengaluru,7.68,0,None,0.0,56,88,0.56,15000,0,0,0,27000
STU-2026-03126,Engineering,D,Chennai,5.58,5,SME,0.188,22,65,0.57,30000,0,0,0,33000
STU-2026-03127,Engineering,A,Delhi NCR,7.91,0,None,0.0,68,70,0.69,15000,0,1,1,80000
STU-2026-03128,Nursing,B,Chennai,7.13,2,MNC,0.15,57,58,0.51,25000,0,1,1,38000
STU-2026-03129,MBA,A,Chennai,7.94,5,SME,0.188,80,65,0.68,15000,0,1,1,102000
STU-2026-03130,Engineering,B,Delhi NCR,5.91,6,MNC,0.45,86,53,0.67,30000,0,0,1,76000
STU-2026-03131,Nursing,B,Delhi NCR,9.71,3,Startup,0.157,26,54,0.68,25000,0,1,1,70000
STU-2026-03132,Engineering,D,Chennai,6.11,6,SME,0.225,90,72,0.48,25000,0,0,1,28000
STU-2026-03133,Engineering,B,Pune,9.09,1,SME,0.037,47,77,0.55,20000,0,0,1,50000
STU-2026-03134,MBA,C,Hyderabad,7.52,4,SME,0.15,72,56,0.45,10000,0,0,1,47000
STU-2026-03135,Engineering,D,Hyderabad,8.26,5,Startup,0.263,17,53,0.62,10000,0,0,0,43000
STU-2026-03136,Engineering,B,Pune,7.85,0,None,0.0,11,95,0.6,10000,0,0,1,49000
STU-2026-03137,MBA,B,Chennai,8.49,4,SME,0.15,72,91,0.53,25000,0,1,1,96000
STU-2026-03138,Nursing,A,Bengaluru,8.76,3,MNC,0.225,83,59,0.59,30000,0,1,1,82000
STU-2026-03139,Nursing,B,Bengaluru,8.2,0,None,0.0,27,87,0.49,10000,0,0,1,54000
STU-2026-03140,Engineering,C,Pune,7.19,6,MNC,0.45,48,52,0.5,30000,0,1,1,54000
STU-2026-03141,Engineering,B,Mumbai,7.01,3,SME,0.113,79,54,0.63,25000,0,0,1,58000
STU-2026-03142,Nursing,D,Hyderabad,6.18,5,Startup,0.263,26,54,0.65,20000,0,0,0,31000
STU-2026-03143,Nursing,B,Chennai,7.28,6,Startup,0.315,39,66,0.56,30000,0,1,1,50000
STU-2026-03144,MBA,B,Bengaluru,7.22,4,MNC,0.3,88,78,0.77,10000,0,1,1,76000
STU-2026-03145,Engineering,A,Delhi NCR,8.99,2,Startup,0.105,91,93,0.7,10000,1,1,1,98000
STU-2026-03146,Nursing,C,Mumbai,5.8,0,None,0.0,31,45,0.73,20000,0,0,0,30000
STU-2026-03147,Engineering,B,Chennai,6.27,1,MNC,0.075,82,63,0.47,15000,0,1,1,58000
STU-2026-03148,Nursing,B,Chennai,7.71,6,Startup,0.315,61,77,0.62,10000,0,1,1,53000
STU-2026-03149,Engineering,C,Bengaluru,9.15,0,None,0.0,100,93,0.65,30000,0,1,1,46000
STU-2026-03150,Engineering,A,Hyderabad,7.61,1,SME,0.037,49,100,0.78,25000,0,1,1,70000
STU-2026-03151,MBA,A,Bengaluru,8.91,4,MNC,0.3,55,38,0.63,30000,0,1,1,131000
STU-2026-03152,Engineering,B,Pune,7.25,0,None,0.0,50,69,0.59,15000,0,0,1,66000
STU-2026-03153,Nursing,B,Mumbai,6.52,1,SME,0.037,41,65,0.59,25000,0,1,1,39000
STU-2026-03154,MBA,D,Chennai,7.48,0,None,0.0,47,73,0.63,10000,0,0,0,41000
STU-2026-03155,Nursing,A,Mumbai,9.13,0,None,0.0,100,52,0.64,25000,0,1,1,92000
STU-2026-03156,Engineering,B,Bengaluru,6.15,0,None,0.0,72,49,0.57,30000,0,0,1,53000
STU-2026-03157,Nursing,A,Pune,7.34,0,None,0.0,73,70,0.63,20000,0,1,1,46000
STU-2026-03158,Nursing,D,Bengaluru,7.77,0,None,0.0,26,86,0.63,30000,0,0,1,24000
STU-2026-03159,Nursing,B,Mumbai,8.32,2,Startup,0.105,85,62,0.49,25000,0,1,1,40000
STU-2026-03160,MBA,B,Hyderabad,6.19,0,None,0.0,39,64,0.47,15000,0,0,0,48000
STU-2026-03161,MBA,C,Hyderabad,7.57,0,None,0.0,8,65,0.79,20000,0,0,1,57000
STU-2026-03162,Engineering,A,Mumbai,7.44,5,SME,0.188,100,62,0.58,25000,0,1,1,88000
STU-2026-03163,Nursing,B,Delhi NCR,7.55,5,SME,0.188,54,66,0.64,20000,0,1,1,45000
STU-2026-03164,Engineering,B,Hyderabad,6.73,2,MNC,0.15,48,49,0.44,30000,0,0,1,66000
STU-2026-03165,Engineering,C,Delhi NCR,7.85,1,SME,0.037,0,66,0.49,10000,0,0,1,44000
STU-2026-03166,Engineering,C,Bengaluru,7.51,5,Startup,0.263,40,42,0.5,10000,0,0,1,55000
STU-2026-03167,Engineering,B,Pune,6.09,0,None,0.0,29,71,0.46,20000,0,0,0,42000
STU-2026-03168,Engineering,D,Delhi NCR,6.21,5,Startup,0.263,18,59,0.6,25000,0,0,0,36000
STU-2026-03169,MBA,B,Bengaluru,7.12,3,MNC,0.225,63,83,0.68,15000,0,1,1,91000
STU-2026-03170,Engineering,B,Pune,7.74,4,MNC,0.3,51,64,0.51,20000,0,1,1,83000
STU-2026-03171,Nursing,B,Pune,6.77,4,Startup,0.21,59,60,0.62,10000,0,0,1,41000
STU-2026-03172,Engineering,A,Pune,7.66,1,Startup,0.052,70,69,0.56,25000,0,1,1,78000
STU-2026-03173,Nursing,A,Pune,9.1,2,Startup,0.105,41,67,0.46,30000,0,1,1,58000
STU-2026-03174,Nursing,A,Delhi NCR,8.8,2,SME,0.075,75,82,0.6,10000,0,1,1,64000
STU-2026-03175,Engineering,C,Mumbai,8.64,0,None,0.0,76,72,0.55,10000,0,1,1,44000
STU-2026-03176,Engineering,C,Pune,7.07,5,SME,0.188,74,57,0.68,25000,0,0,1,48000
STU-2026-03177,MBA,D,Delhi NCR,5.61,3,Startup,0.157,22,74,0.46,30000,0,0,0,40000
STU-2026-03178,Nursing,C,Delhi NCR,7.98,0,None,0.0,5,90,0.77,15000,0,0,1,29000
STU-2026-03179,Engineering,C,Pune,6.41,2,Startup,0.105,39,74,0.6,25000,0,0,1,40000
STU-2026-03180,MBA,A,Mumbai,8.41,0,None,0.0,51,65,0.54,10000,0,1,1,132000
STU-2026-03181,Engineering,A,Mumbai,8.64,6,Startup,0.315,87,82,0.62,30000,0,1,1,112000
STU-2026-03182,Engineering,A,Pune,7.93,1,Startup,0.052,37,48,0.65,15000,0,1,1,71000
STU-2026-03183,MBA,A,Hyderabad,7.6,0,None,0.0,83,57,0.62,10000,0,1,1,105000
STU-2026-03184,Nursing,C,Pune,5.77,0,None,0.0,42,73,0.62,30000,0,0,1,26000
STU-2026-03185,Engineering,A,Delhi NCR,9.95,4,MNC,0.3,100,60,0.37,15000,1,1,1,137000
STU-2026-03186,Nursing,A,Pune,9.05,2,MNC,0.15,66,71,0.71,25000,1,1,1,64000
STU-2026-03187,Nursing,B,Delhi NCR,6.68,0,None,0.0,58,71,0.58,10000,0,0,1,43000
STU-2026-03188,MBA,C,Hyderabad,8.87,4,Startup,0.21,54,57,0.59,15000,0,0,1,83000
STU-2026-03189,MBA,B,Mumbai,7.89,1,MNC,0.075,100,63,0.64,30000,1,1,1,72000
STU-2026-03190,MBA,B,Delhi NCR,7.65,5,SME,0.188,41,71,0.52,20000,0,1,1,86000
STU-2026-03191,MBA,D,Chennai,5.68,0,None,0.0,61,73,0.7,20000,0,0,0,34000
STU-2026-03192,MBA,A,Bengaluru,8.82,0,None,0.0,52,51,0.6,10000,0,1,1,133000
STU-2026-03193,MBA,B,Chennai,7.07,2,SME,0.075,34,64,0.55,25000,0,0,1,69000
STU-2026-03194,Engineering,D,Delhi NCR,5.9,4,Startup,0.21,68,72,0.64,15000,0,0,0,21000
STU-2026-03195,Engineering,C,Hyderabad,5.07,0,None,0.0,28,79,0.37,15000,0,0,1,30000
STU-2026-03196,Engineering,D,Mumbai,8.43,0,None,0.0,18,78,0.61,20000,0,0,1,37000
STU-2026-03197,MBA,D,Pune,7.37,0,None,0.0,68,60,0.62,20000,0,0,0,47000
STU-2026-03198,Nursing,A,Mumbai,9.76,1,Startup,0.052,35,69,0.69,30000,0,1,1,81000
STU-2026-03199,MBA,D,Mumbai,6.33,1,MNC,0.075,29,69,0.6,20000,0,0,0,38000
STU-2026-03200,Nursing,B,Hyderabad,9.07,5,MNC,0.375,52,51,0.58,30000,0,1,1,56000
STU-2026-03201,Nursing,C,Hyderabad,6.97,0,None,0.0,22,61,0.62,15000,0,0,0,22000
STU-2026-03202,Nursing,A,Delhi NCR,8.74,1,Startup,0.052,21,55,0.42,30000,0,0,1,76000
STU-2026-03203,Nursing,A,Hyderabad,8.29,5,Startup,0.263,100,86,0.51,25000,0,1,1,114000
STU-2026-03204,Nursing,D,Chennai,8.08,0,None,0.0,55,71,0.63,10000,0,0,0,28000
STU-2026-03205,Engineering,D,Hyderabad,6.89,0,None,0.0,17,62,0.75,10000,0,0,0,41000
STU-2026-03206,MBA,D,Hyderabad,4.71,3,MNC,0.225,27,47,0.48,25000,0,0,0,0
STU-2026-03207,MBA,A,Bengaluru,8.45,3,MNC,0.225,65,60,0.38,25000,0,1,1,127000
STU-2026-03208,MBA,C,Bengaluru,5.46,0,None,0.0,47,73,0.57,15000,0,0,0,32000
STU-2026-03209,MBA,D,Bengaluru,7.71,0,None,0.0,15,61,0.66,30000,0,0,1,55000
STU-2026-03210,Nursing,C,Hyderabad,8.07,1,SME,0.037,32,47,0.74,25000,0,0,1,32000
STU-2026-03211,Engineering,A,Chennai,8.94,3,MNC,0.225,53,93,0.55,25000,1,1,1,126000
STU-2026-03212,Nursing,B,Mumbai,9.3,1,SME,0.037,51,76,0.5,25000,0,1,1,61000
STU-2026-03213,Nursing,B,Mumbai,9.9,0,None,0.0,70,81,0.55,10000,0,1,1,52000
STU-2026-03214,Engineering,A,Chennai,8.29,6,Startup,0.315,63,65,0.61,10000,0,1,1,106000
STU-2026-03215,Nursing,A,Bengaluru,9.06,6,SME,0.225,64,75,0.45,30000,0,1,1,92000
STU-2026-03216,Nursing,D,Bengaluru,6.32,1,Startup,0.052,92,36,0.68,10000,0,0,1,25000
STU-2026-03217,Nursing,C,Chennai,7.01,1,SME,0.037,54,83,0.53,25000,0,0,1,30000
STU-2026-03218,MBA,C,Hyderabad,5.49,0,None,0.0,58,62,0.45,10000,0,0,0,35000
STU-2026-03219,MBA,C,Hyderabad,8.03,2,SME,0.075,44,91,0.53,25000,0,0,1,88000
STU-2026-03220,Nursing,C,Pune,7.23,5,MNC,0.375,62,80,0.46,10000,0,1,1,45000
STU-2026-03221,Engineering,C,Hyderabad,6.49,0,None,0.0,18,80,0.5,25000,0,0,1,38000
STU-2026-03222,MBA,D,Chennai,5.33,0,None,0.0,27,66,0.84,15000,0,0,0,30000
STU-2026-03223,Engineering,D,Hyderabad,6.15,0,None,0.0,52,62,0.49,30000,0,0,0,27000
STU-2026-03224,MBA,A,Chennai,7.73,2,SME,0.075,49,88,0.57,25000,0,0,1,99000
STU-2026-03225,Nursing,C,Bengaluru,6.87,4,SME,0.15,7,94,0.69,30000,0,0,1,36000
STU-2026-03226,Engineering,D,Chennai,4.29,5,SME,0.188,78,57,0.52,25000,0,0,0,28000
STU-2026-03227,Nursing,A,Delhi NCR,9.04,0,None,0.0,78,65,0.57,20000,0,1,1,68000
STU-2026-03228,Engineering,A,Delhi NCR,8.91,1,SME,0.037,77,79,0.35,25000,0,1,1,94000
STU-2026-03229,Engineering,C,Pune,7.0,0,None,0.0,21,50,0.65,30000,0,0,0,43000
STU-2026-03230,Nursing,B,Bengaluru,6.83,6,SME,0.225,88,85,0.63,30000,0,1,1,53000
STU-2026-03231,Nursing,B,Delhi NCR,7.89,3,MNC,0.225,65,86,0.74,25000,0,1,1,45000
STU-2026-03232,Nursing,D,Bengaluru,5.86,0,None,0.0,2,69,0.66,10000,0,0,0,18000
STU-2026-03233,Nursing,D,Chennai,8.15,5,Startup,0.263,44,75,0.72,25000,0,0,1,46000
STU-2026-03234,Nursing,B,Chennai,7.05,5,Startup,0.263,100,55,0.65,10000,0,1,1,58000
STU-2026-03235,MBA,D,Hyderabad,6.23,0,None,0.0,47,60,0.69,10000,0,0,0,45000
STU-2026-03236,MBA,A,Bengaluru,7.4,1,Startup,0.052,33,84,0.54,15000,0,1,1,95000
STU-2026-03237,Engineering,C,Hyderabad,5.22,6,Startup,0.315,38,89,0.7,20000,0,0,1,46000
STU-2026-03238,Nursing,B,Mumbai,6.44,5,MNC,0.375,53,76,0.59,20000,0,1,1,40000
STU-2026-03239,Nursing,D,Hyderabad,4.3,2,SME,0.075,60,74,0.69,10000,0,0,0,14000
STU-2026-03240,MBA,B,Delhi NCR,7.51,2,SME,0.075,77,67,0.68,25000,0,0,1,73000
STU-2026-03241,Nursing,A,Pune,8.14,0,None,0.0,85,73,0.77,10000,0,1,1,64000
STU-2026-03242,Engineering,C,Mumbai,7.02,0,None,0.0,56,58,0.77,10000,0,0,1,34000
STU-2026-03243,Nursing,B,Delhi NCR,7.48,5,SME,0.188,54,100,0.7,15000,0,1,1,49000
STU-2026-03244,Engineering,D,Mumbai,7.94,0,None,0.0,65,26,0.66,25000,0,0,1,29000
STU-2026-03245,Nursing,D,Mumbai,7.86,0,None,0.0,96,78,0.71,15000,0,1,1,24000
STU-2026-03246,Engineering,C,Delhi NCR,4.57,1,Startup,0.052,56,66,0.46,20000,0,0,0,30000
STU-2026-03247,Nursing,A,Bengaluru,8.08,3,Startup,0.157,44,67,0.6,25000,0,0,1,71000
STU-2026-03248,Engineering,C,Mumbai,5.19,4,Startup,0.21,56,47,0.7,10000,0,0,1,33000
STU-2026-03249,Engineering,C,Delhi NCR,7.15,0,None,0.0,18,74,0.53,30000,0,0,0,43000
STU-2026-03250,MBA,D,Mumbai,5.43,0,None,0.0,8,74,0.6,25000,0,0,0,33000
STU-2026-03251,Nursing,A,Hyderabad,8.25,0,None,0.0,72,71,0.4,20000,0,0,1,82000
STU-2026-03252,Nursing,A,Hyderabad,8.2,6,MNC,0.45,79,65,0.59,25000,0,1,1,126000
STU-2026-03253,MBA,B,Mumbai,7.75,4,Startup,0.21,49,45,0.8,25000,0,1,1,97000
STU-2026-03254,Nursing,A,Bengaluru,8.88,5,MNC,0.375,51,80,0.54,25000,0,1,1,111000
STU-2026-03255,Nursing,D,Delhi NCR,6.61,5,SME,0.188,53,76,0.66,30000,0,0,0,25000
STU-2026-03256,Nursing,B,Chennai,7.18,4,SME,0.15,43,76,0.72,30000,0,1,1,44000
STU-2026-03257,Nursing,D,Delhi NCR,7.15,4,SME,0.15,51,79,0.51,20000,0,0,1,32000
STU-2026-03258,Nursing,A,Delhi NCR,8.96,3,Startup,0.157,84,78,0.5,10000,0,1,1,60000
STU-2026-03259,Engineering,A,Hyderabad,8.53,0,None,0.0,57,69,0.72,30000,0,1,1,84000
STU-2026-03260,Nursing,B,Mumbai,7.52,4,Startup,0.21,23,66,0.35,15000,0,0,1,57000
STU-2026-03261,Nursing,D,Chennai,7.34,0,None,0.0,25,71,0.49,10000,0,0,0,36000
STU-2026-03262,Engineering,D,Mumbai,9.01,0,None,0.0,41,72,0.5,10000,0,0,1,43000
STU-2026-03263,Engineering,D,Bengaluru,6.17,0,None,0.0,63,94,0.63,15000,0,0,1,21000
STU-2026-03264,MBA,B,Mumbai,8.25,3,Startup,0.157,37,64,0.7,20000,0,1,1,82000
STU-2026-03265,Nursing,A,Pune,7.87,1,MNC,0.075,46,52,0.54,30000,0,0,1,72000
STU-2026-03266,Nursing,C,Bengaluru,7.27,0,None,0.0,54,56,0.48,30000,0,0,1,31000
STU-2026-03267,MBA,B,Mumbai,7.35,4,Startup,0.21,54,96,0.64,20000,0,1,1,98000
STU-2026-03268,Nursing,D,Pune,8.84,0,None,0.0,13,79,0.56,10000,0,0,0,37000
STU-2026-03269,MBA,D,Delhi NCR,6.45,0,None,0.0,14,64,0.52,20000,0,0,0,0
STU-2026-03270,MBA,D,Delhi NCR,6.53,0,None,0.0,83,60,0.77,25000,0,0,1,40000
STU-2026-03271,MBA,A,Hyderabad,8.8,3,Startup,0.157,60,89,0.66,15000,0,1,1,137000
STU-2026-03272,Engineering,A,Pune,8.83,0,None,0.0,54,72,0.54,20000,0,0,1,70000
STU-2026-03273,MBA,D,Pune,4.96,6,MNC,0.45,57,33,0.53,25000,0,0,0,39000
STU-2026-03274,MBA,C,Mumbai,4.57,0,None,0.0,50,51,0.71,20000,0,0,0,32000
STU-2026-03275,Nursing,C,Bengaluru,6.8,1,SME,0.037,46,71,0.56,25000,0,0,1,32000
STU-2026-03276,Engineering,B,Mumbai,6.73,0,None,0.0,69,88,0.67,20000,0,1,1,51000
STU-2026-03277,Engineering,D,Pune,5.68,4,SME,0.15,20,75,0.69,25000,0,0,1,34000
STU-2026-03278,MBA,D,Bengaluru,5.4,5,MNC,0.375,21,100,0.58,25000,0,0,1,36000
STU-2026-03279,Engineering,A,Mumbai,9.45,0,None,0.0,70,58,0.5,10000,0,1,1,98000
STU-2026-03280,Engineering,C,Hyderabad,7.8,3,SME,0.113,54,66,0.55,30000,0,0,1,45000
STU-2026-03281,Nursing,D,Mumbai,6.64,0,None,0.0,40,57,0.66,30000,0,0,0,20000
STU-2026-03282,Engineering,A,Pune,7.92,4,Startup,0.21,65,71,0.64,25000,0,1,1,118000
STU-2026-03283,Nursing,B,Bengaluru,7.79,2,SME,0.075,39,66,0.5,30000,0,1,1,61000
STU-2026-03284,MBA,D,Mumbai,7.58,3,Startup,0.157,61,74,0.64,15000,0,0,0,50000
STU-2026-03285,Nursing,D,Delhi NCR,5.74,6,Startup,0.315,47,69,0.79,10000,0,0,1,27000
STU-2026-03286,Engineering,A,Bengaluru,7.99,0,None,0.0,94,70,0.63,30000,0,1,1,77000
STU-2026-03287,MBA,B,Chennai,7.54,4,Startup,0.21,21,47,0.63,15000,0,1,1,89000
STU-2026-03288,MBA,C,Chennai,5.94,4,SME,0.15,4,82,0.54,10000,0,0,1,52000
STU-2026-03289,MBA,C,Chennai,7.37,0,None,0.0,41,76,0.59,20000,0,0,1,45000
STU-2026-03290,Nursing,B,Delhi NCR,5.11,0,None,0.0,56,93,0.67,30000,0,0,1,25000
STU-2026-03291,Nursing,B,Hyderabad,8.5,3,Startup,0.157,58,94,0.5,20000,0,1,1,48000
STU-2026-03292,Engineering,A,Chennai,7.01,3,Startup,0.157,41,72,0.53,20000,0,0,0,97000
STU-2026-03293,MBA,D,Delhi NCR,4.78,2,MNC,0.15,55,70,0.81,10000,0,0,1,29000
STU-2026-03294,Engineering,B,Bengaluru,6.8,4,Startup,0.21,90,48,0.62,30000,0,0,1,58000
STU-2026-03295,Nursing,D,Chennai,7.22,6,MNC,0.45,45,77,0.61,25000,0,0,1,36000
STU-2026-03296,MBA,D,Bengaluru,6.01,0,None,0.0,40,59,0.52,20000,0,0,0,34000
STU-2026-03297,Nursing,B,Pune,7.54,0,None,0.0,78,63,0.62,15000,0,0,1,38000
STU-2026-03298,Nursing,D,Chennai,6.89,0,None,0.0,65,73,0.62,10000,0,0,0,31000
STU-2026-03299,MBA,C,Chennai,6.02,0,None,0.0,0,83,0.59,30000,0,0,0,39000
STU-2026-03300,Engineering,A,Hyderabad,9.7,2,MNC,0.15,67,78,0.62,20000,0,1,1,139000
STU-2026-03301,MBA,B,Mumbai,7.25,2,Startup,0.105,31,83,0.65,30000,0,0,1,80000
STU-2026-03302,Nursing,B,Delhi NCR,7.13,2,Startup,0.105,60,68,0.54,15000,0,1,1,35000
STU-2026-03303,MBA,A,Mumbai,10.0,6,SME,0.225,78,43,0.58,10000,0,1,1,167000
STU-2026-03304,Nursing,A,Chennai,7.41,4,Startup,0.21,61,68,0.53,30000,0,1,1,79000
STU-2026-03305,MBA,A,Pune,6.84,2,Startup,0.105,70,82,0.58,20000,0,1,1,114000
STU-2026-03306,MBA,C,Delhi NCR,5.95,0,None,0.0,25,63,0.72,10000,0,0,1,34000
STU-2026-03307,Nursing,B,Hyderabad,8.51,6,MNC,0.45,76,93,0.64,25000,0,1,1,81000
STU-2026-03308,Nursing,B,Pune,8.2,5,MNC,0.375,100,84,0.62,10000,0,1,1,57000
STU-2026-03309,Nursing,C,Bengaluru,5.08,1,MNC,0.075,35,84,0.6,30000,0,0,1,25000
STU-2026-03310,MBA,C,Hyderabad,6.32,5,SME,0.188,42,77,0.61,30000,0,0,1,47000
STU-2026-03311,MBA,B,Chennai,7.07,3,Startup,0.157,100,88,0.45,25000,0,0,1,77000
STU-2026-03312,Nursing,B,Pune,8.39,0,None,0.0,50,85,0.61,25000,0,0,1,52000
STU-2026-03313,Nursing,B,Delhi NCR,6.97,1,MNC,0.075,54,80,0.6,30000,0,1,1,46000
STU-2026-03314,Nursing,D,Chennai,7.55,0,None,0.0,39,83,0.57,20000,0,0,1,22000
STU-2026-03315,Engineering,B,Hyderabad,8.54,5,Startup,0.263,66,100,0.84,15000,1,1,1,81000
STU-2026-03316,Nursing,B,Bengaluru,6.55,1,MNC,0.075,78,73,0.65,10000,0,1,1,34000
STU-2026-03317,Nursing,D,Mumbai,5.69,0,None,0.0,34,82,0.66,15000,0,0,0,22000
STU-2026-03318,Nursing,B,Bengaluru,6.3,5,MNC,0.375,43,68,0.54,30000,0,1,1,50000
STU-2026-03319,Nursing,B,Bengaluru,9.27,0,None,0.0,55,68,0.72,10000,0,1,1,63000
STU-2026-03320,Engineering,A,Bengaluru,8.63,1,MNC,0.075,13,88,0.69,10000,0,1,1,68000
STU-2026-03321,Nursing,D,Pune,6.0,0,None,0.0,25,57,0.77,10000,0,0,0,20000
STU-2026-03322,Engineering,A,Hyderabad,8.64,5,SME,0.188,71,20,0.54,30000,0,0,1,112000
STU-2026-03323,Nursing,D,Chennai,6.45,0,None,0.0,40,39,0.57,10000,0,0,0,27000
STU-2026-03324,Nursing,A,Delhi NCR,8.78,0,None,0.0,33,89,0.67,25000,0,1,1,47000
STU-2026-03325,Engineering,C,Mumbai,7.94,2,SME,0.075,25,75,0.61,20000,0,0,1,48000
STU-2026-03326,MBA,B,Chennai,7.48,5,SME,0.188,92,60,0.68,10000,0,1,1,70000
STU-2026-03327,MBA,C,Pune,6.8,5,SME,0.188,57,90,0.75,15000,0,0,1,49000
STU-2026-03328,Engineering,C,Delhi NCR,6.42,0,None,0.0,10,67,0.57,30000,0,0,1,25000
STU-2026-03329,MBA,A,Mumbai,7.61,0,None,0.0,45,88,0.49,10000,0,1,1,96000
STU-2026-03330,MBA,D,Bengaluru,8.05,0,None,0.0,55,72,0.54,20000,0,0,0,48000
STU-2026-03331,MBA,D,Pune,7.44,3,MNC,0.225,1,51,0.63,10000,0,0,1,44000
STU-2026-03332,MBA,D,Chennai,6.11,0,None,0.0,0,91,0.47,20000,0,0,0,35000
STU-2026-03333,Engineering,A,Mumbai,9.23,4,Startup,0.21,44,71,0.43,20000,0,0,1,125000
STU-2026-03334,Engineering,A,Chennai,6.77,2,Startup,0.105,55,85,0.67,10000,0,0,1,59000
STU-2026-03335,MBA,C,Mumbai,7.41,0,None,0.0,74,60,0.52,30000,0,0,1,57000
STU-2026-03336,MBA,D,Mumbai,8.27,1,Startup,0.052,9,48,0.83,30000,0,0,0,52000
STU-2026-03337,Engineering,D,Pune,5.97,3,SME,0.113,52,84,0.63,15000,0,0,1,29000
STU-2026-03338,MBA,D,Bengaluru,6.48,0,None,0.0,46,77,0.62,25000,0,0,0,39000
STU-2026-03339,Engineering,B,Hyderabad,7.13,5,SME,0.188,48,70,0.5,30000,0,0,1,38000
STU-2026-03340,Engineering,D,Hyderabad,8.9,6,SME,0.225,54,68,0.53,25000,0,0,0,44000
STU-2026-03341,Nursing,A,Delhi NCR,8.77,0,None,0.0,79,80,0.62,30000,0,1,1,64000
STU-2026-03342,MBA,B,Delhi NCR,8.59,1,SME,0.037,52,57,0.5,25000,0,0,1,91000
STU-2026-03343,MBA,A,Chennai,7.61,2,MNC,0.15,39,81,0.63,10000,0,1,1,121000
STU-2026-03344,Engineering,D,Chennai,5.9,3,Startup,0.157,42,72,0.51,30000,0,0,0,28000
STU-2026-03345,Nursing,B,Pune,9.54,0,None,0.0,52,88,0.55,10000,0,1,1,60000
STU-2026-03346,Nursing,A,Hyderabad,8.96,2,MNC,0.15,68,91,0.64,25000,1,1,1,60000
STU-2026-03347,MBA,C,Hyderabad,7.22,0,None,0.0,47,56,0.66,10000,0,0,0,47000
STU-2026-03348,MBA,D,Pune,4.4,0,None,0.0,79,67,0.82,10000,0,0,1,27000
STU-2026-03349,Nursing,B,Pune,6.91,5,MNC,0.375,39,78,0.59,10000,0,0,1,41000
STU-2026-03350,Engineering,B,Delhi NCR,6.54,0,None,0.0,96,100,0.62,30000,0,1,1,46000
STU-2026-03351,MBA,B,Pune,6.57,2,MNC,0.15,88,98,0.51,30000,0,1,1,65000
STU-2026-03352,MBA,C,Hyderabad,6.3,4,MNC,0.3,70,50,0.65,20000,0,0,1,57000
STU-2026-03353,Nursing,C,Delhi NCR,7.87,1,SME,0.037,44,88,0.45,20000,0,0,1,35000
STU-2026-03354,Nursing,C,Delhi NCR,4.0,0,None,0.0,13,58,0.69,10000,0,0,0,0
STU-2026-03355,MBA,D,Hyderabad,5.82,0,None,0.0,60,46,0.39,30000,0,0,0,26000
STU-2026-03356,Engineering,B,Delhi NCR,6.09,1,SME,0.037,71,83,0.68,30000,0,1,1,56000
STU-2026-03357,Engineering,A,Mumbai,6.5,2,SME,0.075,69,62,0.53,20000,0,1,1,53000
STU-2026-03358,MBA,C,Mumbai,4.7,0,None,0.0,56,77,0.61,15000,0,0,0,37000
STU-2026-03359,Engineering,C,Pune,7.62,5,MNC,0.375,42,52,0.56,30000,0,0,1,72000
STU-2026-03360,Nursing,C,Chennai,6.41,3,MNC,0.225,34,68,0.63,10000,0,0,1,19000
STU-2026-03361,Engineering,D,Hyderabad,8.23,5,MNC,0.375,85,61,0.49,15000,0,0,1,50000
STU-2026-03362,Nursing,C,Chennai,7.99,0,None,0.0,41,58,0.47,10000,0,0,1,37000
STU-2026-03363,Engineering,D,Mumbai,8.07,0,None,0.0,16,98,0.43,30000,0,0,1,26000
STU-2026-03364,MBA,A,Pune,7.57,0,None,0.0,91,82,0.55,20000,0,1,1,99000
STU-2026-03365,Nursing,A,Mumbai,8.61,0,None,0.0,85,63,0.44,20000,0,1,1,62000
STU-2026-03366,Engineering,B,Pune,6.2,1,SME,0.037,66,67,0.63,10000,0,0,1,51000
STU-2026-03367,MBA,B,Pune,6.18,0,None,0.0,43,66,0.77,10000,0,0,1,67000
STU-2026-03368,Nursing,C,Bengaluru,8.5,4,MNC,0.3,100,71,0.74,30000,0,1,1,54000
STU-2026-03369,Engineering,B,Mumbai,9.27,0,None,0.0,52,63,0.63,10000,0,1,1,72000
STU-2026-03370,MBA,C,Chennai,8.68,0,None,0.0,28,65,0.62,25000,0,0,1,44000
STU-2026-03371,MBA,A,Hyderabad,7.74,3,SME,0.113,74,92,0.48,20000,0,1,1,111000
STU-2026-03372,Nursing,C,Bengaluru,4.31,2,SME,0.075,29,44,0.74,30000,0,0,0,25000
STU-2026-03373,MBA,D,Hyderabad,8.14,2,Startup,0.105,24,54,0.58,20000,0,0,1,54000
STU-2026-03374,Engineering,C,Delhi NCR,5.87,1,Startup,0.052,59,74,0.57,10000,0,0,0,34000
STU-2026-03375,Nursing,B,Pune,6.68,3,SME,0.113,61,71,0.63,10000,0,1,1,41000
STU-2026-03376,Engineering,A,Mumbai,9.0,1,MNC,0.075,65,66,0.59,20000,0,1,1,104000
STU-2026-03377,Nursing,D,Bengaluru,5.65,1,Startup,0.052,3,80,0.69,20000,0,0,0,21000
STU-2026-03378,Engineering,C,Pune,7.72,0,None,0.0,58,82,0.51,15000,0,0,1,42000
STU-2026-03379,MBA,B,Pune,7.48,4,Startup,0.21,55,42,0.77,30000,0,0,1,86000
STU-2026-03380,MBA,A,Chennai,9.2,2,SME,0.075,13,62,0.56,30000,0,1,1,124000
STU-2026-03381,Engineering,C,Delhi NCR,8.54,5,MNC,0.375,57,84,0.6,30000,0,0,1,46000
STU-2026-03382,MBA,B,Delhi NCR,5.97,4,SME,0.15,67,70,0.58,20000,0,0,1,83000
STU-2026-03383,MBA,B,Hyderabad,6.68,0,None,0.0,79,70,0.59,20000,0,1,1,76000
STU-2026-03384,Engineering,D,Pune,6.51,6,MNC,0.45,60,75,0.6,25000,0,0,1,39000
STU-2026-03385,MBA,D,Hyderabad,6.43,0,None,0.0,25,84,0.59,10000,0,0,0,33000
STU-2026-03386,MBA,D,Bengaluru,4.0,0,None,0.0,28,71,0.59,15000,0,0,0,25000
STU-2026-03387,Nursing,A,Hyderabad,8.62,0,None,0.0,27,65,0.55,20000,0,0,1,59000
STU-2026-03388,MBA,A,Mumbai,6.75,6,Startup,0.315,34,83,0.59,10000,0,1,1,114000
STU-2026-03389,Nursing,A,Bengaluru,9.13,0,None,0.0,60,78,0.52,10000,0,1,1,74000
STU-2026-03390,Engineering,D,Hyderabad,9.07,1,SME,0.037,76,79,0.62,10000,0,1,1,48000
STU-2026-03391,Engineering,C,Delhi NCR,4.05,4,SME,0.15,14,75,0.42,25000,0,0,0,0
STU-2026-03392,Engineering,B,Bengaluru,6.8,4,SME,0.15,55,66,0.57,30000,0,1,1,56000
STU-2026-03393,MBA,B,Delhi NCR,7.12,3,SME,0.113,33,85,0.53,10000,0,0,1,76000
STU-2026-03394,Nursing,B,Mumbai,6.73,6,MNC,0.45,49,74,0.57,15000,0,1,1,54000
STU-2026-03395,MBA,C,Hyderabad,7.54,0,None,0.0,0,57,0.49,10000,0,0,0,57000
STU-2026-03396,Engineering,B,Pune,8.54,6,MNC,0.45,67,67,0.54,10000,0,1,1,121000
STU-2026-03397,MBA,A,Delhi NCR,8.31,6,MNC,0.45,79,75,0.68,20000,0,1,1,144000
STU-2026-03398,Nursing,C,Pune,7.27,5,Startup,0.263,70,58,0.4,10000,0,0,1,45000
STU-2026-03399,MBA,C,Mumbai,4.9,4,MNC,0.3,11,72,0.59,25000,0,0,1,37000
STU-2026-03400,Nursing,B,Bengaluru,7.18,5,MNC,0.375,84,52,0.75,20000,0,1,1,62000
STU-2026-03401,Nursing,C,Chennai,6.35,0,None,0.0,11,63,0.65,15000,0,0,0,32000
STU-2026-03402,Nursing,A,Mumbai,9.35,0,None,0.0,36,51,0.47,25000,0,0,1,84000
STU-2026-03403,MBA,B,Delhi NCR,8.06,1,MNC,0.075,49,70,0.74,30000,0,1,1,84000
STU-2026-03404,Engineering,A,Delhi NCR,6.07,1,MNC,0.075,66,84,0.62,25000,0,1,1,71000
STU-2026-03405,Engineering,C,Mumbai,5.32,0,None,0.0,18,65,0.71,20000,0,0,0,32000
STU-2026-03406,Nursing,A,Bengaluru,8.44,3,SME,0.113,92,69,0.42,30000,0,1,1,96000
STU-2026-03407,Engineering,C,Delhi NCR,7.65,2,Startup,0.105,20,54,0.5,30000,0,0,1,46000
STU-2026-03408,MBA,B,Mumbai,6.84,1,MNC,0.075,57,65,0.76,10000,0,0,1,80000
STU-2026-03409,MBA,D,Hyderabad,6.95,1,SME,0.037,70,94,0.61,10000,0,0,1,42000
STU-2026-03410,MBA,D,Hyderabad,6.69,0,None,0.0,0,93,0.62,30000,0,0,0,26000
STU-2026-03411,MBA,D,Pune,4.01,0,None,0.0,59,61,0.55,15000,0,0,0,21000
STU-2026-03412,MBA,C,Chennai,7.46,6,MNC,0.45,42,69,0.44,15000,0,0,1,84000
STU-2026-03413,Nursing,C,Delhi NCR,5.98,3,MNC,0.225,70,100,0.67,10000,0,1,1,35000
STU-2026-03414,Engineering,D,Pune,6.16,0,None,0.0,45,100,0.55,15000,0,0,0,23000
STU-2026-03415,MBA,C,Mumbai,6.54,0,None,0.0,15,95,0.62,20000,0,0,1,45000
STU-2026-03416,Engineering,A,Pune,7.29,4,Startup,0.21,34,56,0.63,20000,0,1,1,99000
STU-2026-03417,Engineering,D,Bengaluru,5.01,0,None,0.0,40,55,0.64,25000,0,0,0,19000
STU-2026-03418,Nursing,C,Bengaluru,7.96,6,MNC,0.45,98,83,0.58,30000,0,1,1,48000
STU-2026-03419,Nursing,B,Bengaluru,6.74,3,Startup,0.157,65,53,0.41,10000,0,0,1,44000
STU-2026-03420,Engineering,A,Chennai,7.74,5,MNC,0.375,34,74,0.5,25000,0,1,1,138000
STU-2026-03421,Nursing,A,Delhi NCR,8.72,6,SME,0.225,33,51,0.62,30000,0,0,1,58000
STU-2026-03422,MBA,C,Bengaluru,7.44,0,None,0.0,48,77,0.63,10000,0,0,1,48000
STU-2026-03423,Engineering,D,Pune,7.42,0,None,0.0,78,62,0.5,15000,0,0,0,30000
STU-2026-03424,Nursing,A,Delhi NCR,8.36,3,Startup,0.157,17,77,0.66,20000,0,0,1,64000
STU-2026-03425,Nursing,D,Delhi NCR,6.9,2,MNC,0.15,36,78,0.59,15000,0,0,1,26000
STU-2026-03426,Nursing,D,Delhi NCR,5.62,0,None,0.0,13,81,0.6,10000,0,0,0,21000
STU-2026-03427,Engineering,B,Pune,5.48,2,MNC,0.15,37,55,0.52,15000,0,0,1,54000
STU-2026-03428,MBA,C,Delhi NCR,8.24,1,Startup,0.052,33,66,0.53,25000,0,0,1,64000
STU-2026-03429,MBA,A,Chennai,8.85,1,Startup,0.052,76,35,0.58,10000,0,1,1,112000
STU-2026-03430,Engineering,C,Bengaluru,8.17,0,None,0.0,32,73,0.49,30000,0,0,0,52000
STU-2026-03431,Engineering,B,Bengaluru,8.38,2,MNC,0.15,61,52,0.6,30000,0,1,1,90000
STU-2026-03432,Nursing,B,Mumbai,7.18,5,MNC,0.375,27,83,0.57,30000,0,1,1,57000
STU-2026-03433,Nursing,D,Chennai,5.74,0,None,0.0,41,90,0.59,20000,0,0,0,15000
STU-2026-03434,Nursing,A,Pune,7.58,0,None,0.0,52,82,0.49,10000,0,1,1,47000
STU-2026-03435,Nursing,D,Bengaluru,9.6,3,SME,0.113,83,72,0.44,30000,0,0,1,34000
STU-2026-03436,Engineering,C,Hyderabad,5.27,6,Startup,0.315,47,58,0.53,15000,0,0,1,36000
STU-2026-03437,Nursing,A,Pune,9.86,1,SME,0.037,49,77,0.61,10000,0,1,1,84000
STU-2026-03438,MBA,B,Pune,8.38,6,SME,0.225,65,73,0.61,15000,0,1,1,82000
STU-2026-03439,Engineering,D,Hyderabad,6.73,5,SME,0.188,46,76,0.62,25000,0,0,1,36000
STU-2026-03440,Engineering,C,Delhi NCR,6.14,3,MNC,0.225,48,67,0.62,10000,0,0,1,38000
STU-2026-03441,Nursing,B,Bengaluru,8.1,4,MNC,0.3,61,100,0.58,10000,0,1,1,59000
STU-2026-03442,Engineering,B,Hyderabad,6.11,3,SME,0.113,50,83,0.56,15000,0,0,0,50000
STU-2026-03443,Nursing,B,Bengaluru,6.41,2,MNC,0.15,63,93,0.68,20000,0,1,1,38000
STU-2026-03444,Engineering,C,Delhi NCR,6.63,0,None,0.0,14,60,0.51,20000,0,0,0,46000
STU-2026-03445,Nursing,B,Chennai,5.41,0,None,0.0,87,89,0.65,30000,0,0,1,23000
STU-2026-03446,Nursing,A,Mumbai,7.76,3,SME,0.113,73,70,0.5,30000,0,1,1,83000
STU-2026-03447,Nursing,B,Chennai,7.27,0,None,0.0,62,47,0.56,15000,0,0,1,43000
STU-2026-03448,Nursing,A,Bengaluru,7.79,0,None,0.0,55,63,0.57,15000,0,1,1,42000
STU-2026-03449,Engineering,C,Chennai,6.71,2,MNC,0.15,49,61,0.55,15000,0,0,1,41000
STU-2026-03450,Nursing,D,Pune,6.81,0,None,0.0,43,38,0.67,15000,0,0,0,30000
STU-2026-03451,Nursing,A,Bengaluru,7.25,2,MNC,0.15,43,67,0.64,15000,0,0,1,56000
STU-2026-03452,Nursing,A,Pune,8.67,1,Startup,0.052,41,91,0.55,20000,0,1,1,77000
STU-2026-03453,MBA,B,Mumbai,9.11,1,Startup,0.052,68,89,0.77,30000,0,1,1,102000
STU-2026-03454,Engineering,D,Pune,4.97,0,None,0.0,51,69,0.72,25000,0,0,1,25000
STU-2026-03455,Nursing,A,Hyderabad,8.44,2,MNC,0.15,70,71,0.59,10000,1,1,1,92000
STU-2026-03456,Nursing,B,Hyderabad,7.36,0,None,0.0,65,71,0.44,10000,0,0,1,51000
STU-2026-03457,MBA,C,Pune,5.9,1,MNC,0.075,93,88,0.64,30000,0,0,1,39000
STU-2026-03458,Nursing,B,Mumbai,7.23,1,Startup,0.052,89,61,0.71,15000,0,0,1,35000
STU-2026-03459,Nursing,C,Mumbai,9.08,4,MNC,0.3,40,62,0.74,15000,0,1,1,58000
STU-2026-03460,Nursing,A,Bengaluru,7.74,4,Startup,0.21,54,75,0.67,10000,0,1,1,74000
STU-2026-03461,Nursing,A,Delhi NCR,8.41,3,Startup,0.157,86,81,0.45,25000,0,1,1,65000
STU-2026-03462,MBA,A,Pune,8.65,4,MNC,0.3,78,72,0.57,10000,0,1,1,149000
STU-2026-03463,Nursing,D,Delhi NCR,6.03,0,None,0.0,10,39,0.73,20000,0,0,0,22000
STU-2026-03464,Nursing,C,Delhi NCR,8.32,0,None,0.0,9,44,0.64,10000,0,0,1,26000
STU-2026-03465,MBA,D,Pune,7.23,6,Startup,0.315,30,58,0.57,30000,0,0,0,50000
STU-2026-03466,Engineering,B,Hyderabad,6.8,1,Startup,0.052,71,68,0.66,30000,0,0,1,46000
STU-2026-03467,MBA,B,Pune,8.06,0,None,0.0,54,83,0.42,15000,0,1,1,68000
STU-2026-03468,MBA,B,Pune,6.76,1,MNC,0.075,80,87,0.7,20000,0,1,1,80000
STU-2026-03469,Engineering,C,Bengaluru,5.85,6,MNC,0.45,44,65,0.8,20000,0,1,1,47000
STU-2026-03470,Nursing,C,Delhi NCR,7.85,1,SME,0.037,9,74,0.51,30000,0,0,0,39000
STU-2026-03471,Nursing,A,Hyderabad,8.93,5,SME,0.188,69,67,0.47,30000,0,1,1,70000
STU-2026-03472,Engineering,D,Bengaluru,6.52,6,Startup,0.315,67,86,0.44,10000,0,0,1,35000
STU-2026-03473,Nursing,D,Delhi NCR,4.0,0,None,0.0,54,66,0.59,30000,0,0,0,14000
STU-2026-03474,MBA,B,Bengaluru,7.07,3,Startup,0.157,71,86,0.63,15000,0,1,1,74000
STU-2026-03475,MBA,A,Delhi NCR,8.13,2,MNC,0.15,62,59,0.54,20000,0,1,1,156000
STU-2026-03476,Engineering,A,Chennai,9.47,1,SME,0.037,34,49,0.48,20000,0,1,1,58000
STU-2026-03477,Nursing,D,Pune,6.09,0,None,0.0,75,85,0.55,20000,0,0,0,23000
STU-2026-03478,MBA,D,Chennai,7.92,0,None,0.0,27,66,0.54,30000,0,0,0,44000
STU-2026-03479,Nursing,C,Pune,6.44,0,None,0.0,8,80,0.65,25000,0,0,1,24000
STU-2026-03480,MBA,C,Chennai,4.42,6,Startup,0.315,52,60,0.51,15000,0,0,0,40000
STU-2026-03481,MBA,B,Pune,9.08,4,Startup,0.21,50,54,0.67,25000,0,1,1,70000
STU-2026-03482,MBA,D,Mumbai,7.59,0,None,0.0,93,31,0.48,20000,0,0,0,0
STU-2026-03483,Engineering,A,Bengaluru,8.14,3,MNC,0.225,80,72,0.74,30000,1,1,1,129000
STU-2026-03484,Nursing,A,Hyderabad,9.13,5,Startup,0.263,52,71,0.51,30000,0,1,1,90000
STU-2026-03485,Engineering,C,Bengaluru,6.7,5,MNC,0.375,74,65,0.51,20000,0,0,1,58000
STU-2026-03486,MBA,D,Pune,5.12,0,None,0.0,35,90,0.63,25000,0,0,0,29000
STU-2026-03487,Engineering,A,Bengaluru,7.38,0,None,0.0,43,67,0.63,20000,0,1,1,77000
STU-2026-03488,Engineering,B,Delhi NCR,8.85,5,MNC,0.375,92,82,0.72,20000,0,1,1,75000
STU-2026-03489,Engineering,D,Mumbai,7.42,3,MNC,0.225,6,66,0.68,20000,0,0,1,40000
STU-2026-03490,Nursing,B,Bengaluru,6.85,2,Startup,0.105,66,54,0.58,10000,0,0,1,42000
STU-2026-03491,MBA,C,Delhi NCR,6.91,0,None,0.0,19,59,0.53,10000,0,0,0,52000
STU-2026-03492,MBA,D,Bengaluru,7.87,4,MNC,0.3,60,66,0.52,10000,0,0,1,64000
STU-2026-03493,Nursing,A,Mumbai,8.37,6,SME,0.225,95,70,0.57,10000,0,1,1,61000
STU-2026-03494,MBA,C,Bengaluru,7.59,0,None,0.0,37,78,0.78,10000,0,0,1,35000
STU-2026-03495,Engineering,C,Chennai,7.38,1,SME,0.037,44,59,0.64,20000,0,0,1,38000
STU-2026-03496,MBA,B,Bengaluru,7.2,6,Startup,0.315,90,59,0.61,15000,0,0,1,68000
STU-2026-03497,MBA,D,Delhi NCR,6.99,0,None,0.0,71,50,0.61,25000,0,0,0,46000
STU-2026-03498,Engineering,A,Pune,7.23,0,None,0.0,69,60,0.62,15000,0,1,1,72000
STU-2026-03499,Nursing,A,Chennai,8.58,3,SME,0.113,61,68,0.56,15000,0,1,1,76000
STU-2026-03500,Engineering,D,Pune,5.61,0,None,0.0,31,54,0.6,30000,0,0,0,0
STU-2026-03501,MBA,D,Chennai,7.72,0,None,0.0,57,56,0.6,15000,0,0,1,43000
STU-2026-03502,Engineering,D,Mumbai,5.93,0,None,0.0,13,83,0.69,10000,0,0,0,30000
STU-2026-03503,Nursing,A,Chennai,5.83,2,Startup,0.105,87,68,0.61,30000,0,0,1,60000
STU-2026-03504,Engineering,A,Delhi NCR,7.35,5,SME,0.188,89,76,0.66,10000,0,1,1,72000
STU-2026-03505,Engineering,A,Bengaluru,8.94,6,MNC,0.45,66,90,0.58,15000,1,1,1,161000
STU-2026-03506,Engineering,C,Bengaluru,9.09,0,None,0.0,40,59,0.68,15000,0,0,1,57000
STU-2026-03507,Engineering,D,Mumbai,6.49,2,SME,0.075,79,60,0.65,10000,0,0,0,31000
STU-2026-03508,Engineering,D,Hyderabad,6.31,6,MNC,0.45,58,84,0.66,25000,0,0,1,43000
STU-2026-03509,Engineering,A,Bengaluru,8.92,0,None,0.0,79,30,0.57,25000,0,1,1,101000
STU-2026-03510,Nursing,C,Delhi NCR,6.72,5,Startup,0.263,58,54,0.63,15000,0,0,1,28000
STU-2026-03511,Nursing,A,Hyderabad,10.0,5,SME,0.188,84,70,0.52,25000,0,1,1,93000
STU-2026-03512,Engineering,C,Bengaluru,7.33,5,Startup,0.263,78,63,0.66,15000,0,0,1,50000
STU-2026-03513,Engineering,B,Bengaluru,7.88,0,None,0.0,74,59,0.56,25000,0,1,1,69000
STU-2026-03514,Engineering,B,Hyderabad,7.71,2,MNC,0.15,15,100,0.6,20000,0,0,1,61000
STU-2026-03515,MBA,D,Chennai,7.25,2,Startup,0.105,50,84,0.51,15000,0,0,1,60000
STU-2026-03516,Engineering,B,Pune,7.72,5,Startup,0.263,57,56,0.65,10000,0,1,1,82000
STU-2026-03517,MBA,D,Mumbai,6.49,5,Startup,0.263,49,95,0.71,10000,0,0,1,29000
STU-2026-03518,Nursing,B,Pune,7.8,1,SME,0.037,76,54,0.6,15000,0,0,1,46000
STU-2026-03519,Engineering,D,Mumbai,6.15,0,None,0.0,72,72,0.51,25000,0,0,1,23000
STU-2026-03520,Engineering,B,Pune,8.78,0,None,0.0,80,91,0.58,30000,0,1,1,66000
STU-2026-03521,Engineering,B,Chennai,7.42,0,None,0.0,47,62,0.56,25000,0,0,1,61000
STU-2026-03522,Nursing,D,Chennai,6.74,5,Startup,0.263,32,53,0.48,25000,0,0,1,26000
STU-2026-03523,MBA,B,Delhi NCR,8.11,3,MNC,0.225,63,28,0.78,15000,0,1,1,82000
STU-2026-03524,Engineering,B,Chennai,7.47,2,MNC,0.15,37,97,0.51,30000,0,0,1,57000
STU-2026-03525,Engineering,A,Hyderabad,8.26,2,Startup,0.105,87,97,0.56,30000,0,1,1,95000
STU-2026-03526,Nursing,B,Chennai,6.52,6,SME,0.225,100,90,0.62,15000,0,1,1,53000
STU-2026-03527,Engineering,C,Pune,6.9,0,None,0.0,48,93,0.51,15000,0,0,1,38000
STU-2026-03528,Nursing,C,Bengaluru,8.63,0,None,0.0,40,75,0.6,10000,0,0,1,35000
STU-2026-03529,MBA,B,Chennai,8.88,4,MNC,0.3,14,51,0.53,10000,0,0,1,131000
STU-2026-03530,Nursing,A,Hyderabad,9.21,0,None,0.0,72,60,0.73,25000,0,1,1,94000
STU-2026-03531,Nursing,D,Delhi NCR,5.98,0,None,0.0,33,64,0.49,15000,0,0,1,23000
STU-2026-03532,Engineering,D,Chennai,8.26,0,None,0.0,9,73,0.65,30000,0,0,1,31000
STU-2026-03533,MBA,A,Chennai,9.06,2,MNC,0.15,62,56,0.41,10000,0,1,1,183000
STU-2026-03534,Engineering,D,Bengaluru,5.58,0,None,0.0,44,87,0.47,10000,0,0,0,22000
STU-2026-03535,Nursing,C,Chennai,7.98,0,None,0.0,73,72,0.52,30000,0,0,1,31000
STU-2026-03536,Nursing,D,Chennai,5.63,0,None,0.0,37,79,0.65,10000,0,0,0,19000
STU-2026-03537,MBA,C,Pune,6.7,0,None,0.0,8,72,0.54,20000,0,0,0,51000
STU-2026-03538,MBA,A,Bengaluru,7.71,6,MNC,0.45,65,83,0.5,20000,0,1,1,105000
STU-2026-03539,Engineering,D,Chennai,8.64,0,None,0.0,6,62,0.73,10000,0,0,0,32000
STU-2026-03540,Nursing,C,Delhi NCR,7.66,0,None,0.0,57,61,0.55,10000,0,0,1,32000
STU-2026-03541,Nursing,A,Hyderabad,6.69,5,MNC,0.375,56,97,0.51,30000,0,1,1,58000
STU-2026-03542,MBA,D,Hyderabad,7.53,0,None,0.0,70,88,0.48,15000,0,0,1,52000
STU-2026-03543,Engineering,D,Mumbai,7.41,1,Startup,0.052,52,63,0.62,15000,0,0,1,37000
STU-2026-03544,MBA,B,Chennai,6.25,0,None,0.0,51,88,0.63,30000,0,0,1,53000
STU-2026-03545,Nursing,D,Mumbai,8.23,0,None,0.0,82,89,0.74,10000,0,0,1,26000
STU-2026-03546,Engineering,C,Mumbai,6.61,5,MNC,0.375,41,91,0.72,25000,0,1,1,41000
STU-2026-03547,Nursing,D,Pune,4.77,6,Startup,0.315,46,83,0.59,25000,0,0,1,18000
STU-2026-03548,Engineering,D,Bengaluru,5.35,0,None,0.0,23,59,0.65,25000,0,0,0,0
STU-2026-03549,MBA,D,Bengaluru,4.94,0,None,0.0,62,44,0.49,30000,0,0,0,0
STU-2026-03550,Engineering,B,Pune,7.71,6,MNC,0.45,64,99,0.69,25000,1,1,1,87000
STU-2026-03551,MBA,D,Chennai,5.63,3,MNC,0.225,43,79,0.67,15000,0,0,0,42000
STU-2026-03552,Nursing,C,Bengaluru,5.68,0,None,0.0,14,53,0.6,10000,0,0,0,0
STU-2026-03553,Nursing,D,Delhi NCR,6.29,0,None,0.0,63,55,0.55,10000,0,0,0,22000
STU-2026-03554,Nursing,C,Bengaluru,6.2,0,None,0.0,60,79,0.71,15000,0,0,1,25000
STU-2026-03555,Engineering,B,Mumbai,6.82,3,MNC,0.225,66,64,0.54,20000,0,0,1,56000
STU-2026-03556,MBA,D,Delhi NCR,7.04,5,SME,0.188,5,75,0.67,25000,0,0,0,62000
STU-2026-03557,MBA,D,Mumbai,6.82,1,MNC,0.075,1,66,0.61,25000,0,0,0,40000
STU-2026-03558,Nursing,D,Pune,5.59,0,None,0.0,13,60,0.54,30000,0,0,0,0
STU-2026-03559,Nursing,D,Pune,5.92,0,None,0.0,56,95,0.68,30000,0,0,1,23000
STU-2026-03560,MBA,D,Delhi NCR,7.8,1,Startup,0.052,32,72,0.56,15000,0,0,1,47000
STU-2026-03561,MBA,C,Pune,7.66,1,Startup,0.052,51,68,0.61,20000,0,0,1,63000
STU-2026-03562,Engineering,A,Pune,6.98,3,SME,0.113,38,87,0.59,15000,0,0,1,77000
STU-2026-03563,MBA,B,Mumbai,7.24,4,Startup,0.21,71,53,0.6,30000,0,1,1,86000
STU-2026-03564,MBA,B,Pune,7.72,1,SME,0.037,70,61,0.51,30000,0,1,1,71000
STU-2026-03565,Nursing,C,Bengaluru,6.58,4,MNC,0.3,57,94,0.55,20000,0,0,1,30000
STU-2026-03566,Engineering,A,Chennai,9.47,4,SME,0.15,39,70,0.5,10000,0,1,1,107000
STU-2026-03567,Engineering,C,Delhi NCR,5.67,0,None,0.0,23,100,0.64,30000,0,0,1,36000
STU-2026-03568,Engineering,D,Pune,6.68,4,Startup,0.21,29,74,0.62,15000,0,0,0,38000
STU-2026-03569,Engineering,C,Hyderabad,5.95,0,None,0.0,36,65,0.47,30000,0,0,0,0
STU-2026-03570,Nursing,C,Hyderabad,5.67,0,None,0.0,85,65,0.68,20000,0,0,0,21000
STU-2026-03571,MBA,D,Bengaluru,5.17,0,None,0.0,35,100,0.65,20000,0,0,1,28000
STU-2026-03572,MBA,C,Chennai,8.44,0,None,0.0,92,68,0.55,20000,0,0,1,57000
STU-2026-03573,Engineering,C,Hyderabad,6.9,0,None,0.0,91,51,0.61,30000,0,0,0,37000
STU-2026-03574,Nursing,B,Hyderabad,7.81,6,Startup,0.315,70,79,0.64,20000,0,1,1,58000
STU-2026-03575,Nursing,D,Delhi NCR,5.54,0,None,0.0,0,62,0.59,20000,0,0,0,19000
STU-2026-03576,MBA,C,Mumbai,6.56,6,SME,0.225,50,66,0.68,30000,0,1,1,76000
STU-2026-03577,Engineering,B,Bengaluru,7.6,0,None,0.0,67,94,0.59,20000,0,1,1,47000
STU-2026-03578,Nursing,D,Bengaluru,6.43,4,SME,0.15,69,59,0.59,15000,0,0,0,33000
STU-2026-03579,Nursing,C,Mumbai,8.32,0,None,0.0,45,78,0.64,10000,0,1,1,33000
STU-2026-03580,Engineering,D,Bengaluru,7.68,0,None,0.0,67,88,0.37,15000,0,0,1,30000
STU-2026-03581,Engineering,D,Mumbai,6.98,0,None,0.0,0,39,0.82,20000,0,0,0,32000
STU-2026-03582,Nursing,C,Bengaluru,7.24,0,None,0.0,44,85,0.54,25000,0,0,1,32000
STU-2026-03583,MBA,C,Pune,5.54,2,MNC,0.15,72,63,0.7,10000,0,0,1,57000
STU-2026-03584,Engineering,A,Mumbai,7.37,5,Startup,0.263,38,56,0.61,20000,0,1,1,119000
STU-2026-03585,MBA,A,Bengaluru,6.35,2,SME,0.075,65,22,0.68,10000,0,1,1,87000
STU-2026-03586,Engineering,B,Chennai,7.58,1,MNC,0.075,61,58,0.64,10000,0,0,1,69000
STU-2026-03587,Engineering,D,Delhi NCR,6.66,3,SME,0.113,18,47,0.41,30000,0,0,1,32000
STU-2026-03588,MBA,B,Delhi NCR,7.84,6,SME,0.225,96,62,0.54,25000,0,1,1,90000
STU-2026-03589,Engineering,D,Mumbai,9.07,5,MNC,0.375,79,79,0.74,10000,0,1,1,60000
STU-2026-03590,MBA,C,Hyderabad,6.44,0,None,0.0,8,88,0.65,20000,0,0,1,46000
STU-2026-03591,Nursing,C,Pune,4.99,0,None,0.0,16,75,0.55,10000,0,0,0,21000
STU-2026-03592,Engineering,B,Hyderabad,6.82,1,MNC,0.075,41,46,0.59,20000,0,0,1,41000
STU-2026-03593,Engineering,B,Pune,7.48,0,None,0.0,66,55,0.74,15000,0,0,1,55000
STU-2026-03594,Engineering,B,Bengaluru,7.34,3,MNC,0.225,25,85,0.5,20000,0,0,1,73000
STU-2026-03595,MBA,B,Chennai,8.96,0,None,0.0,38,63,0.74,20000,0,1,1,92000
STU-2026-03596,Engineering,D,Chennai,5.54,5,SME,0.188,31,67,0.51,25000,0,0,0,0
STU-2026-03597,Nursing,A,Mumbai,7.79,6,Startup,0.315,87,71,0.74,15000,0,1,1,70000
STU-2026-03598,Nursing,C,Pune,8.33,1,MNC,0.075,45,84,0.49,10000,0,0,1,45000
STU-2026-03599,Nursing,D,Pune,7.15,1,Startup,0.052,20,69,0.66,20000,0,0,1,28000
STU-2026-03600,Engineering,A,Delhi NCR,9.01,3,MNC,0.225,47,53,0.6,15000,0,1,1,127000
STU-2026-03601,Engineering,C,Mumbai,5.51,0,None,0.0,66,90,0.6,30000,0,0,1,28000
STU-2026-03602,Nursing,C,Pune,6.15,0,None,0.0,30,92,0.59,15000,0,0,0,27000
STU-2026-03603,MBA,C,Chennai,7.79,2,MNC,0.15,39,92,0.68,15000,0,0,1,59000
STU-2026-03604,Engineering,B,Hyderabad,7.73,1,MNC,0.075,27,75,0.42,10000,0,1,1,70000
STU-2026-03605,Engineering,C,Pune,7.41,1,MNC,0.075,23,73,0.55,15000,0,0,0,43000
STU-2026-03606,Engineering,B,Mumbai,8.2,3,Startup,0.157,61,92,0.68,25000,0,1,1,53000
STU-2026-03607,MBA,A,Chennai,7.97,6,Startup,0.315,39,67,0.53,25000,0,1,1,156000
STU-2026-03608,MBA,A,Pune,8.58,2,Startup,0.105,80,46,0.61,30000,0,1,1,149000
STU-2026-03609,Nursing,C,Delhi NCR,4.94,0,None,0.0,31,86,0.58,10000,0,0,0,16000
STU-2026-03610,Engineering,C,Chennai,5.66,0,None,0.0,0,71,0.69,10000,0,0,0,0
STU-2026-03611,Engineering,B,Bengaluru,7.76,5,Startup,0.263,77,70,0.44,25000,0,1,1,72000
STU-2026-03612,Engineering,B,Mumbai,7.34,6,MNC,0.45,49,71,0.65,10000,1,1,1,80000
STU-2026-03613,Engineering,C,Pune,8.61,0,None,0.0,49,69,0.61,30000,0,0,1,51000
STU-2026-03614,Nursing,A,Mumbai,6.61,2,MNC,0.15,43,72,0.72,15000,0,1,1,57000
STU-2026-03615,MBA,A,Delhi NCR,8.32,0,None,0.0,80,50,0.64,25000,0,1,1,104000
STU-2026-03616,MBA,D,Chennai,6.25,1,Startup,0.052,51,78,0.69,25000,0,0,1,39000
STU-2026-03617,MBA,C,Pune,9.02,0,None,0.0,2,95,0.57,30000,0,0,1,61000
STU-2026-03618,Engineering,C,Mumbai,5.96,0,None,0.0,52,86,0.65,30000,0,0,1,53000
STU-2026-03619,Engineering,D,Bengaluru,8.24,4,SME,0.15,63,65,0.54,15000,0,0,1,50000
STU-2026-03620,MBA,A,Bengaluru,7.41,0,None,0.0,39,78,0.63,30000,0,0,1,80000
STU-2026-03621,Engineering,C,Pune,8.53,0,None,0.0,49,50,0.47,30000,0,0,1,54000
STU-2026-03622,MBA,C,Hyderabad,7.51,2,MNC,0.15,68,48,0.62,25000,0,1,1,74000
STU-2026-03623,Engineering,B,Pune,7.86,1,MNC,0.075,100,79,0.7,10000,0,1,1,55000
STU-2026-03624,Engineering,A,Mumbai,7.5,1,SME,0.037,64,67,0.42,25000,0,0,1,76000
STU-2026-03625,Nursing,A,Bengaluru,8.78,6,SME,0.225,60,69,0.5,25000,0,1,1,99000
STU-2026-03626,Nursing,A,Chennai,8.32,1,Startup,0.052,30,51,0.66,10000,0,0,1,67000
STU-2026-03627,MBA,C,Chennai,6.06,0,None,0.0,53,65,0.58,15000,0,0,0,49000
STU-2026-03628,Nursing,B,Delhi NCR,7.28,0,None,0.0,72,52,0.77,30000,0,1,1,29000
STU-2026-03629,Nursing,C,Chennai,5.84,0,None,0.0,52,50,0.59,30000,0,0,1,24000
STU-2026-03630,MBA,A,Pune,8.63,0,None,0.0,46,36,0.7,15000,0,1,1,153000
STU-2026-03631,Engineering,D,Pune,4.15,2,MNC,0.15,59,40,0.78,30000,0,0,0,19000
STU-2026-03632,MBA,B,Bengaluru,8.28,0,None,0.0,49,75,0.62,20000,0,1,1,98000
STU-2026-03633,Engineering,B,Mumbai,6.9,4,SME,0.15,81,75,0.46,20000,0,0,1,80000
STU-2026-03634,Nursing,C,Hyderabad,7.23,4,MNC,0.3,65,67,0.55,15000,0,0,1,39000
STU-2026-03635,Nursing,A,Chennai,7.01,2,MNC,0.15,40,81,0.56,20000,0,1,1,64000
STU-2026-03636,MBA,C,Pune,7.18,1,Startup,0.052,69,54,0.66,30000,0,0,1,62000
STU-2026-03637,Nursing,D,Hyderabad,5.1,3,MNC,0.225,46,96,0.59,20000,0,0,1,24000
STU-2026-03638,MBA,A,Bengaluru,7.38,0,None,0.0,97,77,0.65,20000,0,0,1,106000
STU-2026-03639,Nursing,D,Hyderabad,7.41,1,SME,0.037,81,65,0.5,20000,0,0,1,24000
STU-2026-03640,Engineering,D,Pune,5.46,0,None,0.0,72,90,0.58,15000,0,0,0,18000
STU-2026-03641,MBA,D,Chennai,7.64,2,SME,0.075,81,60,0.59,20000,0,0,1,59000
STU-2026-03642,MBA,B,Delhi NCR,7.7,0,None,0.0,64,73,0.46,25000,0,0,1,63000
STU-2026-03643,MBA,C,Bengaluru,8.02,0,None,0.0,32,62,0.55,20000,0,0,1,72000
STU-2026-03644,Nursing,B,Mumbai,7.35,4,Startup,0.21,44,70,0.78,30000,0,0,1,41000
STU-2026-03645,Engineering,B,Hyderabad,7.0,0,None,0.0,63,80,0.7,20000,0,0,1,45000
STU-2026-03646,Nursing,B,Bengaluru,7.18,1,MNC,0.075,74,51,0.54,20000,0,0,1,49000
STU-2026-03647,MBA,B,Mumbai,8.03,0,None,0.0,78,90,0.57,20000,0,0,1,61000
STU-2026-03648,MBA,D,Bengaluru,4.59,0,None,0.0,29,64,0.68,25000,0,0,0,24000
STU-2026-03649,Nursing,B,Chennai,7.38,5,SME,0.188,39,85,0.52,20000,0,0,1,55000
STU-2026-03650,Nursing,B,Mumbai,8.07,1,Startup,0.052,26,83,0.53,20000,0,0,1,49000
STU-2026-03651,Nursing,A,Chennai,8.67,3,MNC,0.225,69,69,0.56,15000,0,1,1,80000
STU-2026-03652,Engineering,A,Bengaluru,9.64,1,MNC,0.075,72,56,0.55,20000,0,1,1,127000
STU-2026-03653,Nursing,B,Chennai,8.91,1,SME,0.037,52,56,0.49,10000,0,1,1,69000
STU-2026-03654,Engineering,B,Mumbai,8.04,2,MNC,0.15,28,59,0.54,20000,0,0,1,65000
STU-2026-03655,Nursing,C,Hyderabad,7.24,1,SME,0.037,57,86,0.65,20000,0,0,0,27000
STU-2026-03656,Nursing,B,Pune,7.34,5,Startup,0.263,63,83,0.6,25000,0,1,1,53000
STU-2026-03657,MBA,A,Mumbai,8.0,1,SME,0.037,62,87,0.59,20000,0,1,1,106000
STU-2026-03658,MBA,A,Pune,9.24,3,MNC,0.225,38,97,0.48,10000,0,1,1,162000
STU-2026-03659,Engineering,D,Bengaluru,8.04,5,Startup,0.263,5,54,0.63,25000,0,0,1,55000
STU-2026-03660,Nursing,D,Bengaluru,6.5,5,Startup,0.263,0,71,0.64,25000,0,0,0,25000
STU-2026-03661,Nursing,D,Delhi NCR,6.99,4,SME,0.15,16,98,0.75,20000,0,0,1,28000
STU-2026-03662,Nursing,A,Hyderabad,7.67,2,MNC,0.15,60,95,0.69,20000,0,1,1,77000
STU-2026-03663,Nursing,B,Mumbai,8.05,6,Startup,0.315,68,85,0.65,15000,0,1,1,60000
STU-2026-03664,Engineering,A,Bengaluru,8.0,0,None,0.0,49,60,0.44,20000,0,0,1,71000
STU-2026-03665,Nursing,A,Mumbai,7.79,5,Startup,0.263,91,68,0.62,30000,0,1,1,94000
STU-2026-03666,Engineering,A,Delhi NCR,7.74,5,SME,0.188,56,68,0.71,10000,0,1,1,101000
STU-2026-03667,Engineering,D,Hyderabad,8.28,0,None,0.0,44,67,0.72,25000,0,0,1,34000
STU-2026-03668,Nursing,C,Hyderabad,8.0,1,SME,0.037,35,65,0.69,15000,0,0,1,38000
STU-2026-03669,Nursing,B,Mumbai,8.16,1,MNC,0.075,44,76,0.73,15000,0,0,1,52000
STU-2026-03670,MBA,D,Pune,5.8,0,None,0.0,66,85,0.56,15000,0,0,1,39000
STU-2026-03671,Nursing,A,Mumbai,8.77,0,None,0.0,73,85,0.5,15000,0,1,1,72000
STU-2026-03672,Nursing,B,Hyderabad,7.1,5,Startup,0.263,69,88,0.56,15000,0,1,1,44000
STU-2026-03673,Engineering,A,Delhi NCR,6.77,3,MNC,0.225,76,70,0.6,20000,0,1,1,83000
STU-2026-03674,Engineering,B,Hyderabad,8.6,3,SME,0.113,60,70,0.62,15000,0,0,1,78000
STU-2026-03675,MBA,B,Chennai,6.24,5,MNC,0.375,41,54,0.58,10000,0,0,1,80000
STU-2026-03676,MBA,D,Hyderabad,5.71,2,Startup,0.105,65,83,0.58,25000,0,0,0,33000
STU-2026-03677,Engineering,B,Bengaluru,7.19,2,SME,0.075,32,56,0.69,30000,0,0,1,71000
STU-2026-03678,MBA,B,Bengaluru,7.2,4,SME,0.15,53,64,0.57,10000,0,0,1,80000
STU-2026-03679,Nursing,C,Chennai,6.83,0,None,0.0,27,89,0.79,30000,0,0,1,32000
STU-2026-03680,MBA,B,Pune,8.26,2,Startup,0.105,97,81,0.54,30000,0,1,1,93000
STU-2026-03681,MBA,A,Mumbai,7.4,2,MNC,0.15,54,87,0.42,30000,0,0,1,107000
STU-2026-03682,Engineering,B,Bengaluru,7.85,2,MNC,0.15,33,68,0.72,30000,0,1,1,77000
STU-2026-03683,Nursing,B,Delhi NCR,6.91,4,SME,0.15,44,83,0.64,30000,0,0,1,39000
STU-2026-03684,Nursing,A,Hyderabad,9.45,6,SME,0.225,42,84,0.55,10000,0,1,1,93000
STU-2026-03685,MBA,D,Pune,4.28,0,None,0.0,3,71,0.53,10000,0,0,0,19000
STU-2026-03686,MBA,C,Hyderabad,7.48,0,None,0.0,6,65,0.49,30000,0,0,1,43000
STU-2026-03687,Nursing,A,Chennai,8.1,2,MNC,0.15,25,94,0.64,30000,0,1,1,88000
STU-2026-03688,Engineering,D,Hyderabad,6.98,0,None,0.0,45,72,0.66,25000,0,0,0,31000
STU-2026-03689,Engineering,D,Hyderabad,7.77,3,SME,0.113,47,68,0.46,25000,0,0,1,36000
STU-2026-03690,Nursing,B,Hyderabad,8.49,3,SME,0.113,64,51,0.73,25000,0,1,1,63000
STU-2026-03691,Engineering,A,Chennai,8.05,2,SME,0.075,74,44,0.55,25000,0,0,1,84000
STU-2026-03692,MBA,C,Chennai,7.37,4,SME,0.15,25,83,0.51,25000,0,0,1,72000
STU-2026-03693,Engineering,C,Hyderabad,8.02,2,Startup,0.105,31,38,0.66,25000,0,0,1,43000
STU-2026-03694,Engineering,C,Hyderabad,6.13,5,MNC,0.375,76,53,0.65,20000,0,0,1,46000
STU-2026-03695,MBA,B,Hyderabad,8.14,4,SME,0.15,93,66,0.58,10000,0,1,1,99000
STU-2026-03696,MBA,C,Bengaluru,6.65,5,MNC,0.375,32,37,0.52,25000,0,0,0,72000
STU-2026-03697,MBA,D,Bengaluru,6.51,4,Startup,0.21,33,70,0.51,30000,0,0,1,54000
STU-2026-03698,MBA,A,Pune,9.49,4,Startup,0.21,74,70,0.76,10000,0,1,1,128000
STU-2026-03699,Nursing,A,Hyderabad,7.72,4,Startup,0.21,70,59,0.58,25000,0,0,1,77000
STU-2026-03700,MBA,C,Chennai,4.98,5,Startup,0.263,17,88,0.72,25000,0,0,1,47000
STU-2026-03701,MBA,A,Hyderabad,7.78,0,None,0.0,45,65,0.45,30000,0,0,1,101000
STU-2026-03702,Nursing,C,Mumbai,5.68,0,None,0.0,79,79,0.67,15000,0,0,1,24000
STU-2026-03703,MBA,D,Hyderabad,7.55,3,MNC,0.225,44,94,0.58,25000,0,0,1,58000
STU-2026-03704,Nursing,A,Pune,7.19,5,SME,0.188,78,50,0.66,10000,0,1,1,71000
STU-2026-03705,MBA,C,Delhi NCR,7.89,0,None,0.0,44,52,0.51,30000,0,0,0,40000
STU-2026-03706,Engineering,D,Mumbai,8.15,0,None,0.0,43,53,0.75,15000,0,0,0,39000
STU-2026-03707,Engineering,A,Bengaluru,7.54,4,MNC,0.3,20,50,0.56,25000,0,1,1,106000
STU-2026-03708,MBA,C,Hyderabad,6.97,1,MNC,0.075,0,89,0.62,30000,0,0,1,63000
STU-2026-03709,Engineering,C,Hyderabad,8.3,3,SME,0.113,69,66,0.5,10000,0,1,1,42000
STU-2026-03710,Engineering,A,Hyderabad,9.76,5,SME,0.188,61,54,0.48,15000,0,1,1,122000
STU-2026-03711,Nursing,A,Delhi NCR,8.19,6,SME,0.225,35,65,0.46,30000,0,1,1,77000
STU-2026-03712,Engineering,D,Delhi NCR,6.35,6,MNC,0.45,8,65,0.56,30000,0,0,1,43000
STU-2026-03713,MBA,D,Bengaluru,7.75,0,None,0.0,28,42,0.7,25000,0,0,0,37000
STU-2026-03714,MBA,A,Mumbai,8.17,0,None,0.0,66,62,0.55,10000,0,1,1,127000
STU-2026-03715,Nursing,C,Chennai,6.8,0,None,0.0,16,56,0.57,25000,0,0,0,31000
STU-2026-03716,Engineering,C,Chennai,6.95,0,None,0.0,19,64,0.67,20000,0,0,0,37000
STU-2026-03717,MBA,C,Mumbai,7.52,5,MNC,0.375,62,67,0.56,25000,0,0,1,80000
STU-2026-03718,Nursing,C,Pune,8.38,0,None,0.0,100,76,0.59,10000,0,0,1,26000
STU-2026-03719,Nursing,D,Chennai,7.01,6,MNC,0.45,99,89,0.71,30000,0,1,1,37000
STU-2026-03720,MBA,B,Pune,5.08,1,MNC,0.075,75,61,0.53,10000,0,0,1,48000
STU-2026-03721,Nursing,B,Pune,6.78,6,MNC,0.45,60,62,0.61,10000,0,0,1,53000
STU-2026-03722,Engineering,C,Delhi NCR,5.48,0,None,0.0,24,72,0.44,20000,0,0,0,34000
STU-2026-03723,Engineering,A,Pune,7.07,6,Startup,0.315,96,88,0.55,25000,0,1,1,99000
STU-2026-03724,Nursing,D,Delhi NCR,5.06,0,None,0.0,0,63,0.59,10000,0,0,0,0
STU-2026-03725,MBA,B,Bengaluru,6.89,0,None,0.0,85,48,0.49,20000,0,0,1,53000
STU-2026-03726,Nursing,D,Pune,5.36,0,None,0.0,43,54,0.59,25000,0,0,0,0
STU-2026-03727,Engineering,B,Bengaluru,6.64,0,None,0.0,18,72,0.48,10000,0,0,1,46000
STU-2026-03728,MBA,B,Bengaluru,7.29,6,SME,0.225,57,73,0.53,20000,0,1,1,60000
STU-2026-03729,MBA,A,Delhi NCR,8.02,4,Startup,0.21,77,77,0.5,20000,0,1,1,106000
STU-2026-03730,Nursing,C,Chennai,7.52,3,SME,0.113,22,74,0.63,15000,0,1,1,38000
STU-2026-03731,Nursing,D,Delhi NCR,5.83,0,None,0.0,3,66,0.59,15000,0,0,0,0
STU-2026-03732,Nursing,B,Delhi NCR,6.79,0,None,0.0,66,62,0.7,10000,0,0,1,42000
STU-2026-03733,Engineering,C,Delhi NCR,7.9,2,MNC,0.15,64,47,0.63,15000,0,0,1,41000
STU-2026-03734,Nursing,A,Mumbai,7.87,4,MNC,0.3,42,84,0.65,15000,0,1,1,70000
STU-2026-03735,Engineering,A,Chennai,7.9,2,SME,0.075,59,85,0.67,15000,0,1,1,84000
STU-2026-03736,Nursing,D,Pune,4.67,0,None,0.0,72,63,0.76,20000,0,0,0,21000
STU-2026-03737,Nursing,B,Hyderabad,8.11,3,SME,0.113,31,61,0.58,20000,0,0,1,47000
STU-2026-03738,Nursing,C,Bengaluru,5.16,0,None,0.0,40,74,0.5,20000,0,0,1,22000
STU-2026-03739,Engineering,C,Bengaluru,5.82,3,MNC,0.225,0,71,0.57,25000,0,0,1,40000
STU-2026-03740,Engineering,C,Pune,5.37,0,None,0.0,82,77,0.57,10000,0,0,1,33000
STU-2026-03741,MBA,A,Mumbai,7.06,1,SME,0.037,63,63,0.65,10000,0,0,1,86000
STU-2026-03742,MBA,C,Hyderabad,8.8,0,None,0.0,71,21,0.72,25000,0,0,1,56000
STU-2026-03743,MBA,C,Delhi NCR,5.59,0,None,0.0,16,60,0.49,20000,0,0,0,0
STU-2026-03744,Nursing,B,Delhi NCR,6.46,3,Startup,0.157,66,71,0.66,30000,0,0,1,33000
STU-2026-03745,Nursing,C,Mumbai,7.39,4,MNC,0.3,15,80,0.48,20000,0,0,1,39000
STU-2026-03746,Nursing,C,Chennai,7.61,5,Startup,0.263,44,70,0.79,15000,0,0,1,35000
STU-2026-03747,MBA,C,Hyderabad,5.5,0,None,0.0,0,59,0.67,20000,0,0,0,37000
STU-2026-03748,Engineering,D,Hyderabad,4.73,2,MNC,0.15,20,63,0.66,10000,0,0,0,0
STU-2026-03749,Nursing,B,Pune,7.04,0,None,0.0,82,63,0.39,10000,0,1,1,44000
STU-2026-03750,Nursing,B,Bengaluru,8.37,5,SME,0.188,25,93,0.52,15000,0,0,1,50000
STU-2026-03751,MBA,A,Hyderabad,8.96,5,MNC,0.375,56,77,0.61,30000,0,1,1,136000
STU-2026-03752,Engineering,C,Bengaluru,8.97,0,None,0.0,3,76,0.64,25000,0,0,1,62000
STU-2026-03753,Engineering,A,Delhi NCR,8.09,4,MNC,0.3,71,96,0.59,20000,0,1,1,102000
STU-2026-03754,Nursing,A,Delhi NCR,7.16,0,None,0.0,67,86,0.59,25000,0,0,1,64000
STU-2026-03755,Nursing,C,Pune,4.67,0,None,0.0,1,67,0.63,15000,0,0,0,20000
STU-2026-03756,MBA,B,Pune,9.26,5,MNC,0.375,61,86,0.68,10000,0,1,1,115000
STU-2026-03757,Nursing,A,Delhi NCR,9.9,4,MNC,0.3,50,60,0.62,20000,0,1,1,87000
STU-2026-03758,MBA,D,Pune,6.22,0,None,0.0,76,68,0.47,25000,0,0,0,47000
STU-2026-03759,MBA,D,Bengaluru,6.53,4,SME,0.15,51,58,0.63,10000,0,0,1,39000
STU-2026-03760,MBA,B,Bengaluru,7.96,2,SME,0.075,32,100,0.63,30000,0,0,1,76000
STU-2026-03761,Nursing,C,Pune,6.19,4,Startup,0.21,29,33,0.59,20000,0,0,0,34000
STU-2026-03762,Engineering,A,Chennai,7.78,0,None,0.0,45,70,0.44,10000,0,0,1,58000
STU-2026-03763,Nursing,C,Pune,8.14,0,None,0.0,57,56,0.67,10000,0,0,1,30000
STU-2026-03764,Nursing,B,Chennai,5.48,2,MNC,0.15,66,58,0.71,10000,0,0,1,31000
STU-2026-03765,Nursing,D,Chennai,8.96,3,MNC,0.225,54,15,0.55,20000,0,0,0,33000
STU-2026-03766,MBA,C,Chennai,6.63,5,Startup,0.263,49,74,0.71,30000,0,0,1,65000
STU-2026-03767,Nursing,D,Hyderabad,7.04,0,None,0.0,72,65,0.57,15000,0,0,0,28000
STU-2026-03768,Nursing,C,Pune,6.71,0,None,0.0,100,64,0.61,30000,0,0,1,24000
STU-2026-03769,MBA,B,Hyderabad,7.86,5,MNC,0.375,61,65,0.72,15000,0,1,1,104000
STU-2026-03770,Engineering,A,Pune,9.36,4,SME,0.15,46,66,0.83,30000,0,1,1,102000
STU-2026-03771,Nursing,A,Bengaluru,8.84,5,MNC,0.375,49,47,0.74,30000,0,1,1,128000
STU-2026-03772,MBA,A,Pune,7.81,0,None,0.0,100,49,0.7,20000,0,1,1,113000
STU-2026-03773,Nursing,C,Delhi NCR,7.96,1,Startup,0.052,28,50,0.59,15000,0,0,1,33000
STU-2026-03774,MBA,D,Bengaluru,7.13,4,SME,0.15,48,56,0.64,10000,0,0,1,42000
STU-2026-03775,Engineering,B,Chennai,8.29,1,MNC,0.075,44,63,0.61,30000,0,1,1,68000
STU-2026-03776,Nursing,C,Pune,7.43,1,MNC,0.075,33,69,0.6,30000,0,0,1,33000
STU-2026-03777,Engineering,D,Hyderabad,8.41,0,None,0.0,31,44,0.87,20000,0,0,1,46000
STU-2026-03778,Nursing,A,Mumbai,9.32,5,SME,0.188,79,67,0.63,30000,0,1,1,111000
STU-2026-03779,Nursing,B,Mumbai,6.65,5,MNC,0.375,55,71,0.59,20000,0,0,1,62000
STU-2026-03780,MBA,B,Hyderabad,8.45,4,SME,0.15,66,64,0.71,15000,0,1,1,111000
STU-2026-03781,Engineering,C,Mumbai,6.93,6,Startup,0.315,71,68,0.61,30000,0,1,1,69000
STU-2026-03782,Nursing,A,Chennai,9.45,6,MNC,0.45,78,79,0.55,20000,1,1,1,91000
STU-2026-03783,Engineering,B,Chennai,7.88,6,SME,0.225,69,41,0.6,10000,0,1,1,71000
STU-2026-03784,Engineering,B,Hyderabad,7.86,0,None,0.0,33,58,0.7,15000,0,0,1,61000
STU-2026-03785,Nursing,B,Hyderabad,6.95,3,MNC,0.225,60,35,0.68,20000,0,1,1,40000
STU-2026-03786,MBA,A,Bengaluru,7.45,1,SME,0.037,69,92,0.6,10000,0,0,1,96000
STU-2026-03787,Nursing,C,Hyderabad,5.56,5,SME,0.188,23,65,0.51,10000,0,0,0,29000
STU-2026-03788,Engineering,C,Delhi NCR,7.06,0,None,0.0,4,76,0.56,15000,0,0,1,45000
STU-2026-03789,MBA,B,Chennai,6.96,4,MNC,0.3,72,57,0.73,20000,0,0,1,88000
STU-2026-03790,Nursing,D,Bengaluru,6.57,0,None,0.0,15,84,0.54,25000,0,0,0,0
STU-2026-03791,Engineering,D,Mumbai,4.0,0,None,0.0,18,91,0.73,20000,0,0,0,0
STU-2026-03792,Nursing,D,Hyderabad,6.35,0,None,0.0,28,50,0.51,20000,0,0,0,23000
STU-2026-03793,Engineering,A,Chennai,8.42,0,None,0.0,33,72,0.37,20000,0,1,1,90000
STU-2026-03794,Nursing,C,Pune,5.19,0,None,0.0,80,43,0.65,20000,0,0,1,18000
STU-2026-03795,MBA,B,Mumbai,7.46,4,Startup,0.21,27,27,0.49,15000,0,0,1,92000
STU-2026-03796,Nursing,D,Hyderabad,6.88,0,None,0.0,42,55,0.55,20000,0,0,0,19000
STU-2026-03797,Engineering,A,Pune,7.73,4,SME,0.15,61,61,0.57,30000,0,1,1,85000
STU-2026-03798,Engineering,B,Hyderabad,6.17,4,Startup,0.21,71,74,0.63,15000,0,1,1,59000
STU-2026-03799,MBA,A,Bengaluru,8.22,4,SME,0.15,100,51,0.54,25000,0,1,1,124000
STU-2026-03800,MBA,A,Delhi NCR,8.81,3,MNC,0.225,63,91,0.5,30000,1,1,1,163000
STU-2026-03801,Engineering,D,Delhi NCR,5.35,0,None,0.0,56,69,0.54,25000,0,0,0,0
STU-2026-03802,Engineering,A,Mumbai,7.39,6,Startup,0.315,74,82,0.58,20000,0,1,1,114000
STU-2026-03803,Nursing,B,Delhi NCR,7.65,6,Startup,0.315,46,77,0.65,25000,0,1,1,63000
STU-2026-03804,MBA,A,Delhi NCR,7.11,1,MNC,0.075,50,42,0.67,30000,0,0,1,105000
STU-2026-03805,Nursing,A,Bengaluru,7.02,2,MNC,0.15,88,52,0.68,20000,0,1,1,61000
STU-2026-03806,Engineering,D,Pune,6.48,0,None,0.0,24,89,0.6,15000,0,0,0,28000
STU-2026-03807,Nursing,A,Delhi NCR,8.3,6,Startup,0.315,78,61,0.55,25000,0,1,1,95000
STU-2026-03808,Engineering,B,Hyderabad,6.13,2,MNC,0.15,70,63,0.57,30000,0,1,1,51000
STU-2026-03809,MBA,A,Pune,8.8,3,SME,0.113,74,52,0.42,30000,0,1,1,105000
STU-2026-03810,Nursing,A,Hyderabad,6.87,0,None,0.0,81,55,0.52,30000,0,1,1,40000
STU-2026-03811,Nursing,C,Hyderabad,5.29,3,Startup,0.157,29,66,0.51,20000,0,0,0,32000
STU-2026-03812,Engineering,B,Delhi NCR,7.76,4,MNC,0.3,72,68,0.63,25000,0,1,1,64000
STU-2026-03813,Engineering,D,Delhi NCR,7.12,1,SME,0.037,57,93,0.79,25000,0,0,1,40000
STU-2026-03814,Nursing,A,Mumbai,6.06,3,SME,0.113,91,59,0.58,10000,0,1,1,51000
STU-2026-03815,Engineering,C,Bengaluru,7.04,5,MNC,0.375,80,64,0.49,30000,0,1,1,60000
STU-2026-03816,MBA,B,Hyderabad,9.42,6,SME,0.225,77,50,0.66,20000,0,1,1,107000
STU-2026-03817,Nursing,B,Chennai,7.42,4,Startup,0.21,28,58,0.82,25000,0,1,1,49000
STU-2026-03818,MBA,A,Delhi NCR,9.65,0,None,0.0,52,69,0.7,10000,0,1,1,110000
STU-2026-03819,Nursing,A,Hyderabad,6.4,3,MNC,0.225,41,56,0.62,30000,0,0,1,80000
STU-2026-03820,Nursing,D,Mumbai,5.53,0,None,0.0,75,73,0.68,15000,0,0,1,13000
STU-2026-03821,MBA,B,Delhi NCR,7.49,2,MNC,0.15,55,53,0.65,20000,0,1,1,48000
STU-2026-03822,Engineering,B,Bengaluru,6.97,5,MNC,0.375,35,71,0.57,20000,0,0,1,79000
STU-2026-03823,MBA,D,Bengaluru,8.76,0,None,0.0,100,59,0.42,20000,0,0,1,62000
STU-2026-03824,Engineering,A,Mumbai,8.85,4,SME,0.15,92,67,0.54,30000,0,1,1,99000
STU-2026-03825,Nursing,C,Mumbai,7.6,2,Startup,0.105,64,86,0.65,20000,0,0,1,40000
STU-2026-03826,Engineering,A,Mumbai,6.63,6,SME,0.225,64,71,0.62,20000,0,1,1,89000
STU-2026-03827,Engineering,B,Bengaluru,6.93,5,Startup,0.263,83,77,0.62,10000,0,1,1,73000
STU-2026-03828,Nursing,D,Bengaluru,7.05,3,SME,0.113,21,69,0.66,25000,0,0,1,29000
STU-2026-03829,Engineering,B,Bengaluru,7.59,4,Startup,0.21,81,89,0.67,15000,0,1,1,57000
STU-2026-03830,Engineering,C,Mumbai,6.15,0,None,0.0,89,74,0.81,15000,0,0,1,34000
STU-2026-03831,Engineering,D,Mumbai,6.71,0,None,0.0,38,58,0.49,30000,0,0,0,36000
STU-2026-03832,Engineering,A,Bengaluru,10.0,5,Startup,0.263,51,65,0.52,10000,1,1,1,146000
STU-2026-03833,Nursing,D,Bengaluru,5.75,0,None,0.0,17,84,0.64,10000,0,0,0,17000
STU-2026-03834,Engineering,D,Pune,4.55,2,MNC,0.15,18,80,0.81,15000,0,0,0,32000
STU-2026-03835,Engineering,A,Hyderabad,8.86,2,Startup,0.105,32,73,0.69,25000,0,0,1,110000
STU-2026-03836,Nursing,B,Mumbai,8.67,2,Startup,0.105,68,69,0.58,30000,0,1,1,44000
STU-2026-03837,Nursing,A,Mumbai,7.65,4,SME,0.15,52,72,0.54,20000,0,0,1,76000
STU-2026-03838,Engineering,A,Mumbai,8.5,2,Startup,0.105,49,78,0.55,30000,0,1,1,111000
STU-2026-03839,Engineering,A,Pune,7.72,4,MNC,0.3,37,68,0.46,15000,0,1,1,99000
STU-2026-03840,Engineering,D,Bengaluru,4.0,0,None,0.0,53,67,0.72,10000,0,0,0,20000
STU-2026-03841,Engineering,D,Hyderabad,8.23,0,None,0.0,37,70,0.44,30000,0,0,1,37000
STU-2026-03842,MBA,A,Chennai,7.4,2,MNC,0.15,75,37,0.56,10000,0,1,1,102000
STU-2026-03843,Engineering,C,Delhi NCR,5.94,6,Startup,0.315,30,40,0.67,25000,0,0,1,43000
STU-2026-03844,Engineering,D,Mumbai,6.48,5,MNC,0.375,40,80,0.59,25000,0,0,0,44000
STU-2026-03845,Engineering,D,Delhi NCR,7.4,0,None,0.0,45,86,0.6,25000,0,0,1,41000
STU-2026-03846,Engineering,B,Bengaluru,8.08,3,MNC,0.225,45,68,0.72,15000,0,0,1,69000
STU-2026-03847,MBA,B,Mumbai,7.16,1,MNC,0.075,43,83,0.64,20000,0,0,1,78000
STU-2026-03848,Engineering,B,Hyderabad,7.34,1,MNC,0.075,42,59,0.64,10000,0,1,1,54000
STU-2026-03849,Nursing,C,Delhi NCR,7.45,4,Startup,0.21,80,51,0.64,15000,0,1,1,38000
STU-2026-03850,MBA,A,Bengaluru,9.19,4,SME,0.15,100,75,0.58,20000,1,1,1,153000
STU-2026-03851,MBA,A,Bengaluru,6.18,4,Startup,0.21,60,64,0.64,10000,0,1,1,95000
STU-2026-03852,Nursing,D,Hyderabad,5.76,6,SME,0.225,58,95,0.52,10000,0,0,0,24000
STU-2026-03853,Nursing,B,Delhi NCR,7.47,6,Startup,0.315,83,52,0.55,30000,0,0,1,66000
STU-2026-03854,Nursing,C,Mumbai,7.1,0,None,0.0,28,50,0.48,15000,0,0,1,25000
STU-2026-03855,Engineering,A,Hyderabad,8.28,3,SME,0.113,100,65,0.5,30000,0,1,1,77000
STU-2026-03856,Engineering,B,Pune,9.22,4,SME,0.15,88,68,0.51,20000,0,1,1,75000
STU-2026-03857,Nursing,D,Delhi NCR,7.26,0,None,0.0,66,54,0.7,25000,0,0,1,23000
STU-2026-03858,Nursing,D,Bengaluru,5.5,0,None,0.0,43,54,0.7,25000,0,0,0,0
STU-2026-03859,Engineering,A,Hyderabad,8.64,3,Startup,0.157,58,62,0.59,20000,0,1,1,84000
STU-2026-03860,Engineering,B,Pune,7.09,5,MNC,0.375,45,69,0.53,30000,0,0,1,61000
STU-2026-03861,Engineering,A,Pune,9.51,5,MNC,0.375,65,73,0.57,10000,1,1,1,126000
STU-2026-03862,MBA,C,Mumbai,7.43,0,None,0.0,43,52,0.63,30000,0,0,0,56000
STU-2026-03863,Nursing,B,Pune,6.09,6,SME,0.225,58,52,0.6,15000,0,0,1,51000
STU-2026-03864,Engineering,C,Bengaluru,4.95,0,None,0.0,64,72,0.55,20000,0,0,1,27000
STU-2026-03865,Nursing,D,Delhi NCR,7.66,0,None,0.0,15,61,0.69,10000,0,0,1,26000
STU-2026-03866,Nursing,B,Mumbai,5.0,5,Startup,0.263,56,70,0.58,20000,0,0,1,33000
STU-2026-03867,MBA,D,Bengaluru,7.81,0,None,0.0,11,89,0.76,10000,0,0,0,39000
STU-2026-03868,Engineering,A,Bengaluru,8.53,0,None,0.0,36,63,0.71,25000,0,1,1,114000
STU-2026-03869,Nursing,B,Mumbai,7.67,3,MNC,0.225,48,71,0.58,15000,0,1,1,52000
STU-2026-03870,Engineering,A,Mumbai,7.45,0,None,0.0,66,49,0.53,30000,0,0,1,51000
STU-2026-03871,Nursing,D,Bengaluru,7.72,6,SME,0.225,0,80,0.47,25000,0,0,0,35000
STU-2026-03872,MBA,B,Hyderabad,9.7,0,None,0.0,62,40,0.7,10000,0,1,1,91000
STU-2026-03873,Engineering,A,Mumbai,8.65,4,MNC,0.3,15,70,0.56,10000,0,1,1,128000
STU-2026-03874,Nursing,A,Pune,6.9,6,SME,0.225,85,77,0.45,15000,0,1,1,75000
STU-2026-03875,Engineering,B,Chennai,6.29,4,SME,0.15,88,47,0.52,30000,0,0,1,65000
STU-2026-03876,Nursing,D,Chennai,6.21,1,Startup,0.052,11,77,0.67,10000,0,0,0,21000
STU-2026-03877,Nursing,C,Delhi NCR,7.11,1,SME,0.037,24,95,0.71,25000,0,0,1,35000
STU-2026-03878,MBA,C,Pune,7.42,0,None,0.0,9,79,0.61,10000,0,0,1,59000
STU-2026-03879,Engineering,C,Chennai,7.46,0,None,0.0,0,69,0.54,25000,0,0,1,40000
STU-2026-03880,Engineering,A,Chennai,7.98,4,MNC,0.3,69,64,0.61,10000,0,1,1,93000
STU-2026-03881,Nursing,A,Delhi NCR,8.72,0,None,0.0,35,89,0.7,30000,0,1,1,98000
STU-2026-03882,Nursing,C,Chennai,8.29,0,None,0.0,16,81,0.61,30000,0,0,1,30000
STU-2026-03883,Engineering,C,Bengaluru,7.99,2,SME,0.075,25,68,0.51,20000,0,0,1,48000
STU-2026-03884,Nursing,A,Mumbai,8.51,3,MNC,0.225,8,70,0.53,20000,0,1,1,116000
STU-2026-03885,MBA,D,Mumbai,6.37,0,None,0.0,0,72,0.58,25000,0,0,1,45000
STU-2026-03886,Nursing,C,Delhi NCR,7.84,6,Startup,0.315,25,80,0.63,25000,0,0,1,34000
STU-2026-03887,MBA,D,Bengaluru,8.07,1,MNC,0.075,43,68,0.54,30000,0,0,0,52000
STU-2026-03888,Engineering,C,Chennai,4.7,2,SME,0.075,60,54,0.39,30000,0,0,1,25000
STU-2026-03889,Engineering,B,Bengaluru,6.78,5,Startup,0.263,83,98,0.45,30000,0,0,1,55000
STU-2026-03890,MBA,A,Bengaluru,8.95,4,MNC,0.3,93,54,0.74,10000,0,1,1,157000
STU-2026-03891,Nursing,C,Hyderabad,5.27,4,Startup,0.21,37,68,0.57,20000,0,0,1,23000
STU-2026-03892,Engineering,D,Bengaluru,5.74,3,SME,0.113,51,90,0.6,15000,0,0,1,33000
STU-2026-03893,MBA,C,Bengaluru,7.8,2,Startup,0.105,16,58,0.53,25000,0,0,1,66000
STU-2026-03894,Engineering,A,Delhi NCR,8.57,0,None,0.0,67,50,0.79,30000,0,1,1,98000
STU-2026-03895,Engineering,B,Hyderabad,5.73,1,SME,0.037,76,65,0.47,10000,0,0,1,36000
STU-2026-03896,Nursing,D,Mumbai,5.26,6,Startup,0.315,42,64,0.63,20000,0,0,1,23000
STU-2026-03897,Nursing,A,Delhi NCR,6.4,4,MNC,0.3,55,88,0.59,10000,0,1,1,69000
STU-2026-03898,Engineering,D,Hyderabad,4.59,0,None,0.0,43,74,0.71,10000,0,0,1,24000
STU-2026-03899,MBA,D,Pune,7.33,0,None,0.0,57,67,0.45,10000,0,0,1,44000
STU-2026-03900,Engineering,B,Hyderabad,6.3,0,None,0.0,87,85,0.46,10000,0,1,1,45000
STU-2026-03901,Engineering,A,Chennai,7.58,2,MNC,0.15,82,69,0.79,15000,0,1,1,66000
STU-2026-03902,Nursing,D,Mumbai,6.46,0,None,0.0,60,56,0.47,15000,0,0,0,17000
STU-2026-03903,Engineering,C,Hyderabad,7.17,1,Startup,0.052,31,77,0.46,25000,0,0,1,42000
STU-2026-03904,MBA,C,Bengaluru,7.72,6,Startup,0.315,64,53,0.69,20000,0,0,1,58000
STU-2026-03905,MBA,A,Delhi NCR,9.77,2,Startup,0.105,82,100,0.56,25000,1,1,1,150000
STU-2026-03906,Engineering,C,Pune,6.79,1,MNC,0.075,21,57,0.62,30000,0,0,0,35000
STU-2026-03907,Engineering,C,Bengaluru,7.27,0,None,0.0,38,84,0.56,25000,0,0,1,44000
STU-2026-03908,Nursing,B,Chennai,6.69,2,Startup,0.105,47,61,0.58,15000,0,1,1,33000
STU-2026-03909,MBA,D,Mumbai,8.35,0,None,0.0,58,94,0.91,25000,0,1,1,54000
STU-2026-03910,Nursing,B,Bengaluru,6.19,1,SME,0.037,36,75,0.43,15000,0,0,1,24000
STU-2026-03911,MBA,B,Pune,8.65,1,SME,0.037,54,72,0.53,25000,0,0,1,99000
STU-2026-03912,MBA,D,Delhi NCR,8.4,4,MNC,0.3,31,80,0.56,15000,0,0,1,70000
STU-2026-03913,MBA,A,Hyderabad,8.64,4,SME,0.15,87,78,0.6,25000,0,1,1,119000
STU-2026-03914,Nursing,C,Hyderabad,7.77,0,None,0.0,2,87,0.57,25000,0,0,0,28000
STU-2026-03915,Engineering,B,Hyderabad,8.17,0,None,0.0,60,94,0.47,15000,0,0,1,60000
STU-2026-03916,MBA,A,Mumbai,7.6,1,SME,0.037,60,75,0.65,20000,0,1,1,82000
STU-2026-03917,Nursing,D,Delhi NCR,7.21,2,MNC,0.15,24,76,0.64,20000,0,0,0,25000
STU-2026-03918,MBA,B,Delhi NCR,8.01,0,None,0.0,60,67,0.67,25000,0,1,1,68000
STU-2026-03919,Nursing,D,Hyderabad,5.78,0,None,0.0,8,71,0.46,10000,0,0,0,23000
STU-2026-03920,Engineering,A,Delhi NCR,7.92,4,Startup,0.21,49,100,0.75,30000,0,1,1,101000
STU-2026-03921,Nursing,C,Bengaluru,7.19,0,None,0.0,45,97,0.61,30000,0,0,1,34000
STU-2026-03922,Engineering,A,Pune,9.15,3,Startup,0.157,79,78,0.44,10000,0,1,1,122000
STU-2026-03923,Engineering,A,Chennai,8.4,4,MNC,0.3,77,98,0.48,30000,1,1,1,107000
STU-2026-03924,Nursing,A,Hyderabad,8.95,0,None,0.0,59,100,0.61,15000,0,1,1,73000
STU-2026-03925,Engineering,D,Bengaluru,7.19,0,None,0.0,68,77,0.85,20000,0,0,1,32000
STU-2026-03926,Nursing,C,Hyderabad,6.08,5,MNC,0.375,42,73,0.63,10000,0,0,1,33000
STU-2026-03927,Nursing,C,Hyderabad,5.74,5,MNC,0.375,31,87,0.74,25000,0,0,1,29000
STU-2026-03928,MBA,C,Mumbai,6.7,0,None,0.0,92,85,0.66,10000,0,0,1,59000
STU-2026-03929,Engineering,A,Bengaluru,7.28,0,None,0.0,52,62,0.66,20000,0,1,1,83000
STU-2026-03930,MBA,B,Chennai,6.99,1,SME,0.037,87,69,0.67,15000,0,1,1,79000
STU-2026-03931,Engineering,A,Mumbai,8.49,1,Startup,0.052,76,96,0.65,30000,0,1,1,100000
STU-2026-03932,Nursing,D,Mumbai,6.76,2,Startup,0.105,0,77,0.61,15000,0,0,1,23000
STU-2026-03933,Engineering,D,Mumbai,4.99,2,MNC,0.15,44,76,0.61,10000,0,0,0,22000
STU-2026-03934,Nursing,B,Mumbai,7.36,5,SME,0.188,53,86,0.64,30000,0,1,1,61000
STU-2026-03935,Nursing,A,Mumbai,7.98,0,None,0.0,71,67,0.76,20000,0,1,1,63000
STU-2026-03936,Engineering,A,Bengaluru,8.09,4,MNC,0.3,64,88,0.68,15000,0,1,1,136000
STU-2026-03937,Engineering,D,Chennai,7.85,0,None,0.0,29,49,0.56,25000,0,0,1,39000
STU-2026-03938,Nursing,D,Mumbai,8.43,1,SME,0.037,13,63,0.48,25000,0,0,0,27000
STU-2026-03939,Engineering,C,Chennai,7.24,1,SME,0.037,59,56,0.52,30000,0,0,0,44000
STU-2026-03940,MBA,A,Hyderabad,7.61,6,Startup,0.315,93,76,0.58,30000,0,1,1,100000
STU-2026-03941,MBA,C,Mumbai,5.16,1,MNC,0.075,24,60,0.5,25000,0,0,0,43000
STU-2026-03942,MBA,B,Delhi NCR,7.04,6,MNC,0.45,99,44,0.61,10000,0,1,1,87000
STU-2026-03943,MBA,B,Hyderabad,6.8,4,SME,0.15,60,67,0.56,10000,0,0,1,55000
STU-2026-03944,MBA,B,Pune,7.21,1,SME,0.037,52,67,0.59,15000,0,0,1,67000
STU-2026-03945,MBA,A,Pune,7.52,0,None,0.0,90,58,0.56,10000,0,0,1,86000
STU-2026-03946,Nursing,A,Hyderabad,8.22,2,MNC,0.15,58,63,0.57,15000,0,1,1,77000
STU-2026-03947,Nursing,D,Delhi NCR,9.27,0,None,0.0,18,76,0.6,10000,0,0,1,35000
STU-2026-03948,Nursing,B,Pune,7.71,2,MNC,0.15,59,63,0.52,25000,0,0,1,40000
STU-2026-03949,MBA,A,Mumbai,7.72,0,None,0.0,82,71,0.69,20000,0,1,1,97000
STU-2026-03950,Nursing,A,Chennai,8.37,5,Startup,0.263,54,58,0.5,20000,0,1,1,84000
STU-2026-03951,MBA,A,Mumbai,9.68,0,None,0.0,79,59,0.68,20000,0,1,1,147000
STU-2026-03952,Nursing,C,Bengaluru,6.22,2,MNC,0.15,14,58,0.53,25000,0,0,0,28000
STU-2026-03953,Engineering,B,Mumbai,8.36,1,Startup,0.052,96,50,0.73,30000,0,1,1,69000
STU-2026-03954,Nursing,D,Hyderabad,4.82,0,None,0.0,53,40,0.63,25000,0,0,0,17000
STU-2026-03955,MBA,D,Chennai,5.92,0,None,0.0,54,76,0.58,25000,0,0,1,33000
STU-2026-03956,MBA,C,Mumbai,7.43,0,None,0.0,37,73,0.66,10000,0,0,1,43000
STU-2026-03957,Engineering,C,Chennai,7.13,2,MNC,0.15,70,74,0.63,20000,0,0,1,52000
STU-2026-03958,Engineering,A,Pune,8.05,2,Startup,0.105,51,87,0.55,10000,0,1,1,107000
STU-2026-03959,Engineering,D,Mumbai,7.48,0,None,0.0,9,70,0.58,20000,0,0,0,35000
STU-2026-03960,Engineering,C,Bengaluru,7.72,0,None,0.0,29,67,0.58,15000,0,0,1,42000
STU-2026-03961,Nursing,A,Hyderabad,7.21,2,SME,0.075,29,75,0.52,15000,0,1,1,48000
STU-2026-03962,MBA,C,Hyderabad,6.15,0,None,0.0,7,77,0.66,10000,0,0,1,37000
STU-2026-03963,Engineering,C,Mumbai,5.91,5,MNC,0.375,46,45,0.58,10000,0,0,1,45000
STU-2026-03964,MBA,B,Mumbai,6.01,0,None,0.0,48,61,0.81,20000,0,1,1,62000
STU-2026-03965,Engineering,D,Pune,6.39,6,SME,0.225,70,53,0.71,25000,0,0,1,35000
STU-2026-03966,Nursing,C,Pune,8.17,2,MNC,0.15,29,51,0.7,30000,0,0,1,44000
STU-2026-03967,MBA,B,Delhi NCR,9.32,1,MNC,0.075,46,68,0.76,20000,0,1,1,83000
STU-2026-03968,Engineering,A,Delhi NCR,7.44,4,Startup,0.21,49,59,0.62,15000,0,1,1,96000
STU-2026-03969,MBA,D,Mumbai,5.79,0,None,0.0,38,39,0.61,15000,0,0,0,26000
STU-2026-03970,Nursing,C,Delhi NCR,7.38,1,MNC,0.075,25,82,0.62,30000,0,0,1,34000
STU-2026-03971,Engineering,D,Pune,8.39,0,None,0.0,49,59,0.61,10000,0,0,1,39000
STU-2026-03972,Engineering,B,Hyderabad,7.08,5,Startup,0.263,46,73,0.61,30000,0,1,1,62000
STU-2026-03973,Engineering,C,Delhi NCR,4.42,0,None,0.0,31,46,0.64,25000,0,0,0,0
STU-2026-03974,Nursing,A,Chennai,7.41,4,MNC,0.3,53,93,0.49,15000,0,1,1,81000
STU-2026-03975,Nursing,D,Mumbai,8.58,0,None,0.0,59,86,0.69,20000,0,0,1,31000
STU-2026-03976,MBA,C,Delhi NCR,7.82,0,None,0.0,16,61,0.52,25000,0,0,1,55000
STU-2026-03977,MBA,B,Mumbai,7.18,4,MNC,0.3,34,69,0.54,10000,0,1,1,72000
STU-2026-03978,MBA,B,Mumbai,7.68,4,MNC,0.3,51,51,0.47,20000,0,0,1,90000
STU-2026-03979,MBA,C,Chennai,6.95,0,None,0.0,47,75,0.52,15000,0,0,1,46000
STU-2026-03980,MBA,A,Bengaluru,8.56,0,None,0.0,57,76,0.58,20000,0,1,1,110000
STU-2026-03981,MBA,B,Hyderabad,8.31,0,None,0.0,44,43,0.5,15000,0,1,1,75000
STU-2026-03982,MBA,C,Mumbai,6.91,5,Startup,0.263,14,71,0.5,25000,0,0,1,59000
STU-2026-03983,Nursing,B,Pune,7.95,0,None,0.0,71,79,0.44,30000,0,0,1,43000
STU-2026-03984,Engineering,C,Delhi NCR,4.96,4,SME,0.15,40,66,0.65,30000,0,0,1,30000
STU-2026-03985,MBA,B,Pune,8.43,0,None,0.0,16,69,0.42,30000,0,0,1,84000
STU-2026-03986,MBA,A,Pune,7.18,3,MNC,0.225,32,100,0.46,10000,0,1,1,110000
STU-2026-03987,MBA,D,Chennai,6.17,0,None,0.0,54,90,0.49,25000,0,0,0,40000
STU-2026-03988,Engineering,B,Delhi NCR,7.79,5,Startup,0.263,82,78,0.78,25000,0,1,1,75000
STU-2026-03989,MBA,B,Delhi NCR,7.82,2,SME,0.075,57,83,0.62,25000,0,1,1,89000
STU-2026-03990,Nursing,D,Hyderabad,7.31,0,None,0.0,53,55,0.54,10000,0,0,1,30000
STU-2026-03991,MBA,D,Hyderabad,4.47,2,MNC,0.15,26,70,0.51,20000,0,0,0,0
STU-2026-03992,MBA,B,Delhi NCR,7.97,0,None,0.0,92,40,0.58,10000,0,1,1,83000
STU-2026-03993,Nursing,B,Pune,7.82,4,SME,0.15,95,70,0.73,10000,0,1,1,51000
STU-2026-03994,MBA,D,Pune,5.34,1,Startup,0.052,63,68,0.64,15000,0,0,0,35000
STU-2026-03995,Nursing,C,Pune,7.28,0,None,0.0,15,56,0.6,25000,0,0,1,40000
STU-2026-03996,Nursing,D,Pune,7.16,3,Startup,0.157,65,46,0.8,15000,0,0,1,28000
STU-2026-03997,MBA,A,Hyderabad,8.07,1,MNC,0.075,38,58,0.79,30000,0,0,1,95000
STU-2026-03998,MBA,B,Bengaluru,6.8,4,SME,0.15,36,70,0.71,15000,0,0,1,58000
STU-2026-03999,MBA,B,Bengaluru,7.79,0,None,0.0,59,85,0.55,15000,0,0,1,71000
STU-2026-04000,Engineering,B,Pune,7.59,0,None,0.0,52,62,0.41,10000,0,0,1,62000
STU-2026-04001,MBA,C,Chennai,7.82,4,SME,0.15,28,89,0.6,10000,0,0,1,48000
STU-2026-04002,MBA,A,Pune,9.17,0,None,0.0,53,52,0.37,20000,0,0,1,125000
STU-2026-04003,Engineering,C,Mumbai,5.96,0,None,0.0,14,62,0.72,30000,0,0,0,31000
STU-2026-04004,MBA,B,Mumbai,8.71,1,Startup,0.052,70,73,0.54,30000,0,1,1,78000
STU-2026-04005,Engineering,B,Hyderabad,6.64,2,MNC,0.15,38,82,0.59,10000,0,0,1,58000
STU-2026-04006,Engineering,D,Hyderabad,7.33,1,MNC,0.075,34,63,0.52,20000,0,0,0,30000
STU-2026-04007,Engineering,D,Delhi NCR,6.36,0,None,0.0,0,49,0.7,10000,0,0,0,27000
STU-2026-04008,Engineering,D,Hyderabad,9.53,0,None,0.0,0,85,0.59,10000,0,0,1,44000
STU-2026-04009,MBA,D,Mumbai,4.55,1,Startup,0.052,42,75,0.38,15000,0,0,1,29000
STU-2026-04010,MBA,A,Delhi NCR,8.74,1,Startup,0.052,37,80,0.71,30000,0,1,1,118000
STU-2026-04011,Engineering,B,Bengaluru,6.61,4,MNC,0.3,56,62,0.66,20000,0,0,1,69000
STU-2026-04012,MBA,D,Hyderabad,5.79,0,None,0.0,33,79,0.53,10000,0,0,0,36000
STU-2026-04013,MBA,B,Hyderabad,7.23,4,Startup,0.21,83,71,0.71,15000,0,1,1,78000
STU-2026-04014,Nursing,A,Hyderabad,8.72,5,MNC,0.375,47,55,0.58,25000,0,1,1,79000
STU-2026-04015,MBA,C,Mumbai,7.51,0,None,0.0,27,81,0.63,20000,0,0,1,58000
STU-2026-04016,Nursing,C,Mumbai,8.14,2,SME,0.075,50,75,0.72,30000,0,0,1,39000
STU-2026-04017,Engineering,B,Pune,7.71,4,MNC,0.3,71,60,0.53,30000,0,1,1,95000
STU-2026-04018,Engineering,B,Hyderabad,6.57,0,None,0.0,47,87,0.65,25000,0,0,1,55000
STU-2026-04019,Engineering,C,Chennai,6.51,0,None,0.0,48,74,0.51,30000,0,0,1,44000
STU-2026-04020,MBA,A,Bengaluru,7.93,6,Startup,0.315,63,73,0.57,25000,0,1,1,120000
STU-2026-04021,MBA,C,Bengaluru,8.4,0,None,0.0,56,56,0.77,15000,0,0,1,53000
STU-2026-04022,Nursing,C,Delhi NCR,8.13,5,Startup,0.263,52,43,0.55,20000,0,0,1,30000
STU-2026-04023,Nursing,C,Mumbai,6.9,0,None,0.0,44,52,0.63,10000,0,0,1,24000
STU-2026-04024,Nursing,D,Delhi NCR,7.9,4,SME,0.15,61,66,0.58,25000,0,0,1,30000
STU-2026-04025,MBA,D,Mumbai,4.48,0,None,0.0,52,58,0.56,30000,0,0,0,25000
STU-2026-04026,Engineering,A,Hyderabad,8.2,2,SME,0.075,70,78,0.51,10000,0,1,1,91000
STU-2026-04027,Engineering,B,Mumbai,7.77,3,MNC,0.225,66,100,0.48,30000,0,1,1,83000
STU-2026-04028,Engineering,C,Delhi NCR,7.39,1,SME,0.037,24,95,0.38,15000,0,0,1,52000
STU-2026-04029,Engineering,B,Delhi NCR,7.13,2,MNC,0.15,92,47,0.49,15000,0,0,1,65000
STU-2026-04030,Engineering,B,Bengaluru,7.28,1,MNC,0.075,50,91,0.75,20000,0,0,1,43000
STU-2026-04031,Nursing,C,Delhi NCR,4.21,1,MNC,0.075,46,80,0.61,30000,0,0,0,17000
STU-2026-04032,Nursing,B,Delhi NCR,8.15,6,SME,0.225,94,37,0.59,10000,0,0,1,43000
STU-2026-04033,Engineering,D,Hyderabad,5.44,5,SME,0.188,49,76,0.75,20000,0,0,1,22000
STU-2026-04034,Nursing,B,Hyderabad,7.26,0,None,0.0,32,52,0.66,15000,0,0,1,44000
STU-2026-04035,Engineering,B,Delhi NCR,7.14,4,MNC,0.3,76,64,0.71,30000,0,1,1,67000
STU-2026-04036,MBA,B,Mumbai,7.71,1,Startup,0.052,60,94,0.62,30000,0,1,1,73000
STU-2026-04037,Nursing,B,Mumbai,8.34,0,None,0.0,74,66,0.48,20000,0,0,1,45000
STU-2026-04038,MBA,A,Bengaluru,9.28,1,Startup,0.052,55,61,0.42,20000,0,1,1,136000
STU-2026-04039,Nursing,D,Delhi NCR,7.76,5,SME,0.188,64,68,0.61,30000,0,0,1,32000
STU-2026-04040,Engineering,A,Mumbai,8.67,0,None,0.0,77,80,0.59,25000,0,1,1,100000
STU-2026-04041,MBA,B,Mumbai,8.28,3,SME,0.113,83,78,0.66,20000,0,1,1,78000
STU-2026-04042,MBA,B,Mumbai,8.28,4,MNC,0.3,49,70,0.74,30000,0,1,1,104000
STU-2026-04043,MBA,A,Hyderabad,7.96,4,Startup,0.21,58,83,0.6,30000,0,1,1,146000
STU-2026-04044,Engineering,B,Bengaluru,7.68,1,SME,0.037,48,77,0.7,15000,0,0,1,57000
STU-2026-04045,Engineering,D,Delhi NCR,6.5,0,None,0.0,51,79,0.54,25000,0,0,0,34000
STU-2026-04046,Engineering,D,Delhi NCR,5.46,0,None,0.0,47,68,0.62,15000,0,0,1,36000
STU-2026-04047,Nursing,D,Delhi NCR,4.84,0,None,0.0,65,68,0.7,15000,0,0,1,20000
STU-2026-04048,Nursing,A,Hyderabad,8.43,4,MNC,0.3,42,84,0.61,10000,0,1,1,79000
STU-2026-04049,Engineering,B,Chennai,8.51,5,Startup,0.263,92,52,0.66,20000,0,1,1,62000
STU-2026-04050,Engineering,C,Mumbai,6.98,0,None,0.0,19,46,0.52,10000,0,0,0,36000
STU-2026-04051,Engineering,C,Chennai,5.21,0,None,0.0,30,59,0.64,20000,0,0,0,31000
STU-2026-04052,MBA,A,Delhi NCR,8.01,0,None,0.0,55,57,0.52,15000,0,1,1,76000
STU-2026-04053,Nursing,B,Mumbai,7.42,1,Startup,0.052,54,79,0.46,15000,0,0,1,46000
STU-2026-04054,Nursing,A,Hyderabad,6.68,4,SME,0.15,39,69,0.65,25000,0,1,1,64000
STU-2026-04055,Nursing,B,Delhi NCR,6.42,2,Startup,0.105,28,71,0.48,20000,0,0,1,45000
STU-2026-04056,Engineering,B,Mumbai,7.69,2,SME,0.075,49,60,0.66,20000,0,0,1,50000
STU-2026-04057,Nursing,C,Chennai,4.46,1,SME,0.037,87,52,0.65,15000,0,0,1,20000
STU-2026-04058,Nursing,A,Delhi NCR,7.72,4,Startup,0.21,31,48,0.64,10000,0,1,1,68000
STU-2026-04059,MBA,D,Chennai,6.13,0,None,0.0,57,60,0.63,30000,0,0,0,33000
STU-2026-04060,Engineering,B,Bengaluru,7.48,5,SME,0.188,95,79,0.71,30000,0,1,1,77000
STU-2026-04061,MBA,C,Mumbai,7.57,0,None,0.0,3,78,0.55,30000,0,0,0,55000
STU-2026-04062,Engineering,B,Delhi NCR,8.04,5,SME,0.188,63,68,0.57,20000,1,1,1,58000
STU-2026-04063,MBA,C,Mumbai,7.85,3,SME,0.113,40,57,0.6,30000,0,0,0,57000
STU-2026-04064,MBA,B,Chennai,7.45,3,SME,0.113,29,78,0.5,25000,0,0,1,64000
STU-2026-04065,Nursing,D,Bengaluru,9.41,0,None,0.0,0,77,0.52,15000,0,0,1,35000
STU-2026-04066,Engineering,C,Pune,7.47,0,None,0.0,23,50,0.66,30000,0,0,1,41000
STU-2026-04067,Engineering,C,Delhi NCR,7.33,6,Startup,0.315,29,58,0.6,20000,0,0,1,58000
STU-2026-04068,Engineering,D,Bengaluru,7.41,2,MNC,0.15,21,94,0.57,20000,0,0,1,31000
STU-2026-04069,Engineering,A,Hyderabad,8.04,0,None,0.0,71,81,0.76,25000,0,1,1,86000
STU-2026-04070,Engineering,C,Pune,6.26,0,None,0.0,23,85,0.7,25000,0,0,0,40000
STU-2026-04071,Engineering,C,Bengaluru,7.58,1,MNC,0.075,12,78,0.5,15000,0,0,0,45000
STU-2026-04072,Engineering,C,Mumbai,7.11,0,None,0.0,37,100,0.64,30000,0,0,1,43000
STU-2026-04073,Engineering,A,Mumbai,7.85,6,Startup,0.315,79,75,0.63,25000,0,1,1,81000
STU-2026-04074,Engineering,D,Mumbai,6.2,0,None,0.0,47,63,0.63,25000,0,0,0,30000
STU-2026-04075,Engineering,C,Delhi NCR,5.63,1,SME,0.037,45,60,0.45,20000,0,0,0,41000
STU-2026-04076,MBA,B,Bengaluru,6.04,0,None,0.0,62,82,0.83,20000,0,0,1,51000
STU-2026-04077,Nursing,A,Mumbai,7.27,5,MNC,0.375,83,57,0.56,10000,0,0,1,87000
STU-2026-04078,Nursing,A,Hyderabad,9.13,3,MNC,0.225,77,46,0.66,30000,0,1,1,87000
STU-2026-04079,Nursing,B,Bengaluru,7.71,0,None,0.0,66,78,0.6,25000,0,0,1,46000
STU-2026-04080,Engineering,A,Hyderabad,8.28,1,SME,0.037,42,46,0.75,10000,0,1,1,98000
STU-2026-04081,MBA,A,Hyderabad,7.66,0,None,0.0,10,81,0.64,25000,0,0,1,115000
STU-2026-04082,Nursing,A,Delhi NCR,8.88,4,MNC,0.3,64,71,0.61,25000,1,1,1,78000
STU-2026-04083,Engineering,D,Pune,7.31,4,Startup,0.21,17,90,0.65,15000,0,0,1,41000
STU-2026-04084,Nursing,C,Mumbai,5.78,0,None,0.0,78,94,0.67,20000,0,0,1,25000
STU-2026-04085,Engineering,D,Bengaluru,7.72,0,None,0.0,71,70,0.61,25000,0,0,1,39000
STU-2026-04086,Engineering,D,Pune,5.89,2,SME,0.075,0,67,0.39,10000,0,0,0,0
STU-2026-04087,Engineering,B,Pune,6.63,0,None,0.0,49,82,0.7,30000,0,0,1,54000
STU-2026-04088,MBA,C,Chennai,7.59,0,None,0.0,0,70,0.42,25000,0,0,1,37000
STU-2026-04089,MBA,B,Bengaluru,7.32,4,Startup,0.21,71,53,0.7,20000,0,1,1,87000
STU-2026-04090,MBA,A,Chennai,8.76,0,None,0.0,53,72,0.6,15000,0,1,1,101000
STU-2026-04091,MBA,D,Chennai,5.31,5,Startup,0.263,32,64,0.53,25000,0,0,1,32000
STU-2026-04092,MBA,A,Pune,8.06,2,Startup,0.105,83,84,0.72,30000,0,1,1,128000
STU-2026-04093,MBA,B,Hyderabad,6.44,3,Startup,0.157,54,67,0.54,10000,0,0,1,64000
STU-2026-04094,MBA,C,Delhi NCR,5.62,0,None,0.0,61,67,0.62,30000,0,0,1,40000
STU-2026-04095,MBA,A,Mumbai,8.27,4,SME,0.15,54,91,0.68,30000,0,1,1,114000
STU-2026-04096,Nursing,B,Bengaluru,7.38,2,MNC,0.15,68,92,0.46,15000,0,1,1,55000
STU-2026-04097,MBA,B,Pune,6.01,3,MNC,0.225,56,54,0.64,25000,0,0,1,67000
STU-2026-04098,Engineering,B,Delhi NCR,7.09,3,MNC,0.225,74,73,0.62,30000,0,1,1,70000
STU-2026-04099,MBA,C,Pune,6.49,1,MNC,0.075,83,51,0.43,20000,0,0,0,34000
STU-2026-04100,MBA,C,Chennai,7.61,0,None,0.0,54,88,0.49,15000,0,0,1,55000
STU-2026-04101,MBA,A,Delhi NCR,8.33,2,MNC,0.15,73,59,0.86,30000,1,1,1,113000
STU-2026-04102,MBA,C,Mumbai,5.49,1,SME,0.037,38,73,0.71,20000,0,0,0,42000
STU-2026-04103,Engineering,C,Chennai,4.97,4,SME,0.15,51,68,0.79,20000,0,0,0,39000
STU-2026-04104,Engineering,A,Pune,6.84,2,Startup,0.105,33,45,0.63,30000,0,0,1,62000
STU-2026-04105,Nursing,A,Mumbai,8.36,2,Startup,0.105,69,71,0.58,30000,1,1,1,73000
STU-2026-04106,Engineering,C,Chennai,7.77,0,None,0.0,44,54,0.65,20000,0,0,1,44000
STU-2026-04107,MBA,D,Chennai,7.17,0,None,0.0,0,46,0.69,15000,0,0,0,37000
STU-2026-04108,MBA,C,Delhi NCR,7.0,0,None,0.0,30,76,0.59,10000,0,0,1,45000
STU-2026-04109,MBA,D,Mumbai,7.03,4,SME,0.15,68,61,0.69,20000,0,0,1,51000
STU-2026-04110,MBA,C,Pune,6.95,2,SME,0.075,39,75,0.72,25000,0,0,1,57000
STU-2026-04111,Engineering,D,Hyderabad,6.36,1,Startup,0.052,79,80,0.61,20000,0,0,1,35000
STU-2026-04112,Nursing,A,Hyderabad,7.72,5,SME,0.188,24,71,0.72,30000,0,1,1,70000
STU-2026-04113,Nursing,A,Mumbai,8.23,0,None,0.0,70,66,0.65,25000,0,1,1,73000
STU-2026-04114,Nursing,B,Hyderabad,8.22,1,SME,0.037,76,67,0.79,20000,0,1,1,49000
STU-2026-04115,MBA,A,Chennai,7.59,5,Startup,0.263,58,72,0.52,10000,0,1,1,120000
STU-2026-04116,MBA,B,Delhi NCR,7.56,4,MNC,0.3,25,68,0.56,20000,0,0,1,105000
STU-2026-04117,Engineering,B,Chennai,9.55,3,Startup,0.157,74,51,0.57,30000,0,1,1,88000
STU-2026-04118,Nursing,B,Bengaluru,8.49,0,None,0.0,58,65,0.78,25000,0,1,1,40000
STU-2026-04119,Nursing,D,Chennai,8.57,0,None,0.0,3,18,0.68,25000,0,0,1,31000
STU-2026-04120,MBA,A,Hyderabad,7.16,2,SME,0.075,59,66,0.55,15000,0,1,1,83000
STU-2026-04121,MBA,D,Pune,7.18,6,Startup,0.315,70,76,0.72,10000,0,0,1,57000
STU-2026-04122,Nursing,A,Hyderabad,8.49,6,SME,0.225,72,64,0.47,25000,0,1,1,94000
STU-2026-04123,MBA,B,Hyderabad,7.75,6,SME,0.225,49,47,0.61,10000,0,0,1,68000
STU-2026-04124,MBA,D,Bengaluru,6.78,2,Startup,0.105,21,75,0.58,15000,0,0,0,32000
STU-2026-04125,Nursing,D,Pune,5.78,0,None,0.0,20,52,0.57,20000,0,0,0,0
STU-2026-04126,Nursing,C,Mumbai,6.6,6,Startup,0.315,46,58,0.64,30000,0,0,1,31000
STU-2026-04127,Engineering,B,Mumbai,7.39,1,Startup,0.052,74,83,0.76,30000,0,1,1,57000
STU-2026-04128,MBA,A,Hyderabad,7.37,6,SME,0.225,35,73,0.52,25000,0,1,1,91000
STU-2026-04129,Engineering,D,Pune,7.38,0,None,0.0,15,58,0.65,10000,0,0,0,31000
STU-2026-04130,Engineering,D,Bengaluru,5.83,6,MNC,0.45,85,61,0.61,25000,0,0,1,40000
STU-2026-04131,Engineering,B,Hyderabad,6.89,1,SME,0.037,56,76,0.51,30000,0,1,1,63000
STU-2026-04132,Nursing,B,Pune,8.11,0,None,0.0,61,25,0.64,15000,0,0,1,44000
STU-2026-04133,MBA,C,Bengaluru,4.52,2,Startup,0.105,52,48,0.61,10000,0,0,1,33000
STU-2026-04134,MBA,A,Hyderabad,9.17,3,SME,0.113,45,79,0.47,20000,0,1,1,148000
STU-2026-04135,Engineering,D,Hyderabad,7.36,0,None,0.0,30,49,0.56,10000,0,0,1,34000
STU-2026-04136,Engineering,B,Mumbai,5.95,2,Startup,0.105,38,89,0.65,20000,0,0,1,36000
STU-2026-04137,Nursing,A,Mumbai,7.7,5,SME,0.188,23,68,0.85,25000,0,0,1,69000
STU-2026-04138,MBA,A,Pune,9.25,1,SME,0.037,75,68,0.59,20000,0,1,1,118000
STU-2026-04139,Nursing,D,Bengaluru,7.09,0,None,0.0,68,61,0.58,20000,0,0,0,25000
STU-2026-04140,Nursing,B,Delhi NCR,8.28,5,SME,0.188,73,52,0.61,20000,0,0,1,63000
STU-2026-04141,Nursing,B,Mumbai,7.34,6,SME,0.225,30,67,0.65,10000,0,0,1,46000
STU-2026-04142,MBA,A,Pune,7.73,1,Startup,0.052,40,64,0.51,25000,0,1,1,90000
STU-2026-04143,Nursing,C,Chennai,6.95,0,None,0.0,41,84,0.71,10000,0,0,1,31000
STU-2026-04144,MBA,A,Mumbai,7.36,3,SME,0.113,39,57,0.68,15000,0,1,1,119000
STU-2026-04145,Nursing,A,Delhi NCR,9.0,0,None,0.0,45,70,0.6,25000,0,1,1,64000
STU-2026-04146,Engineering,A,Pune,9.15,0,None,0.0,61,70,0.52,30000,0,1,1,80000
STU-2026-04147,Engineering,D,Chennai,7.35,0,None,0.0,52,64,0.63,25000,0,0,1,33000
STU-2026-04148,Engineering,B,Mumbai,7.51,5,MNC,0.375,61,72,0.61,30000,0,0,1,75000
STU-2026-04149,Nursing,A,Pune,8.41,0,None,0.0,62,84,0.66,15000,0,1,1,63000
STU-2026-04150,Nursing,B,Hyderabad,7.19,5,MNC,0.375,60,70,0.66,20000,0,1,1,65000
STU-2026-04151,MBA,C,Mumbai,7.09,1,Startup,0.052,19,63,0.66,15000,0,0,0,43000
STU-2026-04152,Nursing,C,Hyderabad,6.81,0,None,0.0,64,90,0.58,25000,0,0,1,30000
STU-2026-04153,Nursing,C,Mumbai,4.96,0,None,0.0,40,61,0.69,30000,0,0,0,17000
STU-2026-04154,Engineering,D,Hyderabad,5.0,6,SME,0.225,39,34,0.55,25000,0,0,0,24000
STU-2026-04155,Engineering,B,Pune,8.49,2,MNC,0.15,84,55,0.57,30000,0,1,1,73000
STU-2026-04156,Engineering,B,Mumbai,6.11,1,Startup,0.052,57,57,0.71,10000,0,0,1,46000
STU-2026-04157,Nursing,B,Pune,7.64,0,None,0.0,34,59,0.76,20000,0,0,1,49000
STU-2026-04158,MBA,C,Bengaluru,7.08,0,None,0.0,73,40,0.58,30000,0,0,1,58000
STU-2026-04159,MBA,B,Chennai,8.83,5,SME,0.188,60,62,0.5,25000,0,0,1,109000
STU-2026-04160,Engineering,A,Bengaluru,8.61,0,None,0.0,59,78,0.61,20000,0,1,1,101000
STU-2026-04161,Nursing,B,Delhi NCR,6.43,0,None,0.0,65,45,0.61,20000,0,0,1,29000
STU-2026-04162,Engineering,D,Hyderabad,6.3,0,None,0.0,40,74,0.57,10000,0,0,0,29000
STU-2026-04163,Engineering,B,Pune,5.85,1,MNC,0.075,55,63,0.59,30000,0,0,1,36000
STU-2026-04164,MBA,D,Pune,6.36,6,MNC,0.45,63,89,0.84,15000,0,1,1,43000
STU-2026-04165,Nursing,D,Chennai,6.31,1,MNC,0.075,39,69,0.61,20000,0,0,1,19000
STU-2026-04166,Engineering,D,Delhi NCR,5.94,0,None,0.0,81,61,0.64,20000,0,0,1,29000
STU-2026-04167,Engineering,C,Delhi NCR,7.03,0,None,0.0,63,57,0.55,25000,0,0,1,28000
STU-2026-04168,MBA,A,Chennai,9.33,4,Startup,0.21,66,72,0.44,20000,0,1,1,136000
STU-2026-04169,Nursing,A,Bengaluru,8.85,6,Startup,0.315,18,82,0.56,30000,0,1,1,93000
STU-2026-04170,Nursing,B,Mumbai,7.77,6,SME,0.225,46,79,0.37,25000,0,0,1,54000
STU-2026-04171,MBA,B,Hyderabad,7.16,6,Startup,0.315,23,81,0.48,25000,0,0,1,89000
STU-2026-04172,Engineering,B,Bengaluru,7.52,1,Startup,0.052,83,69,0.64,25000,0,1,1,64000
STU-2026-04173,MBA,D,Delhi NCR,8.47,2,Startup,0.105,43,82,0.75,30000,0,1,1,50000
STU-2026-04174,MBA,D,Chennai,8.04,2,SME,0.075,46,87,0.66,10000,0,0,1,53000
STU-2026-04175,MBA,B,Hyderabad,7.76,2,MNC,0.15,66,68,0.57,25000,0,1,1,89000
STU-2026-04176,Nursing,B,Mumbai,6.93,4,MNC,0.3,54,86,0.53,25000,0,0,1,40000
STU-2026-04177,Nursing,D,Bengaluru,4.73,0,None,0.0,8,52,0.74,20000,0,0,0,0
STU-2026-04178,MBA,B,Hyderabad,7.14,5,SME,0.188,31,68,0.43,30000,0,0,1,103000
STU-2026-04179,Engineering,B,Delhi NCR,8.16,6,Startup,0.315,56,80,0.55,25000,0,1,1,100000
STU-2026-04180,Nursing,D,Chennai,5.43,0,None,0.0,31,75,0.51,30000,0,0,0,18000
STU-2026-04181,Engineering,C,Pune,7.6,0,None,0.0,55,66,0.77,10000,0,0,1,52000
STU-2026-04182,Engineering,C,Hyderabad,8.21,0,None,0.0,84,73,0.52,30000,0,1,1,45000
STU-2026-04183,MBA,B,Mumbai,6.69,5,SME,0.188,56,55,0.65,15000,0,0,1,71000
STU-2026-04184,Nursing,A,Bengaluru,8.97,4,MNC,0.3,72,70,0.62,10000,0,1,1,84000
STU-2026-04185,Engineering,A,Delhi NCR,8.2,6,SME,0.225,70,68,0.64,25000,0,1,1,94000
STU-2026-04186,MBA,B,Hyderabad,6.77,1,Startup,0.052,49,89,0.67,15000,0,0,1,71000
STU-2026-04187,Engineering,C,Chennai,6.33,1,MNC,0.075,23,48,0.7,20000,0,0,0,39000
STU-2026-04188,Engineering,A,Bengaluru,7.44,5,Startup,0.263,76,65,0.59,20000,0,1,1,101000
STU-2026-04189,Engineering,D,Bengaluru,6.82,0,None,0.0,39,62,0.44,30000,0,0,0,35000
STU-2026-04190,Nursing,D,Chennai,6.43,0,None,0.0,23,49,0.43,25000,0,0,0,0
STU-2026-04191,MBA,B,Chennai,8.39,6,MNC,0.45,49,76,0.54,20000,0,1,1,107000
STU-2026-04192,Engineering,C,Hyderabad,5.32,6,MNC,0.45,33,98,0.78,10000,0,0,1,43000
STU-2026-04193,Nursing,B,Bengaluru,7.8,2,MNC,0.15,66,69,0.64,30000,0,1,1,48000
STU-2026-04194,MBA,D,Pune,5.37,1,SME,0.037,28,82,0.6,20000,0,0,0,30000
STU-2026-04195,Nursing,D,Bengaluru,5.53,5,SME,0.188,34,55,0.49,10000,0,0,1,21000
STU-2026-04196,Nursing,C,Pune,5.91,1,MNC,0.075,80,82,0.56,25000,0,0,1,26000
STU-2026-04197,Nursing,C,Bengaluru,5.97,1,Startup,0.052,52,65,0.61,30000,0,0,1,31000
STU-2026-04198,MBA,D,Mumbai,6.14,4,SME,0.15,52,53,0.65,20000,0,0,1,43000
STU-2026-04199,MBA,B,Chennai,7.2,6,Startup,0.315,100,56,0.7,10000,0,1,1,95000
STU-2026-04200,MBA,B,Delhi NCR,8.08,1,SME,0.037,61,63,0.61,15000,0,1,1,99000
STU-2026-04201,MBA,B,Mumbai,6.63,4,SME,0.15,49,74,0.57,30000,0,0,1,82000
STU-2026-04202,MBA,D,Mumbai,4.0,0,None,0.0,25,44,0.48,25000,0,0,0,25000
STU-2026-04203,MBA,D,Bengaluru,7.94,1,Startup,0.052,38,81,0.42,20000,0,0,1,42000
STU-2026-04204,Engineering,B,Pune,6.97,0,None,0.0,70,75,0.61,30000,0,0,1,53000
STU-2026-04205,Nursing,B,Mumbai,8.46,0,None,0.0,49,90,0.51,20000,0,1,1,58000
STU-2026-04206,Nursing,A,Hyderabad,7.65,0,None,0.0,81,100,0.62,25000,0,1,1,52000
STU-2026-04207,Engineering,B,Pune,8.8,0,None,0.0,86,92,0.6,20000,0,1,1,65000
STU-2026-04208,Nursing,B,Delhi NCR,6.62,3,Startup,0.157,82,95,0.5,25000,0,0,1,43000
STU-2026-04209,MBA,A,Delhi NCR,8.96,1,Startup,0.052,37,73,0.54,30000,0,1,1,107000
STU-2026-04210,MBA,B,Bengaluru,8.27,1,MNC,0.075,57,56,0.61,25000,0,0,1,76000
STU-2026-04211,MBA,C,Mumbai,7.2,5,MNC,0.375,0,31,0.37,25000,0,0,1,70000
STU-2026-04212,Nursing,A,Chennai,7.77,3,MNC,0.225,79,64,0.63,25000,0,1,1,68000
STU-2026-04213,Nursing,B,Chennai,7.79,0,None,0.0,75,67,0.55,30000,0,0,1,28000
STU-2026-04214,Nursing,C,Mumbai,7.14,0,None,0.0,10,79,0.59,25000,0,0,1,34000
STU-2026-04215,Engineering,C,Mumbai,5.69,1,SME,0.037,49,74,0.58,20000,0,0,0,37000
STU-2026-04216,Nursing,A,Delhi NCR,8.76,6,MNC,0.45,62,54,0.55,10000,0,1,1,108000
STU-2026-04217,MBA,D,Delhi NCR,4.9,0,None,0.0,26,64,0.59,30000,0,0,0,0
STU-2026-04218,MBA,C,Bengaluru,6.54,1,Startup,0.052,32,54,0.59,10000,0,0,0,53000
STU-2026-04219,Nursing,D,Pune,5.74,0,None,0.0,42,58,0.54,20000,0,0,0,20000
STU-2026-04220,Engineering,B,Mumbai,7.08,3,Startup,0.157,55,48,0.74,10000,0,1,1,67000
STU-2026-04221,Nursing,C,Mumbai,4.89,2,SME,0.075,25,65,0.41,30000,0,0,0,27000
STU-2026-04222,Engineering,B,Mumbai,9.56,1,SME,0.037,39,72,0.73,15000,0,1,1,67000
STU-2026-04223,Nursing,D,Pune,4.56,6,SME,0.225,68,70,0.53,10000,0,0,0,20000
STU-2026-04224,Engineering,C,Hyderabad,7.0,6,Startup,0.315,35,94,0.59,10000,0,1,1,57000
STU-2026-04225,Nursing,D,Hyderabad,7.22,2,Startup,0.105,37,85,0.61,20000,0,0,0,23000
STU-2026-04226,Engineering,C,Mumbai,7.31,4,Startup,0.21,17,69,0.71,25000,0,0,1,45000
STU-2026-04227,Nursing,B,Bengaluru,8.91,3,SME,0.113,71,85,0.37,25000,0,1,1,62000
STU-2026-04228,Engineering,B,Mumbai,9.2,5,Startup,0.263,31,88,0.76,20000,0,0,1,92000
STU-2026-04229,MBA,A,Hyderabad,8.69,1,Startup,0.052,53,63,0.67,25000,0,1,1,114000
STU-2026-04230,Engineering,D,Mumbai,7.77,1,SME,0.037,84,78,0.61,10000,0,0,1,31000
STU-2026-04231,Nursing,A,Hyderabad,9.09,6,SME,0.225,57,87,0.57,20000,0,1,1,91000
STU-2026-04232,Engineering,A,Mumbai,8.14,0,None,0.0,36,97,0.54,15000,0,1,1,94000
STU-2026-04233,MBA,D,Mumbai,5.29,0,None,0.0,15,65,0.51,30000,0,0,0,29000
STU-2026-04234,MBA,C,Hyderabad,7.87,0,None,0.0,53,74,0.6,15000,0,0,1,49000
STU-2026-04235,MBA,B,Bengaluru,9.23,1,SME,0.037,34,82,0.46,25000,0,0,1,90000
STU-2026-04236,Engineering,C,Pune,6.22,6,MNC,0.45,35,49,0.5,15000,0,0,1,52000
STU-2026-04237,Engineering,C,Bengaluru,5.97,4,SME,0.15,73,52,0.56,10000,0,0,1,43000
STU-2026-04238,MBA,D,Delhi NCR,6.86,0,None,0.0,37,42,0.69,20000,0,0,0,40000
STU-2026-04239,MBA,D,Chennai,5.9,1,SME,0.037,17,92,0.42,15000,0,0,0,0
STU-2026-04240,Nursing,B,Mumbai,8.98,1,Startup,0.052,73,65,0.72,25000,0,1,1,54000
STU-2026-04241,Nursing,A,Hyderabad,8.38,6,MNC,0.45,69,78,0.82,30000,1,1,1,91000
STU-2026-04242,MBA,D,Pune,5.32,4,MNC,0.3,39,98,0.7,25000,0,0,1,40000
STU-2026-04243,Engineering,B,Delhi NCR,6.2,5,Startup,0.263,41,72,0.55,10000,0,0,1,62000
STU-2026-04244,MBA,B,Mumbai,7.42,0,None,0.0,29,39,0.54,25000,0,0,0,50000
STU-2026-04245,Engineering,C,Mumbai,8.15,0,None,0.0,38,66,0.58,25000,0,0,0,49000
STU-2026-04246,Nursing,D,Mumbai,6.64,0,None,0.0,21,61,0.48,25000,0,0,0,22000
STU-2026-04247,Nursing,D,Mumbai,6.28,0,None,0.0,41,69,0.62,10000,0,0,1,23000
STU-2026-04248,MBA,B,Mumbai,8.45,2,Startup,0.105,43,62,0.67,10000,0,1,1,78000
STU-2026-04249,MBA,A,Bengaluru,8.69,6,MNC,0.45,41,77,0.6,25000,0,1,1,151000
STU-2026-04250,MBA,A,Hyderabad,9.95,1,MNC,0.075,64,100,0.46,15000,1,1,1,85000
STU-2026-04251,Nursing,A,Hyderabad,8.2,0,None,0.0,73,83,0.52,15000,0,1,1,58000
STU-2026-04252,Engineering,B,Chennai,7.34,0,None,0.0,51,53,0.76,20000,0,0,1,63000
STU-2026-04253,Engineering,A,Hyderabad,9.04,2,SME,0.075,41,88,0.65,15000,0,1,1,107000
STU-2026-04254,MBA,C,Hyderabad,5.57,0,None,0.0,80,82,0.59,30000,0,0,1,30000
STU-2026-04255,MBA,B,Mumbai,6.75,2,Startup,0.105,55,100,0.49,10000,0,0,1,54000
STU-2026-04256,Engineering,D,Mumbai,7.89,0,None,0.0,25,68,0.68,25000,0,0,0,37000
STU-2026-04257,MBA,D,Delhi NCR,7.44,3,Startup,0.157,29,68,0.62,30000,0,0,1,43000
STU-2026-04258,Engineering,A,Delhi NCR,5.78,5,SME,0.188,74,84,0.62,20000,0,1,1,65000
STU-2026-04259,Nursing,C,Delhi NCR,7.4,0,None,0.0,61,71,0.85,10000,0,0,1,32000
STU-2026-04260,Engineering,A,Chennai,7.26,6,SME,0.225,78,46,0.47,30000,0,1,1,95000
STU-2026-04261,MBA,C,Chennai,6.09,0,None,0.0,25,67,0.58,15000,0,0,1,48000
STU-2026-04262,MBA,C,Delhi NCR,6.41,0,None,0.0,92,77,0.5,25000,0,0,1,49000
STU-2026-04263,Engineering,B,Hyderabad,6.81,3,MNC,0.225,39,71,0.56,10000,0,1,1,69000
STU-2026-04264,MBA,D,Mumbai,6.03,0,None,0.0,51,89,0.46,25000,0,0,0,34000
STU-2026-04265,MBA,A,Bengaluru,8.23,4,MNC,0.3,59,65,0.57,25000,0,1,1,161000
STU-2026-04266,Engineering,C,Hyderabad,6.22,0,None,0.0,100,99,0.73,25000,0,0,1,46000
STU-2026-04267,Engineering,C,Pune,6.45,2,Startup,0.105,19,62,0.5,25000,0,0,1,43000
STU-2026-04268,Engineering,B,Bengaluru,7.7,1,Startup,0.052,60,72,0.77,30000,0,1,1,69000
STU-2026-04269,MBA,A,Mumbai,8.35,2,SME,0.075,28,43,0.81,10000,0,0,1,105000
STU-2026-04270,Engineering,D,Bengaluru,7.09,6,MNC,0.45,54,80,0.78,25000,0,1,1,41000
STU-2026-04271,MBA,A,Delhi NCR,8.97,3,SME,0.113,52,68,0.49,25000,0,0,1,128000
STU-2026-04272,Nursing,A,Delhi NCR,7.44,0,None,0.0,79,66,0.63,20000,0,1,1,45000
STU-2026-04273,MBA,A,Bengaluru,7.62,3,Startup,0.157,64,75,0.71,25000,0,1,1,115000
STU-2026-04274,Nursing,C,Mumbai,7.16,3,SME,0.113,48,48,0.58,20000,0,0,1,36000
STU-2026-04275,Engineering,A,Chennai,7.46,6,Startup,0.315,35,66,0.8,30000,0,1,1,119000
STU-2026-04276,Engineering,C,Chennai,8.7,0,None,0.0,41,60,0.65,30000,0,0,1,43000
STU-2026-04277,Nursing,A,Chennai,7.67,6,SME,0.225,69,84,0.57,30000,0,1,1,80000
STU-2026-04278,MBA,D,Chennai,6.59,6,Startup,0.315,33,59,0.52,30000,0,0,1,48000
STU-2026-04279,Engineering,D,Delhi NCR,8.44,0,None,0.0,82,67,0.64,10000,0,0,1,29000
STU-2026-04280,Nursing,B,Bengaluru,5.95,6,SME,0.225,61,64,0.79,25000,0,0,1,52000
STU-2026-04281,MBA,D,Pune,6.23,1,Startup,0.052,88,78,0.66,25000,0,0,1,41000
STU-2026-04282,Engineering,B,Bengaluru,9.19,6,Startup,0.315,57,65,0.58,25000,1,1,1,101000
STU-2026-04283,Nursing,A,Hyderabad,9.36,1,SME,0.037,66,71,0.64,10000,0,1,1,72000
STU-2026-04284,Nursing,B,Bengaluru,8.87,0,None,0.0,67,34,0.69,20000,0,0,1,56000
STU-2026-04285,MBA,D,Bengaluru,7.88,0,None,0.0,48,78,0.71,15000,0,0,1,50000
STU-2026-04286,Nursing,D,Bengaluru,8.2,2,MNC,0.15,84,53,0.64,30000,0,0,1,27000
STU-2026-04287,MBA,C,Delhi NCR,7.23,0,None,0.0,42,87,0.57,30000,0,0,1,53000
STU-2026-04288,Engineering,C,Bengaluru,5.77,4,Startup,0.21,22,87,0.55,25000,0,0,1,44000
STU-2026-04289,Nursing,B,Delhi NCR,5.95,0,None,0.0,71,78,0.64,25000,0,0,1,28000
STU-2026-04290,Engineering,B,Bengaluru,8.85,3,SME,0.113,58,57,0.65,15000,0,0,1,63000
STU-2026-04291,Engineering,B,Bengaluru,7.12,1,SME,0.037,47,56,0.68,10000,0,0,1,65000
STU-2026-04292,MBA,A,Mumbai,7.52,2,MNC,0.15,25,72,0.79,15000,0,1,1,165000
STU-2026-04293,Nursing,C,Delhi NCR,7.2,0,None,0.0,46,38,0.64,20000,0,0,1,29000
STU-2026-04294,MBA,A,Hyderabad,8.09,2,SME,0.075,59,67,0.81,10000,0,1,1,115000
STU-2026-04295,Nursing,D,Delhi NCR,6.32,1,Startup,0.052,60,73,0.57,20000,0,0,0,24000
STU-2026-04296,Nursing,C,Bengaluru,6.43,1,Startup,0.052,38,52,0.74,20000,0,0,1,35000
STU-2026-04297,MBA,A,Bengaluru,9.12,2,MNC,0.15,72,53,0.78,10000,0,1,1,129000
STU-2026-04298,Engineering,D,Delhi NCR,7.65,2,SME,0.075,59,79,0.56,15000,0,0,1,52000
STU-2026-04299,Engineering,D,Chennai,6.75,2,MNC,0.15,36,59,0.62,25000,0,0,1,35000
STU-2026-04300,MBA,D,Pune,7.26,0,None,0.0,84,61,0.6,10000,0,0,1,43000
STU-2026-04301,MBA,A,Pune,7.75,3,SME,0.113,49,48,0.61,25000,0,1,1,142000
STU-2026-04302,Engineering,D,Mumbai,7.36,0,None,0.0,29,50,0.48,20000,0,0,0,0
STU-2026-04303,Engineering,B,Pune,9.38,3,SME,0.113,66,61,0.5,20000,0,0,1,70000
STU-2026-04304,Engineering,C,Bengaluru,8.38,1,SME,0.037,39,48,0.83,10000,0,0,1,45000
STU-2026-04305,Nursing,D,Chennai,8.37,0,None,0.0,50,63,0.48,10000,0,0,0,25000
STU-2026-04306,Engineering,D,Delhi NCR,6.81,0,None,0.0,45,68,0.6,25000,0,0,0,33000
STU-2026-04307,MBA,C,Hyderabad,8.34,0,None,0.0,36,67,0.61,25000,0,0,1,52000
STU-2026-04308,MBA,B,Delhi NCR,8.95,1,Startup,0.052,68,70,0.72,15000,0,0,1,94000
STU-2026-04309,Engineering,A,Bengaluru,8.54,2,SME,0.075,41,77,0.63,20000,0,1,1,107000
STU-2026-04310,Nursing,D,Delhi NCR,6.11,6,MNC,0.45,47,68,0.54,20000,0,0,1,29000
STU-2026-04311,Nursing,D,Delhi NCR,5.03,0,None,0.0,0,82,0.48,25000,0,0,0,17000
STU-2026-04312,Nursing,B,Mumbai,7.13,2,SME,0.075,99,73,0.68,30000,0,1,1,41000
STU-2026-04313,Nursing,D,Chennai,6.78,5,SME,0.188,76,86,0.8,20000,0,0,1,24000
STU-2026-04314,Nursing,A,Delhi NCR,7.85,6,SME,0.225,36,82,0.54,25000,0,0,1,102000
STU-2026-04315,Engineering,C,Delhi NCR,6.12,0,None,0.0,26,95,0.48,20000,0,0,1,32000
STU-2026-04316,Nursing,B,Bengaluru,6.18,4,Startup,0.21,94,84,0.69,15000,0,1,1,45000
STU-2026-04317,Engineering,B,Chennai,6.27,5,Startup,0.263,62,56,0.46,25000,0,0,1,69000
STU-2026-04318,Engineering,B,Mumbai,7.12,0,None,0.0,56,53,0.6,30000,0,0,1,59000
STU-2026-04319,Nursing,A,Chennai,8.64,1,Startup,0.052,48,60,0.68,30000,0,1,1,68000
STU-2026-04320,MBA,C,Bengaluru,6.29,0,None,0.0,69,65,0.67,10000,0,0,1,38000
STU-2026-04321,Nursing,A,Bengaluru,9.49,4,SME,0.15,62,59,0.46,15000,0,1,1,79000
STU-2026-04322,Engineering,B,Hyderabad,9.43,6,Startup,0.315,48,92,0.59,25000,0,1,1,86000
STU-2026-04323,MBA,B,Chennai,6.22,0,None,0.0,43,57,0.41,25000,0,0,1,60000
STU-2026-04324,Nursing,D,Chennai,5.98,4,MNC,0.3,46,57,0.33,30000,0,0,1,27000
STU-2026-04325,Nursing,B,Bengaluru,6.91,5,SME,0.188,21,48,0.77,30000,0,1,1,51000
STU-2026-04326,Nursing,D,Mumbai,5.46,0,None,0.0,78,77,0.67,30000,0,0,1,14000
STU-2026-04327,MBA,A,Pune,7.24,4,SME,0.15,50,80,0.46,10000,0,1,1,104000
STU-2026-04328,Nursing,B,Chennai,8.29,5,SME,0.188,73,55,0.74,20000,0,0,1,64000
STU-2026-04329,MBA,C,Pune,6.14,5,SME,0.188,44,73,0.62,30000,0,0,1,55000
STU-2026-04330,MBA,D,Mumbai,7.74,3,SME,0.113,52,51,0.63,25000,0,0,1,41000
STU-2026-04331,Nursing,D,Hyderabad,6.45,0,None,0.0,45,74,0.71,25000,0,0,1,23000
STU-2026-04332,Engineering,B,Mumbai,8.02,4,MNC,0.3,62,82,0.65,15000,0,1,1,102000
STU-2026-04333,MBA,A,Mumbai,7.76,1,SME,0.037,89,50,0.68,15000,0,1,1,74000
STU-2026-04334,MBA,A,Pune,8.31,1,MNC,0.075,74,74,0.64,25000,0,1,1,96000
STU-2026-04335,MBA,C,Delhi NCR,9.64,6,SME,0.225,27,77,0.54,25000,0,0,1,73000
STU-2026-04336,MBA,C,Pune,5.06,5,Startup,0.263,67,61,0.55,20000,0,0,0,46000
STU-2026-04337,MBA,C,Pune,5.94,0,None,0.0,65,75,0.54,15000,0,0,1,42000
STU-2026-04338,MBA,D,Pune,6.83,0,None,0.0,3,69,0.63,10000,0,0,1,35000
STU-2026-04339,Engineering,D,Hyderabad,9.53,0,None,0.0,54,47,0.52,30000,0,0,1,52000
STU-2026-04340,MBA,B,Delhi NCR,7.52,3,MNC,0.225,63,53,0.73,25000,0,0,1,96000
STU-2026-04341,MBA,C,Delhi NCR,8.42,0,None,0.0,41,85,0.78,15000,0,0,1,59000
STU-2026-04342,Engineering,C,Delhi NCR,6.72,0,None,0.0,21,59,0.64,30000,0,0,0,40000
STU-2026-04343,Nursing,D,Delhi NCR,5.01,0,None,0.0,38,85,0.49,15000,0,0,0,12000
STU-2026-04344,Engineering,D,Hyderabad,5.23,1,SME,0.037,60,65,0.78,15000,0,0,0,27000
STU-2026-04345,MBA,D,Mumbai,5.51,4,MNC,0.3,30,59,0.49,15000,0,0,1,46000
STU-2026-04346,MBA,B,Mumbai,7.9,3,Startup,0.157,43,75,0.41,15000,0,1,1,68000
STU-2026-04347,Engineering,D,Mumbai,5.46,0,None,0.0,43,73,0.59,20000,0,0,0,0
STU-2026-04348,Nursing,A,Hyderabad,9.11,5,MNC,0.375,26,48,0.59,10000,0,1,1,114000
STU-2026-04349,Nursing,C,Chennai,5.39,0,None,0.0,79,86,0.72,20000,0,0,1,23000
STU-2026-04350,Nursing,A,Hyderabad,7.39,6,MNC,0.45,58,62,0.53,30000,0,1,1,79000
STU-2026-04351,MBA,D,Hyderabad,5.9,2,Startup,0.105,34,78,0.7,20000,0,0,0,36000
STU-2026-04352,Engineering,C,Mumbai,6.63,0,None,0.0,10,68,0.61,25000,0,0,1,38000
STU-2026-04353,Nursing,C,Hyderabad,5.74,0,None,0.0,90,82,0.66,20000,0,0,1,26000
STU-2026-04354,Engineering,D,Bengaluru,8.34,0,None,0.0,41,70,0.66,25000,0,0,1,47000
STU-2026-04355,Nursing,D,Delhi NCR,7.51,1,SME,0.037,53,80,0.7,20000,0,0,1,26000
STU-2026-04356,MBA,B,Hyderabad,8.82,1,Startup,0.052,67,80,0.74,30000,0,1,1,98000
STU-2026-04357,Nursing,A,Bengaluru,7.89,4,MNC,0.3,90,80,0.61,15000,1,1,1,110000
STU-2026-04358,Nursing,C,Delhi NCR,5.4,0,None,0.0,20,100,0.64,10000,0,0,1,23000
STU-2026-04359,Engineering,A,Delhi NCR,9.17,5,MNC,0.375,100,60,0.59,20000,1,1,1,144000
STU-2026-04360,Nursing,C,Hyderabad,8.27,1,Startup,0.052,81,82,0.85,15000,0,0,1,33000
STU-2026-04361,MBA,B,Mumbai,8.97,5,SME,0.188,62,49,0.57,25000,0,1,1,89000
STU-2026-04362,Nursing,D,Pune,5.58,0,None,0.0,35,54,0.66,25000,0,0,0,0
STU-2026-04363,MBA,C,Hyderabad,6.91,0,None,0.0,53,69,0.71,10000,0,0,0,44000
STU-2026-04364,Nursing,C,Mumbai,6.4,4,SME,0.15,58,73,0.81,20000,0,0,1,25000
STU-2026-04365,Nursing,B,Bengaluru,9.29,0,None,0.0,31,80,0.5,30000,0,0,1,49000
STU-2026-04366,Nursing,B,Hyderabad,8.4,6,SME,0.225,36,79,0.68,25000,0,0,1,55000
STU-2026-04367,Nursing,C,Mumbai,8.69,2,MNC,0.15,56,66,0.64,15000,0,0,1,50000
STU-2026-04368,Engineering,D,Mumbai,8.14,3,SME,0.113,43,73,0.5,30000,0,0,0,39000
STU-2026-04369,MBA,C,Bengaluru,6.7,0,None,0.0,67,84,0.62,25000,0,0,1,41000
STU-2026-04370,MBA,B,Mumbai,8.58,4,MNC,0.3,44,89,0.6,10000,0,0,1,115000
STU-2026-04371,MBA,D,Bengaluru,7.77,2,SME,0.075,29,64,0.58,10000,0,0,0,31000
STU-2026-04372,MBA,A,Hyderabad,9.24,1,Startup,0.052,44,98,0.74,30000,1,1,1,113000
STU-2026-04373,Nursing,B,Delhi NCR,5.89,4,Startup,0.21,38,63,0.36,20000,0,0,1,39000
STU-2026-04374,Nursing,C,Pune,5.25,5,MNC,0.375,14,67,0.64,25000,0,0,0,32000
STU-2026-04375,Engineering,B,Bengaluru,7.64,2,MNC,0.15,61,60,0.47,25000,0,1,1,71000
STU-2026-04376,Engineering,D,Hyderabad,8.01,5,MNC,0.375,38,68,0.65,15000,0,0,1,42000
STU-2026-04377,Engineering,B,Pune,6.7,5,MNC,0.375,51,57,0.63,10000,0,1,1,83000
STU-2026-04378,Nursing,D,Delhi NCR,9.77,6,SME,0.225,8,72,0.61,25000,0,0,1,34000
STU-2026-04379,Engineering,C,Pune,5.7,5,Startup,0.263,46,56,0.62,20000,0,0,1,42000
STU-2026-04380,Engineering,D,Pune,5.66,0,None,0.0,44,57,0.62,20000,0,0,1,27000
STU-2026-04381,Engineering,A,Hyderabad,8.46,6,MNC,0.45,76,49,0.77,25000,0,1,1,143000
STU-2026-04382,Nursing,B,Pune,8.25,3,SME,0.113,42,85,0.65,10000,0,1,1,53000
STU-2026-04383,MBA,D,Hyderabad,6.67,0,None,0.0,27,44,0.57,30000,0,0,0,40000
STU-2026-04384,MBA,C,Hyderabad,5.09,6,SME,0.225,34,79,0.67,25000,0,0,0,49000
STU-2026-04385,Engineering,D,Hyderabad,6.5,0,None,0.0,35,35,0.75,20000,0,0,0,23000
STU-2026-04386,Nursing,D,Pune,7.25,0,None,0.0,49,88,0.57,10000,0,0,1,22000
STU-2026-04387,Engineering,A,Chennai,8.68,1,MNC,0.075,44,57,0.59,15000,0,0,1,119000
STU-2026-04388,Nursing,D,Chennai,9.11,0,None,0.0,29,49,0.63,10000,0,0,1,37000
STU-2026-04389,Nursing,A,Chennai,7.57,6,MNC,0.45,71,72,0.53,30000,0,1,1,96000
STU-2026-04390,Nursing,A,Bengaluru,8.27,6,SME,0.225,62,57,0.71,30000,0,1,1,73000
STU-2026-04391,Nursing,D,Chennai,6.65,1,SME,0.037,75,53,0.66,15000,0,0,0,30000
STU-2026-04392,Engineering,D,Mumbai,6.88,4,SME,0.15,72,59,0.48,30000,0,0,1,38000
STU-2026-04393,Engineering,A,Mumbai,7.79,2,MNC,0.15,75,67,0.39,25000,0,1,1,80000
STU-2026-04394,Engineering,B,Pune,7.14,2,MNC,0.15,91,97,0.54,20000,0,1,1,56000
STU-2026-04395,Nursing,D,Chennai,6.46,0,None,0.0,25,44,0.61,25000,0,0,0,20000
STU-2026-04396,Engineering,B,Chennai,8.59,4,Startup,0.21,51,60,0.65,20000,0,0,1,88000
STU-2026-04397,MBA,D,Hyderabad,6.32,2,MNC,0.15,65,89,0.66,20000,0,0,1,34000
STU-2026-04398,MBA,D,Mumbai,5.08,4,MNC,0.3,68,68,0.54,10000,0,0,1,44000
STU-2026-04399,Engineering,B,Mumbai,8.28,3,SME,0.113,69,80,0.62,10000,0,1,1,71000
STU-2026-04400,Nursing,C,Pune,6.8,1,Startup,0.052,59,75,0.51,15000,0,0,1,32000
STU-2026-04401,Nursing,A,Hyderabad,8.69,5,SME,0.188,58,82,0.59,15000,0,1,1,74000
STU-2026-04402,Nursing,C,Chennai,6.34,3,MNC,0.225,55,65,0.82,20000,0,0,1,33000
STU-2026-04403,MBA,B,Mumbai,8.32,3,MNC,0.225,50,84,0.69,20000,0,1,1,88000
STU-2026-04404,MBA,A,Chennai,7.22,1,MNC,0.075,48,66,0.77,15000,0,1,1,105000
STU-2026-04405,Nursing,C,Mumbai,6.81,0,None,0.0,31,82,0.82,30000,0,0,1,34000
STU-2026-04406,MBA,A,Delhi NCR,9.1,4,SME,0.15,77,69,0.53,30000,0,1,1,143000
STU-2026-04407,Engineering,A,Hyderabad,7.04,4,SME,0.15,57,58,0.7,25000,0,0,1,87000
STU-2026-04408,Nursing,A,Bengaluru,7.64,3,SME,0.113,92,44,0.65,20000,0,0,1,61000
STU-2026-04409,MBA,D,Hyderabad,7.05,0,None,0.0,46,73,0.62,25000,0,0,0,39000
STU-2026-04410,MBA,C,Mumbai,6.84,2,Startup,0.105,45,69,0.67,25000,0,0,1,56000
STU-2026-04411,MBA,A,Mumbai,7.89,2,SME,0.075,39,72,0.72,20000,0,1,1,96000
STU-2026-04412,MBA,B,Pune,8.31,2,MNC,0.15,53,81,0.56,20000,0,1,1,82000
STU-2026-04413,Nursing,D,Delhi NCR,6.21,0,None,0.0,1,78,0.64,15000,0,0,0,22000
STU-2026-04414,Nursing,B,Chennai,6.74,1,SME,0.037,79,85,0.52,25000,0,1,1,44000
STU-2026-04415,Nursing,B,Chennai,7.03,0,None,0.0,54,78,0.45,30000,0,0,1,33000
STU-2026-04416,Engineering,C,Hyderabad,4.64,0,None,0.0,67,40,0.63,20000,0,0,1,25000
STU-2026-04417,Nursing,B,Bengaluru,6.83,3,MNC,0.225,65,70,0.7,25000,0,0,1,40000
STU-2026-04418,Nursing,C,Mumbai,7.47,6,SME,0.225,41,81,0.63,20000,0,0,1,37000
STU-2026-04419,Nursing,B,Hyderabad,9.83,4,MNC,0.3,91,77,0.61,25000,1,1,1,80000
STU-2026-04420,Engineering,C,Delhi NCR,7.3,4,SME,0.15,21,97,0.62,20000,0,1,1,49000
STU-2026-04421,MBA,B,Chennai,7.25,0,None,0.0,88,75,0.61,30000,0,0,1,74000
STU-2026-04422,MBA,C,Chennai,6.21,0,None,0.0,29,63,0.64,25000,0,0,0,43000
STU-2026-04423,MBA,A,Pune,8.98,0,None,0.0,35,73,0.54,10000,0,1,1,144000
STU-2026-04424,MBA,A,Bengaluru,6.88,1,SME,0.037,75,63,0.55,10000,0,0,1,102000
STU-2026-04425,MBA,A,Chennai,8.05,3,MNC,0.225,54,72,0.58,15000,0,0,1,117000
STU-2026-04426,MBA,C,Chennai,7.87,0,None,0.0,2,54,0.56,10000,0,0,0,56000
STU-2026-04427,Nursing,C,Hyderabad,5.49,0,None,0.0,30,69,0.66,25000,0,0,1,23000
STU-2026-04428,MBA,C,Mumbai,9.07,2,SME,0.075,35,82,0.79,15000,0,0,1,55000
STU-2026-04429,Nursing,D,Delhi NCR,6.91,2,MNC,0.15,25,66,0.8,10000,0,0,0,28000
STU-2026-04430,Engineering,D,Chennai,5.75,0,None,0.0,32,81,0.63,10000,0,0,0,24000
STU-2026-04431,Nursing,D,Chennai,7.18,1,SME,0.037,83,56,0.79,15000,0,0,1,31000
STU-2026-04432,MBA,D,Pune,7.17,0,None,0.0,69,55,0.53,30000,0,0,1,43000
STU-2026-04433,Nursing,D,Pune,6.62,0,None,0.0,0,63,0.48,10000,0,0,0,22000
STU-2026-04434,Engineering,B,Delhi NCR,6.87,2,Startup,0.105,100,86,0.71,15000,1,1,1,63000
STU-2026-04435,Engineering,B,Bengaluru,6.73,0,None,0.0,42,84,0.39,15000,0,0,1,34000
STU-2026-04436,MBA,A,Mumbai,8.28,2,SME,0.075,77,74,0.69,25000,1,1,1,112000
STU-2026-04437,MBA,B,Pune,10.0,5,SME,0.188,64,84,0.54,10000,1,1,1,127000
STU-2026-04438,Engineering,D,Pune,8.57,3,MNC,0.225,41,51,0.65,20000,0,0,0,46000
STU-2026-04439,MBA,D,Mumbai,7.03,0,None,0.0,99,75,0.61,10000,0,0,1,32000
STU-2026-04440,Nursing,B,Bengaluru,7.59,3,MNC,0.225,62,55,0.48,25000,0,0,1,52000
STU-2026-04441,MBA,D,Delhi NCR,6.25,0,None,0.0,14,74,0.65,20000,0,0,0,33000
STU-2026-04442,Engineering,D,Mumbai,7.51,0,None,0.0,35,52,0.7,25000,0,0,1,34000
STU-2026-04443,Engineering,D,Bengaluru,4.91,0,None,0.0,21,100,0.45,10000,0,0,0,22000
STU-2026-04444,Nursing,C,Chennai,7.18,4,SME,0.15,3,73,0.43,20000,0,0,1,32000
STU-2026-04445,MBA,B,Chennai,6.63,0,None,0.0,77,66,0.65,25000,0,0,1,73000
STU-2026-04446,MBA,C,Mumbai,5.35,0,None,0.0,63,70,0.56,10000,0,0,0,42000
STU-2026-04447,Engineering,B,Hyderabad,6.58,2,SME,0.075,70,99,0.7,20000,0,1,1,47000
STU-2026-04448,MBA,A,Chennai,8.81,2,Startup,0.105,37,66,0.77,20000,0,1,1,146000
STU-2026-04449,Nursing,C,Hyderabad,8.02,0,None,0.0,67,51,0.65,15000,0,0,1,40000
STU-2026-04450,Engineering,B,Hyderabad,5.84,0,None,0.0,67,73,0.4,25000,0,0,1,31000
STU-2026-04451,Engineering,B,Mumbai,6.77,3,Startup,0.157,71,73,0.62,25000,0,0,1,68000
STU-2026-04452,Nursing,A,Delhi NCR,8.18,3,SME,0.113,61,84,0.5,15000,0,1,1,75000
STU-2026-04453,Engineering,C,Mumbai,6.15,0,None,0.0,56,77,0.59,30000,0,0,1,38000
STU-2026-04454,MBA,D,Hyderabad,7.75,2,MNC,0.15,42,87,0.67,15000,0,0,0,40000
STU-2026-04455,Nursing,A,Delhi NCR,9.15,0,None,0.0,55,72,0.71,20000,0,1,1,71000
STU-2026-04456,MBA,B,Pune,6.63,4,Startup,0.21,67,79,0.54,10000,0,0,1,104000
STU-2026-04457,Nursing,B,Mumbai,7.41,3,SME,0.113,46,81,0.59,10000,0,0,1,49000
STU-2026-04458,Engineering,A,Chennai,7.52,4,MNC,0.3,92,77,0.57,10000,0,1,1,114000
STU-2026-04459,MBA,B,Hyderabad,7.69,0,None,0.0,100,87,0.65,10000,0,0,1,70000
STU-2026-04460,Engineering,C,Bengaluru,7.37,0,None,0.0,19,89,0.5,30000,0,0,0,39000
STU-2026-04461,MBA,B,Chennai,8.24,0,None,0.0,44,43,0.71,10000,0,0,1,64000
STU-2026-04462,MBA,A,Hyderabad,7.6,1,SME,0.037,94,60,0.59,25000,0,1,1,83000
STU-2026-04463,Nursing,C,Pune,5.91,0,None,0.0,7,84,0.61,20000,0,0,1,23000
STU-2026-04464,MBA,A,Pune,7.51,6,MNC,0.45,91,86,0.64,15000,0,1,1,177000
STU-2026-04465,MBA,B,Bengaluru,7.43,6,MNC,0.45,51,87,0.6,20000,0,1,1,101000
STU-2026-04466,MBA,B,Chennai,6.72,1,Startup,0.052,0,57,0.55,10000,0,0,0,71000
STU-2026-04467,Engineering,B,Bengaluru,6.72,0,None,0.0,70,52,0.69,30000,0,0,1,32000
STU-2026-04468,MBA,C,Chennai,8.28,3,SME,0.113,19,96,0.66,10000,0,0,1,76000
STU-2026-04469,Nursing,C,Bengaluru,6.94,0,None,0.0,43,89,0.61,10000,0,0,1,32000
STU-2026-04470,Engineering,C,Bengaluru,4.26,0,None,0.0,73,90,0.72,25000,0,0,1,24000
STU-2026-04471,MBA,A,Mumbai,8.11,3,Startup,0.157,35,96,0.55,30000,0,1,1,125000
STU-2026-04472,Nursing,B,Mumbai,6.16,0,None,0.0,25,70,0.55,25000,0,0,1,40000
STU-2026-04473,MBA,B,Bengaluru,7.72,5,MNC,0.375,75,77,0.57,15000,0,1,1,102000
STU-2026-04474,Engineering,B,Delhi NCR,7.58,0,None,0.0,78,68,0.57,20000,0,0,1,49000
STU-2026-04475,Engineering,B,Bengaluru,8.95,1,Startup,0.052,83,52,0.68,25000,0,0,1,80000
STU-2026-04476,Engineering,A,Mumbai,7.64,6,SME,0.225,67,41,0.48,10000,0,1,1,86000
STU-2026-04477,Engineering,A,Bengaluru,7.53,3,MNC,0.225,88,100,0.69,15000,0,1,1,120000
STU-2026-04478,Nursing,A,Bengaluru,6.95,2,Startup,0.105,54,71,0.79,15000,0,1,1,55000
STU-2026-04479,Nursing,D,Mumbai,5.67,2,MNC,0.15,65,62,0.62,30000,0,0,0,24000
STU-2026-04480,MBA,C,Pune,7.39,3,MNC,0.225,9,85,0.66,15000,0,0,1,61000
STU-2026-04481,MBA,B,Hyderabad,7.68,3,SME,0.113,61,68,0.62,25000,0,1,1,92000
STU-2026-04482,MBA,A,Bengaluru,7.25,5,Startup,0.263,80,88,0.58,25000,0,1,1,126000
STU-2026-04483,Engineering,C,Bengaluru,5.78,6,SME,0.225,30,81,0.55,20000,0,0,1,48000
STU-2026-04484,Engineering,D,Pune,8.17,4,SME,0.15,89,69,0.62,15000,0,0,1,43000
STU-2026-04485,MBA,C,Bengaluru,7.45,2,Startup,0.105,0,73,0.46,25000,0,0,0,65000
STU-2026-04486,Engineering,C,Chennai,6.56,0,None,0.0,57,67,0.71,25000,0,0,1,26000
STU-2026-04487,MBA,C,Delhi NCR,7.07,1,Startup,0.052,0,48,0.51,25000,0,0,0,49000
STU-2026-04488,MBA,B,Delhi NCR,6.46,6,SME,0.225,32,93,0.53,10000,0,0,1,70000
STU-2026-04489,Nursing,D,Pune,5.45,0,None,0.0,18,81,0.56,20000,0,0,0,0
STU-2026-04490,MBA,C,Bengaluru,7.34,0,None,0.0,69,78,0.35,30000,0,0,0,53000
STU-2026-04491,Nursing,C,Bengaluru,6.51,0,None,0.0,32,55,0.46,25000,0,0,1,28000
STU-2026-04492,MBA,D,Pune,7.57,6,MNC,0.45,40,71,0.59,20000,0,0,1,48000
STU-2026-04493,Engineering,D,Bengaluru,7.26,5,SME,0.188,45,84,0.67,20000,0,0,1,46000
STU-2026-04494,Nursing,B,Bengaluru,8.27,6,Startup,0.315,74,100,0.8,25000,1,1,1,66000
STU-2026-04495,Nursing,B,Delhi NCR,8.58,0,None,0.0,48,61,0.67,25000,0,0,1,52000
STU-2026-04496,Engineering,B,Chennai,7.66,6,SME,0.225,43,70,0.73,25000,0,1,1,71000
STU-2026-04497,Engineering,B,Delhi NCR,7.83,6,Startup,0.315,69,65,0.64,25000,0,1,1,67000
STU-2026-04498,Nursing,C,Hyderabad,5.99,2,SME,0.075,52,72,0.59,30000,0,0,1,29000
STU-2026-04499,Engineering,D,Mumbai,6.45,0,None,0.0,14,58,0.45,30000,0,0,0,26000
STU-2026-04500,Engineering,C,Hyderabad,6.21,0,None,0.0,37,86,0.69,15000,0,0,1,42000
STU-2026-04501,Nursing,A,Pune,6.59,0,None,0.0,98,80,0.61,15000,0,0,1,47000
STU-2026-04502,Nursing,A,Mumbai,8.69,5,SME,0.188,73,80,0.53,15000,0,1,1,82000
STU-2026-04503,Nursing,D,Mumbai,7.72,0,None,0.0,40,92,0.6,10000,0,0,1,29000
STU-2026-04504,MBA,B,Pune,8.72,0,None,0.0,33,53,0.57,10000,0,1,1,78000
STU-2026-04505,MBA,B,Mumbai,7.38,3,SME,0.113,72,85,0.62,30000,0,1,1,63000
STU-2026-04506,MBA,D,Hyderabad,5.88,1,SME,0.037,69,70,0.47,15000,0,0,0,31000
STU-2026-04507,MBA,C,Hyderabad,6.8,0,None,0.0,52,65,0.64,15000,0,0,1,57000
STU-2026-04508,Engineering,C,Pune,9.86,5,Startup,0.263,30,77,0.64,25000,0,1,1,78000
STU-2026-04509,MBA,B,Delhi NCR,7.98,2,SME,0.075,51,90,0.62,30000,0,0,1,109000
STU-2026-04510,Nursing,B,Pune,7.38,3,Startup,0.157,65,73,0.59,25000,0,1,1,42000
STU-2026-04511,Engineering,B,Hyderabad,8.1,0,None,0.0,25,51,0.78,15000,0,0,1,42000
STU-2026-04512,Nursing,C,Mumbai,5.32,0,None,0.0,84,43,0.5,30000,0,0,0,22000
STU-2026-04513,MBA,A,Chennai,7.85,0,None,0.0,50,98,0.48,25000,0,1,1,106000
STU-2026-04514,Nursing,D,Chennai,5.62,0,None,0.0,52,64,0.64,25000,0,0,0,13000
STU-2026-04515,Engineering,D,Pune,8.37,1,Startup,0.052,92,67,0.51,30000,0,1,1,52000
STU-2026-04516,Engineering,B,Delhi NCR,7.33,1,MNC,0.075,56,69,0.43,10000,0,0,1,74000
STU-2026-04517,MBA,A,Bengaluru,8.07,5,MNC,0.375,39,77,0.53,10000,0,1,1,116000
STU-2026-04518,MBA,B,Hyderabad,6.46,6,SME,0.225,75,72,0.52,10000,0,1,1,67000
STU-2026-04519,Engineering,B,Bengaluru,6.72,3,MNC,0.225,83,82,0.6,25000,0,1,1,61000
STU-2026-04520,Nursing,D,Pune,7.38,2,SME,0.075,20,83,0.64,20000,0,0,0,25000
STU-2026-04521,Nursing,A,Delhi NCR,8.87,0,None,0.0,57,60,0.56,30000,0,1,1,52000
STU-2026-04522,Nursing,C,Mumbai,6.37,1,Startup,0.052,67,67,0.63,25000,0,0,1,33000
STU-2026-04523,Nursing,B,Mumbai,7.06,0,None,0.0,57,84,0.69,20000,0,0,1,39000
STU-2026-04524,Nursing,A,Mumbai,8.41,3,SME,0.113,87,86,0.67,30000,0,1,1,69000
STU-2026-04525,Nursing,A,Mumbai,8.02,0,None,0.0,88,66,0.73,20000,0,1,1,57000
STU-2026-04526,Nursing,B,Mumbai,7.98,0,None,0.0,91,67,0.34,30000,0,0,1,46000
STU-2026-04527,MBA,D,Mumbai,5.03,0,None,0.0,18,70,0.36,30000,0,0,0,0
STU-2026-04528,Engineering,A,Hyderabad,7.27,2,Startup,0.105,30,58,0.49,15000,0,0,1,97000
STU-2026-04529,Engineering,B,Delhi NCR,7.14,6,Startup,0.315,48,64,0.49,20000,0,0,1,53000
STU-2026-04530,Nursing,C,Bengaluru,5.2,2,Startup,0.105,81,60,0.31,15000,0,0,0,19000
STU-2026-04531,Engineering,D,Mumbai,6.87,5,SME,0.188,39,71,0.6,10000,0,0,1,29000
STU-2026-04532,MBA,A,Bengaluru,8.14,4,MNC,0.3,80,97,0.58,10000,0,1,1,146000
STU-2026-04533,MBA,D,Mumbai,8.59,1,Startup,0.052,28,80,0.52,10000,0,0,1,59000
STU-2026-04534,Engineering,B,Chennai,6.21,0,None,0.0,49,84,0.66,20000,0,0,1,52000
STU-2026-04535,Engineering,B,Delhi NCR,7.16,6,MNC,0.45,100,72,0.29,15000,0,1,1,72000
STU-2026-04536,Nursing,A,Delhi NCR,8.84,0,None,0.0,51,86,0.66,15000,0,1,1,67000
STU-2026-04537,Nursing,D,Chennai,5.87,0,None,0.0,45,58,0.61,15000,0,0,0,20000
STU-2026-04538,MBA,A,Hyderabad,9.84,4,Startup,0.21,53,41,0.7,30000,1,1,1,108000
STU-2026-04539,MBA,D,Pune,5.96,0,None,0.0,51,78,0.6,25000,0,0,0,29000
STU-2026-04540,Engineering,A,Bengaluru,6.28,1,MNC,0.075,100,55,0.62,25000,0,1,1,79000
STU-2026-04541,MBA,A,Chennai,8.29,1,SME,0.037,63,30,0.52,20000,0,1,1,121000
STU-2026-04542,Engineering,B,Chennai,6.55,0,None,0.0,28,72,0.31,20000,0,0,0,62000
STU-2026-04543,MBA,A,Mumbai,9.36,1,Startup,0.052,70,75,0.4,15000,0,1,1,121000
STU-2026-04544,MBA,A,Pune,7.62,4,SME,0.15,53,89,0.55,15000,0,1,1,125000
STU-2026-04545,MBA,A,Pune,7.06,3,Startup,0.157,43,59,0.61,15000,0,0,1,100000
STU-2026-04546,MBA,B,Chennai,6.84,3,MNC,0.225,39,79,0.57,10000,0,1,1,65000
STU-2026-04547,Engineering,C,Delhi NCR,6.0,0,None,0.0,34,68,0.68,10000,0,0,0,38000
STU-2026-04548,Nursing,D,Hyderabad,7.25,6,SME,0.225,37,56,0.68,20000,0,0,0,30000
STU-2026-04549,Nursing,C,Pune,6.74,0,None,0.0,35,64,0.52,20000,0,0,0,35000
STU-2026-04550,Nursing,B,Mumbai,7.01,0,None,0.0,57,68,0.71,10000,0,1,1,40000
STU-2026-04551,Nursing,C,Pune,6.61,0,None,0.0,12,48,0.42,25000,0,0,0,19000
STU-2026-04552,Engineering,C,Delhi NCR,8.09,3,MNC,0.225,51,66,0.71,15000,0,0,1,50000
STU-2026-04553,MBA,A,Pune,6.65,0,None,0.0,75,58,0.6,25000,0,1,1,103000
STU-2026-04554,Engineering,C,Pune,6.77,0,None,0.0,50,56,0.77,20000,0,0,1,39000
STU-2026-04555,MBA,A,Pune,7.87,0,None,0.0,84,73,0.68,10000,0,1,1,98000
STU-2026-04556,Engineering,C,Chennai,7.92,1,MNC,0.075,49,56,0.5,10000,0,0,1,55000
STU-2026-04557,MBA,D,Bengaluru,8.77,0,None,0.0,0,70,0.65,30000,0,0,1,58000
STU-2026-04558,MBA,A,Mumbai,8.72,0,None,0.0,40,55,0.63,25000,0,1,1,115000
STU-2026-04559,MBA,A,Chennai,6.94,1,Startup,0.052,39,80,0.57,15000,0,1,1,109000
STU-2026-04560,Nursing,B,Mumbai,6.3,2,MNC,0.15,52,62,0.64,30000,0,0,1,31000
STU-2026-04561,Nursing,A,Mumbai,8.2,6,MNC,0.45,77,42,0.59,15000,0,1,1,83000
STU-2026-04562,Engineering,B,Hyderabad,5.0,0,None,0.0,88,65,0.52,15000,0,0,1,31000
STU-2026-04563,Nursing,B,Delhi NCR,6.36,0,None,0.0,90,97,0.54,20000,0,1,1,37000
STU-2026-04564,MBA,C,Bengaluru,5.1,3,SME,0.113,17,93,0.46,30000,0,0,1,37000
STU-2026-04565,Nursing,C,Mumbai,8.7,0,None,0.0,32,82,0.74,10000,0,1,1,34000
STU-2026-04566,Engineering,C,Pune,5.77,1,MNC,0.075,38,50,0.62,20000,0,0,0,41000
STU-2026-04567,Engineering,A,Bengaluru,7.74,1,Startup,0.052,25,91,0.62,15000,0,1,1,98000
STU-2026-04568,MBA,D,Bengaluru,7.85,0,None,0.0,21,63,0.49,30000,0,0,0,49000
STU-2026-04569,Nursing,B,Mumbai,7.89,4,Startup,0.21,75,89,0.68,10000,0,1,1,37000
STU-2026-04570,Nursing,C,Pune,6.43,1,SME,0.037,64,52,0.61,25000,0,0,1,30000
STU-2026-04571,Nursing,B,Mumbai,7.87,0,None,0.0,72,73,0.45,30000,0,1,1,46000
STU-2026-04572,Engineering,A,Mumbai,7.04,1,SME,0.037,88,78,0.46,20000,0,0,1,69000
STU-2026-04573,Nursing,C,Bengaluru,6.12,0,None,0.0,47,55,0.71,30000,0,0,1,29000
STU-2026-04574,MBA,B,Hyderabad,7.54,1,SME,0.037,79,66,0.53,20000,0,1,1,76000
STU-2026-04575,MBA,D,Hyderabad,5.98,0,None,0.0,30,59,0.8,25000,0,0,0,35000
STU-2026-04576,MBA,B,Hyderabad,8.22,0,None,0.0,36,86,0.54,10000,0,1,1,73000
STU-2026-04577,Nursing,B,Mumbai,8.54,3,Startup,0.157,10,52,0.57,30000,0,0,1,60000
STU-2026-04578,Nursing,A,Chennai,8.45,4,SME,0.15,40,70,0.68,30000,0,0,1,61000
STU-2026-04579,Engineering,B,Mumbai,7.16,6,SME,0.225,60,69,0.69,25000,0,1,1,72000
STU-2026-04580,MBA,B,Chennai,6.11,5,MNC,0.375,63,65,0.75,20000,0,1,1,70000
STU-2026-04581,MBA,C,Delhi NCR,7.82,3,SME,0.113,54,58,0.57,30000,0,0,1,74000
STU-2026-04582,MBA,A,Hyderabad,8.36,2,SME,0.075,75,63,0.63,10000,0,1,1,109000
STU-2026-04583,MBA,D,Hyderabad,6.94,6,Startup,0.315,6,59,0.57,20000,0,0,0,62000
STU-2026-04584,Engineering,D,Mumbai,5.79,0,None,0.0,60,73,0.6,10000,0,0,1,17000
STU-2026-04585,MBA,C,Pune,6.56,0,None,0.0,13,41,0.48,15000,0,0,0,42000
STU-2026-04586,MBA,C,Delhi NCR,7.88,0,None,0.0,35,65,0.57,10000,0,0,1,53000
STU-2026-04587,Engineering,D,Delhi NCR,5.78,0,None,0.0,65,61,0.56,25000,0,0,0,28000
STU-2026-04588,Engineering,B,Pune,6.61,1,Startup,0.052,75,78,0.62,30000,0,0,1,49000
STU-2026-04589,Nursing,A,Bengaluru,8.04,6,MNC,0.45,35,69,0.69,30000,0,1,1,85000
STU-2026-04590,MBA,B,Pune,8.56,5,SME,0.188,98,65,0.67,15000,0,0,1,77000
STU-2026-04591,Nursing,D,Delhi NCR,6.91,0,None,0.0,15,100,0.66,25000,0,0,1,24000
STU-2026-04592,MBA,B,Delhi NCR,6.5,1,SME,0.037,50,74,0.54,20000,0,0,1,69000
STU-2026-04593,Nursing,B,Bengaluru,7.5,3,MNC,0.225,23,96,0.58,15000,0,1,1,56000
STU-2026-04594,MBA,A,Mumbai,8.03,4,SME,0.15,69,40,0.7,15000,1,1,1,82000
STU-2026-04595,MBA,A,Chennai,7.97,2,Startup,0.105,58,83,0.81,30000,0,1,1,150000
STU-2026-04596,Engineering,C,Hyderabad,7.0,0,None,0.0,51,75,0.72,25000,0,0,1,45000
STU-2026-04597,MBA,A,Pune,7.22,0,None,0.0,54,60,0.61,25000,0,0,1,109000
STU-2026-04598,Nursing,D,Mumbai,5.75,0,None,0.0,0,50,0.7,15000,0,0,0,0
STU-2026-04599,MBA,D,Mumbai,7.28,0,None,0.0,33,82,0.58,15000,0,0,1,53000
STU-2026-04600,Engineering,B,Hyderabad,7.18,6,SME,0.225,51,100,0.49,20000,0,1,1,66000
STU-2026-04601,MBA,B,Bengaluru,7.5,3,SME,0.113,25,77,0.5,30000,0,1,1,61000
STU-2026-04602,Engineering,D,Bengaluru,6.87,0,None,0.0,0,38,0.52,10000,0,0,0,0
STU-2026-04603,Engineering,D,Pune,8.56,0,None,0.0,39,89,0.56,30000,0,0,1,35000
STU-2026-04604,Nursing,A,Pune,7.57,0,None,0.0,24,75,0.63,25000,0,1,1,60000
STU-2026-04605,MBA,B,Hyderabad,9.53,0,None,0.0,64,85,0.57,15000,0,1,1,98000
STU-2026-04606,Engineering,C,Mumbai,6.69,0,None,0.0,61,75,0.52,30000,0,0,1,33000
STU-2026-04607,Engineering,A,Delhi NCR,8.7,5,MNC,0.375,86,64,0.72,25000,1,1,1,139000
STU-2026-04608,MBA,B,Pune,6.66,1,Startup,0.052,64,49,0.77,15000,0,0,1,62000
STU-2026-04609,Engineering,C,Mumbai,5.68,1,MNC,0.075,57,99,0.67,30000,0,1,1,28000
STU-2026-04610,Engineering,A,Delhi NCR,7.16,3,MNC,0.225,42,72,0.5,15000,0,0,1,99000
STU-2026-04611,Engineering,A,Pune,7.21,0,None,0.0,37,64,0.57,30000,0,1,1,64000
STU-2026-04612,Engineering,A,Hyderabad,7.62,2,MNC,0.15,72,82,0.74,20000,0,1,1,92000
STU-2026-04613,Nursing,B,Pune,8.08,1,SME,0.037,55,66,0.42,10000,0,1,1,48000
STU-2026-04614,Engineering,A,Chennai,8.82,0,None,0.0,4,69,0.51,30000,0,1,1,99000
STU-2026-04615,Nursing,C,Pune,7.08,0,None,0.0,29,76,0.51,15000,0,0,1,28000
STU-2026-04616,Engineering,C,Pune,9.52,6,Startup,0.315,77,86,0.45,25000,0,1,1,74000
STU-2026-04617,Engineering,C,Delhi NCR,8.27,3,MNC,0.225,48,70,0.62,25000,0,0,1,51000
STU-2026-04618,Nursing,B,Bengaluru,7.87,0,None,0.0,83,62,0.6,20000,0,0,1,53000
STU-2026-04619,Nursing,B,Bengaluru,8.61,1,Startup,0.052,73,76,0.76,25000,0,1,1,44000
STU-2026-04620,MBA,A,Delhi NCR,9.05,3,Startup,0.157,80,52,0.55,20000,1,1,1,143000
STU-2026-04621,Engineering,D,Mumbai,7.74,1,SME,0.037,11,80,0.46,20000,0,0,0,0
STU-2026-04622,MBA,B,Chennai,8.23,1,MNC,0.075,89,66,0.55,25000,0,1,1,80000
STU-2026-04623,MBA,D,Pune,6.72,3,MNC,0.225,82,65,0.53,20000,0,0,1,42000
STU-2026-04624,Engineering,D,Chennai,6.63,4,MNC,0.3,7,73,0.61,15000,0,0,1,44000
STU-2026-04625,Engineering,B,Hyderabad,8.05,0,None,0.0,68,69,0.66,20000,0,0,1,39000
STU-2026-04626,MBA,A,Pune,9.13,6,SME,0.225,73,68,0.71,10000,0,1,1,129000
STU-2026-04627,Engineering,B,Bengaluru,6.66,0,None,0.0,71,46,0.52,10000,0,0,1,41000
STU-2026-04628,MBA,D,Chennai,6.01,4,MNC,0.3,0,79,0.53,25000,0,0,0,36000
STU-2026-04629,Nursing,D,Chennai,6.3,0,None,0.0,0,99,0.36,20000,0,0,0,22000
STU-2026-04630,Engineering,B,Bengaluru,6.72,0,None,0.0,64,58,0.75,25000,0,0,1,32000
STU-2026-04631,Engineering,C,Hyderabad,5.24,0,None,0.0,50,68,0.68,15000,0,0,1,27000
STU-2026-04632,MBA,C,Chennai,6.21,4,MNC,0.3,30,98,0.67,25000,0,1,1,65000
STU-2026-04633,Engineering,A,Delhi NCR,8.15,5,Startup,0.263,40,73,0.59,15000,0,1,1,103000
STU-2026-04634,Engineering,A,Mumbai,6.56,2,Startup,0.105,85,69,0.46,20000,0,1,1,65000
STU-2026-04635,Engineering,B,Bengaluru,8.06,1,MNC,0.075,78,85,0.58,15000,0,1,1,58000
STU-2026-04636,MBA,D,Delhi NCR,5.93,6,SME,0.225,40,67,0.52,25000,0,0,0,41000
STU-2026-04637,MBA,B,Bengaluru,7.07,5,SME,0.188,37,82,0.78,20000,0,1,1,70000
STU-2026-04638,Engineering,D,Chennai,6.74,6,Startup,0.315,79,52,0.68,25000,0,0,1,51000
STU-2026-04639,MBA,A,Delhi NCR,7.86,5,MNC,0.375,100,96,0.59,10000,0,1,1,143000
STU-2026-04640,Engineering,A,Delhi NCR,8.06,1,Startup,0.052,52,45,0.55,20000,0,0,1,94000
STU-2026-04641,Engineering,D,Pune,7.99,0,None,0.0,59,75,0.51,25000,0,0,1,41000
STU-2026-04642,MBA,B,Delhi NCR,6.91,0,None,0.0,62,68,0.77,15000,0,1,1,70000
STU-2026-04643,MBA,B,Delhi NCR,5.78,3,MNC,0.225,63,68,0.58,15000,0,0,1,55000
STU-2026-04644,MBA,C,Chennai,6.72,0,None,0.0,68,61,0.56,25000,0,0,1,46000
STU-2026-04645,Nursing,D,Pune,6.65,0,None,0.0,37,50,0.66,25000,0,0,0,23000
STU-2026-04646,Nursing,C,Hyderabad,7.33,0,None,0.0,89,50,0.69,15000,0,0,1,28000
STU-2026-04647,MBA,C,Chennai,7.52,0,None,0.0,81,59,0.62,10000,0,0,1,58000
STU-2026-04648,Engineering,C,Pune,7.72,3,MNC,0.225,44,78,0.51,25000,0,0,1,50000
STU-2026-04649,Nursing,B,Hyderabad,6.27,4,SME,0.15,50,74,0.64,20000,0,0,1,35000
STU-2026-04650,Engineering,B,Chennai,8.22,0,None,0.0,70,83,0.74,25000,0,1,1,57000
STU-2026-04651,Engineering,D,Pune,6.94,2,SME,0.075,81,100,0.65,15000,0,0,1,38000
STU-2026-04652,Nursing,C,Chennai,6.83,0,None,0.0,69,85,0.64,25000,0,0,1,23000
STU-2026-04653,Nursing,B,Delhi NCR,8.23,3,MNC,0.225,64,59,0.49,10000,0,1,1,43000
STU-2026-04654,Engineering,A,Delhi NCR,8.44,6,Startup,0.315,77,78,0.56,10000,0,1,1,124000
STU-2026-04655,Engineering,B,Bengaluru,8.7,4,Startup,0.21,49,78,0.76,30000,0,1,1,74000
STU-2026-04656,Nursing,A,Delhi NCR,9.03,4,SME,0.15,45,51,0.68,30000,0,1,1,76000
STU-2026-04657,MBA,B,Delhi NCR,6.87,0,None,0.0,51,91,0.77,30000,0,1,1,74000
STU-2026-04658,MBA,A,Pune,8.57,0,None,0.0,31,67,0.82,15000,0,1,1,135000
STU-2026-04659,Nursing,B,Mumbai,7.56,5,SME,0.188,6,80,0.73,15000,0,0,1,59000
STU-2026-04660,Engineering,B,Pune,5.83,2,SME,0.075,32,73,0.65,10000,0,0,1,51000
STU-2026-04661,Nursing,C,Delhi NCR,5.37,0,None,0.0,45,79,0.41,25000,0,0,0,22000
STU-2026-04662,MBA,D,Chennai,6.01,0,None,0.0,52,53,0.64,25000,0,0,0,40000
STU-2026-04663,Engineering,D,Chennai,5.45,0,None,0.0,2,74,0.57,15000,0,0,1,27000
STU-2026-04664,Nursing,D,Bengaluru,6.87,0,None,0.0,36,52,0.66,10000,0,0,0,23000
STU-2026-04665,Engineering,B,Mumbai,7.59,1,SME,0.037,64,44,0.68,30000,0,0,1,57000
STU-2026-04666,MBA,C,Bengaluru,8.34,0,None,0.0,84,44,0.6,20000,0,0,1,46000
STU-2026-04667,Nursing,B,Bengaluru,8.3,2,Startup,0.105,62,73,0.51,25000,0,1,1,58000
STU-2026-04668,Nursing,D,Mumbai,6.95,5,MNC,0.375,27,63,0.62,30000,0,0,1,37000
STU-2026-04669,Nursing,D,Pune,6.22,6,MNC,0.45,10,75,0.55,15000,0,0,1,31000
STU-2026-04670,MBA,A,Delhi NCR,8.72,3,SME,0.113,40,72,0.53,20000,0,0,1,109000
STU-2026-04671,MBA,B,Mumbai,6.96,3,Startup,0.157,85,61,0.47,20000,0,1,1,75000
STU-2026-04672,Nursing,A,Mumbai,7.81,2,Startup,0.105,57,85,0.67,30000,0,1,1,55000
STU-2026-04673,MBA,A,Hyderabad,10.0,3,MNC,0.225,81,78,0.48,10000,1,1,1,146000
STU-2026-04674,Engineering,A,Delhi NCR,8.04,1,Startup,0.052,26,51,0.64,20000,0,1,1,96000
STU-2026-04675,Nursing,A,Hyderabad,8.72,2,SME,0.075,59,64,0.63,30000,0,1,1,72000
STU-2026-04676,Nursing,A,Delhi NCR,9.17,1,MNC,0.075,56,55,0.6,20000,0,1,1,75000
STU-2026-04677,Engineering,C,Bengaluru,8.34,0,None,0.0,60,49,0.75,25000,0,0,0,63000
STU-2026-04678,MBA,C,Mumbai,6.46,3,MNC,0.225,35,69,0.64,30000,0,0,1,55000
STU-2026-04679,Nursing,A,Delhi NCR,9.25,2,Startup,0.105,71,56,0.67,20000,0,1,1,72000
STU-2026-04680,MBA,C,Delhi NCR,7.75,2,MNC,0.15,36,67,0.58,30000,0,0,0,59000
STU-2026-04681,Nursing,A,Mumbai,8.77,5,Startup,0.263,60,51,0.7,25000,0,1,1,70000
STU-2026-04682,MBA,D,Mumbai,9.45,0,None,0.0,14,83,0.52,25000,0,0,1,47000
STU-2026-04683,Nursing,C,Mumbai,5.31,0,None,0.0,53,76,0.71,30000,0,0,1,30000
STU-2026-04684,Engineering,B,Pune,7.77,6,MNC,0.45,71,50,0.54,25000,0,1,1,83000
STU-2026-04685,Nursing,B,Pune,7.69,4,MNC,0.3,44,72,0.61,10000,0,0,1,61000
STU-2026-04686,MBA,D,Pune,4.76,5,Startup,0.263,45,96,0.67,10000,0,0,1,30000
STU-2026-04687,Engineering,D,Pune,8.92,0,None,0.0,74,57,0.55,30000,0,0,1,52000
STU-2026-04688,Nursing,B,Chennai,6.24,0,None,0.0,40,68,0.38,25000,0,0,1,41000
STU-2026-04689,Engineering,D,Mumbai,5.07,1,Startup,0.052,43,61,0.76,30000,0,0,0,30000
STU-2026-04690,Engineering,C,Bengaluru,6.08,0,None,0.0,59,74,0.59,30000,0,0,0,36000
STU-2026-04691,Engineering,C,Pune,6.27,0,None,0.0,23,92,0.65,15000,0,0,1,34000
STU-2026-04692,Nursing,C,Bengaluru,6.58,0,None,0.0,34,75,0.66,15000,0,0,1,25000
STU-2026-04693,Engineering,B,Delhi NCR,8.26,0,None,0.0,61,48,0.39,25000,0,0,1,54000
STU-2026-04694,Nursing,B,Mumbai,7.93,6,Startup,0.315,44,72,0.56,20000,0,1,1,66000
STU-2026-04695,Nursing,A,Mumbai,9.28,5,Startup,0.263,60,82,0.61,25000,1,1,1,89000
STU-2026-04696,MBA,D,Hyderabad,5.12,1,MNC,0.075,0,95,0.65,10000,0,0,0,38000
STU-2026-04697,Engineering,C,Bengaluru,4.82,0,None,0.0,31,66,0.67,25000,0,0,0,23000
STU-2026-04698,Engineering,D,Pune,5.35,0,None,0.0,69,59,0.54,30000,0,0,0,22000
STU-2026-04699,Nursing,B,Delhi NCR,5.8,6,Startup,0.315,28,69,0.65,10000,0,0,1,45000
STU-2026-04700,Engineering,C,Bengaluru,4.86,3,Startup,0.157,1,100,0.72,25000,0,0,1,29000
STU-2026-04701,Engineering,B,Mumbai,7.26,4,MNC,0.3,60,90,0.64,10000,0,1,1,68000
STU-2026-04702,Nursing,D,Bengaluru,7.75,1,SME,0.037,48,71,0.53,25000,0,0,1,23000
STU-2026-04703,Engineering,B,Pune,7.46,4,Startup,0.21,62,34,0.58,10000,0,0,1,72000
STU-2026-04704,Engineering,C,Bengaluru,7.56,0,None,0.0,29,78,0.66,25000,0,0,1,53000
STU-2026-04705,Nursing,D,Bengaluru,5.93,0,None,0.0,77,67,0.52,30000,0,0,0,17000
STU-2026-04706,Engineering,A,Pune,8.83,2,MNC,0.15,28,91,0.51,10000,0,1,1,105000
STU-2026-04707,Engineering,C,Bengaluru,7.12,0,None,0.0,25,75,0.61,20000,0,0,0,35000
STU-2026-04708,MBA,B,Chennai,6.96,3,SME,0.113,45,89,0.6,25000,0,0,1,67000
STU-2026-04709,Nursing,D,Pune,6.19,0,None,0.0,33,54,0.52,30000,0,0,0,22000
STU-2026-04710,Nursing,D,Mumbai,6.62,5,SME,0.188,40,69,0.58,25000,0,0,1,29000
STU-2026-04711,Engineering,D,Delhi NCR,4.91,4,Startup,0.21,37,47,0.66,25000,0,0,0,25000
STU-2026-04712,MBA,D,Pune,6.66,0,None,0.0,0,85,0.67,30000,0,0,1,47000
STU-2026-04713,Nursing,D,Hyderabad,5.33,2,Startup,0.105,62,92,0.45,20000,0,0,0,19000
STU-2026-04714,Engineering,A,Hyderabad,8.88,2,MNC,0.15,12,97,0.59,20000,0,1,1,104000
STU-2026-04715,Engineering,D,Chennai,7.39,2,Startup,0.105,0,64,0.68,30000,0,0,0,28000
STU-2026-04716,Engineering,B,Bengaluru,7.56,5,MNC,0.375,44,56,0.45,20000,0,1,1,90000
STU-2026-04717,Engineering,A,Pune,9.9,0,None,0.0,31,82,0.68,20000,0,1,1,88000
STU-2026-04718,MBA,B,Pune,6.41,0,None,0.0,49,73,0.74,10000,0,1,1,45000
STU-2026-04719,MBA,D,Chennai,5.85,1,Startup,0.052,72,59,0.59,10000,0,0,0,41000
STU-2026-04720,Nursing,A,Mumbai,6.67,0,None,0.0,27,86,0.79,15000,0,0,1,51000
STU-2026-04721,MBA,A,Mumbai,8.93,2,Startup,0.105,66,64,0.55,20000,0,0,1,131000
STU-2026-04722,Nursing,B,Chennai,7.41,4,Startup,0.21,51,55,0.51,30000,0,1,1,57000
STU-2026-04723,MBA,B,Bengaluru,7.17,5,SME,0.188,51,57,0.69,15000,0,0,1,83000
STU-2026-04724,MBA,D,Mumbai,7.23,1,Startup,0.052,32,53,0.5,30000,0,0,1,39000
STU-2026-04725,MBA,D,Hyderabad,6.31,0,None,0.0,12,52,0.52,20000,0,0,0,40000
STU-2026-04726,MBA,B,Chennai,6.97,4,SME,0.15,82,68,0.74,25000,0,1,1,86000
STU-2026-04727,MBA,B,Bengaluru,7.59,0,None,0.0,74,70,0.42,15000,0,0,1,60000
STU-2026-04728,Engineering,D,Chennai,5.99,0,None,0.0,85,87,0.64,25000,0,0,1,20000
STU-2026-04729,MBA,C,Bengaluru,7.67,2,Startup,0.105,63,36,0.68,25000,0,0,0,43000
STU-2026-04730,Nursing,C,Delhi NCR,8.39,5,MNC,0.375,15,59,0.7,25000,0,0,1,48000
STU-2026-04731,Nursing,B,Delhi NCR,7.3,0,None,0.0,67,67,0.61,10000,0,0,1,43000
STU-2026-04732,Nursing,B,Mumbai,7.81,6,MNC,0.45,98,64,0.58,10000,0,1,1,72000
STU-2026-04733,MBA,D,Mumbai,5.49,0,None,0.0,43,32,0.57,30000,0,0,0,28000
STU-2026-04734,Engineering,C,Delhi NCR,7.01,0,None,0.0,27,57,0.7,15000,0,0,0,42000
STU-2026-04735,MBA,A,Pune,8.45,2,SME,0.075,43,72,0.51,10000,0,1,1,94000
STU-2026-04736,Nursing,B,Bengaluru,7.16,4,SME,0.15,55,87,0.61,15000,0,1,1,50000
STU-2026-04737,MBA,B,Mumbai,8.05,0,None,0.0,53,85,0.56,10000,0,0,1,72000
STU-2026-04738,Engineering,A,Hyderabad,8.56,0,None,0.0,28,57,0.48,30000,0,1,1,110000
STU-2026-04739,Nursing,B,Mumbai,7.29,5,MNC,0.375,71,78,0.76,10000,0,1,1,54000
STU-2026-04740,MBA,A,Bengaluru,7.93,2,Startup,0.105,62,100,0.6,20000,0,1,1,93000
STU-2026-04741,Engineering,C,Hyderabad,8.3,5,MNC,0.375,19,80,0.53,30000,0,0,1,71000
STU-2026-04742,Nursing,A,Hyderabad,7.7,1,Startup,0.052,69,77,0.65,15000,0,1,1,69000
STU-2026-04743,Nursing,D,Pune,5.69,0,None,0.0,0,81,0.62,15000,0,0,0,0
STU-2026-04744,MBA,D,Bengaluru,5.03,6,MNC,0.45,0,71,0.76,30000,0,0,0,39000
STU-2026-04745,Engineering,B,Bengaluru,7.48,4,SME,0.15,100,81,0.51,10000,0,1,1,67000
STU-2026-04746,MBA,C,Pune,5.53,3,Startup,0.157,59,58,0.45,10000,0,0,1,45000
STU-2026-04747,MBA,B,Mumbai,7.5,1,MNC,0.075,45,61,0.71,20000,0,0,1,64000
STU-2026-04748,Nursing,B,Chennai,5.55,2,MNC,0.15,42,72,0.54,30000,0,0,1,32000
STU-2026-04749,MBA,D,Bengaluru,6.71,5,SME,0.188,60,70,0.61,20000,0,0,1,42000
STU-2026-04750,Engineering,A,Hyderabad,8.92,1,SME,0.037,75,100,0.66,20000,0,1,1,82000
STU-2026-04751,Engineering,D,Hyderabad,7.94,0,None,0.0,20,82,0.52,25000,0,0,1,31000
STU-2026-04752,Nursing,C,Chennai,7.74,0,None,0.0,9,74,0.58,10000,0,0,1,31000
STU-2026-04753,MBA,D,Pune,6.3,0,None,0.0,44,55,0.5,10000,0,0,0,34000
STU-2026-04754,Nursing,D,Pune,5.59,0,None,0.0,63,65,0.58,15000,0,0,0,0
STU-2026-04755,Nursing,B,Pune,9.57,4,SME,0.15,100,58,0.72,30000,0,1,1,76000
STU-2026-04756,Nursing,C,Mumbai,7.2,0,None,0.0,42,33,0.51,25000,0,0,0,32000
STU-2026-04757,Nursing,B,Pune,6.29,2,SME,0.075,45,78,0.46,15000,0,0,1,45000
STU-2026-04758,Engineering,D,Pune,7.26,0,None,0.0,48,40,0.52,30000,0,0,1,30000
STU-2026-04759,Nursing,A,Hyderabad,9.21,2,Startup,0.105,48,66,0.65,25000,0,1,1,83000
STU-2026-04760,Engineering,D,Delhi NCR,5.82,0,None,0.0,12,57,0.55,30000,0,0,0,0
STU-2026-04761,Nursing,A,Pune,9.03,5,MNC,0.375,62,77,0.61,20000,0,1,1,96000
STU-2026-04762,Nursing,A,Bengaluru,8.3,5,Startup,0.263,75,54,0.4,25000,0,1,1,85000
STU-2026-04763,MBA,B,Pune,7.32,5,Startup,0.263,61,83,0.55,25000,0,1,1,87000
STU-2026-04764,MBA,A,Hyderabad,7.22,5,Startup,0.263,57,69,0.76,30000,0,1,1,121000
STU-2026-04765,Engineering,C,Mumbai,7.9,6,Startup,0.315,19,91,0.78,10000,0,0,1,55000
STU-2026-04766,MBA,A,Pune,9.5,5,SME,0.188,76,71,0.74,15000,1,1,1,138000
STU-2026-04767,Nursing,A,Bengaluru,8.4,3,Startup,0.157,72,70,0.46,20000,0,1,1,60000
STU-2026-04768,Engineering,D,Mumbai,7.39,3,SME,0.113,10,73,0.78,25000,0,0,1,27000
STU-2026-04769,Engineering,A,Chennai,7.18,1,MNC,0.075,44,52,0.43,30000,0,0,1,88000
STU-2026-04770,Engineering,C,Delhi NCR,7.94,6,MNC,0.45,28,66,0.64,30000,0,0,1,74000
STU-2026-04771,MBA,D,Delhi NCR,7.32,1,SME,0.037,31,42,0.75,15000,0,0,0,46000
STU-2026-04772,Nursing,A,Bengaluru,6.67,1,MNC,0.075,60,72,0.61,10000,1,1,1,50000
STU-2026-04773,Nursing,B,Delhi NCR,8.32,1,SME,0.037,70,60,0.68,30000,0,1,1,54000
STU-2026-04774,MBA,A,Pune,9.77,5,MNC,0.375,63,66,0.71,25000,1,1,1,150000
STU-2026-04775,Nursing,C,Bengaluru,6.26,2,MNC,0.15,57,68,0.5,15000,0,0,1,34000
STU-2026-04776,MBA,B,Mumbai,7.17,1,Startup,0.052,61,61,0.49,15000,0,0,1,71000
STU-2026-04777,Engineering,A,Pune,7.02,1,MNC,0.075,52,71,0.72,20000,0,1,1,63000
STU-2026-04778,Engineering,D,Chennai,6.55,2,Startup,0.105,26,78,0.57,30000,0,0,0,0
STU-2026-04779,MBA,C,Bengaluru,10.0,0,None,0.0,44,71,0.45,20000,0,0,1,70000
STU-2026-04780,Engineering,C,Pune,7.2,6,MNC,0.45,58,74,0.48,20000,0,0,1,59000
STU-2026-04781,MBA,D,Chennai,6.16,3,Startup,0.157,8,82,0.44,25000,0,0,0,32000
STU-2026-04782,MBA,A,Chennai,8.31,4,MNC,0.3,79,65,0.77,20000,1,1,1,144000
STU-2026-04783,Nursing,C,Delhi NCR,7.45,2,Startup,0.105,67,78,0.64,20000,0,0,1,26000
STU-2026-04784,Nursing,A,Delhi NCR,7.09,4,SME,0.15,100,75,0.58,30000,0,1,1,56000
STU-2026-04785,Nursing,D,Delhi NCR,7.5,5,MNC,0.375,42,77,0.57,20000,0,0,1,31000
STU-2026-04786,Nursing,B,Delhi NCR,6.72,2,SME,0.075,60,47,0.48,20000,0,0,1,39000
STU-2026-04787,Nursing,D,Chennai,7.03,0,None,0.0,39,100,0.61,25000,0,0,1,24000
STU-2026-04788,MBA,B,Pune,8.52,3,SME,0.113,59,80,0.64,20000,0,1,1,89000
STU-2026-04789,Engineering,B,Mumbai,9.1,4,Startup,0.21,65,55,0.57,20000,0,0,1,83000
STU-2026-04790,Nursing,D,Mumbai,8.37,5,Startup,0.263,6,72,0.7,15000,0,0,1,43000
STU-2026-04791,Engineering,D,Hyderabad,4.56,6,SME,0.225,53,47,0.5,20000,0,0,0,26000
STU-2026-04792,MBA,B,Chennai,8.23,5,SME,0.188,41,92,0.67,20000,0,1,1,76000
STU-2026-04793,Nursing,A,Delhi NCR,9.14,0,None,0.0,54,61,0.66,20000,0,1,1,62000
STU-2026-04794,MBA,A,Delhi NCR,9.85,1,SME,0.037,96,79,0.64,15000,1,1,1,101000
STU-2026-04795,Nursing,C,Pune,6.94,0,None,0.0,42,61,0.57,10000,0,0,0,0
STU-2026-04796,Engineering,D,Bengaluru,5.48,0,None,0.0,63,96,0.51,30000,0,0,0,29000
STU-2026-04797,Engineering,A,Chennai,7.78,2,SME,0.075,74,69,0.72,25000,0,0,1,72000
STU-2026-04798,Engineering,C,Delhi NCR,7.14,3,SME,0.113,42,69,0.66,10000,0,0,1,36000
STU-2026-04799,Engineering,A,Mumbai,7.8,3,SME,0.113,52,66,0.73,20000,0,1,1,96000
STU-2026-04800,Engineering,C,Mumbai,7.07,6,SME,0.225,29,57,0.48,10000,0,0,1,49000
STU-2026-04801,MBA,C,Mumbai,5.41,5,MNC,0.375,44,67,0.56,20000,0,0,1,34000
STU-2026-04802,Engineering,C,Bengaluru,6.34,2,Startup,0.105,0,74,0.68,30000,0,0,0,33000
STU-2026-04803,MBA,B,Bengaluru,5.8,5,Startup,0.263,61,65,0.57,15000,0,0,1,58000
STU-2026-04804,Engineering,A,Mumbai,9.11,0,None,0.0,65,52,0.53,20000,0,1,1,113000
STU-2026-04805,Nursing,A,Delhi NCR,8.77,2,Startup,0.105,57,96,0.75,20000,0,1,1,70000
STU-2026-04806,Engineering,D,Delhi NCR,6.37,0,None,0.0,16,96,0.5,25000,0,0,1,32000
STU-2026-04807,Nursing,D,Bengaluru,6.43,3,MNC,0.225,85,47,0.59,10000,0,0,1,31000
STU-2026-04808,Nursing,C,Pune,7.22,0,None,0.0,0,89,0.65,15000,0,0,0,29000
STU-2026-04809,Nursing,C,Delhi NCR,5.24,0,None,0.0,36,72,0.57,10000,0,0,0,17000
STU-2026-04810,MBA,D,Mumbai,7.2,6,MNC,0.45,0,70,0.42,30000,0,0,1,60000
STU-2026-04811,Engineering,C,Mumbai,7.28,0,None,0.0,62,86,0.44,20000,0,0,1,54000
STU-2026-04812,MBA,C,Delhi NCR,6.94,2,SME,0.075,19,69,0.56,25000,0,0,0,60000
STU-2026-04813,Nursing,A,Pune,8.67,0,None,0.0,33,69,0.54,15000,0,0,1,53000
STU-2026-04814,Nursing,A,Pune,7.19,2,Startup,0.105,59,63,0.5,20000,0,0,1,68000
STU-2026-04815,MBA,A,Bengaluru,8.49,6,Startup,0.315,80,67,0.76,25000,1,1,1,133000
STU-2026-04816,MBA,D,Chennai,6.91,6,MNC,0.45,9,65,0.64,25000,0,0,1,54000
STU-2026-04817,MBA,A,Bengaluru,10.0,1,SME,0.037,57,45,0.72,20000,0,1,1,138000
STU-2026-04818,Nursing,A,Hyderabad,7.83,6,Startup,0.315,68,94,0.62,25000,0,1,1,38000
STU-2026-04819,Engineering,A,Hyderabad,8.51,1,Startup,0.052,40,69,0.52,30000,0,0,1,82000
STU-2026-04820,Engineering,A,Hyderabad,7.66,2,MNC,0.15,76,79,0.48,15000,0,1,1,96000
STU-2026-04821,Nursing,C,Mumbai,8.06,0,None,0.0,66,55,0.7,25000,0,0,0,33000
STU-2026-04822,Engineering,C,Delhi NCR,7.38,0,None,0.0,0,100,0.73,20000,0,0,1,36000
STU-2026-04823,Nursing,B,Bengaluru,7.43,6,SME,0.225,76,53,0.58,25000,0,1,1,39000
STU-2026-04824,MBA,B,Chennai,7.83,2,MNC,0.15,25,56,0.55,20000,0,0,1,75000
STU-2026-04825,Engineering,A,Delhi NCR,8.3,1,SME,0.037,46,62,0.73,20000,0,0,1,99000
STU-2026-04826,Nursing,B,Mumbai,7.5,0,None,0.0,48,52,0.49,30000,0,0,1,41000
STU-2026-04827,Engineering,D,Delhi NCR,7.52,0,None,0.0,32,67,0.59,15000,0,0,1,38000
STU-2026-04828,Nursing,B,Chennai,6.11,2,Startup,0.105,54,88,0.47,15000,0,0,1,37000
STU-2026-04829,MBA,C,Delhi NCR,6.12,0,None,0.0,80,71,0.75,25000,0,0,1,47000
STU-2026-04830,Engineering,A,Mumbai,7.74,3,SME,0.113,49,76,0.64,10000,0,1,1,94000
STU-2026-04831,Nursing,C,Chennai,5.2,0,None,0.0,20,83,0.4,10000,0,0,0,22000
STU-2026-04832,Nursing,B,Chennai,8.35,4,SME,0.15,68,60,0.53,20000,0,0,1,58000
STU-2026-04833,Engineering,A,Mumbai,6.36,2,SME,0.075,63,57,0.62,30000,0,1,1,53000
STU-2026-04834,MBA,D,Mumbai,6.53,1,Startup,0.052,44,71,0.59,10000,0,0,0,33000
STU-2026-04835,MBA,B,Chennai,6.12,6,Startup,0.315,71,68,0.59,30000,0,0,1,74000
STU-2026-04836,Engineering,D,Delhi NCR,7.56,4,MNC,0.3,0,62,0.44,15000,0,0,0,39000
STU-2026-04837,Nursing,A,Pune,8.5,0,None,0.0,63,89,0.59,30000,0,1,1,60000
STU-2026-04838,Engineering,A,Chennai,7.32,2,SME,0.075,77,89,0.67,15000,0,1,1,69000
STU-2026-04839,Engineering,A,Hyderabad,9.11,4,SME,0.15,72,100,0.48,10000,1,1,1,117000
STU-2026-04840,MBA,D,Bengaluru,6.39,4,Startup,0.21,74,76,0.51,10000,0,0,1,38000
STU-2026-04841,Engineering,C,Bengaluru,6.24,6,Startup,0.315,58,85,0.62,25000,0,0,1,50000
STU-2026-04842,Engineering,D,Chennai,7.67,0,None,0.0,0,72,0.58,30000,0,0,1,37000
STU-2026-04843,Nursing,A,Delhi NCR,8.59,1,Startup,0.052,50,70,0.69,20000,0,1,1,72000
STU-2026-04844,MBA,A,Mumbai,6.97,2,MNC,0.15,59,40,0.55,15000,0,0,1,115000
STU-2026-04845,Nursing,D,Chennai,5.6,2,SME,0.075,49,92,0.54,25000,0,0,0,22000
STU-2026-04846,Nursing,A,Bengaluru,7.25,3,SME,0.113,44,84,0.79,20000,0,0,1,55000
STU-2026-04847,Engineering,B,Hyderabad,7.06,4,Startup,0.21,49,99,0.55,25000,0,0,1,79000
STU-2026-04848,Engineering,B,Chennai,8.08,3,MNC,0.225,80,56,0.55,30000,0,0,1,82000
STU-2026-04849,Nursing,B,Delhi NCR,8.73,6,Startup,0.315,48,65,0.57,20000,0,0,1,57000
STU-2026-04850,MBA,A,Hyderabad,8.82,2,MNC,0.15,42,71,0.47,25000,0,1,1,119000
STU-2026-04851,Nursing,A,Mumbai,7.22,0,None,0.0,76,83,0.5,15000,0,1,1,56000
STU-2026-04852,Nursing,B,Pune,5.69,0,None,0.0,32,89,0.49,10000,0,0,1,25000
STU-2026-04853,MBA,A,Bengaluru,8.73,4,MNC,0.3,54,67,0.79,10000,0,1,1,159000
STU-2026-04854,Nursing,C,Bengaluru,7.46,0,None,0.0,100,54,0.54,10000,0,0,1,31000
STU-2026-04855,Engineering,B,Delhi NCR,7.04,2,MNC,0.15,79,66,0.51,30000,0,1,1,64000
STU-2026-04856,Nursing,B,Chennai,7.19,6,Startup,0.315,53,56,0.67,30000,0,0,1,47000
STU-2026-04857,Engineering,D,Bengaluru,5.26,0,None,0.0,50,62,0.4,10000,0,0,0,0
STU-2026-04858,Engineering,A,Chennai,8.01,4,MNC,0.3,56,66,0.56,25000,0,1,1,93000
STU-2026-04859,Nursing,A,Pune,9.15,5,SME,0.188,81,79,0.65,20000,1,1,1,70000
STU-2026-04860,Nursing,D,Pune,6.84,0,None,0.0,12,53,0.64,10000,0,0,0,23000
STU-2026-04861,Engineering,A,Delhi NCR,9.52,0,None,0.0,64,58,0.49,20000,0,1,1,100000
STU-2026-04862,Nursing,A,Mumbai,8.74,1,Startup,0.052,7,74,0.55,10000,0,0,1,70000
STU-2026-04863,MBA,B,Delhi NCR,8.59,1,SME,0.037,100,74,0.53,30000,0,1,1,95000
STU-2026-04864,Nursing,C,Mumbai,5.6,0,None,0.0,56,74,0.62,25000,0,0,0,23000
STU-2026-04865,Engineering,C,Mumbai,5.05,5,MNC,0.375,25,84,0.72,30000,0,0,1,36000
STU-2026-04866,MBA,C,Delhi NCR,8.71,0,None,0.0,25,53,0.67,20000,0,0,1,57000
STU-2026-04867,MBA,D,Bengaluru,6.92,3,Startup,0.157,51,73,0.65,25000,0,0,1,49000
STU-2026-04868,Engineering,B,Pune,7.52,1,MNC,0.075,51,66,0.59,25000,0,0,1,54000
STU-2026-04869,MBA,A,Chennai,8.25,5,SME,0.188,33,61,0.84,25000,0,1,1,119000
STU-2026-04870,Engineering,D,Bengaluru,5.8,4,MNC,0.3,37,58,0.58,15000,0,0,0,40000
STU-2026-04871,Nursing,D,Pune,6.9,4,SME,0.15,15,83,0.5,15000,0,0,0,27000
STU-2026-04872,Engineering,C,Delhi NCR,9.09,0,None,0.0,0,50,0.68,25000,0,0,1,57000
STU-2026-04873,Engineering,B,Hyderabad,6.66,5,Startup,0.263,63,96,0.48,20000,0,1,1,69000
STU-2026-04874,Engineering,B,Chennai,6.01,0,None,0.0,71,71,0.61,20000,0,0,1,42000
STU-2026-04875,Nursing,D,Mumbai,6.88,0,None,0.0,46,81,0.45,25000,0,0,1,20000
STU-2026-04876,MBA,B,Pune,8.26,6,MNC,0.45,62,51,0.65,10000,0,1,1,129000
STU-2026-04877,MBA,A,Mumbai,7.63,4,MNC,0.3,30,93,0.62,20000,0,1,1,111000
STU-2026-04878,Engineering,A,Delhi NCR,6.69,0,None,0.0,94,70,0.65,30000,0,1,1,65000
STU-2026-04879,Engineering,A,Hyderabad,8.38,5,SME,0.188,92,70,0.69,25000,0,1,1,120000
STU-2026-04880,Engineering,D,Delhi NCR,4.97,0,None,0.0,65,76,0.59,20000,0,0,0,22000
STU-2026-04881,MBA,C,Pune,5.82,5,Startup,0.263,35,100,0.73,30000,0,0,1,55000
STU-2026-04882,Nursing,D,Mumbai,6.92,0,None,0.0,36,55,0.64,30000,0,0,1,21000
STU-2026-04883,Nursing,B,Mumbai,9.46,0,None,0.0,90,78,0.48,30000,0,1,1,55000
STU-2026-04884,Engineering,D,Chennai,7.42,6,MNC,0.45,80,67,0.8,25000,0,1,1,47000
STU-2026-04885,Nursing,B,Chennai,9.9,3,SME,0.113,77,63,0.61,15000,0,1,1,60000
STU-2026-04886,Nursing,B,Chennai,7.63,5,MNC,0.375,44,45,0.61,15000,0,1,1,63000
STU-2026-04887,MBA,A,Pune,7.74,2,Startup,0.105,33,56,0.71,10000,0,0,1,103000
STU-2026-04888,Engineering,C,Mumbai,6.43,0,None,0.0,25,60,0.51,15000,0,0,1,40000
STU-2026-04889,Nursing,A,Mumbai,9.2,2,MNC,0.15,89,35,0.63,30000,0,1,1,95000
STU-2026-04890,Engineering,C,Pune,5.91,0,None,0.0,14,48,0.57,15000,0,0,0,35000
STU-2026-04891,Engineering,A,Hyderabad,7.24,0,None,0.0,100,80,0.68,30000,0,1,1,56000
STU-2026-04892,MBA,A,Pune,7.47,4,SME,0.15,76,58,0.57,30000,0,1,1,89000
STU-2026-04893,Nursing,C,Hyderabad,6.37,0,None,0.0,63,81,0.71,20000,0,0,1,29000
STU-2026-04894,Nursing,D,Hyderabad,7.19,3,MNC,0.225,46,61,0.5,15000,0,0,0,29000
STU-2026-04895,Engineering,D,Mumbai,6.01,0,None,0.0,50,73,0.63,30000,0,0,0,32000
STU-2026-04896,MBA,C,Pune,6.79,0,None,0.0,65,78,0.71,10000,0,0,1,53000
STU-2026-04897,Nursing,A,Mumbai,8.28,4,MNC,0.3,62,63,0.55,20000,0,1,1,71000
STU-2026-04898,MBA,B,Mumbai,9.11,2,MNC,0.15,57,100,0.53,15000,0,1,1,92000
STU-2026-04899,Nursing,D,Delhi NCR,5.85,4,MNC,0.3,67,53,0.53,25000,0,0,1,29000
STU-2026-04900,Engineering,D,Hyderabad,5.13,0,None,0.0,55,72,0.51,25000,0,0,0,16000
STU-2026-04901,Engineering,D,Hyderabad,8.86,1,SME,0.037,65,51,0.68,15000,0,0,1,48000
STU-2026-04902,Nursing,A,Pune,7.8,2,SME,0.075,53,66,0.53,10000,0,1,1,73000
STU-2026-04903,Engineering,B,Chennai,7.61,4,MNC,0.3,80,46,0.48,25000,0,1,1,82000
STU-2026-04904,MBA,C,Bengaluru,7.14,6,MNC,0.45,0,54,0.64,10000,0,1,1,87000
STU-2026-04905,MBA,B,Chennai,9.08,0,None,0.0,67,75,0.5,10000,0,1,1,83000
STU-2026-04906,Engineering,A,Pune,8.75,5,Startup,0.263,61,74,0.59,20000,0,1,1,131000
STU-2026-04907,Nursing,A,Mumbai,7.19,5,MNC,0.375,30,76,0.74,15000,1,1,1,62000
STU-2026-04908,MBA,B,Hyderabad,7.1,3,Startup,0.157,30,62,0.71,30000,0,0,1,72000
STU-2026-04909,MBA,B,Delhi NCR,8.05,2,SME,0.075,44,94,0.6,30000,0,0,1,87000
STU-2026-04910,Nursing,A,Bengaluru,8.95,3,SME,0.113,92,67,0.71,15000,0,1,1,70000
STU-2026-04911,Nursing,B,Bengaluru,6.72,3,MNC,0.225,38,59,0.71,25000,0,1,1,37000
STU-2026-04912,MBA,A,Hyderabad,6.8,2,Startup,0.105,38,58,0.57,30000,0,1,1,89000
STU-2026-04913,Engineering,C,Pune,8.82,2,MNC,0.15,0,65,0.68,15000,0,0,1,55000
STU-2026-04914,Nursing,B,Pune,8.5,1,SME,0.037,76,60,0.63,30000,0,1,1,45000
STU-2026-04915,MBA,B,Hyderabad,9.19,3,Startup,0.157,43,72,0.48,10000,0,1,1,83000
STU-2026-04916,Engineering,C,Delhi NCR,6.45,0,None,0.0,0,82,0.64,20000,0,0,1,35000
STU-2026-04917,MBA,B,Mumbai,8.63,1,Startup,0.052,61,72,0.81,30000,0,1,1,100000
STU-2026-04918,MBA,C,Hyderabad,7.38,0,None,0.0,26,50,0.5,30000,0,0,1,66000
STU-2026-04919,MBA,C,Delhi NCR,6.91,5,SME,0.188,44,82,0.61,25000,0,0,1,61000
STU-2026-04920,Engineering,C,Chennai,6.96,0,None,0.0,23,56,0.28,30000,0,0,1,39000
STU-2026-04921,Nursing,B,Chennai,7.1,0,None,0.0,21,60,0.52,25000,0,0,1,42000
STU-2026-04922,Nursing,B,Delhi NCR,7.62,1,Startup,0.052,33,51,0.47,25000,0,1,1,55000
STU-2026-04923,Nursing,A,Mumbai,7.52,2,SME,0.075,20,72,0.6,25000,0,1,1,69000
STU-2026-04924,Engineering,D,Pune,7.34,0,None,0.0,12,74,0.69,15000,0,0,0,35000
STU-2026-04925,Engineering,D,Chennai,6.14,0,None,0.0,90,50,0.72,20000,0,0,0,36000
STU-2026-04926,Engineering,B,Delhi NCR,6.36,0,None,0.0,64,46,0.47,15000,0,0,1,55000
STU-2026-04927,Nursing,B,Chennai,7.74,3,MNC,0.225,75,86,0.53,30000,0,0,1,53000
STU-2026-04928,Nursing,B,Mumbai,6.92,2,MNC,0.15,68,78,0.53,15000,0,1,1,49000
STU-2026-04929,MBA,C,Delhi NCR,7.67,1,SME,0.037,30,82,0.65,10000,0,0,1,71000
STU-2026-04930,Nursing,C,Delhi NCR,7.19,0,None,0.0,25,53,0.71,20000,0,0,1,39000
STU-2026-04931,Nursing,C,Bengaluru,4.36,6,MNC,0.45,63,66,0.56,15000,0,0,1,31000
STU-2026-04932,Nursing,C,Bengaluru,7.54,3,MNC,0.225,11,72,0.67,30000,0,0,1,46000
STU-2026-04933,MBA,D,Pune,6.45,0,None,0.0,0,73,0.62,10000,0,0,0,43000
STU-2026-04934,Engineering,D,Chennai,4.46,0,None,0.0,34,56,0.48,20000,0,0,0,0
STU-2026-04935,MBA,C,Mumbai,7.64,5,Startup,0.263,48,60,0.59,10000,0,0,1,76000
STU-2026-04936,MBA,D,Delhi NCR,6.14,0,None,0.0,25,44,0.56,30000,0,0,0,0
STU-2026-04937,Nursing,A,Bengaluru,9.85,3,Startup,0.157,43,87,0.78,15000,0,1,1,87000
STU-2026-04938,MBA,C,Mumbai,5.21,5,MNC,0.375,27,94,0.64,30000,0,0,1,61000
STU-2026-04939,Engineering,D,Mumbai,7.64,1,MNC,0.075,36,73,0.52,15000,0,0,0,36000
STU-2026-04940,MBA,D,Delhi NCR,7.47,2,SME,0.075,9,71,0.56,30000,0,0,0,43000
STU-2026-04941,Nursing,B,Mumbai,5.18,2,MNC,0.15,45,54,0.57,25000,0,0,0,34000
STU-2026-04942,MBA,D,Pune,7.89,4,SME,0.15,37,77,0.55,15000,0,0,0,52000
STU-2026-04943,Engineering,C,Bengaluru,7.62,0,None,0.0,7,63,0.58,25000,0,0,1,45000
STU-2026-04944,Engineering,C,Mumbai,4.51,6,SME,0.225,0,81,0.85,15000,0,0,0,30000
STU-2026-04945,Nursing,A,Hyderabad,8.54,3,MNC,0.225,44,32,0.7,20000,0,1,1,93000
STU-2026-04946,Nursing,B,Delhi NCR,6.74,0,None,0.0,62,83,0.71,25000,0,0,1,39000
STU-2026-04947,Nursing,B,Hyderabad,8.12,3,Startup,0.157,69,51,0.47,15000,0,0,1,58000
STU-2026-04948,Engineering,C,Chennai,6.33,5,MNC,0.375,61,76,0.5,15000,0,0,1,46000
STU-2026-04949,MBA,B,Pune,6.89,6,SME,0.225,78,100,0.71,25000,0,1,1,93000
STU-2026-04950,MBA,C,Chennai,8.86,0,None,0.0,5,88,0.68,25000,0,0,1,71000
STU-2026-04951,MBA,C,Bengaluru,6.53,0,None,0.0,91,75,0.56,30000,0,0,1,53000
STU-2026-04952,Engineering,D,Hyderabad,6.91,5,Startup,0.263,50,71,0.53,20000,0,0,1,31000
STU-2026-04953,Engineering,D,Delhi NCR,8.62,0,None,0.0,34,19,0.64,10000,0,0,1,28000
STU-2026-04954,Nursing,C,Bengaluru,5.8,5,SME,0.188,18,59,0.72,30000,0,0,1,28000
STU-2026-04955,Nursing,C,Hyderabad,8.15,0,None,0.0,52,44,0.54,25000,0,0,1,30000
STU-2026-04956,Nursing,A,Bengaluru,9.82,5,Startup,0.263,62,59,0.49,20000,1,1,1,86000
STU-2026-04957,MBA,B,Delhi NCR,7.88,4,Startup,0.21,37,71,0.54,20000,0,0,1,78000
STU-2026-04958,Engineering,C,Pune,8.03,0,None,0.0,28,68,0.59,30000,0,0,1,52000
STU-2026-04959,Nursing,B,Mumbai,8.29,0,None,0.0,28,60,0.72,30000,0,0,1,47000
STU-2026-04960,Nursing,C,Delhi NCR,5.52,0,None,0.0,16,95,0.67,30000,0,0,1,26000
STU-2026-04961,MBA,B,Delhi NCR,7.36,6,SME,0.225,46,64,0.58,30000,0,1,1,67000
STU-2026-04962,Nursing,D,Chennai,6.14,0,None,0.0,17,86,0.79,25000,0,0,0,22000
STU-2026-04963,MBA,D,Hyderabad,6.91,5,Startup,0.263,51,82,0.64,25000,0,0,1,56000
STU-2026-04964,Engineering,D,Chennai,4.67,0,None,0.0,40,75,0.64,10000,0,0,0,22000
STU-2026-04965,MBA,A,Mumbai,7.62,5,Startup,0.263,25,85,0.49,10000,0,1,1,110000
STU-2026-04966,Engineering,A,Bengaluru,9.47,3,SME,0.113,58,65,0.67,25000,1,1,1,115000
STU-2026-04967,Engineering,C,Pune,6.35,0,None,0.0,57,46,0.6,20000,0,0,1,37000
STU-2026-04968,MBA,D,Chennai,6.93,0,None,0.0,41,64,0.63,20000,0,0,1,38000
STU-2026-04969,Engineering,D,Mumbai,4.0,4,Startup,0.21,52,100,0.56,20000,0,0,0,24000
STU-2026-04970,MBA,B,Bengaluru,9.24,2,Startup,0.105,71,96,0.68,30000,0,1,1,87000
STU-2026-04971,Nursing,D,Hyderabad,7.14,1,Startup,0.052,39,69,0.57,20000,0,0,1,21000
STU-2026-04972,Engineering,C,Pune,7.77,0,None,0.0,18,66,0.63,30000,0,0,0,31000
STU-2026-04973,Engineering,D,Delhi NCR,6.34,0,None,0.0,4,81,0.48,15000,0,0,1,29000
STU-2026-04974,Nursing,C,Bengaluru,6.87,4,MNC,0.3,0,72,0.59,25000,0,0,0,39000
STU-2026-04975,Nursing,B,Delhi NCR,7.1,1,Startup,0.052,56,70,0.55,10000,0,0,1,41000
STU-2026-04976,Engineering,C,Mumbai,7.37,6,MNC,0.45,27,54,0.53,30000,0,1,1,70000
STU-2026-04977,MBA,D,Pune,8.26,4,Startup,0.21,72,63,0.63,30000,0,0,1,63000
STU-2026-04978,Engineering,D,Bengaluru,6.45,3,SME,0.113,42,71,0.65,15000,0,0,1,33000
STU-2026-04979,Nursing,D,Hyderabad,6.95,6,Startup,0.315,46,95,0.43,15000,0,0,1,35000
STU-2026-04980,MBA,C,Bengaluru,7.12,0,None,0.0,47,80,0.62,10000,0,0,1,56000
STU-2026-04981,Engineering,A,Bengaluru,8.22,5,Startup,0.263,51,80,0.67,30000,0,1,1,134000
STU-2026-04982,MBA,A,Hyderabad,9.26,1,Startup,0.052,80,100,0.59,30000,0,1,1,141000
STU-2026-04983,MBA,B,Chennai,7.25,3,SME,0.113,60,55,0.66,25000,0,0,1,74000
STU-2026-04984,MBA,A,Bengaluru,8.19,4,MNC,0.3,51,44,0.42,10000,0,1,1,148000
STU-2026-04985,Engineering,D,Bengaluru,7.15,0,None,0.0,40,57,0.63,20000,0,0,0,0
STU-2026-04986,Engineering,C,Pune,4.0,5,Startup,0.263,34,62,0.7,15000,0,0,0,36000
STU-2026-04987,Engineering,A,Hyderabad,7.76,0,None,0.0,70,66,0.74,15000,0,1,1,90000
STU-2026-04988,Engineering,B,Delhi NCR,6.42,4,MNC,0.3,52,69,0.73,25000,0,0,1,59000
STU-2026-04989,Nursing,A,Pune,7.91,1,Startup,0.052,18,63,0.45,20000,0,0,1,62000
STU-2026-04990,MBA,C,Pune,6.44,0,None,0.0,34,74,0.51,25000,0,0,1,46000
STU-2026-04991,Engineering,D,Bengaluru,8.34,0,None,0.0,0,57,0.67,25000,0,0,0,32000
STU-2026-04992,MBA,C,Chennai,4.59,0,None,0.0,58,80,0.62,30000,0,0,0,27000
STU-2026-04993,Nursing,D,Pune,6.74,0,None,0.0,7,59,0.73,25000,0,0,0,0
STU-2026-04994,MBA,C,Chennai,7.61,0,None,0.0,77,82,0.64,15000,0,0,1,49000
STU-2026-04995,MBA,C,Bengaluru,4.1,2,Startup,0.105,41,64,0.53,25000,0,0,0,33000
STU-2026-04996,MBA,A,Bengaluru,7.69,4,Startup,0.21,92,81,0.69,30000,0,1,1,129000
STU-2026-04997,MBA,C,Mumbai,5.73,0,None,0.0,57,67,0.5,15000,0,0,0,39000
STU-2026-04998,Engineering,D,Pune,9.59,0,None,0.0,51,94,0.71,10000,0,0,1,41000
STU-2026-04999,MBA,D,Delhi NCR,4.71,0,None,0.0,18,80,0.57,10000,0,0,0,19000
STU-2026-05000,Engineering,C,Pune,7.34,6,MNC,0.45,67,43,0.64,10000,0,1,1,76000
STU-2026-05001,Nursing,A,Mumbai,7.8,1,SME,0.037,76,91,0.64,20000,0,1,1,62000
STU-2026-05002,Nursing,A,Pune,8.52,3,SME,0.113,48,68,0.64,30000,0,1,1,71000
STU-2026-05003,Engineering,B,Chennai,8.26,3,Startup,0.157,100,39,0.8,15000,0,1,1,81000
STU-2026-05004,Nursing,C,Chennai,8.19,3,MNC,0.225,79,59,0.58,20000,0,0,1,41000
STU-2026-05005,Engineering,B,Chennai,8.82,0,None,0.0,58,46,0.54,25000,0,0,1,63000
STU-2026-05006,MBA,A,Chennai,8.74,6,MNC,0.45,47,64,0.57,10000,0,1,1,176000
STU-2026-05007,MBA,D,Mumbai,7.77,5,SME,0.188,96,72,0.67,10000,0,0,1,50000
STU-2026-05008,Engineering,A,Chennai,7.98,3,SME,0.113,40,62,0.59,20000,0,0,1,127000
STU-2026-05009,MBA,A,Mumbai,8.61,5,SME,0.188,100,92,0.54,30000,0,1,1,123000
STU-2026-05010,Nursing,D,Delhi NCR,6.61,1,SME,0.037,16,63,0.64,10000,0,0,0,24000
STU-2026-05011,Nursing,C,Hyderabad,6.73,0,None,0.0,62,66,0.74,25000,0,0,0,32000
STU-2026-05012,MBA,D,Pune,7.39,0,None,0.0,23,65,0.65,20000,0,0,1,31000
STU-2026-05013,MBA,D,Pune,7.55,5,SME,0.188,29,87,0.42,25000,0,1,1,44000
STU-2026-05014,Nursing,D,Chennai,8.52,0,None,0.0,38,58,0.63,25000,0,0,1,22000
STU-2026-05015,Nursing,D,Pune,7.64,4,SME,0.15,40,79,0.6,15000,0,0,1,25000
STU-2026-05016,Nursing,A,Chennai,8.74,2,Startup,0.105,73,80,0.64,25000,0,1,1,90000
STU-2026-05017,MBA,C,Mumbai,4.55,5,MNC,0.375,0,96,0.47,20000,0,0,0,43000
STU-2026-05018,Nursing,B,Chennai,5.85,2,MNC,0.15,52,56,0.58,15000,0,0,1,36000
STU-2026-05019,Nursing,B,Pune,7.11,3,MNC,0.225,65,86,0.76,20000,0,1,1,62000
STU-2026-05020,MBA,D,Chennai,7.85,0,None,0.0,9,51,0.54,30000,0,0,1,41000
STU-2026-05021,MBA,B,Bengaluru,5.61,0,None,0.0,55,40,0.49,10000,0,0,0,53000
STU-2026-05022,MBA,A,Bengaluru,9.02,5,Startup,0.263,74,52,0.56,25000,0,1,1,141000
STU-2026-05023,Engineering,C,Pune,6.48,0,None,0.0,0,53,0.56,15000,0,0,0,0
STU-2026-05024,Engineering,A,Delhi NCR,8.71,6,SME,0.225,33,80,0.66,20000,0,1,1,126000
STU-2026-05025,Engineering,C,Pune,7.69,0,None,0.0,32,64,0.71,20000,0,0,1,51000
STU-2026-05026,Engineering,A,Bengaluru,6.29,3,Startup,0.157,62,46,0.6,10000,0,1,1,94000
STU-2026-05027,Engineering,B,Chennai,6.56,5,Startup,0.263,49,69,0.5,15000,0,1,1,61000
STU-2026-05028,MBA,A,Hyderabad,8.3,6,SME,0.225,72,69,0.52,25000,0,1,1,114000
STU-2026-05029,MBA,C,Pune,6.93,0,None,0.0,65,52,0.45,10000,0,0,1,44000
STU-2026-05030,Engineering,A,Bengaluru,8.23,1,SME,0.037,66,38,0.67,15000,0,0,1,88000
STU-2026-05031,Engineering,B,Delhi NCR,6.84,2,Startup,0.105,49,95,0.63,25000,0,1,1,57000
STU-2026-05032,MBA,A,Delhi NCR,8.7,5,SME,0.188,68,74,0.71,30000,0,1,1,178000
STU-2026-05033,MBA,B,Chennai,8.46,0,None,0.0,37,67,0.64,30000,0,0,1,87000
STU-2026-05034,Nursing,C,Delhi NCR,7.76,5,MNC,0.375,6,89,0.55,30000,0,0,1,42000
STU-2026-05035,Nursing,C,Chennai,7.77,1,MNC,0.075,33,60,0.56,30000,0,0,0,31000
STU-2026-05036,MBA,C,Delhi NCR,5.31,1,Startup,0.052,33,80,0.66,25000,0,0,1,46000
STU-2026-05037,MBA,B,Bengaluru,6.97,1,SME,0.037,60,70,0.38,15000,0,0,1,65000
STU-2026-05038,MBA,A,Hyderabad,8.06,1,SME,0.037,70,77,0.42,10000,0,1,1,110000
STU-2026-05039,Engineering,A,Delhi NCR,8.7,2,Startup,0.105,81,68,0.72,15000,0,1,1,85000
STU-2026-05040,Nursing,B,Delhi NCR,7.93,1,SME,0.037,53,74,0.8,30000,0,1,1,47000
STU-2026-05041,MBA,D,Chennai,5.76,1,SME,0.037,0,69,0.71,10000,0,0,0,36000
STU-2026-05042,Engineering,A,Hyderabad,9.34,4,MNC,0.3,88,76,0.62,20000,0,1,1,113000
STU-2026-05043,Engineering,A,Delhi NCR,7.98,1,MNC,0.075,43,74,0.79,15000,0,1,1,91000
STU-2026-05044,Engineering,C,Chennai,7.74,0,None,0.0,22,92,0.44,15000,0,0,1,48000
STU-2026-05045,Engineering,A,Delhi NCR,7.6,2,MNC,0.15,56,53,0.49,20000,0,0,1,100000
STU-2026-05046,MBA,A,Pune,9.16,1,SME,0.037,17,98,0.6,10000,0,1,1,95000
STU-2026-05047,Engineering,D,Delhi NCR,8.38,3,SME,0.113,45,87,0.72,20000,0,1,1,38000
STU-2026-05048,MBA,D,Pune,6.55,6,Startup,0.315,25,83,0.63,15000,0,0,1,57000
STU-2026-05049,Nursing,C,Delhi NCR,4.73,3,MNC,0.225,74,84,0.56,30000,0,0,1,24000
STU-2026-05050,Nursing,B,Hyderabad,8.12,2,Startup,0.105,53,77,0.61,30000,0,0,1,51000
STU-2026-05051,Nursing,C,Delhi NCR,10.0,0,None,0.0,23,66,0.53,25000,0,0,1,48000
STU-2026-05052,MBA,A,Hyderabad,8.77,1,MNC,0.075,60,85,0.68,25000,0,1,1,93000
STU-2026-05053,Engineering,D,Chennai,7.8,0,None,0.0,44,70,0.55,30000,0,0,1,38000
STU-2026-05054,Engineering,A,Mumbai,8.01,6,SME,0.225,35,86,0.66,30000,0,1,1,61000
STU-2026-05055,Nursing,B,Bengaluru,7.46,2,SME,0.075,55,61,0.68,10000,0,1,1,48000
STU-2026-05056,MBA,B,Pune,8.54,2,MNC,0.15,40,63,0.61,10000,0,0,1,101000
STU-2026-05057,Nursing,D,Delhi NCR,6.17,4,MNC,0.3,72,56,0.81,25000,0,1,1,27000
STU-2026-05058,Nursing,D,Bengaluru,8.18,0,None,0.0,30,85,0.58,15000,0,0,0,13000
STU-2026-05059,Nursing,C,Pune,6.48,6,MNC,0.45,47,90,0.6,10000,0,1,1,38000
STU-2026-05060,Engineering,C,Hyderabad,6.4,0,None,0.0,66,33,0.6,20000,0,0,0,44000
STU-2026-05061,MBA,B,Bengaluru,6.97,4,MNC,0.3,70,84,0.45,15000,0,1,1,79000
STU-2026-05062,Engineering,B,Mumbai,8.45,0,None,0.0,74,67,0.5,25000,0,1,1,62000
STU-2026-05063,MBA,C,Hyderabad,4.86,0,None,0.0,2,77,0.47,15000,0,0,1,30000
STU-2026-05064,MBA,B,Hyderabad,7.5,1,MNC,0.075,63,59,0.38,30000,0,0,1,66000
STU-2026-05065,MBA,A,Delhi NCR,8.29,6,MNC,0.45,58,74,0.76,20000,0,1,1,144000
STU-2026-05066,Nursing,A,Chennai,6.87,6,SME,0.225,56,76,0.55,25000,0,1,1,63000
STU-2026-05067,Engineering,D,Mumbai,5.24,0,None,0.0,48,67,0.61,10000,0,0,0,22000
STU-2026-05068,Engineering,B,Delhi NCR,7.66,0,None,0.0,55,96,0.68,20000,0,1,1,55000
STU-2026-05069,MBA,D,Delhi NCR,4.37,0,None,0.0,20,60,0.57,25000,0,0,0,0
STU-2026-05070,Nursing,C,Mumbai,7.59,1,Startup,0.052,47,87,0.57,10000,0,0,1,36000
STU-2026-05071,Nursing,C,Pune,7.09,0,None,0.0,72,82,0.47,20000,0,0,1,30000
STU-2026-05072,Engineering,A,Mumbai,9.92,3,SME,0.113,53,55,0.64,20000,0,1,1,112000
STU-2026-05073,MBA,B,Bengaluru,7.28,4,SME,0.15,79,57,0.57,30000,0,0,1,90000
STU-2026-05074,Nursing,D,Chennai,7.14,3,Startup,0.157,13,56,0.79,30000,0,0,1,32000
STU-2026-05075,Nursing,B,Mumbai,7.51,6,MNC,0.45,90,53,0.68,25000,0,1,1,58000
STU-2026-05076,Nursing,B,Bengaluru,8.23,1,MNC,0.075,57,63,0.55,10000,0,0,1,55000
STU-2026-05077,Nursing,B,Hyderabad,6.49,3,Startup,0.157,97,66,0.73,30000,0,0,1,46000
STU-2026-05078,MBA,D,Mumbai,7.99,5,MNC,0.375,73,47,0.53,15000,0,0,1,64000
STU-2026-05079,Nursing,A,Bengaluru,8.43,6,SME,0.225,53,93,0.86,20000,0,1,1,85000
STU-2026-05080,Nursing,C,Chennai,6.87,0,None,0.0,72,82,0.49,15000,0,0,1,25000
STU-2026-05081,Nursing,C,Delhi NCR,10.0,0,None,0.0,56,61,0.53,10000,0,1,1,49000
STU-2026-05082,MBA,D,Hyderabad,7.76,3,MNC,0.225,29,75,0.61,20000,0,0,1,47000
STU-2026-05083,MBA,B,Hyderabad,7.91,3,MNC,0.225,64,78,0.68,25000,0,1,1,80000
STU-2026-05084,MBA,B,Chennai,8.13,0,None,0.0,75,65,0.61,30000,0,0,1,99000
STU-2026-05085,MBA,B,Bengaluru,7.6,4,Startup,0.21,69,66,0.55,10000,0,0,1,99000
STU-2026-05086,Nursing,C,Hyderabad,7.72,4,SME,0.15,32,56,0.62,30000,0,0,1,37000
STU-2026-05087,Nursing,D,Delhi NCR,5.28,0,None,0.0,45,74,0.71,15000,0,0,0,17000
STU-2026-05088,Nursing,B,Delhi NCR,5.94,6,SME,0.225,82,83,0.6,15000,0,0,1,33000
STU-2026-05089,Engineering,B,Chennai,6.95,1,MNC,0.075,79,74,0.45,30000,0,1,1,49000
STU-2026-05090,Engineering,B,Bengaluru,6.98,1,Startup,0.052,79,81,0.71,30000,0,1,1,62000
STU-2026-05091,Nursing,C,Pune,6.1,3,SME,0.113,34,65,0.6,25000,0,0,0,28000
STU-2026-05092,MBA,D,Chennai,8.54,0,None,0.0,13,50,0.48,10000,0,0,1,52000
STU-2026-05093,Nursing,D,Delhi NCR,6.48,0,None,0.0,42,73,0.54,30000,0,0,0,22000
STU-2026-05094,Engineering,D,Delhi NCR,5.93,5,Startup,0.263,30,75,0.5,30000,0,0,1,38000
STU-2026-05095,MBA,C,Bengaluru,5.28,0,None,0.0,0,60,0.67,20000,0,0,0,37000
STU-2026-05096,Nursing,B,Mumbai,6.9,3,Startup,0.157,42,64,0.5,20000,0,0,1,53000
STU-2026-05097,Nursing,B,Hyderabad,6.73,4,Startup,0.21,72,81,0.49,30000,0,0,1,53000
STU-2026-05098,Nursing,D,Delhi NCR,5.69,0,None,0.0,39,100,0.7,10000,0,0,0,22000
STU-2026-05099,Nursing,C,Hyderabad,6.73,0,None,0.0,65,39,0.59,15000,0,0,0,30000
STU-2026-05100,MBA,D,Delhi NCR,6.52,6,SME,0.225,74,81,0.55,10000,0,0,1,48000
STU-2026-05101,Nursing,D,Pune,6.11,0,None,0.0,39,90,0.52,15000,0,0,0,20000
STU-2026-05102,MBA,D,Delhi NCR,10.0,1,Startup,0.052,55,87,0.68,25000,0,1,1,64000
STU-2026-05103,MBA,A,Hyderabad,8.49,5,SME,0.188,31,75,0.59,25000,0,1,1,128000
STU-2026-05104,Engineering,A,Mumbai,8.81,2,Startup,0.105,79,26,0.56,30000,0,0,1,104000
STU-2026-05105,Engineering,A,Mumbai,7.96,2,MNC,0.15,87,73,0.55,10000,0,1,1,90000
STU-2026-05106,Nursing,C,Hyderabad,6.2,0,None,0.0,50,94,0.69,15000,0,0,1,38000
STU-2026-05107,Engineering,C,Bengaluru,5.92,0,None,0.0,21,72,0.75,20000,0,0,0,43000
STU-2026-05108,Nursing,B,Delhi NCR,6.06,5,MNC,0.375,58,73,0.51,25000,0,0,1,52000
STU-2026-05109,MBA,D,Hyderabad,8.53,0,None,0.0,0,73,0.59,30000,0,0,1,46000
STU-2026-05110,MBA,D,Chennai,5.25,1,SME,0.037,79,87,0.59,30000,0,0,0,28000
STU-2026-05111,Engineering,C,Mumbai,4.0,2,Startup,0.105,49,82,0.61,30000,0,0,0,26000
STU-2026-05112,Engineering,A,Delhi NCR,7.52,4,SME,0.15,50,68,0.67,15000,0,1,1,86000
STU-2026-05113,MBA,D,Pune,5.55,4,MNC,0.3,41,100,0.5,20000,0,0,1,49000
STU-2026-05114,MBA,C,Delhi NCR,6.37,0,None,0.0,22,79,0.64,10000,0,0,1,60000
STU-2026-05115,MBA,B,Hyderabad,7.67,0,None,0.0,36,71,0.62,25000,0,1,1,69000
STU-2026-05116,Engineering,D,Pune,6.31,6,Startup,0.315,6,78,0.93,15000,0,0,1,41000
STU-2026-05117,MBA,B,Mumbai,6.95,6,MNC,0.45,34,77,0.6,25000,0,0,1,116000
STU-2026-05118,Nursing,C,Hyderabad,7.3,1,SME,0.037,42,64,0.64,15000,0,0,1,34000
STU-2026-05119,Nursing,C,Pune,8.08,0,None,0.0,72,100,0.52,15000,0,0,1,37000
STU-2026-05120,Nursing,C,Chennai,5.87,0,None,0.0,25,77,0.69,10000,0,0,1,24000
STU-2026-05121,MBA,C,Chennai,7.36,6,SME,0.225,46,70,0.52,15000,0,0,1,71000
STU-2026-05122,Nursing,B,Mumbai,6.67,4,Startup,0.21,24,70,0.75,20000,0,0,0,43000
STU-2026-05123,Nursing,B,Mumbai,8.18,4,MNC,0.3,24,67,0.49,25000,0,0,1,56000
STU-2026-05124,MBA,B,Hyderabad,6.38,4,SME,0.15,36,69,0.82,30000,0,1,1,78000
STU-2026-05125,MBA,C,Chennai,7.76,0,None,0.0,23,75,0.71,25000,0,0,1,57000
STU-2026-05126,Nursing,A,Pune,8.62,1,SME,0.037,100,83,0.57,30000,0,1,1,58000
STU-2026-05127,Nursing,A,Hyderabad,10.0,4,Startup,0.21,92,71,0.82,20000,1,1,1,87000
STU-2026-05128,MBA,A,Bengaluru,8.93,6,Startup,0.315,68,83,0.46,20000,0,1,1,185000
STU-2026-05129,Engineering,C,Hyderabad,8.83,3,MNC,0.225,75,100,0.66,10000,0,1,1,53000
STU-2026-05130,MBA,C,Hyderabad,6.1,5,SME,0.188,0,65,0.39,15000,0,0,1,55000
STU-2026-05131,Nursing,C,Chennai,4.37,3,Startup,0.157,35,100,0.59,25000,0,0,0,16000
STU-2026-05132,MBA,C,Pune,4.69,5,MNC,0.375,53,63,0.56,25000,0,0,1,45000
STU-2026-05133,Engineering,C,Delhi NCR,5.33,0,None,0.0,48,49,0.52,30000,0,0,1,32000
STU-2026-05134,MBA,B,Chennai,8.19,2,Startup,0.105,100,69,0.6,30000,0,1,1,78000
STU-2026-05135,MBA,D,Mumbai,5.59,0,None,0.0,42,75,0.64,25000,0,0,0,36000
STU-2026-05136,Nursing,B,Bengaluru,7.53,5,Startup,0.263,52,56,0.45,30000,0,1,1,47000
STU-2026-05137,Engineering,D,Pune,5.69,6,MNC,0.45,30,66,0.76,20000,0,0,1,53000
STU-2026-05138,Engineering,C,Bengaluru,6.88,0,None,0.0,91,83,0.64,25000,0,1,1,46000
STU-2026-05139,MBA,A,Mumbai,8.71,1,MNC,0.075,100,63,0.5,20000,0,1,1,152000
STU-2026-05140,Nursing,C,Pune,8.54,0,None,0.0,27,35,0.58,15000,0,0,0,34000
STU-2026-05141,MBA,C,Bengaluru,5.53,6,Startup,0.315,0,98,0.53,30000,0,0,1,50000
STU-2026-05142,MBA,B,Bengaluru,6.37,3,Startup,0.157,70,64,0.58,30000,0,0,1,60000
STU-2026-05143,MBA,D,Delhi NCR,4.85,0,None,0.0,39,84,0.51,20000,0,0,0,34000
STU-2026-05144,MBA,D,Delhi NCR,6.69,0,None,0.0,42,71,0.53,30000,0,0,0,33000
STU-2026-05145,MBA,C,Pune,7.24,0,None,0.0,59,82,0.56,20000,0,0,1,54000
STU-2026-05146,Engineering,B,Bengaluru,7.57,3,Startup,0.157,0,58,0.45,30000,0,0,1,66000
STU-2026-05147,Engineering,C,Pune,5.51,3,Startup,0.157,48,49,0.5,20000,0,0,0,39000
STU-2026-05148,Nursing,A,Chennai,9.32,1,MNC,0.075,48,90,0.6,30000,0,1,1,77000
STU-2026-05149,MBA,A,Bengaluru,8.04,2,MNC,0.15,69,81,0.51,20000,0,1,1,149000
STU-2026-05150,MBA,A,Delhi NCR,8.34,0,None,0.0,66,88,0.55,10000,0,1,1,120000
STU-2026-05151,MBA,D,Hyderabad,8.29,4,SME,0.15,0,59,0.5,10000,0,0,0,47000
STU-2026-05152,MBA,D,Chennai,7.6,6,SME,0.225,44,83,0.7,15000,0,0,1,51000
STU-2026-05153,MBA,A,Hyderabad,8.28,3,SME,0.113,51,50,0.7,20000,0,1,1,92000
STU-2026-05154,Engineering,B,Pune,8.04,3,SME,0.113,56,39,0.46,25000,0,0,1,69000
STU-2026-05155,Engineering,A,Pune,8.83,0,None,0.0,75,79,0.6,30000,1,1,1,100000
STU-2026-05156,MBA,A,Mumbai,8.38,0,None,0.0,71,64,0.59,20000,0,0,1,101000
STU-2026-05157,Nursing,A,Chennai,9.61,1,Startup,0.052,63,72,0.7,10000,0,1,1,69000
STU-2026-05158,MBA,D,Hyderabad,6.83,3,SME,0.113,12,73,0.52,10000,0,0,1,40000
STU-2026-05159,MBA,D,Chennai,5.81,5,Startup,0.263,37,75,0.48,20000,0,0,0,43000
STU-2026-05160,Nursing,A,Pune,9.27,2,MNC,0.15,9,79,0.56,20000,0,1,1,74000
STU-2026-05161,Nursing,B,Chennai,7.14,5,Startup,0.263,72,62,0.77,25000,0,1,1,52000
STU-2026-05162,MBA,B,Delhi NCR,7.33,4,Startup,0.21,84,90,0.48,15000,0,1,1,90000
STU-2026-05163,MBA,C,Chennai,7.92,4,MNC,0.3,32,59,0.61,25000,0,1,1,74000
STU-2026-05164,Engineering,D,Bengaluru,5.28,0,None,0.0,43,82,0.59,30000,0,0,1,27000
STU-2026-05165,Engineering,C,Mumbai,6.73,2,Startup,0.105,41,42,0.72,10000,0,0,1,40000
STU-2026-05166,Engineering,A,Mumbai,7.76,1,SME,0.037,69,53,0.5,25000,0,1,1,75000
STU-2026-05167,MBA,B,Pune,7.84,5,MNC,0.375,48,94,0.67,25000,0,1,1,91000
STU-2026-05168,MBA,B,Delhi NCR,9.91,6,SME,0.225,51,59,0.67,25000,0,1,1,99000
STU-2026-05169,MBA,A,Chennai,9.96,1,MNC,0.075,80,70,0.84,10000,1,1,1,137000
STU-2026-05170,Nursing,A,Pune,10.0,2,Startup,0.105,73,79,0.56,25000,0,1,1,80000
STU-2026-05171,MBA,B,Pune,8.94,5,MNC,0.375,28,90,0.51,20000,0,1,1,109000
STU-2026-05172,Engineering,D,Bengaluru,6.18,4,SME,0.15,57,70,0.53,20000,0,0,1,29000
STU-2026-05173,Nursing,A,Bengaluru,7.77,5,Startup,0.263,30,63,0.65,25000,0,1,1,96000
STU-2026-05174,Nursing,A,Mumbai,10.0,6,MNC,0.45,51,58,0.71,15000,1,1,1,131000
STU-2026-05175,Engineering,A,Delhi NCR,8.52,2,Startup,0.105,56,67,0.64,15000,0,1,1,115000
STU-2026-05176,MBA,A,Mumbai,7.16,6,SME,0.225,84,42,0.61,30000,0,1,1,87000
STU-2026-05177,Engineering,C,Hyderabad,4.33,4,Startup,0.21,13,71,0.54,25000,0,0,0,36000
STU-2026-05178,MBA,C,Pune,5.32,6,MNC,0.45,57,57,0.49,15000,0,0,1,60000
STU-2026-05179,MBA,C,Delhi NCR,5.15,0,None,0.0,47,56,0.52,10000,0,0,0,49000
STU-2026-05180,Engineering,A,Chennai,7.47,6,Startup,0.315,74,65,0.55,10000,0,1,1,88000
STU-2026-05181,Engineering,D,Pune,5.42,0,None,0.0,52,94,0.67,10000,0,0,0,22000
STU-2026-05182,Nursing,C,Bengaluru,7.98,0,None,0.0,80,73,0.54,30000,0,1,1,34000
STU-2026-05183,Nursing,A,Chennai,7.72,4,SME,0.15,45,52,0.88,25000,0,1,1,62000
STU-2026-05184,Nursing,C,Mumbai,8.88,3,Startup,0.157,53,77,0.53,10000,0,0,1,44000
STU-2026-05185,MBA,D,Chennai,4.44,0,None,0.0,28,70,0.73,10000,0,0,0,0
STU-2026-05186,Engineering,C,Chennai,7.77,2,MNC,0.15,0,88,0.51,20000,0,0,1,54000
STU-2026-05187,MBA,A,Mumbai,8.37,0,None,0.0,58,51,0.51,25000,0,1,1,98000
STU-2026-05188,Engineering,B,Pune,7.4,0,None,0.0,30,83,0.47,10000,0,0,1,46000
STU-2026-05189,Nursing,D,Pune,8.02,4,Startup,0.21,40,62,0.76,10000,0,0,1,31000
STU-2026-05190,Nursing,A,Pune,8.93,4,Startup,0.21,30,32,0.72,10000,0,1,1,94000
STU-2026-05191,Nursing,B,Pune,7.55,6,SME,0.225,37,79,0.56,20000,0,0,1,43000
STU-2026-05192,Engineering,D,Pune,4.72,6,MNC,0.45,50,56,0.6,25000,0,0,0,27000
STU-2026-05193,Engineering,A,Pune,6.98,0,None,0.0,100,69,0.78,20000,0,1,1,68000
STU-2026-05194,Nursing,D,Hyderabad,7.02,0,None,0.0,44,98,0.68,20000,0,0,0,25000
STU-2026-05195,Engineering,D,Hyderabad,7.77,0,None,0.0,11,77,0.73,15000,0,0,0,32000
STU-2026-05196,Nursing,B,Pune,8.66,6,Startup,0.315,53,55,0.69,25000,0,1,1,64000
STU-2026-05197,MBA,D,Pune,8.15,0,None,0.0,70,69,0.8,30000,0,1,1,33000
STU-2026-05198,Nursing,A,Pune,7.38,0,None,0.0,15,65,0.48,15000,0,0,1,66000
STU-2026-05199,Nursing,A,Pune,6.8,3,SME,0.113,63,72,0.59,10000,0,1,1,39000
STU-2026-05200,Nursing,D,Chennai,5.83,0,None,0.0,79,52,0.77,20000,0,0,0,15000
STU-2026-05201,Engineering,C,Chennai,5.66,6,SME,0.225,68,62,0.63,25000,0,0,1,39000
STU-2026-05202,Nursing,A,Mumbai,9.22,6,Startup,0.315,75,53,0.57,30000,1,1,1,98000
STU-2026-05203,Nursing,A,Bengaluru,6.99,5,MNC,0.375,31,83,0.67,30000,0,1,1,82000
STU-2026-05204,MBA,D,Mumbai,8.72,0,None,0.0,76,94,0.66,15000,0,0,1,47000
STU-2026-05205,Engineering,C,Bengaluru,6.78,0,None,0.0,18,65,0.73,15000,0,0,0,30000
STU-2026-05206,Nursing,D,Chennai,7.8,0,None,0.0,31,41,0.59,20000,0,0,0,25000
STU-2026-05207,Engineering,D,Mumbai,7.62,0,None,0.0,7,70,0.58,10000,0,0,0,26000
STU-2026-05208,MBA,A,Hyderabad,7.78,4,Startup,0.21,60,78,0.78,20000,0,1,1,129000
STU-2026-05209,Nursing,A,Bengaluru,9.22,5,MNC,0.375,54,93,0.71,15000,0,1,1,126000
STU-2026-05210,MBA,B,Hyderabad,7.95,2,SME,0.075,100,75,0.54,30000,0,1,1,75000
STU-2026-05211,Nursing,A,Mumbai,7.74,4,MNC,0.3,85,70,0.44,20000,0,1,1,79000
STU-2026-05212,Engineering,D,Delhi NCR,6.24,0,None,0.0,47,69,0.66,20000,0,0,1,30000
STU-2026-05213,MBA,B,Chennai,6.2,1,MNC,0.075,100,47,0.59,15000,0,0,1,66000
STU-2026-05214,Nursing,A,Delhi NCR,8.31,0,None,0.0,57,93,0.71,10000,0,1,1,72000
STU-2026-05215,Engineering,B,Bengaluru,9.06,0,None,0.0,82,68,0.44,20000,0,1,1,74000
STU-2026-05216,MBA,D,Hyderabad,5.88,2,Startup,0.105,41,69,0.74,30000,0,0,1,44000
STU-2026-05217,MBA,A,Pune,8.13,1,Startup,0.052,83,80,0.59,10000,1,1,1,98000
STU-2026-05218,Engineering,A,Delhi NCR,8.68,4,MNC,0.3,77,66,0.66,30000,1,1,1,120000
STU-2026-05219,MBA,A,Bengaluru,8.58,6,Startup,0.315,62,82,0.58,10000,0,1,1,146000
STU-2026-05220,MBA,A,Pune,9.15,2,SME,0.075,25,56,0.83,30000,0,1,1,119000
STU-2026-05221,Nursing,C,Bengaluru,7.75,0,None,0.0,20,38,0.64,25000,0,0,0,34000
STU-2026-05222,Nursing,C,Mumbai,7.2,4,Startup,0.21,44,44,0.6,25000,0,0,1,29000
STU-2026-05223,MBA,D,Mumbai,4.98,0,None,0.0,13,81,0.4,20000,0,0,0,30000
STU-2026-05224,Engineering,C,Delhi NCR,6.49,6,SME,0.225,3,58,0.68,30000,0,0,1,38000
STU-2026-05225,Nursing,D,Chennai,8.17,2,MNC,0.15,57,70,0.53,25000,0,0,1,41000
STU-2026-05226,Engineering,A,Bengaluru,8.34,3,SME,0.113,87,74,0.55,25000,0,1,1,126000
STU-2026-05227,Nursing,D,Delhi NCR,6.03,4,Startup,0.21,63,73,0.46,20000,0,0,0,23000
STU-2026-05228,Engineering,A,Delhi NCR,8.48,5,MNC,0.375,78,46,0.67,30000,0,1,1,120000
STU-2026-05229,MBA,D,Chennai,7.51,1,SME,0.037,84,75,0.46,10000,0,0,1,50000
STU-2026-05230,MBA,D,Mumbai,7.86,3,MNC,0.225,57,62,0.46,25000,0,0,1,45000
STU-2026-05231,Engineering,D,Hyderabad,7.63,5,Startup,0.263,57,63,0.59,30000,0,0,1,40000
STU-2026-05232,Nursing,C,Pune,5.14,0,None,0.0,39,71,0.74,10000,0,0,0,26000
STU-2026-05233,Engineering,A,Mumbai,7.28,5,Startup,0.263,33,65,0.51,25000,0,0,1,122000
STU-2026-05234,MBA,D,Delhi NCR,6.26,0,None,0.0,98,55,0.43,20000,0,0,1,32000
STU-2026-05235,MBA,C,Pune,6.97,0,None,0.0,6,69,0.46,30000,0,0,0,46000
STU-2026-05236,MBA,B,Bengaluru,7.73,5,MNC,0.375,73,74,0.65,20000,0,1,1,92000
STU-2026-05237,Nursing,C,Delhi NCR,7.36,6,MNC,0.45,37,69,0.64,15000,0,0,1,56000
STU-2026-05238,Nursing,A,Hyderabad,8.0,6,Startup,0.315,62,69,0.67,30000,0,1,1,81000
STU-2026-05239,MBA,D,Mumbai,8.54,4,SME,0.15,0,89,0.69,30000,0,0,0,64000
STU-2026-05240,Nursing,B,Chennai,8.56,4,MNC,0.3,71,47,0.67,15000,0,1,1,57000
STU-2026-05241,Nursing,B,Pune,7.94,4,MNC,0.3,53,83,0.57,30000,0,1,1,57000
STU-2026-05242,MBA,D,Pune,5.19,0,None,0.0,37,75,0.69,20000,0,0,0,23000
STU-2026-05243,MBA,A,Chennai,9.28,5,Startup,0.263,89,72,0.52,15000,0,1,1,146000
STU-2026-05244,MBA,B,Pune,7.78,2,SME,0.075,54,57,0.7,25000,0,1,1,65000
STU-2026-05245,Engineering,A,Mumbai,8.43,2,Startup,0.105,63,59,0.72,10000,0,1,1,93000
STU-2026-05246,Engineering,D,Bengaluru,6.7,0,None,0.0,51,69,0.59,10000,0,0,1,24000
STU-2026-05247,MBA,B,Delhi NCR,6.25,2,MNC,0.15,76,100,0.69,15000,0,1,1,62000
STU-2026-05248,Engineering,B,Bengaluru,6.86,2,Startup,0.105,69,84,0.47,20000,0,0,1,56000
STU-2026-05249,MBA,A,Pune,7.66,1,Startup,0.052,49,83,0.65,30000,0,1,1,109000
STU-2026-05250,MBA,B,Chennai,6.63,4,SME,0.15,68,56,0.57,20000,0,0,1,64000
STU-2026-05251,Nursing,B,Bengaluru,7.59,5,Startup,0.263,51,57,0.71,20000,0,1,1,49000
STU-2026-05252,Engineering,C,Mumbai,5.5,0,None,0.0,0,67,0.46,20000,0,0,0,32000
STU-2026-05253,Engineering,D,Chennai,8.67,1,Startup,0.052,46,59,0.41,20000,0,0,1,34000
STU-2026-05254,MBA,C,Delhi NCR,6.31,3,MNC,0.225,82,79,0.64,10000,0,1,1,63000
STU-2026-05255,Engineering,A,Delhi NCR,9.46,0,None,0.0,48,64,0.51,20000,0,1,1,95000
STU-2026-05256,MBA,B,Hyderabad,5.75,3,MNC,0.225,47,92,0.62,25000,0,1,1,64000
STU-2026-05257,MBA,C,Bengaluru,4.54,0,None,0.0,37,86,0.48,10000,0,0,0,24000
STU-2026-05258,MBA,D,Hyderabad,6.82,4,SME,0.15,54,65,0.85,25000,0,0,1,41000
STU-2026-05259,Engineering,B,Mumbai,7.7,5,MNC,0.375,45,48,0.49,15000,0,1,1,75000
STU-2026-05260,Engineering,B,Mumbai,9.2,1,MNC,0.075,51,81,0.65,30000,0,1,1,64000
STU-2026-05261,Nursing,C,Hyderabad,4.72,0,None,0.0,54,88,0.44,25000,0,0,0,18000
STU-2026-05262,Engineering,B,Hyderabad,8.05,5,SME,0.188,53,90,0.56,25000,0,0,1,66000
STU-2026-05263,Engineering,D,Bengaluru,6.37,6,MNC,0.45,53,64,0.64,20000,0,0,1,40000
STU-2026-05264,Engineering,C,Hyderabad,5.86,0,None,0.0,19,89,0.53,25000,0,0,0,39000
STU-2026-05265,Engineering,A,Pune,8.8,5,Startup,0.263,93,77,0.54,20000,1,1,1,124000
STU-2026-05266,MBA,A,Pune,8.08,0,None,0.0,61,73,0.58,15000,0,0,1,129000
STU-2026-05267,Engineering,A,Pune,8.18,0,None,0.0,64,100,0.53,20000,0,1,1,74000
STU-2026-05268,Engineering,A,Bengaluru,8.46,3,Startup,0.157,64,82,0.72,10000,0,1,1,122000
STU-2026-05269,Engineering,A,Bengaluru,9.39,6,SME,0.225,55,70,0.55,10000,0,1,1,97000
STU-2026-05270,Engineering,D,Delhi NCR,7.73,0,None,0.0,0,60,0.6,20000,0,0,1,32000
STU-2026-05271,Engineering,D,Delhi NCR,7.31,5,MNC,0.375,38,84,0.64,10000,0,0,1,42000
STU-2026-05272,Engineering,C,Pune,5.58,0,None,0.0,49,63,0.6,25000,0,0,1,38000
STU-2026-05273,MBA,A,Mumbai,8.83,4,SME,0.15,46,53,0.77,30000,0,0,1,122000
STU-2026-05274,MBA,C,Delhi NCR,7.57,0,None,0.0,81,67,0.6,10000,0,0,1,55000
STU-2026-05275,Engineering,D,Mumbai,5.42,0,None,0.0,21,81,0.56,20000,0,0,0,24000
STU-2026-05276,MBA,B,Bengaluru,6.13,0,None,0.0,83,50,0.54,20000,0,0,1,66000
STU-2026-05277,Nursing,D,Bengaluru,6.17,6,SME,0.225,17,72,0.58,15000,0,0,0,27000
STU-2026-05278,MBA,A,Pune,7.24,0,None,0.0,26,100,0.61,10000,0,1,1,82000
STU-2026-05279,MBA,C,Pune,7.88,2,MNC,0.15,27,28,0.54,15000,0,0,1,63000
STU-2026-05280,MBA,D,Mumbai,6.56,0,None,0.0,24,59,0.57,30000,0,0,0,0
STU-2026-05281,MBA,A,Hyderabad,6.63,1,MNC,0.075,62,72,0.69,20000,0,1,1,75000
STU-2026-05282,Engineering,A,Hyderabad,6.65,5,Startup,0.263,42,76,0.74,15000,0,1,1,71000
STU-2026-05283,Engineering,B,Delhi NCR,6.62,0,None,0.0,43,64,0.71,15000,0,0,1,48000
STU-2026-05284,Engineering,A,Hyderabad,8.35,0,None,0.0,44,44,0.78,20000,0,0,1,62000
STU-2026-05285,Engineering,B,Bengaluru,9.3,5,Startup,0.263,60,53,0.67,10000,0,1,1,70000
STU-2026-05286,MBA,B,Pune,6.97,5,MNC,0.375,78,58,0.63,30000,0,1,1,57000
STU-2026-05287,Engineering,C,Hyderabad,6.39,6,Startup,0.315,47,43,0.55,20000,0,0,1,43000
STU-2026-05288,Engineering,A,Pune,7.01,5,SME,0.188,83,77,0.59,25000,0,1,1,99000
STU-2026-05289,Engineering,C,Hyderabad,7.15,0,None,0.0,56,60,0.41,10000,0,0,1,48000
STU-2026-05290,MBA,C,Pune,6.53,0,None,0.0,62,65,0.59,10000,0,0,1,45000
STU-2026-05291,MBA,B,Delhi NCR,7.15,4,MNC,0.3,23,80,0.53,30000,0,0,1,82000
STU-2026-05292,MBA,B,Pune,7.05,0,None,0.0,58,69,0.72,30000,0,1,1,72000
STU-2026-05293,Engineering,B,Chennai,8.77,0,None,0.0,77,77,0.75,20000,0,0,1,58000
STU-2026-05294,Nursing,D,Chennai,5.81,0,None,0.0,32,80,0.49,25000,0,0,0,18000
STU-2026-05295,Nursing,D,Pune,6.38,0,None,0.0,45,95,0.53,20000,0,0,0,18000
STU-2026-05296,MBA,B,Chennai,6.78,6,Startup,0.315,38,74,0.64,20000,0,1,1,73000
STU-2026-05297,Nursing,D,Hyderabad,7.41,0,None,0.0,43,69,0.48,30000,0,0,0,26000
STU-2026-05298,MBA,C,Pune,6.92,0,None,0.0,50,80,0.49,25000,0,0,1,53000
STU-2026-05299,Nursing,C,Bengaluru,6.48,6,SME,0.225,64,71,0.4,10000,0,0,1,33000
STU-2026-05300,Engineering,A,Bengaluru,6.78,5,SME,0.188,55,51,0.68,10000,0,1,1,71000
STU-2026-05301,Nursing,C,Bengaluru,7.77,0,None,0.0,51,66,0.48,30000,0,0,1,29000
STU-2026-05302,MBA,A,Chennai,8.8,0,None,0.0,26,69,0.57,10000,0,1,1,117000
STU-2026-05303,Nursing,C,Mumbai,7.44,4,SME,0.15,27,52,0.57,20000,0,0,1,41000
STU-2026-05304,MBA,B,Pune,7.07,3,MNC,0.225,43,54,0.59,25000,0,0,1,98000
STU-2026-05305,MBA,B,Bengaluru,7.62,5,MNC,0.375,72,58,0.6,10000,0,1,1,95000
STU-2026-05306,Engineering,D,Hyderabad,6.77,0,None,0.0,43,77,0.72,30000,0,0,0,0
STU-2026-05307,Engineering,C,Chennai,8.14,1,SME,0.037,0,75,0.84,20000,0,0,1,50000
STU-2026-05308,Engineering,D,Bengaluru,6.43,0,None,0.0,57,75,0.53,10000,0,0,0,24000
STU-2026-05309,MBA,B,Bengaluru,7.38,1,Startup,0.052,52,72,0.53,25000,0,0,1,72000
STU-2026-05310,MBA,D,Hyderabad,6.89,1,MNC,0.075,47,67,0.52,10000,0,0,1,41000
STU-2026-05311,Nursing,C,Bengaluru,8.03,2,MNC,0.15,69,49,0.66,20000,0,0,1,32000
STU-2026-05312,Nursing,C,Pune,7.5,2,MNC,0.15,62,56,0.58,30000,0,0,1,40000
STU-2026-05313,Nursing,B,Chennai,6.51,5,Startup,0.263,83,40,0.73,25000,0,1,1,42000
STU-2026-05314,Nursing,D,Pune,7.84,1,Startup,0.052,14,72,0.62,15000,0,0,1,25000
STU-2026-05315,Nursing,A,Bengaluru,7.8,0,None,0.0,63,59,0.63,15000,0,0,1,69000
STU-2026-05316,Nursing,C,Pune,8.68,2,Startup,0.105,33,84,0.58,20000,0,0,1,38000
STU-2026-05317,Engineering,A,Chennai,8.27,5,SME,0.188,24,79,0.61,10000,0,1,1,110000
STU-2026-05318,Nursing,A,Chennai,8.3,1,Startup,0.052,53,93,0.82,20000,0,1,1,78000
STU-2026-05319,MBA,D,Mumbai,5.95,6,Startup,0.315,25,64,0.67,20000,0,0,0,55000
STU-2026-05320,Engineering,D,Hyderabad,7.93,0,None,0.0,57,66,0.68,20000,0,0,0,0
STU-2026-05321,MBA,C,Chennai,7.33,6,Startup,0.315,44,42,0.64,15000,0,0,1,50000
STU-2026-05322,Nursing,B,Mumbai,6.31,4,SME,0.15,100,67,0.7,15000,0,1,1,43000
STU-2026-05323,Nursing,A,Chennai,9.01,3,Startup,0.157,18,67,0.29,30000,0,0,1,74000
STU-2026-05324,Engineering,B,Delhi NCR,6.83,6,SME,0.225,61,70,0.61,25000,0,1,1,65000
STU-2026-05325,Nursing,A,Delhi NCR,7.43,2,SME,0.075,46,69,0.6,30000,0,0,1,72000
STU-2026-05326,Engineering,C,Bengaluru,7.67,5,SME,0.188,19,67,0.8,15000,0,0,1,55000
STU-2026-05327,MBA,D,Bengaluru,6.07,0,None,0.0,32,93,0.61,30000,0,0,0,35000
STU-2026-05328,Engineering,B,Bengaluru,10.0,0,None,0.0,61,58,0.53,25000,0,1,1,58000
STU-2026-05329,Engineering,C,Delhi NCR,7.34,0,None,0.0,22,42,0.5,15000,0,0,0,51000
STU-2026-05330,Engineering,B,Bengaluru,8.41,1,MNC,0.075,54,85,0.56,15000,0,0,1,67000
STU-2026-05331,MBA,D,Delhi NCR,4.99,0,None,0.0,60,82,0.51,30000,0,0,0,29000
STU-2026-05332,Nursing,C,Bengaluru,7.85,4,MNC,0.3,9,79,0.47,10000,0,0,1,51000
STU-2026-05333,Engineering,B,Delhi NCR,6.83,0,None,0.0,84,46,0.71,10000,0,1,1,53000
STU-2026-05334,MBA,A,Bengaluru,8.04,2,Startup,0.105,66,61,0.86,10000,0,1,1,137000
STU-2026-05335,Engineering,D,Chennai,5.91,0,None,0.0,80,100,0.64,20000,0,0,1,23000
STU-2026-05336,MBA,D,Mumbai,5.51,3,SME,0.113,47,92,0.55,10000,0,0,1,32000
STU-2026-05337,MBA,B,Bengaluru,7.73,6,SME,0.225,65,68,0.4,20000,0,0,1,91000
STU-2026-05338,MBA,D,Delhi NCR,6.68,0,None,0.0,56,81,0.58,30000,0,0,0,47000
STU-2026-05339,Nursing,B,Delhi NCR,6.14,1,MNC,0.075,48,57,0.67,20000,0,0,1,36000
STU-2026-05340,Engineering,A,Pune,8.38,1,SME,0.037,69,97,0.42,10000,0,1,1,94000
STU-2026-05341,Engineering,C,Mumbai,6.35,0,None,0.0,48,81,0.66,15000,0,0,1,37000
STU-2026-05342,Nursing,C,Hyderabad,6.83,1,SME,0.037,35,78,0.6,25000,0,0,1,30000
STU-2026-05343,Engineering,C,Chennai,6.64,0,None,0.0,25,76,0.57,20000,0,0,1,39000
STU-2026-05344,MBA,D,Mumbai,6.34,4,Startup,0.21,79,68,0.66,15000,0,0,1,31000
STU-2026-05345,Engineering,B,Delhi NCR,6.93,1,Startup,0.052,17,66,0.75,10000,0,0,1,37000
STU-2026-05346,Nursing,D,Bengaluru,8.6,1,SME,0.037,28,70,0.68,30000,0,0,1,34000
STU-2026-05347,Nursing,C,Chennai,7.88,0,None,0.0,0,49,0.72,20000,0,0,0,30000
STU-2026-05348,Engineering,A,Mumbai,7.19,1,Startup,0.052,52,65,0.51,10000,0,0,1,82000
STU-2026-05349,MBA,B,Mumbai,6.69,5,SME,0.188,48,37,0.79,25000,0,1,1,68000
STU-2026-05350,Nursing,C,Chennai,5.72,5,Startup,0.263,40,70,0.47,25000,0,0,0,29000
STU-2026-05351,Engineering,C,Bengaluru,4.92,6,Startup,0.315,44,73,0.5,10000,0,0,1,47000
STU-2026-05352,Nursing,A,Chennai,8.82,1,MNC,0.075,51,100,0.48,10000,0,1,1,72000
STU-2026-05353,Engineering,C,Pune,4.96,1,SME,0.037,85,73,0.52,15000,0,0,1,30000
STU-2026-05354,Nursing,B,Pune,7.2,5,SME,0.188,36,48,0.82,30000,0,0,1,60000
STU-2026-05355,Engineering,B,Mumbai,6.66,4,SME,0.15,76,77,0.67,10000,0,1,1,43000
STU-2026-05356,MBA,B,Hyderabad,6.82,4,SME,0.15,33,73,0.47,25000,0,0,0,70000
STU-2026-05357,Nursing,C,Mumbai,4.15,6,Startup,0.315,46,51,0.52,25000,0,0,0,0
STU-2026-05358,Nursing,A,Delhi NCR,9.52,6,SME,0.225,31,65,0.42,25000,0,1,1,114000
STU-2026-05359,MBA,D,Hyderabad,7.16,2,Startup,0.105,22,69,0.54,25000,0,0,0,50000
STU-2026-05360,Engineering,A,Mumbai,7.94,2,SME,0.075,64,74,0.57,25000,0,1,1,81000
STU-2026-05361,Engineering,A,Chennai,8.76,5,MNC,0.375,76,53,0.57,20000,0,1,1,139000
STU-2026-05362,MBA,B,Chennai,7.03,0,None,0.0,100,73,0.72,15000,0,0,1,65000
STU-2026-05363,MBA,D,Delhi NCR,7.54,0,None,0.0,14,70,0.71,30000,0,0,0,38000
STU-2026-05364,Engineering,A,Hyderabad,9.64,4,SME,0.15,37,72,0.53,25000,0,1,1,127000
STU-2026-05365,Nursing,C,Mumbai,6.55,3,Startup,0.157,50,36,0.65,30000,0,0,0,23000
STU-2026-05366,Nursing,B,Pune,9.38,1,Startup,0.052,72,73,0.72,25000,0,1,1,48000
STU-2026-05367,MBA,C,Hyderabad,6.59,0,None,0.0,23,62,0.47,25000,0,0,0,53000
STU-2026-05368,MBA,D,Pune,7.2,0,None,0.0,27,55,0.56,30000,0,0,0,0
STU-2026-05369,MBA,D,Mumbai,6.95,0,None,0.0,64,100,0.49,20000,0,0,1,36000
STU-2026-05370,MBA,D,Mumbai,5.45,0,None,0.0,12,72,0.51,30000,0,0,0,0
STU-2026-05371,MBA,D,Bengaluru,6.27,2,MNC,0.15,22,58,0.36,30000,0,0,0,42000
STU-2026-05372,Engineering,D,Bengaluru,5.84,2,MNC,0.15,49,91,0.6,10000,0,0,1,41000
STU-2026-05373,Engineering,C,Hyderabad,9.84,3,Startup,0.157,10,52,0.56,20000,0,0,1,81000
STU-2026-05374,Engineering,B,Pune,8.13,4,MNC,0.3,36,61,0.6,10000,0,0,1,79000
STU-2026-05375,Nursing,B,Mumbai,6.31,6,SME,0.225,27,56,0.64,25000,0,0,1,44000
STU-2026-05376,Engineering,B,Pune,8.49,0,None,0.0,78,73,0.61,20000,0,1,1,62000
STU-2026-05377,Nursing,D,Chennai,4.19,0,None,0.0,68,76,0.48,10000,0,0,0,13000
STU-2026-05378,Engineering,C,Chennai,6.67,0,None,0.0,66,73,0.73,20000,0,0,1,48000
STU-2026-05379,MBA,C,Delhi NCR,5.87,0,None,0.0,73,36,0.49,10000,0,0,0,39000
STU-2026-05380,MBA,C,Hyderabad,6.71,5,SME,0.188,41,52,0.49,10000,0,0,1,51000
STU-2026-05381,Nursing,B,Hyderabad,8.84,4,SME,0.15,56,81,0.64,25000,0,1,1,40000
STU-2026-05382,Engineering,D,Bengaluru,8.22,0,None,0.0,16,64,0.58,10000,0,0,0,43000
STU-2026-05383,MBA,B,Mumbai,7.51,3,MNC,0.225,57,85,0.66,30000,0,1,1,71000
STU-2026-05384,Engineering,A,Mumbai,7.54,0,None,0.0,59,51,0.61,10000,0,0,1,48000
STU-2026-05385,MBA,B,Delhi NCR,6.09,0,None,0.0,2,65,0.71,20000,0,0,0,45000
STU-2026-05386,Nursing,B,Mumbai,7.34,6,Startup,0.315,39,54,0.65,10000,0,0,1,42000
STU-2026-05387,MBA,D,Delhi NCR,4.29,4,Startup,0.21,95,87,0.55,15000,0,0,1,27000
STU-2026-05388,Nursing,D,Chennai,7.41,0,None,0.0,19,62,0.65,10000,0,0,1,28000
STU-2026-05389,Nursing,D,Bengaluru,8.28,0,None,0.0,32,61,0.41,15000,0,0,0,30000
STU-2026-05390,MBA,C,Chennai,6.44,0,None,0.0,21,89,0.66,10000,0,0,1,39000
STU-2026-05391,Engineering,B,Bengaluru,6.79,0,None,0.0,84,69,0.54,15000,0,0,1,50000
STU-2026-05392,MBA,A,Delhi NCR,9.0,4,Startup,0.21,57,82,0.65,10000,0,1,1,122000
STU-2026-05393,Engineering,C,Mumbai,6.26,5,SME,0.188,7,62,0.75,10000,0,0,1,38000
STU-2026-05394,MBA,A,Hyderabad,9.73,2,SME,0.075,41,56,0.72,10000,0,1,1,132000
STU-2026-05395,MBA,A,Pune,8.87,1,SME,0.037,66,52,0.36,30000,0,0,1,138000
STU-2026-05396,Engineering,B,Bengaluru,7.07,4,SME,0.15,69,73,0.43,30000,0,0,1,64000
STU-2026-05397,MBA,C,Pune,5.86,1,SME,0.037,31,76,0.61,30000,0,0,1,46000
STU-2026-05398,MBA,B,Pune,6.54,0,None,0.0,50,70,0.73,15000,0,0,1,45000
STU-2026-05399,MBA,D,Hyderabad,7.33,0,None,0.0,21,51,0.6,30000,0,0,1,38000
STU-2026-05400,MBA,C,Delhi NCR,7.4,0,None,0.0,57,82,0.53,15000,0,0,1,45000
STU-2026-05401,Engineering,C,Chennai,7.75,3,SME,0.113,57,56,0.81,30000,0,0,1,57000
STU-2026-05402,MBA,B,Chennai,9.02,0,None,0.0,62,58,0.53,25000,0,0,1,97000
STU-2026-05403,Engineering,D,Mumbai,5.36,0,None,0.0,0,75,0.66,10000,0,0,1,19000
STU-2026-05404,Engineering,A,Mumbai,8.09,1,SME,0.037,83,72,0.58,15000,0,1,1,79000
STU-2026-05405,MBA,D,Chennai,7.82,1,Startup,0.052,9,47,0.57,10000,0,0,0,0
STU-2026-05406,Nursing,B,Chennai,7.58,1,Startup,0.052,25,74,0.62,10000,0,0,1,47000
STU-2026-05407,Engineering,C,Pune,7.05,1,SME,0.037,33,97,0.64,30000,0,0,1,49000
STU-2026-05408,Nursing,A,Mumbai,8.73,5,MNC,0.375,100,72,0.6,20000,0,1,1,89000
STU-2026-05409,MBA,B,Delhi NCR,6.77,4,SME,0.15,74,56,0.61,30000,0,1,1,74000
STU-2026-05410,Nursing,B,Delhi NCR,6.6,0,None,0.0,74,69,0.31,10000,0,0,1,44000
STU-2026-05411,Engineering,C,Mumbai,8.58,0,None,0.0,53,82,0.52,15000,0,0,1,58000
STU-2026-05412,Engineering,A,Mumbai,8.54,5,SME,0.188,61,67,0.72,10000,1,1,1,114000
STU-2026-05413,MBA,A,Delhi NCR,8.25,6,SME,0.225,53,80,0.49,15000,0,1,1,102000
STU-2026-05414,Engineering,C,Chennai,8.28,0,None,0.0,22,76,0.59,30000,0,1,1,50000
STU-2026-05415,Nursing,A,Delhi NCR,6.71,1,SME,0.037,84,64,0.58,20000,0,0,1,55000
STU-2026-05416,MBA,A,Hyderabad,8.35,1,Startup,0.052,47,62,0.61,25000,0,0,1,89000
STU-2026-05417,Engineering,C,Chennai,8.8,4,SME,0.15,48,62,0.43,15000,0,0,1,66000
STU-2026-05418,Engineering,A,Bengaluru,10.0,0,None,0.0,98,57,0.55,20000,0,1,1,90000
STU-2026-05419,MBA,C,Delhi NCR,6.54,0,None,0.0,31,100,0.47,15000,0,0,1,32000
STU-2026-05420,MBA,C,Chennai,7.2,5,Startup,0.263,6,87,0.57,10000,0,0,0,44000
STU-2026-05421,MBA,C,Mumbai,5.63,0,None,0.0,46,76,0.55,25000,0,0,1,33000
STU-2026-05422,MBA,C,Hyderabad,4.0,5,SME,0.188,47,89,0.73,25000,0,0,0,31000
STU-2026-05423,Engineering,B,Bengaluru,8.22,6,MNC,0.45,47,72,0.53,25000,0,1,1,77000
STU-2026-05424,Nursing,C,Mumbai,7.95,0,None,0.0,40,89,0.65,25000,0,1,1,38000
STU-2026-05425,MBA,A,Mumbai,8.81,1,MNC,0.075,58,100,0.61,15000,0,0,1,127000
STU-2026-05426,MBA,D,Delhi NCR,5.62,0,None,0.0,65,81,0.58,10000,0,0,0,33000
STU-2026-05427,Nursing,A,Delhi NCR,7.69,4,MNC,0.3,76,78,0.89,10000,0,1,1,74000
STU-2026-05428,Nursing,A,Mumbai,8.08,0,None,0.0,58,85,0.57,30000,0,1,1,68000
STU-2026-05429,Nursing,D,Chennai,6.22,0,None,0.0,21,86,0.6,25000,0,0,0,19000
STU-2026-05430,Engineering,B,Delhi NCR,7.44,1,Startup,0.052,47,90,0.67,20000,0,0,1,57000
STU-2026-05431,Engineering,A,Delhi NCR,8.27,5,Startup,0.263,60,56,0.41,25000,0,1,1,105000
STU-2026-05432,Nursing,C,Hyderabad,5.91,0,None,0.0,60,67,0.79,30000,0,0,1,26000
STU-2026-05433,Nursing,C,Hyderabad,6.45,0,None,0.0,51,86,0.66,10000,0,0,0,30000
STU-2026-05434,MBA,A,Chennai,7.39,1,MNC,0.075,54,80,0.49,10000,0,1,1,97000
STU-2026-05435,MBA,D,Mumbai,9.41,4,Startup,0.21,42,96,0.72,15000,0,0,1,52000
STU-2026-05436,Nursing,D,Delhi NCR,6.94,3,SME,0.113,25,94,0.58,15000,0,0,1,21000
STU-2026-05437,Engineering,A,Pune,8.54,1,MNC,0.075,37,77,0.66,25000,0,1,1,108000
STU-2026-05438,Engineering,D,Mumbai,6.47,3,SME,0.113,3,93,0.51,10000,0,0,0,35000
STU-2026-05439,Engineering,A,Delhi NCR,8.51,1,Startup,0.052,67,55,0.77,20000,0,1,1,99000
STU-2026-05440,Nursing,D,Pune,5.2,0,None,0.0,16,80,0.4,15000,0,0,0,14000
STU-2026-05441,Engineering,C,Chennai,5.76,4,SME,0.15,5,74,0.71,20000,0,0,1,40000
STU-2026-05442,MBA,B,Bengaluru,7.67,1,Startup,0.052,74,77,0.33,10000,0,1,1,84000
STU-2026-05443,Engineering,B,Delhi NCR,7.14,1,MNC,0.075,21,74,0.63,20000,0,0,1,59000
STU-2026-05444,Nursing,B,Pune,8.57,3,MNC,0.225,100,72,0.63,25000,0,1,1,54000
STU-2026-05445,Nursing,A,Chennai,8.09,6,Startup,0.315,84,82,0.79,15000,0,1,1,66000
STU-2026-05446,Engineering,D,Bengaluru,8.12,3,Startup,0.157,76,70,0.15,15000,0,0,1,45000
STU-2026-05447,MBA,D,Chennai,5.72,2,SME,0.075,45,98,0.74,30000,0,0,1,35000
STU-2026-05448,MBA,D,Delhi NCR,6.21,2,SME,0.075,59,70,0.61,15000,0,0,0,34000
STU-2026-05449,MBA,D,Hyderabad,7.7,0,None,0.0,12,74,0.64,10000,0,0,1,48000
STU-2026-05450,MBA,A,Bengaluru,8.7,2,MNC,0.15,48,48,0.51,25000,0,1,1,105000
STU-2026-05451,Nursing,D,Pune,5.55,4,MNC,0.3,14,42,0.49,20000,0,0,0,22000
STU-2026-05452,MBA,A,Pune,6.8,3,Startup,0.157,50,78,0.42,30000,0,1,1,79000
STU-2026-05453,Engineering,A,Chennai,7.88,0,None,0.0,52,62,0.59,15000,0,1,1,81000
STU-2026-05454,MBA,A,Pune,7.72,5,SME,0.188,69,73,0.53,30000,0,1,1,105000
STU-2026-05455,Engineering,C,Delhi NCR,5.76,0,None,0.0,60,77,0.68,25000,0,0,1,29000
STU-2026-05456,Engineering,D,Mumbai,8.0,0,None,0.0,33,84,0.59,20000,0,0,1,38000
STU-2026-05457,Nursing,C,Delhi NCR,7.78,0,None,0.0,0,46,0.67,15000,0,0,1,29000
STU-2026-05458,Nursing,B,Delhi NCR,7.86,4,SME,0.15,32,100,0.73,10000,0,1,1,51000
STU-2026-05459,Nursing,D,Pune,6.06,5,MNC,0.375,7,68,0.51,20000,0,0,0,22000
STU-2026-05460,MBA,B,Hyderabad,7.75,6,MNC,0.45,52,78,0.65,20000,0,1,1,146000
STU-2026-05461,Engineering,B,Pune,8.32,1,MNC,0.075,35,77,0.59,10000,0,0,1,52000
STU-2026-05462,Engineering,A,Mumbai,8.56,4,MNC,0.3,74,54,0.7,25000,0,1,1,135000
STU-2026-05463,Engineering,D,Bengaluru,8.11,3,SME,0.113,36,95,0.49,30000,0,1,1,36000
STU-2026-05464,Nursing,A,Bengaluru,8.16,2,MNC,0.15,49,64,0.89,10000,0,1,1,82000
STU-2026-05465,Nursing,B,Chennai,7.26,5,Startup,0.263,79,62,0.63,25000,0,1,1,46000
STU-2026-05466,Nursing,A,Chennai,10.0,6,SME,0.225,74,67,0.53,25000,0,1,1,77000
STU-2026-05467,MBA,B,Bengaluru,9.28,2,MNC,0.15,69,69,0.7,10000,0,1,1,82000
STU-2026-05468,MBA,C,Hyderabad,6.64,0,None,0.0,43,78,0.45,25000,0,0,0,25000
STU-2026-05469,Nursing,B,Chennai,6.32,3,Startup,0.157,74,84,0.49,25000,0,0,1,41000
STU-2026-05470,Engineering,B,Bengaluru,8.58,5,SME,0.188,91,72,0.57,15000,0,1,1,77000
STU-2026-05471,Engineering,A,Pune,9.86,1,SME,0.037,86,73,0.63,25000,0,1,1,100000
STU-2026-05472,MBA,A,Pune,8.32,6,SME,0.225,63,85,0.7,15000,0,1,1,111000
STU-2026-05473,Engineering,B,Bengaluru,6.54,1,SME,0.037,42,74,0.4,25000,0,0,1,61000
STU-2026-05474,Nursing,B,Pune,8.17,3,SME,0.113,53,60,0.68,30000,0,1,1,49000
STU-2026-05475,Nursing,A,Pune,7.73,4,Startup,0.21,62,65,0.68,10000,0,1,1,57000
STU-2026-05476,Engineering,B,Bengaluru,6.27,6,MNC,0.45,87,72,0.49,30000,0,1,1,71000
STU-2026-05477,Nursing,B,Chennai,9.7,0,None,0.0,55,87,0.46,20000,0,1,1,62000
STU-2026-05478,Engineering,B,Chennai,9.1,4,MNC,0.3,82,69,0.48,15000,0,1,1,65000
STU-2026-05479,MBA,B,Pune,6.58,5,SME,0.188,69,69,0.58,30000,0,0,1,53000
STU-2026-05480,MBA,B,Bengaluru,7.68,5,Startup,0.263,68,55,0.55,20000,0,1,1,106000
STU-2026-05481,MBA,C,Chennai,5.02,2,SME,0.075,38,92,0.58,25000,0,0,0,45000
STU-2026-05482,Nursing,D,Hyderabad,7.98,0,None,0.0,63,66,0.67,10000,0,0,1,27000
STU-2026-05483,Engineering,C,Bengaluru,6.32,0,None,0.0,71,100,0.81,25000,0,0,1,35000
STU-2026-05484,MBA,A,Hyderabad,7.38,1,Startup,0.052,62,54,0.55,30000,0,1,1,106000
STU-2026-05485,MBA,D,Mumbai,4.63,3,SME,0.113,79,54,0.5,20000,0,0,0,0
STU-2026-05486,Nursing,A,Chennai,7.67,6,MNC,0.45,42,57,0.35,25000,0,1,1,89000
STU-2026-05487,Nursing,D,Hyderabad,9.49,0,None,0.0,52,63,0.48,20000,0,0,1,35000
STU-2026-05488,Nursing,A,Chennai,7.8,0,None,0.0,61,98,0.56,20000,0,0,1,68000
STU-2026-05489,MBA,B,Pune,7.81,0,None,0.0,26,76,0.5,25000,0,0,1,93000
STU-2026-05490,Engineering,D,Pune,6.59,2,MNC,0.15,67,52,0.45,15000,0,0,1,36000
STU-2026-05491,MBA,C,Mumbai,7.56,1,MNC,0.075,69,62,0.68,30000,0,0,1,47000
STU-2026-05492,MBA,C,Chennai,8.62,5,Startup,0.263,73,51,0.62,25000,0,0,1,94000
STU-2026-05493,Engineering,D,Hyderabad,5.11,0,None,0.0,100,67,0.67,20000,0,0,1,23000
STU-2026-05494,MBA,C,Delhi NCR,6.66,0,None,0.0,27,57,0.63,15000,0,0,0,44000
STU-2026-05495,MBA,D,Delhi NCR,6.26,1,MNC,0.075,54,58,0.58,25000,0,0,1,40000
STU-2026-05496,Nursing,B,Pune,6.45,4,MNC,0.3,60,77,0.7,15000,0,0,1,43000
STU-2026-05497,Nursing,D,Bengaluru,5.97,4,SME,0.15,24,76,0.66,25000,0,0,1,23000
STU-2026-05498,MBA,A,Mumbai,7.08,0,None,0.0,73,72,0.61,30000,0,0,1,88000
STU-2026-05499,MBA,B,Bengaluru,6.31,1,SME,0.037,70,64,0.55,10000,0,0,1,70000
STU-2026-05500,MBA,D,Bengaluru,6.49,0,None,0.0,42,59,0.43,30000,0,0,0,35000
STU-2026-05501,Nursing,B,Hyderabad,7.79,6,Startup,0.315,53,59,0.45,30000,0,1,1,50000
STU-2026-05502,Engineering,D,Bengaluru,8.38,2,MNC,0.15,44,78,0.58,10000,0,0,1,38000
STU-2026-05503,MBA,B,Mumbai,6.32,0,None,0.0,60,79,0.41,25000,0,0,1,75000
STU-2026-05504,Engineering,D,Delhi NCR,7.38,3,SME,0.113,78,60,0.55,20000,0,0,1,41000
STU-2026-05505,Engineering,B,Mumbai,7.41,1,MNC,0.075,35,87,0.85,30000,0,0,1,72000
STU-2026-05506,MBA,A,Hyderabad,7.83,5,Startup,0.263,53,74,0.48,20000,0,1,1,96000
STU-2026-05507,Nursing,A,Pune,8.58,2,Startup,0.105,100,60,0.58,30000,0,1,1,84000
STU-2026-05508,Nursing,D,Bengaluru,7.29,3,MNC,0.225,63,62,0.64,15000,0,0,0,0
STU-2026-05509,Nursing,C,Delhi NCR,7.6,0,None,0.0,10,65,0.67,10000,0,0,0,38000
STU-2026-05510,Engineering,C,Mumbai,6.65,0,None,0.0,76,56,0.42,10000,0,0,1,41000
STU-2026-05511,Nursing,C,Chennai,7.61,3,SME,0.113,12,46,0.57,15000,0,0,1,39000
STU-2026-05512,Engineering,D,Bengaluru,8.69,0,None,0.0,31,42,0.72,10000,0,0,1,41000
STU-2026-05513,Engineering,B,Pune,8.27,0,None,0.0,85,70,0.72,25000,0,1,1,55000
STU-2026-05514,Engineering,B,Bengaluru,7.27,2,SME,0.075,72,59,0.69,30000,0,1,1,61000
STU-2026-05515,Engineering,A,Chennai,9.35,6,Startup,0.315,67,71,0.59,15000,0,1,1,132000
STU-2026-05516,Nursing,C,Bengaluru,8.44,3,MNC,0.225,25,60,0.73,30000,0,0,1,46000
STU-2026-05517,Engineering,D,Hyderabad,6.09,0,None,0.0,0,73,0.71,30000,0,0,0,22000
STU-2026-05518,Engineering,A,Pune,8.29,2,MNC,0.15,45,31,0.59,25000,0,1,1,115000
STU-2026-05519,MBA,D,Hyderabad,8.91,0,None,0.0,56,84,0.47,20000,0,0,1,61000
STU-2026-05520,Engineering,B,Bengaluru,7.13,3,Startup,0.157,74,79,0.75,20000,0,1,1,54000
STU-2026-05521,MBA,A,Mumbai,7.81,4,Startup,0.21,78,41,0.3,20000,0,1,1,127000
STU-2026-05522,Nursing,D,Mumbai,6.82,0,None,0.0,7,44,0.54,30000,0,0,0,21000
STU-2026-05523,MBA,C,Chennai,7.88,0,None,0.0,16,62,0.67,10000,0,0,1,54000
STU-2026-05524,Engineering,C,Chennai,6.03,4,Startup,0.21,19,75,0.65,20000,0,0,1,38000
STU-2026-05525,Engineering,D,Chennai,6.56,0,None,0.0,80,49,0.79,10000,0,0,1,29000
STU-2026-05526,Nursing,B,Delhi NCR,8.45,0,None,0.0,19,91,0.79,20000,0,1,1,32000
STU-2026-05527,Engineering,C,Mumbai,7.72,4,SME,0.15,81,93,0.46,30000,0,1,1,64000
STU-2026-05528,Nursing,D,Mumbai,6.84,2,MNC,0.15,4,82,0.71,20000,0,0,0,22000
STU-2026-05529,Engineering,C,Delhi NCR,7.98,0,None,0.0,21,76,0.76,15000,0,0,0,52000
STU-2026-05530,Nursing,B,Bengaluru,7.29,5,MNC,0.375,56,78,0.52,20000,0,0,1,41000
STU-2026-05531,Nursing,B,Pune,8.73,6,Startup,0.315,53,79,0.55,15000,0,1,1,70000
STU-2026-05532,MBA,C,Chennai,7.19,0,None,0.0,34,75,0.5,20000,0,0,1,61000
STU-2026-05533,MBA,D,Bengaluru,7.71,6,SME,0.225,31,71,0.76,15000,0,0,1,70000
STU-2026-05534,Nursing,C,Mumbai,5.86,1,MNC,0.075,18,72,0.64,20000,0,0,0,25000
STU-2026-05535,Engineering,C,Delhi NCR,8.32,4,MNC,0.3,38,52,0.49,25000,0,0,1,90000
STU-2026-05536,MBA,B,Pune,6.52,0,None,0.0,54,100,0.55,10000,0,0,1,78000
STU-2026-05537,MBA,C,Hyderabad,5.66,2,MNC,0.15,32,63,0.45,20000,0,0,1,42000
STU-2026-05538,MBA,A,Chennai,7.5,4,MNC,0.3,51,84,0.61,30000,0,1,1,133000
STU-2026-05539,MBA,A,Delhi NCR,8.85,2,MNC,0.15,60,66,0.7,30000,0,1,1,162000
STU-2026-05540,Engineering,C,Chennai,5.89,0,None,0.0,20,56,0.58,20000,0,0,0,27000
STU-2026-05541,Nursing,C,Hyderabad,6.92,1,Startup,0.052,54,48,0.55,20000,0,0,1,26000
STU-2026-05542,Nursing,D,Pune,6.42,0,None,0.0,67,97,0.64,25000,0,0,1,20000
STU-2026-05543,Nursing,A,Mumbai,8.93,4,SME,0.15,83,53,0.69,30000,0,1,1,69000
STU-2026-05544,Engineering,A,Chennai,8.08,3,Startup,0.157,80,75,0.63,25000,0,1,1,103000
STU-2026-05545,Engineering,D,Delhi NCR,6.66,0,None,0.0,56,60,0.67,10000,0,0,1,34000
STU-2026-05546,Engineering,D,Mumbai,7.7,3,SME,0.113,52,88,0.37,30000,0,0,1,51000
STU-2026-05547,MBA,A,Mumbai,7.7,6,MNC,0.45,45,89,0.51,15000,0,1,1,147000
STU-2026-05548,Engineering,B,Bengaluru,6.7,5,SME,0.188,78,58,0.64,25000,0,1,1,74000
STU-2026-05549,Engineering,A,Hyderabad,9.13,0,None,0.0,49,51,0.68,25000,0,1,1,89000
STU-2026-05550,MBA,A,Bengaluru,7.35,6,SME,0.225,74,60,0.6,30000,0,1,1,119000
STU-2026-05551,Nursing,B,Mumbai,8.16,4,Startup,0.21,55,59,0.41,25000,0,1,1,54000
STU-2026-05552,Engineering,A,Chennai,7.63,5,SME,0.188,61,83,0.71,25000,0,1,1,88000
STU-2026-05553,Nursing,B,Pune,8.46,0,None,0.0,92,58,0.74,20000,0,0,1,55000
STU-2026-05554,Nursing,D,Mumbai,6.46,2,MNC,0.15,79,63,0.57,30000,0,0,1,20000
STU-2026-05555,Nursing,D,Chennai,4.69,5,SME,0.188,53,85,0.66,20000,0,0,0,20000
STU-2026-05556,Engineering,C,Chennai,5.61,5,SME,0.188,50,87,0.64,30000,0,0,1,37000
STU-2026-05557,MBA,A,Hyderabad,8.03,3,MNC,0.225,61,50,0.56,30000,0,1,1,121000
STU-2026-05558,MBA,D,Chennai,7.12,0,None,0.0,3,53,0.71,30000,0,0,0,0
STU-2026-05559,Engineering,A,Pune,8.69,5,Startup,0.263,53,72,0.76,30000,0,1,1,123000
STU-2026-05560,Nursing,C,Delhi NCR,6.87,0,None,0.0,37,67,0.67,20000,0,0,0,24000
STU-2026-05561,MBA,C,Mumbai,6.89,1,Startup,0.052,45,43,0.6,25000,0,0,0,57000
STU-2026-05562,Nursing,B,Chennai,5.7,4,SME,0.15,99,65,0.51,20000,0,0,1,40000
STU-2026-05563,MBA,B,Delhi NCR,8.39,3,SME,0.113,55,48,0.48,10000,0,0,1,100000
STU-2026-05564,Nursing,D,Mumbai,8.14,6,Startup,0.315,44,85,0.79,15000,0,1,1,42000
STU-2026-05565,MBA,B,Hyderabad,6.69,6,SME,0.225,79,77,0.67,30000,0,1,1,80000
STU-2026-05566,Nursing,A,Pune,8.12,6,SME,0.225,39,66,0.62,25000,0,1,1,80000
STU-2026-05567,MBA,C,Pune,7.95,2,SME,0.075,62,69,0.52,25000,0,0,1,82000
STU-2026-05568,MBA,D,Chennai,7.19,5,MNC,0.375,33,78,0.66,25000,0,0,1,68000
STU-2026-05569,MBA,C,Bengaluru,7.26,6,MNC,0.45,73,73,0.75,25000,0,1,1,86000
STU-2026-05570,Nursing,B,Mumbai,8.29,6,SME,0.225,100,86,0.52,10000,0,1,1,54000
STU-2026-05571,Nursing,D,Pune,9.28,1,SME,0.037,71,100,0.52,15000,0,1,1,26000
STU-2026-05572,MBA,A,Chennai,6.93,4,SME,0.15,52,93,0.5,30000,0,1,1,121000
STU-2026-05573,Engineering,D,Hyderabad,7.82,0,None,0.0,95,70,0.56,15000,0,0,1,34000
STU-2026-05574,Engineering,C,Delhi NCR,5.48,0,None,0.0,0,99,0.6,15000,0,0,1,27000
STU-2026-05575,MBA,C,Bengaluru,6.29,3,SME,0.113,21,60,0.69,10000,0,0,1,57000
STU-2026-05576,Nursing,B,Bengaluru,8.84,0,None,0.0,82,55,0.55,15000,0,1,1,77000
STU-2026-05577,Nursing,D,Delhi NCR,7.73,0,None,0.0,43,80,0.54,25000,0,0,1,30000
STU-2026-05578,Engineering,C,Chennai,6.77,3,MNC,0.225,21,69,0.57,20000,0,0,0,43000
STU-2026-05579,Nursing,D,Bengaluru,5.13,0,None,0.0,9,53,0.7,10000,0,0,0,14000
STU-2026-05580,Engineering,B,Bengaluru,9.08,4,Startup,0.21,37,81,0.63,10000,0,1,1,67000
STU-2026-05581,MBA,D,Hyderabad,4.63,0,None,0.0,20,76,0.8,10000,0,0,0,0
STU-2026-05582,Nursing,B,Chennai,7.4,3,Startup,0.157,45,70,0.41,25000,0,1,1,48000
STU-2026-05583,Engineering,B,Mumbai,8.42,0,None,0.0,55,73,0.71,10000,0,1,1,64000
STU-2026-05584,MBA,C,Mumbai,5.85,0,None,0.0,27,55,0.53,20000,0,0,1,53000
STU-2026-05585,MBA,C,Hyderabad,5.3,0,None,0.0,50,65,0.74,25000,0,0,1,38000
STU-2026-05586,MBA,A,Bengaluru,7.6,0,None,0.0,29,81,0.64,30000,0,1,1,89000
STU-2026-05587,Engineering,A,Chennai,8.08,0,None,0.0,76,85,0.48,10000,0,1,1,66000
STU-2026-05588,MBA,C,Mumbai,7.04,0,None,0.0,62,66,0.53,25000,0,0,1,68000
STU-2026-05589,Engineering,B,Bengaluru,8.69,5,SME,0.188,75,75,0.6,15000,0,1,1,64000
STU-2026-05590,Nursing,A,Delhi NCR,7.75,3,Startup,0.157,41,61,0.59,30000,0,1,1,63000
STU-2026-05591,Nursing,C,Bengaluru,7.39,3,Startup,0.157,35,73,0.53,20000,0,0,1,34000
STU-2026-05592,MBA,C,Hyderabad,8.73,0,None,0.0,34,69,0.66,15000,0,0,1,71000
STU-2026-05593,MBA,B,Chennai,9.28,1,Startup,0.052,73,69,0.55,25000,0,1,1,111000
STU-2026-05594,MBA,C,Bengaluru,5.14,0,None,0.0,20,67,0.52,15000,0,0,0,47000
STU-2026-05595,MBA,D,Bengaluru,6.44,5,MNC,0.375,50,45,0.49,20000,0,0,1,63000
STU-2026-05596,Nursing,D,Mumbai,7.07,0,None,0.0,32,77,0.34,15000,0,0,0,20000
STU-2026-05597,Nursing,B,Pune,8.29,6,SME,0.225,16,61,0.6,15000,0,0,1,53000
STU-2026-05598,MBA,A,Bengaluru,8.92,2,MNC,0.15,60,56,0.69,10000,0,1,1,138000
STU-2026-05599,Nursing,D,Delhi NCR,5.73,6,MNC,0.45,0,56,0.5,25000,0,0,0,25000
STU-2026-05600,Engineering,D,Hyderabad,6.94,0,None,0.0,62,86,0.68,25000,0,0,0,32000
STU-2026-05601,Engineering,A,Delhi NCR,9.45,2,MNC,0.15,28,90,0.5,10000,0,1,1,119000
STU-2026-05602,Engineering,B,Delhi NCR,7.69,1,Startup,0.052,100,65,0.44,25000,0,1,1,59000
STU-2026-05603,Nursing,D,Bengaluru,7.47,4,MNC,0.3,62,69,0.64,10000,0,0,1,42000
STU-2026-05604,Nursing,B,Chennai,7.13,6,MNC,0.45,46,83,0.51,30000,0,1,1,56000
STU-2026-05605,Nursing,A,Chennai,8.12,5,Startup,0.263,100,89,0.7,30000,1,1,1,71000
STU-2026-05606,Engineering,A,Mumbai,8.41,2,MNC,0.15,72,73,0.61,25000,0,1,1,104000
STU-2026-05607,Engineering,B,Bengaluru,6.97,1,MNC,0.075,74,40,0.74,30000,0,0,1,47000
STU-2026-05608,Engineering,B,Hyderabad,7.91,4,Startup,0.21,71,100,0.63,20000,0,1,1,73000
STU-2026-05609,Engineering,D,Mumbai,8.71,0,None,0.0,100,67,0.65,30000,0,0,1,39000
STU-2026-05610,Nursing,C,Pune,9.05,5,Startup,0.263,17,35,0.63,15000,0,0,1,51000
STU-2026-05611,Nursing,B,Mumbai,8.0,2,MNC,0.15,75,72,0.66,30000,0,1,1,36000
STU-2026-05612,Nursing,A,Mumbai,8.29,2,Startup,0.105,29,69,0.55,30000,0,1,1,73000
STU-2026-05613,Nursing,A,Delhi NCR,8.58,6,Startup,0.315,56,86,0.44,20000,0,1,1,104000
STU-2026-05614,Nursing,C,Bengaluru,6.28,3,Startup,0.157,0,92,0.71,25000,0,0,1,32000
STU-2026-05615,Engineering,D,Chennai,8.79,6,Startup,0.315,71,93,0.67,20000,0,1,1,50000
STU-2026-05616,MBA,B,Chennai,6.23,3,MNC,0.225,70,79,0.57,20000,0,1,1,67000
STU-2026-05617,MBA,B,Pune,8.37,6,Startup,0.315,42,54,0.58,25000,0,1,1,84000
STU-2026-05618,MBA,C,Mumbai,8.06,0,None,0.0,0,66,0.46,30000,0,0,0,0
STU-2026-05619,MBA,D,Delhi NCR,7.24,0,None,0.0,36,49,0.55,25000,0,0,0,39000
STU-2026-05620,Engineering,D,Mumbai,6.56,0,None,0.0,30,61,0.54,30000,0,0,0,27000
STU-2026-05621,Nursing,D,Bengaluru,5.58,2,Startup,0.105,31,60,0.49,30000,0,0,0,25000
STU-2026-05622,Engineering,B,Hyderabad,7.5,2,Startup,0.105,61,60,0.71,10000,0,1,1,60000
STU-2026-05623,Nursing,D,Delhi NCR,6.17,0,None,0.0,49,72,0.55,10000,0,0,0,24000
STU-2026-05624,Engineering,C,Bengaluru,5.86,1,SME,0.037,100,47,0.51,30000,0,0,1,46000
STU-2026-05625,MBA,A,Delhi NCR,7.75,6,Startup,0.315,39,78,0.58,30000,0,1,1,130000
STU-2026-05626,Nursing,A,Bengaluru,7.51,0,None,0.0,100,26,0.78,25000,0,1,1,51000
STU-2026-05627,MBA,C,Pune,9.05,5,Startup,0.263,6,85,0.39,10000,0,0,1,68000
STU-2026-05628,Engineering,D,Hyderabad,5.9,1,MNC,0.075,40,58,0.4,20000,0,0,0,29000
STU-2026-05629,Engineering,C,Bengaluru,7.29,6,SME,0.225,44,84,0.59,20000,0,1,1,45000
STU-2026-05630,Engineering,D,Mumbai,5.94,0,None,0.0,74,90,0.66,30000,0,0,0,23000
STU-2026-05631,Engineering,C,Hyderabad,8.39,0,None,0.0,72,69,0.83,25000,0,0,1,40000
STU-2026-05632,Engineering,A,Pune,7.98,0,None,0.0,60,71,0.73,30000,0,0,1,66000
STU-2026-05633,Nursing,D,Pune,7.52,1,Startup,0.052,27,100,0.69,15000,0,0,1,32000
STU-2026-05634,Engineering,D,Pune,7.68,6,MNC,0.45,56,68,0.64,25000,0,0,1,61000
STU-2026-05635,MBA,A,Delhi NCR,5.45,4,SME,0.15,51,46,0.55,30000,0,0,1,66000
STU-2026-05636,MBA,D,Hyderabad,4.0,0,None,0.0,45,100,0.56,15000,0,0,0,28000
STU-2026-05637,Nursing,C,Pune,4.52,0,None,0.0,29,51,0.52,10000,0,0,1,20000
STU-2026-05638,MBA,A,Mumbai,8.83,0,None,0.0,59,52,0.67,30000,0,1,1,119000
STU-2026-05639,Engineering,A,Chennai,8.59,1,Startup,0.052,35,81,0.73,30000,0,1,1,68000
STU-2026-05640,Nursing,C,Mumbai,8.76,1,Startup,0.052,16,76,0.7,10000,0,0,1,29000
STU-2026-05641,Engineering,C,Chennai,6.94,0,None,0.0,41,92,0.65,25000,0,0,1,43000
STU-2026-05642,Engineering,B,Chennai,7.43,2,MNC,0.15,64,93,0.47,10000,0,1,1,57000
STU-2026-05643,Engineering,B,Hyderabad,6.66,4,Startup,0.21,80,57,0.64,30000,0,0,1,39000
STU-2026-05644,Nursing,D,Delhi NCR,7.37,6,SME,0.225,43,41,0.53,20000,0,0,0,34000
STU-2026-05645,Nursing,B,Hyderabad,8.89,5,SME,0.188,77,85,0.55,25000,0,1,1,59000
STU-2026-05646,Nursing,C,Delhi NCR,7.02,2,Startup,0.105,64,88,0.56,15000,0,0,1,32000
STU-2026-05647,MBA,C,Chennai,6.54,1,Startup,0.052,47,82,0.41,10000,0,0,0,42000
STU-2026-05648,MBA,C,Mumbai,8.3,0,None,0.0,35,62,0.65,15000,0,0,1,59000
STU-2026-05649,MBA,C,Mumbai,8.98,6,Startup,0.315,85,64,0.58,10000,0,1,1,60000
STU-2026-05650,Engineering,B,Pune,8.54,5,MNC,0.375,100,63,0.52,25000,0,1,1,88000
STU-2026-05651,MBA,D,Chennai,5.44,6,SME,0.225,29,85,0.61,25000,0,0,1,40000
STU-2026-05652,MBA,A,Chennai,7.33,4,MNC,0.3,48,74,0.49,30000,0,0,1,101000
STU-2026-05653,MBA,C,Pune,7.42,4,Startup,0.21,31,88,0.51,30000,0,0,0,63000
STU-2026-05654,Nursing,A,Delhi NCR,9.52,5,SME,0.188,61,49,0.44,25000,0,1,1,77000
STU-2026-05655,Nursing,A,Delhi NCR,9.43,5,MNC,0.375,73,58,0.72,30000,0,1,1,78000
STU-2026-05656,Engineering,B,Delhi NCR,6.63,2,Startup,0.105,75,87,0.56,10000,0,0,1,42000
STU-2026-05657,Nursing,C,Pune,5.52,0,None,0.0,8,74,0.79,20000,0,0,1,20000
STU-2026-05658,Engineering,D,Bengaluru,5.97,0,None,0.0,28,76,0.76,20000,0,0,0,34000
STU-2026-05659,Engineering,C,Bengaluru,9.32,6,SME,0.225,31,64,0.56,10000,0,0,1,62000
STU-2026-05660,Engineering,A,Mumbai,8.91,1,SME,0.037,29,62,0.63,30000,0,1,1,126000
STU-2026-05661,MBA,A,Hyderabad,7.17,6,Startup,0.315,47,36,0.49,30000,0,0,1,112000
STU-2026-05662,Nursing,C,Hyderabad,6.53,0,None,0.0,52,66,0.65,15000,0,0,1,24000
STU-2026-05663,Engineering,B,Delhi NCR,5.81,4,MNC,0.3,72,95,0.85,30000,0,1,1,68000
STU-2026-05664,Nursing,B,Mumbai,7.96,4,SME,0.15,66,72,0.59,15000,0,1,1,47000
STU-2026-05665,Nursing,C,Chennai,6.62,5,MNC,0.375,11,77,0.5,10000,0,0,1,42000
STU-2026-05666,Engineering,B,Chennai,8.09,3,MNC,0.225,75,67,0.65,20000,0,1,1,52000
STU-2026-05667,Nursing,D,Chennai,7.44,1,Startup,0.052,47,85,0.6,20000,0,0,0,26000
STU-2026-05668,MBA,B,Hyderabad,8.39,4,SME,0.15,70,68,0.43,10000,0,0,1,96000
STU-2026-05669,Nursing,B,Mumbai,5.83,3,Startup,0.157,54,71,0.71,20000,0,0,1,43000
STU-2026-05670,Nursing,C,Pune,7.16,0,None,0.0,19,61,0.51,10000,0,0,1,27000
STU-2026-05671,MBA,B,Hyderabad,7.11,4,MNC,0.3,60,95,0.67,25000,0,1,1,88000
STU-2026-05672,Nursing,C,Chennai,8.78,0,None,0.0,55,46,0.51,15000,0,0,1,46000
STU-2026-05673,Engineering,C,Pune,8.31,0,None,0.0,24,60,0.6,15000,0,0,1,41000
STU-2026-05674,MBA,C,Hyderabad,6.5,0,None,0.0,4,89,0.42,20000,0,0,0,0
STU-2026-05675,MBA,B,Hyderabad,7.94,2,Startup,0.105,35,62,0.61,25000,0,1,1,79000
STU-2026-05676,MBA,D,Hyderabad,8.94,5,Startup,0.263,40,88,0.63,25000,0,1,1,75000
STU-2026-05677,MBA,C,Delhi NCR,6.85,0,None,0.0,56,66,0.57,20000,0,0,0,43000
STU-2026-05678,MBA,C,Mumbai,9.27,0,None,0.0,10,60,0.59,10000,0,0,1,70000
STU-2026-05679,Engineering,B,Chennai,7.03,6,MNC,0.45,69,87,0.73,25000,0,1,1,83000
STU-2026-05680,Engineering,C,Hyderabad,5.42,0,None,0.0,22,52,0.6,25000,0,0,0,24000
STU-2026-05681,MBA,A,Chennai,7.89,3,Startup,0.157,25,90,0.54,15000,0,1,1,109000
STU-2026-05682,Nursing,A,Mumbai,7.24,0,None,0.0,84,71,0.79,20000,0,1,1,52000
STU-2026-05683,Nursing,C,Delhi NCR,8.01,0,None,0.0,65,72,0.93,15000,0,0,1,28000
STU-2026-05684,MBA,C,Pune,5.6,0,None,0.0,33,93,0.58,10000,0,0,1,43000
STU-2026-05685,MBA,D,Hyderabad,8.1,2,SME,0.075,50,76,0.68,15000,0,0,1,46000
STU-2026-05686,Nursing,B,Mumbai,7.85,4,MNC,0.3,99,47,0.4,25000,0,1,1,66000
STU-2026-05687,MBA,C,Hyderabad,6.86,0,None,0.0,11,71,0.43,20000,0,0,1,47000
STU-2026-05688,Engineering,A,Pune,8.13,0,None,0.0,69,73,0.55,15000,0,1,1,94000
STU-2026-05689,MBA,C,Bengaluru,4.67,0,None,0.0,34,54,0.47,15000,0,0,0,31000
STU-2026-05690,MBA,B,Chennai,7.36,4,MNC,0.3,47,76,0.67,30000,0,1,1,86000
STU-2026-05691,MBA,B,Delhi NCR,6.05,3,Startup,0.157,50,83,0.52,15000,0,0,1,58000
STU-2026-05692,Engineering,A,Bengaluru,7.77,2,SME,0.075,38,73,0.59,10000,0,1,1,80000
STU-2026-05693,MBA,B,Hyderabad,8.06,5,MNC,0.375,50,53,0.55,25000,0,0,1,131000
STU-2026-05694,MBA,A,Delhi NCR,8.31,3,Startup,0.157,44,64,0.35,30000,0,1,1,148000
STU-2026-05695,Nursing,C,Hyderabad,6.93,0,None,0.0,48,51,0.48,15000,0,0,0,29000
STU-2026-05696,MBA,D,Delhi NCR,8.07,3,MNC,0.225,30,75,0.7,30000,0,0,0,72000
STU-2026-05697,Engineering,B,Chennai,8.66,6,SME,0.225,70,84,0.7,15000,0,1,1,96000
STU-2026-05698,MBA,B,Mumbai,7.05,6,SME,0.225,69,90,0.33,30000,0,1,1,89000
STU-2026-05699,MBA,D,Hyderabad,4.75,0,None,0.0,47,58,0.64,20000,0,0,0,23000
STU-2026-05700,Nursing,C,Pune,8.13,6,SME,0.225,30,74,0.73,30000,0,0,1,43000
STU-2026-05701,MBA,B,Hyderabad,7.0,2,SME,0.075,55,100,0.65,30000,0,1,1,75000
STU-2026-05702,MBA,D,Mumbai,7.32,0,None,0.0,0,100,0.45,10000,0,0,1,46000
STU-2026-05703,Engineering,A,Chennai,8.34,6,MNC,0.45,54,100,0.66,30000,1,1,1,114000
STU-2026-05704,Nursing,D,Mumbai,6.01,2,MNC,0.15,41,56,0.67,15000,0,0,0,27000
STU-2026-05705,Engineering,B,Pune,8.48,5,Startup,0.263,59,79,0.66,20000,0,0,1,100000
STU-2026-05706,Engineering,D,Chennai,6.49,0,None,0.0,57,81,0.35,25000,0,0,0,33000
STU-2026-05707,Engineering,D,Hyderabad,6.87,3,MNC,0.225,57,71,0.72,25000,0,0,1,47000
STU-2026-05708,Engineering,D,Chennai,5.62,0,None,0.0,37,61,0.64,10000,0,0,0,25000
STU-2026-05709,Nursing,B,Bengaluru,6.8,0,None,0.0,51,70,0.4,25000,0,0,0,38000
STU-2026-05710,MBA,B,Delhi NCR,5.0,1,SME,0.037,56,64,0.65,10000,0,0,1,60000
STU-2026-05711,MBA,B,Chennai,8.35,2,Startup,0.105,30,66,0.75,20000,0,0,1,85000
STU-2026-05712,Nursing,C,Pune,8.48,0,None,0.0,26,87,0.51,25000,0,0,0,43000
STU-2026-05713,Engineering,B,Chennai,7.94,0,None,0.0,70,54,0.5,25000,0,1,1,61000
STU-2026-05714,MBA,A,Mumbai,8.11,2,Startup,0.105,64,93,0.67,30000,0,1,1,91000
STU-2026-05715,MBA,D,Bengaluru,7.51,0,None,0.0,17,52,0.73,15000,0,0,1,45000
STU-2026-05716,MBA,B,Chennai,6.26,2,MNC,0.15,96,85,0.57,30000,0,0,1,68000
STU-2026-05717,MBA,D,Mumbai,6.23,0,None,0.0,95,64,0.49,15000,0,0,1,33000
STU-2026-05718,MBA,A,Chennai,8.83,3,Startup,0.157,74,69,0.5,20000,0,1,1,108000
STU-2026-05719,MBA,D,Hyderabad,6.77,6,SME,0.225,59,96,0.49,15000,0,0,1,44000
STU-2026-05720,Nursing,D,Pune,7.13,3,MNC,0.225,2,56,0.43,10000,0,0,0,0
STU-2026-05721,MBA,D,Hyderabad,6.01,1,Startup,0.052,82,75,0.61,30000,0,0,1,38000
STU-2026-05722,MBA,C,Pune,7.37,4,MNC,0.3,28,60,0.47,30000,0,0,1,66000
STU-2026-05723,MBA,C,Pune,7.21,3,Startup,0.157,39,65,0.51,30000,0,0,1,55000
STU-2026-05724,Nursing,C,Chennai,7.22,4,SME,0.15,0,75,0.67,15000,0,0,1,35000
STU-2026-05725,Engineering,B,Chennai,8.42,0,None,0.0,35,69,0.58,10000,0,1,1,44000
STU-2026-05726,Nursing,B,Delhi NCR,6.44,3,Startup,0.157,95,34,0.68,30000,0,0,1,43000
STU-2026-05727,MBA,D,Mumbai,8.5,0,None,0.0,47,92,0.55,25000,0,0,1,54000
STU-2026-05728,Engineering,B,Chennai,7.06,3,SME,0.113,72,88,0.69,30000,0,0,1,55000
STU-2026-05729,Nursing,C,Bengaluru,7.14,0,None,0.0,34,71,0.63,10000,0,0,1,30000
STU-2026-05730,MBA,D,Mumbai,5.38,5,Startup,0.263,28,47,0.61,15000,0,0,0,33000
STU-2026-05731,Engineering,A,Bengaluru,9.63,1,MNC,0.075,55,74,0.54,15000,0,1,1,112000
STU-2026-05732,Nursing,A,Chennai,7.93,0,None,0.0,60,82,0.55,30000,0,0,1,47000
STU-2026-05733,MBA,A,Pune,9.35,0,None,0.0,79,80,0.56,15000,0,1,1,115000
STU-2026-05734,Engineering,C,Pune,6.69,1,Startup,0.052,12,48,0.43,30000,0,0,0,33000
STU-2026-05735,Engineering,A,Hyderabad,8.45,1,Startup,0.052,52,79,0.63,15000,0,1,1,93000
STU-2026-05736,Engineering,D,Delhi NCR,6.67,2,Startup,0.105,25,85,0.56,25000,0,0,0,27000
STU-2026-05737,MBA,A,Bengaluru,8.42,4,Startup,0.21,48,63,0.52,15000,0,1,1,92000
STU-2026-05738,Nursing,D,Mumbai,7.62,4,Startup,0.21,39,63,0.45,30000,0,0,1,29000
STU-2026-05739,MBA,C,Pune,8.37,5,SME,0.188,52,93,0.61,20000,0,1,1,76000
STU-2026-05740,MBA,D,Delhi NCR,6.26,5,SME,0.188,45,57,0.81,20000,0,0,1,43000
STU-2026-05741,MBA,A,Delhi NCR,8.51,6,MNC,0.45,38,90,0.5,25000,0,1,1,155000
STU-2026-05742,Engineering,A,Pune,7.18,0,None,0.0,91,67,0.28,30000,0,1,1,80000
STU-2026-05743,MBA,C,Mumbai,6.29,5,Startup,0.263,6,68,0.55,15000,0,0,0,48000
STU-2026-05744,Nursing,C,Bengaluru,6.99,6,Startup,0.315,63,77,0.43,15000,0,0,1,44000
STU-2026-05745,Engineering,D,Chennai,8.47,6,SME,0.225,16,69,0.66,15000,0,0,1,51000
STU-2026-05746,Engineering,D,Chennai,6.77,0,None,0.0,19,59,0.72,10000,0,0,0,26000
STU-2026-05747,Nursing,B,Mumbai,7.84,3,Startup,0.157,59,50,0.55,20000,0,0,1,46000
STU-2026-05748,Nursing,C,Delhi NCR,9.83,0,None,0.0,32,57,0.8,15000,0,1,1,47000
STU-2026-05749,Engineering,B,Pune,6.67,5,Startup,0.263,84,82,0.61,25000,0,0,1,62000
STU-2026-05750,Engineering,A,Hyderabad,9.58,5,MNC,0.375,64,64,0.58,20000,0,1,1,119000
STU-2026-05751,Engineering,B,Chennai,7.46,2,MNC,0.15,89,90,0.52,10000,0,1,1,71000
STU-2026-05752,Engineering,C,Delhi NCR,7.56,0,None,0.0,51,56,0.56,15000,0,0,1,35000
STU-2026-05753,Nursing,B,Pune,6.46,6,MNC,0.45,66,58,0.68,30000,0,0,1,54000
STU-2026-05754,MBA,A,Bengaluru,8.46,1,SME,0.037,50,66,0.53,10000,0,1,1,97000
STU-2026-05755,MBA,B,Delhi NCR,7.28,3,SME,0.113,75,53,0.55,30000,0,1,1,52000
STU-2026-05756,Engineering,A,Delhi NCR,9.68,4,SME,0.15,81,47,0.39,20000,0,1,1,95000
STU-2026-05757,Engineering,B,Chennai,8.46,2,Startup,0.105,68,72,0.54,20000,0,1,1,77000
STU-2026-05758,MBA,A,Mumbai,8.68,5,MNC,0.375,84,55,0.73,10000,0,1,1,161000
STU-2026-05759,Engineering,C,Chennai,6.61,2,Startup,0.105,0,84,0.42,30000,0,0,0,39000
STU-2026-05760,Nursing,C,Pune,4.46,0,None,0.0,12,74,0.57,15000,0,0,0,16000
STU-2026-05761,Nursing,D,Chennai,6.86,0,None,0.0,32,45,0.58,25000,0,0,0,0
STU-2026-05762,MBA,D,Mumbai,7.88,0,None,0.0,30,100,0.7,15000,0,0,1,49000
STU-2026-05763,MBA,B,Mumbai,5.41,2,MNC,0.15,79,58,0.61,15000,0,0,1,52000
STU-2026-05764,Nursing,A,Chennai,8.06,5,MNC,0.375,62,70,0.6,15000,0,1,1,115000
STU-2026-05765,Engineering,A,Delhi NCR,8.39,3,SME,0.113,69,65,0.51,10000,0,1,1,100000
STU-2026-05766,Engineering,A,Hyderabad,9.24,5,SME,0.188,100,92,0.42,10000,0,1,1,119000
STU-2026-05767,Nursing,D,Chennai,6.32,0,None,0.0,39,38,0.69,20000,0,0,0,0
STU-2026-05768,Engineering,B,Mumbai,5.93,1,SME,0.037,40,69,0.44,30000,0,0,0,54000
STU-2026-05769,Nursing,A,Hyderabad,8.11,0,None,0.0,69,51,0.59,15000,0,1,1,55000
STU-2026-05770,Engineering,C,Pune,6.74,6,SME,0.225,0,77,0.56,15000,0,0,1,53000
STU-2026-05771,Engineering,D,Bengaluru,7.32,0,None,0.0,32,53,0.73,25000,0,0,0,37000
STU-2026-05772,Nursing,D,Pune,4.88,0,None,0.0,63,85,0.41,20000,0,0,0,18000
STU-2026-05773,Nursing,A,Pune,8.76,0,None,0.0,67,56,0.58,15000,0,1,1,56000
STU-2026-05774,Nursing,A,Hyderabad,8.46,0,None,0.0,83,55,0.46,30000,0,0,1,69000
STU-2026-05775,MBA,C,Mumbai,5.27,0,None,0.0,37,91,0.59,10000,0,0,0,38000
STU-2026-05776,Engineering,B,Chennai,7.43,2,MNC,0.15,69,94,0.64,15000,0,1,1,68000
STU-2026-05777,MBA,C,Hyderabad,5.88,0,None,0.0,97,68,0.49,10000,0,1,1,37000
STU-2026-05778,MBA,A,Delhi NCR,7.58,4,Startup,0.21,49,72,0.69,20000,0,0,1,134000
STU-2026-05779,Engineering,D,Pune,6.13,0,None,0.0,30,96,0.62,15000,0,0,1,28000
STU-2026-05780,MBA,D,Bengaluru,7.72,0,None,0.0,80,33,0.71,25000,0,0,1,47000
STU-2026-05781,Nursing,B,Mumbai,6.82,2,SME,0.075,37,100,0.51,25000,0,1,1,43000
STU-2026-05782,Nursing,A,Mumbai,9.84,6,SME,0.225,54,46,0.6,10000,0,1,1,130000
STU-2026-05783,MBA,D,Mumbai,7.56,5,SME,0.188,59,82,0.53,25000,0,0,1,52000
STU-2026-05784,Engineering,A,Pune,9.76,4,MNC,0.3,37,59,0.56,10000,0,1,1,102000
STU-2026-05785,MBA,C,Pune,4.0,4,Startup,0.21,0,86,0.6,30000,0,0,1,32000
STU-2026-05786,Engineering,B,Bengaluru,7.4,4,MNC,0.3,92,93,0.69,10000,0,1,1,77000
STU-2026-05787,MBA,A,Chennai,8.5,5,MNC,0.375,57,64,0.71,10000,0,1,1,184000
STU-2026-05788,Nursing,D,Mumbai,6.47,0,None,0.0,7,62,0.51,10000,0,0,0,0
STU-2026-05789,Nursing,D,Bengaluru,6.09,0,None,0.0,24,65,0.59,15000,0,0,0,20000
STU-2026-05790,MBA,B,Mumbai,7.83,4,Startup,0.21,60,78,0.6,30000,0,1,1,76000
STU-2026-05791,MBA,C,Delhi NCR,7.05,5,SME,0.188,72,67,0.53,30000,0,0,1,55000
STU-2026-05792,Nursing,B,Hyderabad,6.83,2,MNC,0.15,31,66,0.62,25000,0,0,1,38000
STU-2026-05793,MBA,A,Hyderabad,7.44,2,SME,0.075,32,56,0.58,20000,0,0,1,101000
STU-2026-05794,Nursing,B,Chennai,6.8,3,SME,0.113,41,76,0.54,20000,0,0,1,50000
STU-2026-05795,MBA,C,Mumbai,5.7,0,None,0.0,79,65,0.49,10000,0,0,0,41000
STU-2026-05796,Nursing,D,Mumbai,8.31,3,SME,0.113,60,71,0.73,15000,0,0,0,33000
STU-2026-05797,Engineering,D,Pune,7.17,2,SME,0.075,48,46,0.5,25000,0,0,0,41000
STU-2026-05798,Engineering,D,Hyderabad,9.1,2,MNC,0.15,23,50,0.68,15000,0,1,1,56000
STU-2026-05799,Nursing,A,Mumbai,7.6,2,Startup,0.105,100,80,0.52,20000,1,1,1,56000
STU-2026-05800,MBA,C,Hyderabad,6.05,0,None,0.0,58,70,0.6,25000,0,0,1,50000
STU-2026-05801,MBA,D,Chennai,4.01,0,None,0.0,47,66,0.52,20000,0,0,0,0
STU-2026-05802,Engineering,D,Bengaluru,4.0,0,None,0.0,20,89,0.68,10000,0,0,0,0
STU-2026-05803,Engineering,A,Pune,7.07,4,Startup,0.21,76,90,0.7,20000,0,1,1,77000
STU-2026-05804,Engineering,D,Pune,8.79,0,None,0.0,10,77,0.42,10000,0,0,0,44000
STU-2026-05805,MBA,C,Hyderabad,6.76,0,None,0.0,53,52,0.52,30000,0,0,1,53000
STU-2026-05806,Engineering,A,Chennai,8.38,3,MNC,0.225,79,45,0.55,20000,1,1,1,126000
STU-2026-05807,MBA,B,Hyderabad,8.13,0,None,0.0,57,86,0.64,20000,0,0,1,87000
STU-2026-05808,Nursing,B,Chennai,6.63,1,MNC,0.075,75,46,0.76,25000,0,0,1,33000
STU-2026-05809,Nursing,D,Mumbai,5.97,0,None,0.0,32,70,0.73,25000,0,0,0,14000
STU-2026-05810,Engineering,B,Pune,6.27,0,None,0.0,100,72,0.7,30000,0,0,1,40000
STU-2026-05811,Nursing,B,Pune,7.02,1,Startup,0.052,63,63,0.79,20000,0,0,1,35000
STU-2026-05812,MBA,C,Pune,7.77,3,MNC,0.225,63,70,0.54,25000,0,0,1,80000
STU-2026-05813,Nursing,B,Pune,8.37,3,MNC,0.225,51,71,0.58,25000,0,1,1,48000
STU-2026-05814,MBA,A,Delhi NCR,7.7,2,Startup,0.105,46,75,0.61,20000,0,1,1,95000
STU-2026-05815,Nursing,C,Delhi NCR,8.58,5,Startup,0.263,29,88,0.91,25000,0,0,1,49000
STU-2026-05816,MBA,A,Mumbai,8.09,1,MNC,0.075,100,66,0.62,10000,0,1,1,110000
STU-2026-05817,Nursing,D,Chennai,7.71,2,Startup,0.105,42,77,0.62,15000,0,0,1,28000
STU-2026-05818,Engineering,D,Hyderabad,7.47,0,None,0.0,54,89,0.79,20000,0,0,1,35000
STU-2026-05819,Nursing,B,Chennai,7.31,0,None,0.0,38,78,0.68,25000,0,0,1,38000
STU-2026-05820,Nursing,B,Pune,7.03,2,SME,0.075,30,69,0.49,20000,0,0,1,44000
STU-2026-05821,Nursing,A,Hyderabad,8.51,6,SME,0.225,69,93,0.52,25000,0,1,1,88000
STU-2026-05822,Engineering,B,Delhi NCR,7.37,0,None,0.0,83,78,0.79,30000,0,1,1,43000
STU-2026-05823,Nursing,A,Pune,8.47,3,MNC,0.225,59,78,0.67,30000,0,1,1,68000
STU-2026-05824,Engineering,A,Bengaluru,8.08,6,Startup,0.315,12,71,0.56,10000,0,1,1,77000
STU-2026-05825,Engineering,C,Hyderabad,6.81,5,Startup,0.263,79,80,0.7,15000,0,1,1,37000
STU-2026-05826,Nursing,D,Pune,7.0,0,None,0.0,50,54,0.59,25000,0,0,0,0
STU-2026-05827,Engineering,D,Hyderabad,6.4,0,None,0.0,29,91,0.54,30000,0,0,0,29000
STU-2026-05828,MBA,A,Delhi NCR,7.73,5,Startup,0.263,74,40,0.71,20000,0,1,1,150000
STU-2026-05829,MBA,D,Pune,4.0,3,MNC,0.225,0,66,0.65,10000,0,0,0,0
STU-2026-05830,Nursing,D,Chennai,7.5,3,Startup,0.157,65,80,0.61,15000,0,0,1,27000
STU-2026-05831,MBA,C,Bengaluru,6.73,1,MNC,0.075,14,58,0.65,25000,0,0,0,46000
STU-2026-05832,Nursing,A,Chennai,8.56,2,Startup,0.105,68,67,0.59,20000,0,1,1,84000
STU-2026-05833,MBA,C,Chennai,7.04,5,MNC,0.375,10,67,0.56,15000,0,0,1,74000
STU-2026-05834,MBA,A,Pune,8.66,5,MNC,0.375,75,55,0.62,15000,0,1,1,160000
STU-2026-05835,MBA,C,Chennai,6.96,4,SME,0.15,40,68,0.71,10000,0,0,1,56000
STU-2026-05836,Nursing,A,Mumbai,9.07,0,None,0.0,44,59,0.67,10000,0,0,1,77000
STU-2026-05837,MBA,A,Bengaluru,7.81,5,Startup,0.263,68,52,0.72,20000,0,1,1,141000
STU-2026-05838,MBA,D,Mumbai,5.39,2,MNC,0.15,85,69,0.8,20000,0,0,0,33000
STU-2026-05839,Nursing,C,Hyderabad,8.25,0,None,0.0,4,60,0.65,20000,0,0,0,38000
STU-2026-05840,Engineering,B,Delhi NCR,7.67,2,SME,0.075,30,85,0.47,15000,0,1,1,62000
STU-2026-05841,Nursing,B,Pune,7.04,0,None,0.0,38,75,0.51,30000,0,0,1,47000
STU-2026-05842,MBA,C,Pune,8.77,5,SME,0.188,47,64,0.57,10000,0,0,1,77000
STU-2026-05843,Nursing,B,Mumbai,7.94,4,Startup,0.21,85,70,0.46,25000,0,1,1,66000
STU-2026-05844,MBA,D,Chennai,4.93,0,None,0.0,58,64,0.51,10000,0,0,0,35000
STU-2026-05845,MBA,B,Chennai,7.84,1,SME,0.037,55,51,0.59,25000,0,0,1,72000
STU-2026-05846,Engineering,C,Mumbai,6.72,1,Startup,0.052,0,91,0.48,30000,0,0,0,44000
STU-2026-05847,Engineering,A,Pune,9.25,0,None,0.0,44,32,0.71,20000,0,0,1,100000
STU-2026-05848,MBA,C,Delhi NCR,7.31,0,None,0.0,0,46,0.55,10000,0,0,0,0
STU-2026-05849,Engineering,B,Mumbai,6.16,4,Startup,0.21,62,69,0.63,20000,0,1,1,41000
STU-2026-05850,Engineering,C,Pune,5.26,0,None,0.0,59,93,0.5,30000,0,0,1,34000
STU-2026-05851,Nursing,C,Chennai,7.09,0,None,0.0,34,60,0.8,25000,0,0,1,32000
STU-2026-05852,Nursing,D,Delhi NCR,7.19,6,Startup,0.315,20,71,0.57,25000,0,0,1,34000
STU-2026-05853,Engineering,A,Pune,7.47,1,SME,0.037,36,78,0.55,15000,0,0,1,57000
STU-2026-05854,MBA,B,Bengaluru,8.46,1,MNC,0.075,70,81,0.64,10000,0,0,1,87000
STU-2026-05855,Nursing,A,Hyderabad,7.71,2,Startup,0.105,41,78,0.77,25000,0,1,1,72000
STU-2026-05856,Nursing,A,Hyderabad,8.18,4,Startup,0.21,56,56,0.57,10000,0,1,1,97000
STU-2026-05857,Engineering,D,Delhi NCR,5.82,2,SME,0.075,0,62,0.69,15000,0,0,1,34000
STU-2026-05858,Nursing,C,Pune,8.34,0,None,0.0,19,58,0.47,20000,0,0,0,41000
STU-2026-05859,MBA,B,Mumbai,9.12,1,MNC,0.075,67,66,0.49,15000,0,1,1,94000
STU-2026-05860,Nursing,D,Mumbai,5.04,6,SME,0.225,63,64,0.69,10000,0,0,1,22000
STU-2026-05861,MBA,A,Bengaluru,7.64,1,SME,0.037,53,80,0.59,30000,0,0,1,104000
STU-2026-05862,Nursing,D,Chennai,7.26,4,SME,0.15,74,87,0.59,15000,0,0,1,28000
STU-2026-05863,Engineering,A,Pune,7.78,6,MNC,0.45,70,86,0.72,30000,0,1,1,107000
STU-2026-05864,Nursing,B,Delhi NCR,7.08,5,MNC,0.375,21,52,0.6,25000,0,0,1,58000
STU-2026-05865,MBA,C,Hyderabad,5.86,0,None,0.0,28,66,0.56,25000,0,0,1,34000
STU-2026-05866,Nursing,B,Hyderabad,6.35,1,Startup,0.052,54,50,0.41,20000,0,0,0,36000
STU-2026-05867,Nursing,C,Delhi NCR,7.56,0,None,0.0,56,94,0.61,25000,0,0,1,31000
STU-2026-05868,Engineering,D,Pune,6.56,0,None,0.0,92,74,0.63,20000,0,0,0,32000
STU-2026-05869,Engineering,B,Hyderabad,8.16,0,None,0.0,82,79,0.59,30000,0,1,1,60000
STU-2026-05870,MBA,D,Pune,6.93,1,MNC,0.075,72,86,0.68,15000,0,1,1,26000
STU-2026-05871,MBA,C,Bengaluru,6.25,1,MNC,0.075,40,60,0.51,25000,0,0,0,46000
STU-2026-05872,Engineering,D,Hyderabad,7.87,2,MNC,0.15,59,59,0.62,15000,0,0,1,32000
STU-2026-05873,Engineering,D,Chennai,6.61,3,Startup,0.157,47,70,0.69,15000,0,0,0,30000
STU-2026-05874,MBA,D,Bengaluru,7.62,0,None,0.0,0,82,0.64,30000,0,0,1,40000
STU-2026-05875,Nursing,A,Pune,8.61,3,MNC,0.225,37,64,0.6,25000,0,1,1,84000
STU-2026-05876,Engineering,C,Mumbai,5.43,0,None,0.0,47,96,0.47,20000,0,0,1,23000
STU-2026-05877,Engineering,B,Delhi NCR,6.67,6,Startup,0.315,74,64,0.67,20000,0,1,1,65000
STU-2026-05878,Engineering,B,Delhi NCR,6.47,2,Startup,0.105,74,75,0.45,30000,0,0,1,31000
STU-2026-05879,Nursing,A,Mumbai,7.11,3,MNC,0.225,54,54,0.52,25000,0,1,1,78000
STU-2026-05880,Nursing,D,Hyderabad,5.97,2,MNC,0.15,60,88,0.66,25000,0,0,1,27000
STU-2026-05881,MBA,B,Bengaluru,8.27,2,MNC,0.15,36,67,0.54,30000,0,1,1,81000
STU-2026-05882,MBA,D,Bengaluru,5.9,5,MNC,0.375,66,74,0.81,25000,0,0,1,43000
STU-2026-05883,Engineering,B,Pune,8.62,2,Startup,0.105,34,90,0.48,30000,0,1,1,51000
STU-2026-05884,Engineering,A,Mumbai,8.24,2,SME,0.075,33,99,0.49,25000,0,1,1,98000
STU-2026-05885,Nursing,A,Mumbai,7.72,5,Startup,0.263,74,59,0.52,15000,0,1,1,61000
STU-2026-05886,Nursing,B,Delhi NCR,7.9,1,MNC,0.075,78,78,0.66,25000,0,0,1,44000
STU-2026-05887,Engineering,C,Bengaluru,6.53,0,None,0.0,76,61,0.37,15000,0,0,0,34000
STU-2026-05888,Nursing,A,Chennai,6.47,5,MNC,0.375,79,46,0.64,30000,0,1,1,84000
STU-2026-05889,MBA,C,Pune,6.47,1,MNC,0.075,28,78,0.5,20000,0,0,1,46000
STU-2026-05890,Nursing,D,Hyderabad,6.09,1,Startup,0.052,38,54,0.58,25000,0,0,0,14000
STU-2026-05891,Engineering,D,Mumbai,8.11,6,SME,0.225,60,42,0.4,20000,0,0,1,51000
STU-2026-05892,Nursing,A,Pune,8.7,5,SME,0.188,31,97,0.52,25000,0,1,1,83000
STU-2026-05893,Nursing,A,Chennai,9.47,3,Startup,0.157,63,76,0.59,20000,0,1,1,55000
STU-2026-05894,MBA,C,Chennai,6.84,2,MNC,0.15,5,75,0.61,20000,0,0,1,47000
STU-2026-05895,MBA,B,Pune,8.54,2,Startup,0.105,69,52,0.81,20000,0,1,1,70000
STU-2026-05896,Engineering,C,Bengaluru,5.89,6,Startup,0.315,2,90,0.71,15000,0,0,1,48000
STU-2026-05897,Nursing,D,Hyderabad,8.3,5,MNC,0.375,34,76,0.52,20000,0,0,1,42000
STU-2026-05898,Nursing,B,Hyderabad,5.0,2,SME,0.075,48,72,0.59,30000,0,0,1,33000
STU-2026-05899,Engineering,B,Hyderabad,6.79,5,Startup,0.263,36,88,0.7,30000,0,0,1,63000
STU-2026-05900,Engineering,B,Mumbai,8.35,1,MNC,0.075,61,78,0.65,15000,0,1,1,72000
STU-2026-05901,Engineering,C,Hyderabad,5.64,4,Startup,0.21,50,69,0.56,20000,0,0,0,40000
STU-2026-05902,Engineering,A,Bengaluru,8.23,4,Startup,0.21,43,46,0.44,25000,0,1,1,107000
STU-2026-05903,Nursing,D,Chennai,9.02,1,Startup,0.052,39,46,0.58,25000,0,0,1,29000
STU-2026-05904,Engineering,C,Pune,8.14,0,None,0.0,44,80,0.79,10000,0,0,1,53000
STU-2026-05905,MBA,D,Bengaluru,6.69,0,None,0.0,16,68,0.77,30000,0,0,1,27000
STU-2026-05906,MBA,A,Chennai,7.58,0,None,0.0,79,70,0.6,30000,0,0,1,87000
STU-2026-05907,MBA,B,Delhi NCR,6.14,0,None,0.0,27,51,0.51,25000,0,0,0,50000
STU-2026-05908,MBA,B,Bengaluru,8.52,0,None,0.0,42,91,0.55,20000,0,1,1,85000
STU-2026-05909,Nursing,D,Bengaluru,5.72,4,Startup,0.21,32,62,0.64,15000,0,0,0,21000
STU-2026-05910,Nursing,D,Bengaluru,6.94,3,SME,0.113,48,98,0.61,20000,0,0,1,28000
STU-2026-05911,Nursing,C,Mumbai,5.66,0,None,0.0,0,65,0.71,30000,0,0,1,17000
STU-2026-05912,MBA,C,Chennai,7.6,0,None,0.0,0,77,0.64,20000,0,0,0,62000
STU-2026-05913,MBA,C,Bengaluru,8.89,0,None,0.0,38,72,0.75,10000,0,0,1,53000
STU-2026-05914,Nursing,D,Bengaluru,5.79,0,None,0.0,41,71,0.54,15000,0,0,0,18000
STU-2026-05915,Nursing,A,Mumbai,7.81,6,Startup,0.315,45,59,0.4,15000,0,1,1,56000
STU-2026-05916,MBA,D,Bengaluru,7.7,2,Startup,0.105,26,68,0.56,25000,0,0,1,58000
STU-2026-05917,Nursing,D,Bengaluru,5.18,2,MNC,0.15,0,72,0.55,15000,0,0,0,23000
STU-2026-05918,MBA,D,Delhi NCR,5.47,5,MNC,0.375,55,55,0.61,25000,0,0,0,44000
STU-2026-05919,Nursing,D,Mumbai,6.77,5,MNC,0.375,12,50,0.68,10000,0,0,0,37000
STU-2026-05920,Nursing,A,Delhi NCR,7.77,4,Startup,0.21,86,56,0.75,10000,0,1,1,77000
STU-2026-05921,Nursing,D,Bengaluru,5.6,6,MNC,0.45,58,81,0.57,25000,0,0,0,23000
STU-2026-05922,MBA,C,Pune,5.46,5,SME,0.188,51,63,0.56,15000,0,0,0,57000
STU-2026-05923,Nursing,D,Hyderabad,6.85,0,None,0.0,45,61,0.6,20000,0,0,0,25000
STU-2026-05924,Nursing,C,Mumbai,5.42,0,None,0.0,59,59,0.69,25000,0,0,1,23000
STU-2026-05925,Engineering,A,Hyderabad,9.25,0,None,0.0,75,49,0.61,10000,0,1,1,104000
STU-2026-05926,MBA,C,Chennai,7.01,3,SME,0.113,44,70,0.61,30000,0,0,0,54000
STU-2026-05927,Engineering,A,Delhi NCR,7.04,4,MNC,0.3,50,61,0.53,20000,0,0,1,98000
STU-2026-05928,MBA,D,Hyderabad,6.42,3,Startup,0.157,29,49,0.57,15000,0,0,1,50000
STU-2026-05929,Nursing,B,Hyderabad,7.87,5,MNC,0.375,54,78,0.53,20000,0,1,1,54000
STU-2026-05930,Engineering,A,Chennai,8.93,4,Startup,0.21,76,69,0.77,10000,1,1,1,117000
STU-2026-05931,Nursing,B,Pune,7.75,3,SME,0.113,35,57,0.59,25000,0,0,1,52000
STU-2026-05932,MBA,A,Hyderabad,7.67,5,SME,0.188,61,71,0.61,15000,0,1,1,92000
STU-2026-05933,MBA,C,Bengaluru,4.09,3,MNC,0.225,16,62,0.48,30000,0,0,0,42000
STU-2026-05934,MBA,C,Hyderabad,7.67,0,None,0.0,52,85,0.51,10000,0,0,1,60000
STU-2026-05935,MBA,B,Chennai,7.03,2,MNC,0.15,52,98,0.61,10000,0,1,1,55000
STU-2026-05936,Nursing,D,Delhi NCR,6.04,0,None,0.0,50,71,0.39,30000,0,0,0,28000
STU-2026-05937,Nursing,B,Delhi NCR,7.75,3,MNC,0.225,72,60,0.62,20000,0,1,1,62000
STU-2026-05938,MBA,D,Hyderabad,8.1,0,None,0.0,50,71,0.43,10000,0,0,0,47000
STU-2026-05939,Engineering,A,Chennai,8.9,1,MNC,0.075,87,57,0.45,30000,0,1,1,86000
STU-2026-05940,MBA,A,Mumbai,6.94,1,MNC,0.075,50,62,0.73,20000,0,1,1,85000
STU-2026-05941,MBA,D,Hyderabad,8.48,0,None,0.0,43,86,0.73,25000,0,0,1,53000
STU-2026-05942,Engineering,C,Hyderabad,6.31,2,Startup,0.105,63,71,0.7,25000,0,0,1,43000
STU-2026-05943,MBA,D,Delhi NCR,6.69,0,None,0.0,38,26,0.53,30000,0,0,0,44000
STU-2026-05944,Engineering,A,Pune,7.61,0,None,0.0,63,67,0.67,15000,0,1,1,87000
STU-2026-05945,Engineering,C,Mumbai,6.0,2,SME,0.075,38,91,0.46,30000,0,0,0,41000
STU-2026-05946,Nursing,D,Chennai,8.35,0,None,0.0,55,61,0.65,20000,0,0,1,30000
STU-2026-05947,Nursing,D,Chennai,6.68,6,MNC,0.45,41,56,0.85,30000,0,0,1,36000
STU-2026-05948,Nursing,A,Mumbai,8.03,3,MNC,0.225,77,51,0.43,20000,0,1,1,99000
STU-2026-05949,Nursing,B,Bengaluru,8.71,2,SME,0.075,44,78,0.54,25000,0,1,1,56000
STU-2026-05950,Nursing,D,Mumbai,7.91,0,None,0.0,1,51,0.59,15000,0,0,0,23000
STU-2026-05951,Nursing,C,Delhi NCR,7.13,1,MNC,0.075,17,100,0.55,30000,0,0,1,34000
STU-2026-05952,MBA,D,Bengaluru,4.99,1,MNC,0.075,53,75,0.57,10000,0,0,0,33000
STU-2026-05953,Engineering,B,Delhi NCR,8.94,4,MNC,0.3,100,54,0.47,30000,0,1,1,59000
STU-2026-05954,Engineering,C,Hyderabad,7.58,0,None,0.0,43,76,0.57,10000,0,0,1,46000
STU-2026-05955,Nursing,C,Hyderabad,7.04,5,MNC,0.375,6,73,0.79,15000,0,0,1,42000
STU-2026-05956,MBA,C,Mumbai,8.67,3,MNC,0.225,21,83,0.55,30000,0,1,1,85000
STU-2026-05957,Engineering,B,Hyderabad,7.09,4,MNC,0.3,55,85,0.41,30000,0,0,1,75000
STU-2026-05958,MBA,D,Mumbai,6.43,0,None,0.0,43,39,0.51,30000,0,0,0,33000
STU-2026-05959,Engineering,C,Hyderabad,5.24,5,MNC,0.375,67,78,0.49,15000,0,0,1,35000
STU-2026-05960,Nursing,C,Mumbai,6.62,0,None,0.0,44,58,0.67,10000,0,0,1,29000
STU-2026-05961,Nursing,D,Mumbai,7.3,0,None,0.0,4,90,0.59,30000,0,0,0,26000
STU-2026-05962,Engineering,B,Bengaluru,8.25,0,None,0.0,70,54,0.68,15000,0,0,1,66000
STU-2026-05963,MBA,C,Bengaluru,5.84,1,SME,0.037,66,73,0.72,20000,0,0,0,34000
STU-2026-05964,Engineering,A,Bengaluru,8.01,6,MNC,0.45,89,99,0.51,25000,1,1,1,122000
STU-2026-05965,MBA,C,Hyderabad,7.66,4,MNC,0.3,62,53,0.61,25000,0,0,1,80000
STU-2026-05966,MBA,A,Pune,7.93,1,SME,0.037,36,75,0.56,15000,0,1,1,92000
STU-2026-05967,MBA,B,Chennai,9.72,0,None,0.0,77,89,0.5,15000,1,1,1,74000
STU-2026-05968,Engineering,D,Hyderabad,6.55,3,MNC,0.225,73,78,0.48,25000,0,0,1,39000
STU-2026-05969,MBA,D,Chennai,6.3,0,None,0.0,1,77,0.58,10000,0,0,0,27000
STU-2026-05970,Engineering,D,Mumbai,6.3,1,SME,0.037,52,98,0.58,10000,0,0,1,33000
STU-2026-05971,Engineering,B,Chennai,7.73,2,SME,0.075,40,55,0.66,30000,0,0,1,56000
STU-2026-05972,Nursing,B,Bengaluru,7.32,0,None,0.0,57,84,0.55,20000,0,1,1,43000
STU-2026-05973,MBA,D,Hyderabad,4.79,2,MNC,0.15,47,30,0.51,25000,0,0,0,31000
STU-2026-05974,Engineering,B,Mumbai,5.73,6,Startup,0.315,38,31,0.47,30000,0,0,1,51000
STU-2026-05975,MBA,A,Mumbai,8.34,6,Startup,0.315,60,70,0.7,10000,0,1,1,160000
STU-2026-05976,Nursing,D,Hyderabad,4.0,0,None,0.0,68,51,0.49,20000,0,0,0,0
STU-2026-05977,MBA,A,Delhi NCR,9.07,0,None,0.0,42,60,0.5,10000,0,1,1,130000
STU-2026-05978,Engineering,A,Bengaluru,9.56,1,SME,0.037,100,80,0.64,10000,0,1,1,131000
STU-2026-05979,MBA,C,Mumbai,7.06,5,MNC,0.375,33,76,0.54,20000,0,0,0,75000
STU-2026-05980,MBA,D,Mumbai,8.41,6,MNC,0.45,54,70,0.6,30000,0,0,1,71000
STU-2026-05981,MBA,A,Delhi NCR,8.15,0,None,0.0,61,93,0.65,30000,0,1,1,115000
STU-2026-05982,Engineering,C,Pune,7.59,3,Startup,0.157,64,59,0.55,30000,0,0,1,56000
STU-2026-05983,MBA,A,Pune,8.77,0,None,0.0,35,76,0.74,20000,0,1,1,118000
STU-2026-05984,Nursing,A,Pune,8.78,6,Startup,0.315,34,72,0.73,20000,0,1,1,100000
STU-2026-05985,MBA,D,Pune,6.83,2,SME,0.075,23,69,0.55,30000,0,0,0,40000
STU-2026-05986,Nursing,C,Hyderabad,6.88,4,Startup,0.21,36,66,0.62,15000,0,0,1,30000
STU-2026-05987,Nursing,C,Mumbai,6.5,0,None,0.0,0,68,0.62,30000,0,0,1,29000
STU-2026-05988,Nursing,A,Delhi NCR,8.64,4,SME,0.15,61,60,0.49,25000,0,1,1,68000
STU-2026-05989,MBA,B,Delhi NCR,7.38,6,SME,0.225,50,76,0.6,30000,0,1,1,90000
STU-2026-05990,MBA,D,Pune,6.58,5,MNC,0.375,37,78,0.84,30000,0,0,1,52000
STU-2026-05991,MBA,B,Mumbai,6.3,0,None,0.0,60,60,0.59,20000,0,0,1,54000
STU-2026-05992,MBA,B,Hyderabad,5.72,4,MNC,0.3,89,83,0.59,25000,0,0,1,70000
STU-2026-05993,MBA,D,Hyderabad,7.23,0,None,0.0,59,83,0.71,10000,0,0,0,39000
STU-2026-05994,Engineering,D,Bengaluru,7.99,4,Startup,0.21,17,88,0.78,10000,0,0,1,49000
STU-2026-05995,Engineering,D,Pune,6.26,0,None,0.0,47,50,0.52,30000,0,0,0,29000
STU-2026-05996,MBA,D,Mumbai,6.33,3,SME,0.113,47,83,0.53,30000,0,0,1,38000
STU-2026-05997,Engineering,C,Pune,7.03,5,SME,0.188,57,84,0.67,25000,0,0,1,38000
STU-2026-05998,MBA,A,Mumbai,7.33,4,MNC,0.3,44,75,0.47,25000,0,1,1,127000
STU-2026-05999,Nursing,D,Chennai,4.48,0,None,0.0,13,86,0.67,15000,0,0,0,0
STU-2026-06000,Engineering,C,Pune,5.56,2,MNC,0.15,0,92,0.6,15000,0,0,1,35000
STU-2026-06001,MBA,B,Delhi NCR,7.78,0,None,0.0,78,95,0.65,15000,0,1,1,73000
STU-2026-06002,MBA,B,Delhi NCR,6.45,4,MNC,0.3,52,71,0.74,10000,0,0,1,90000
STU-2026-06003,Nursing,C,Chennai,6.7,5,Startup,0.263,71,80,0.66,30000,0,1,1,41000
STU-2026-06004,MBA,A,Pune,9.05,0,None,0.0,100,94,0.65,20000,0,1,1,123000
STU-2026-06005,Engineering,C,Bengaluru,4.49,0,None,0.0,61,54,0.71,20000,0,0,1,20000
STU-2026-06006,Nursing,B,Delhi NCR,7.45,0,None,0.0,39,44,0.59,10000,0,0,1,46000
STU-2026-06007,Engineering,A,Hyderabad,8.32,4,MNC,0.3,27,72,0.45,20000,0,0,1,95000
STU-2026-06008,Nursing,B,Delhi NCR,8.55,2,MNC,0.15,71,75,0.51,15000,0,1,1,44000
STU-2026-06009,Nursing,A,Mumbai,9.29,2,SME,0.075,100,78,0.67,20000,0,1,1,58000
STU-2026-06010,MBA,B,Chennai,6.66,0,None,0.0,51,64,0.54,20000,0,0,1,54000
STU-2026-06011,Nursing,A,Delhi NCR,9.93,5,Startup,0.263,33,83,0.57,30000,0,1,1,104000
STU-2026-06012,Engineering,C,Chennai,6.99,2,SME,0.075,12,65,0.62,25000,0,0,1,36000
STU-2026-06013,MBA,B,Chennai,8.79,1,MNC,0.075,10,66,0.51,10000,0,0,1,101000
STU-2026-06014,Engineering,D,Hyderabad,5.11,0,None,0.0,99,73,0.64,10000,0,0,0,23000
STU-2026-06015,Engineering,D,Hyderabad,7.97,6,SME,0.225,45,72,0.59,30000,0,0,1,35000
STU-2026-06016,Engineering,A,Chennai,9.14,0,None,0.0,78,85,0.52,10000,0,1,1,111000
STU-2026-06017,Nursing,D,Bengaluru,5.33,2,Startup,0.105,68,61,0.51,20000,0,0,0,17000
STU-2026-06018,MBA,D,Bengaluru,4.52,3,SME,0.113,42,78,0.72,25000,0,0,0,37000
STU-2026-06019,MBA,C,Delhi NCR,8.43,4,MNC,0.3,58,77,0.72,20000,0,0,1,73000
STU-2026-06020,Nursing,B,Bengaluru,5.64,4,SME,0.15,73,59,0.9,15000,0,0,1,37000
STU-2026-06021,MBA,C,Delhi NCR,6.32,2,SME,0.075,28,51,0.47,20000,0,0,0,0
STU-2026-06022,Engineering,C,Mumbai,7.45,0,None,0.0,29,99,0.48,25000,0,0,1,53000
STU-2026-06023,Nursing,B,Hyderabad,8.78,0,None,0.0,65,65,0.73,10000,0,0,1,51000
STU-2026-06024,Engineering,C,Delhi NCR,6.75,0,None,0.0,18,74,0.67,30000,0,0,0,41000
STU-2026-06025,Nursing,B,Hyderabad,5.27,2,MNC,0.15,39,63,0.64,20000,0,0,1,34000
STU-2026-06026,MBA,D,Pune,7.48,0,None,0.0,36,76,0.64,25000,0,0,0,40000
STU-2026-06027,Nursing,A,Hyderabad,8.68,0,None,0.0,96,88,0.49,30000,0,1,1,62000
STU-2026-06028,MBA,C,Delhi NCR,6.92,5,Startup,0.263,41,89,0.73,10000,0,0,1,60000
STU-2026-06029,Nursing,B,Mumbai,8.02,3,MNC,0.225,81,78,0.56,10000,0,1,1,46000
STU-2026-06030,Nursing,B,Chennai,7.69,5,Startup,0.263,72,81,0.72,30000,0,1,1,43000
STU-2026-06031,Engineering,A,Delhi NCR,8.52,6,MNC,0.45,69,69,0.52,25000,1,1,1,116000
STU-2026-06032,Engineering,A,Chennai,6.45,4,Startup,0.21,60,66,0.79,10000,0,1,1,77000
STU-2026-06033,MBA,C,Bengaluru,6.56,0,None,0.0,35,100,0.67,10000,0,0,0,45000
STU-2026-06034,Engineering,D,Mumbai,6.77,0,None,0.0,12,43,0.66,20000,0,0,0,0
STU-2026-06035,MBA,B,Hyderabad,8.75,5,Startup,0.263,60,63,0.36,20000,0,1,1,107000
STU-2026-06036,MBA,D,Delhi NCR,6.26,0,None,0.0,18,94,0.49,15000,0,0,0,39000
STU-2026-06037,Engineering,A,Hyderabad,9.36,4,MNC,0.3,56,59,0.59,10000,1,1,1,146000
STU-2026-06038,Nursing,C,Bengaluru,5.15,0,None,0.0,43,48,0.69,15000,0,0,0,19000
STU-2026-06039,MBA,D,Bengaluru,8.64,5,Startup,0.263,48,73,0.58,10000,0,0,1,59000
STU-2026-06040,Engineering,A,Mumbai,7.61,6,Startup,0.315,85,63,0.55,15000,0,1,1,125000
STU-2026-06041,MBA,C,Hyderabad,8.16,3,SME,0.113,30,88,0.61,30000,0,0,1,60000
STU-2026-06042,Nursing,C,Hyderabad,8.45,6,MNC,0.45,92,75,0.54,30000,0,1,1,47000
STU-2026-06043,Nursing,A,Pune,7.71,1,SME,0.037,46,69,0.61,15000,0,1,1,60000
STU-2026-06044,Engineering,C,Hyderabad,7.71,4,SME,0.15,34,68,0.58,20000,0,0,1,47000
STU-2026-06045,Engineering,D,Pune,7.52,2,SME,0.075,21,75,0.65,15000,0,0,1,35000
STU-2026-06046,MBA,C,Hyderabad,5.46,2,MNC,0.15,20,84,0.81,10000,0,0,1,36000
STU-2026-06047,Engineering,B,Bengaluru,8.3,5,Startup,0.263,41,65,0.62,20000,0,1,1,79000
STU-2026-06048,Nursing,A,Pune,7.72,0,None,0.0,81,62,0.73,25000,0,0,1,61000
STU-2026-06049,Engineering,A,Delhi NCR,7.22,6,SME,0.225,43,62,0.75,15000,0,1,1,103000
STU-2026-06050,MBA,D,Delhi NCR,6.84,0,None,0.0,45,89,0.67,25000,0,0,1,48000
STU-2026-06051,MBA,A,Pune,8.85,0,None,0.0,65,63,0.55,25000,0,1,1,122000
STU-2026-06052,MBA,D,Delhi NCR,7.8,0,None,0.0,4,41,0.5,10000,0,0,0,53000
STU-2026-06053,Nursing,D,Pune,6.46,2,MNC,0.15,46,76,0.5,30000,0,0,1,23000
STU-2026-06054,Engineering,A,Bengaluru,9.45,6,SME,0.225,57,65,0.49,15000,0,1,1,159000
STU-2026-06055,Engineering,B,Hyderabad,7.91,5,MNC,0.375,65,60,0.66,25000,0,1,1,80000
STU-2026-06056,Nursing,C,Pune,7.39,0,None,0.0,0,68,0.48,20000,0,0,0,28000
STU-2026-06057,Nursing,B,Hyderabad,6.84,1,Startup,0.052,33,87,0.53,20000,0,0,1,49000
STU-2026-06058,Nursing,D,Hyderabad,7.48,0,None,0.0,0,91,0.76,10000,0,0,1,28000
STU-2026-06059,MBA,D,Chennai,5.48,1,Startup,0.052,39,48,0.51,30000,0,0,0,0
STU-2026-06060,MBA,B,Mumbai,6.87,0,None,0.0,63,63,0.55,20000,0,0,1,78000
STU-2026-06061,Nursing,C,Bengaluru,9.4,5,SME,0.188,29,75,0.52,20000,0,1,1,44000
STU-2026-06062,Nursing,A,Mumbai,7.63,6,Startup,0.315,100,50,0.35,25000,0,1,1,73000
STU-2026-06063,MBA,A,Bengaluru,7.68,2,MNC,0.15,100,81,0.59,10000,0,1,1,121000
STU-2026-06064,MBA,B,Pune,5.77,1,Startup,0.052,50,69,0.62,10000,0,0,1,51000
STU-2026-06065,MBA,B,Pune,8.42,5,MNC,0.375,27,66,0.55,10000,0,1,1,100000
STU-2026-06066,Nursing,D,Chennai,7.33,0,None,0.0,48,42,0.59,20000,0,0,0,0
STU-2026-06067,MBA,C,Hyderabad,7.22,2,MNC,0.15,22,88,0.58,30000,0,0,1,70000
STU-2026-06068,Engineering,D,Hyderabad,5.75,1,MNC,0.075,62,77,0.56,25000,0,0,0,34000
STU-2026-06069,Engineering,D,Delhi NCR,7.4,2,Startup,0.105,21,74,0.7,25000,0,0,1,39000
STU-2026-06070,MBA,D,Hyderabad,8.04,0,None,0.0,78,68,0.47,25000,0,0,0,41000
STU-2026-06071,MBA,B,Delhi NCR,6.57,4,MNC,0.3,26,98,0.65,15000,0,0,1,79000
STU-2026-06072,MBA,A,Pune,6.77,5,MNC,0.375,83,41,0.65,30000,0,0,1,112000
STU-2026-06073,MBA,B,Hyderabad,8.74,0,None,0.0,27,68,0.66,30000,0,1,1,82000
STU-2026-06074,Nursing,C,Bengaluru,7.39,0,None,0.0,25,99,0.44,25000,0,0,1,33000
STU-2026-06075,Engineering,B,Bengaluru,8.12,1,SME,0.037,76,78,0.52,25000,0,1,1,49000
STU-2026-06076,MBA,A,Delhi NCR,7.96,1,MNC,0.075,66,79,0.64,10000,0,0,1,101000
STU-2026-06077,Engineering,B,Hyderabad,6.84,0,None,0.0,34,57,0.6,20000,0,0,1,44000
STU-2026-06078,Nursing,A,Delhi NCR,7.3,6,MNC,0.45,48,75,0.72,25000,0,1,1,64000
STU-2026-06079,MBA,D,Hyderabad,5.32,0,None,0.0,45,85,0.78,10000,0,0,0,31000
STU-2026-06080,MBA,A,Mumbai,7.38,0,None,0.0,42,55,0.57,30000,0,0,1,130000
STU-2026-06081,MBA,A,Pune,7.83,3,Startup,0.157,80,60,0.82,30000,0,1,1,131000
STU-2026-06082,Engineering,C,Chennai,6.09,6,SME,0.225,64,75,0.56,30000,0,0,1,41000
STU-2026-06083,Engineering,C,Pune,6.41,0,None,0.0,62,67,0.41,10000,0,0,1,44000
STU-2026-06084,MBA,D,Hyderabad,4.8,4,Startup,0.21,85,91,0.54,15000,0,0,0,38000
STU-2026-06085,MBA,D,Bengaluru,5.16,5,SME,0.188,23,50,0.6,25000,0,0,1,37000
STU-2026-06086,Engineering,A,Bengaluru,9.01,4,MNC,0.3,53,71,0.48,25000,0,1,1,107000
STU-2026-06087,MBA,B,Chennai,7.34,0,None,0.0,55,65,0.81,20000,0,1,1,83000
STU-2026-06088,Nursing,D,Hyderabad,8.95,2,Startup,0.105,75,70,0.59,20000,0,0,1,33000
STU-2026-06089,Nursing,D,Mumbai,5.55,6,Startup,0.315,47,47,0.61,20000,0,0,0,25000
STU-2026-06090,Nursing,D,Hyderabad,7.03,0,None,0.0,31,45,0.48,25000,0,0,0,22000
STU-2026-06091,MBA,A,Mumbai,8.65,0,None,0.0,60,67,0.63,20000,0,1,1,118000
STU-2026-06092,MBA,A,Pune,7.86,2,SME,0.075,100,53,0.56,15000,0,1,1,87000
STU-2026-06093,Nursing,D,Mumbai,7.67,5,Startup,0.263,29,34,0.67,30000,0,0,0,33000
STU-2026-06094,MBA,D,Hyderabad,7.61,5,SME,0.188,31,64,0.85,30000,0,0,0,42000
STU-2026-06095,MBA,A,Mumbai,7.33,5,Startup,0.263,96,60,0.62,30000,0,1,1,130000
STU-2026-06096,MBA,B,Delhi NCR,7.49,4,SME,0.15,65,89,0.64,20000,0,0,1,84000
STU-2026-06097,Engineering,B,Pune,9.92,4,MNC,0.3,71,72,0.46,15000,0,1,1,108000
STU-2026-06098,MBA,B,Bengaluru,7.81,4,SME,0.15,62,100,0.69,25000,0,1,1,84000
STU-2026-06099,MBA,D,Delhi NCR,6.64,5,Startup,0.263,56,68,0.59,25000,0,0,1,44000
STU-2026-06100,MBA,C,Hyderabad,7.06,4,SME,0.15,42,85,0.54,10000,0,0,0,55000
STU-2026-06101,MBA,C,Chennai,7.28,2,Startup,0.105,64,60,0.65,25000,0,0,1,64000
STU-2026-06102,MBA,C,Chennai,5.85,0,None,0.0,23,77,0.76,15000,0,0,1,41000
STU-2026-06103,MBA,A,Delhi NCR,7.1,4,MNC,0.3,53,59,0.6,30000,0,0,1,113000
STU-2026-06104,Nursing,A,Hyderabad,7.39,6,SME,0.225,79,57,0.54,30000,0,1,1,65000
STU-2026-06105,Nursing,D,Delhi NCR,9.63,6,SME,0.225,63,70,0.64,20000,0,0,1,48000
STU-2026-06106,MBA,A,Bengaluru,8.61,3,Startup,0.157,59,78,0.67,30000,0,1,1,135000
STU-2026-06107,Engineering,D,Hyderabad,8.06,0,None,0.0,51,66,0.63,15000,0,0,1,41000
STU-2026-06108,Nursing,B,Bengaluru,6.34,3,Startup,0.157,72,77,0.72,30000,0,1,1,39000
STU-2026-06109,Engineering,B,Chennai,6.13,2,Startup,0.105,46,88,0.62,30000,0,0,1,60000
STU-2026-06110,MBA,C,Chennai,8.11,6,Startup,0.315,22,88,0.43,10000,0,0,1,80000
STU-2026-06111,MBA,B,Pune,8.65,3,MNC,0.225,68,66,0.58,20000,1,1,1,100000
STU-2026-06112,Engineering,D,Bengaluru,7.52,0,None,0.0,0,58,0.65,20000,0,0,0,0
STU-2026-06113,Engineering,C,Mumbai,7.46,0,None,0.0,22,54,0.53,15000,0,0,1,45000
STU-2026-06114,MBA,C,Hyderabad,5.71,0,None,0.0,59,82,0.56,30000,0,0,1,47000
STU-2026-06115,MBA,D,Bengaluru,7.82,0,None,0.0,23,52,0.43,20000,0,0,0,42000
STU-2026-06116,MBA,D,Delhi NCR,6.46,3,SME,0.113,39,96,0.57,25000,0,0,1,30000
STU-2026-06117,MBA,A,Bengaluru,9.98,2,Startup,0.105,34,59,0.67,15000,0,1,1,177000
STU-2026-06118,Nursing,D,Delhi NCR,7.66,0,None,0.0,38,86,0.72,30000,0,0,1,30000
STU-2026-06119,Engineering,A,Chennai,8.02,5,Startup,0.263,58,72,0.56,10000,0,1,1,120000
STU-2026-06120,Engineering,A,Mumbai,6.98,0,None,0.0,39,80,0.59,25000,0,1,1,76000
STU-2026-06121,MBA,A,Pune,7.13,1,SME,0.037,61,78,0.62,30000,0,0,1,91000
STU-2026-06122,MBA,A,Pune,7.75,5,Startup,0.263,33,48,0.64,30000,0,0,1,137000
STU-2026-06123,MBA,D,Hyderabad,6.09,2,SME,0.075,7,64,0.81,15000,0,0,0,41000
STU-2026-06124,Engineering,A,Pune,8.34,0,None,0.0,32,92,0.58,20000,0,0,1,79000
STU-2026-06125,Engineering,C,Pune,6.55,3,Startup,0.157,59,60,0.86,25000,0,0,1,47000
STU-2026-06126,Nursing,B,Delhi NCR,5.53,0,None,0.0,58,76,0.49,20000,0,0,1,33000
STU-2026-06127,Nursing,B,Pune,7.18,0,None,0.0,68,61,0.73,25000,0,1,1,42000
STU-2026-06128,Engineering,D,Hyderabad,7.53,0,None,0.0,3,92,0.59,25000,0,0,1,38000
STU-2026-06129,MBA,A,Pune,9.01,0,None,0.0,39,56,0.82,30000,0,0,1,97000
STU-2026-06130,Nursing,A,Bengaluru,8.23,2,SME,0.075,61,62,0.66,25000,0,1,1,68000
STU-2026-06131,Engineering,B,Hyderabad,7.23,0,None,0.0,60,63,0.43,15000,0,0,1,60000
STU-2026-06132,MBA,D,Delhi NCR,6.62,0,None,0.0,0,61,0.69,30000,0,0,0,0
STU-2026-06133,Nursing,C,Chennai,7.64,0,None,0.0,29,70,0.53,15000,0,0,0,40000
STU-2026-06134,Engineering,D,Pune,7.78,4,MNC,0.3,56,84,0.65,20000,0,1,1,42000
STU-2026-06135,Nursing,A,Pune,9.3,1,SME,0.037,86,76,0.57,25000,0,1,1,77000
STU-2026-06136,Nursing,C,Mumbai,8.82,4,Startup,0.21,11,85,0.55,10000,0,0,1,38000
STU-2026-06137,MBA,A,Pune,7.6,5,SME,0.188,73,82,0.62,20000,0,1,1,97000
STU-2026-06138,MBA,C,Hyderabad,6.87,1,MNC,0.075,31,73,0.57,20000,0,0,1,54000
STU-2026-06139,Nursing,C,Pune,7.22,0,None,0.0,71,65,0.65,20000,0,1,1,34000
STU-2026-06140,Nursing,C,Chennai,8.2,3,Startup,0.157,24,59,0.58,30000,0,0,1,47000
STU-2026-06141,Engineering,D,Bengaluru,5.92,5,MNC,0.375,38,86,0.62,15000,0,0,1,39000
STU-2026-06142,Engineering,D,Hyderabad,5.45,5,MNC,0.375,11,46,0.62,25000,0,0,1,38000
STU-2026-06143,MBA,B,Chennai,8.64,4,Startup,0.21,89,72,0.59,30000,1,1,1,87000
STU-2026-06144,MBA,C,Delhi NCR,5.39,1,SME,0.037,32,63,0.6,30000,0,0,0,42000
STU-2026-06145,Nursing,C,Chennai,6.12,1,MNC,0.075,71,52,0.59,15000,0,0,1,29000
STU-2026-06146,Nursing,A,Pune,8.94,3,Startup,0.157,65,68,0.67,10000,0,1,1,83000
STU-2026-06147,Nursing,C,Bengaluru,7.27,0,None,0.0,56,45,0.56,30000,0,0,1,30000
STU-2026-06148,Engineering,A,Chennai,7.97,2,SME,0.075,67,76,0.65,10000,0,1,1,69000
STU-2026-06149,Engineering,D,Pune,7.77,0,None,0.0,21,58,0.51,10000,0,0,1,37000
STU-2026-06150,Nursing,B,Bengaluru,7.84,4,Startup,0.21,74,69,0.7,20000,0,0,1,44000
STU-2026-06151,Engineering,B,Mumbai,6.36,6,SME,0.225,68,78,0.55,10000,0,0,1,69000
STU-2026-06152,MBA,C,Mumbai,5.97,6,Startup,0.315,47,60,0.71,15000,0,0,1,44000
STU-2026-06153,Engineering,A,Mumbai,7.99,0,None,0.0,18,84,0.8,30000,0,0,1,65000
STU-2026-06154,MBA,B,Mumbai,7.67,3,MNC,0.225,60,64,0.43,10000,0,1,1,99000
STU-2026-06155,MBA,B,Bengaluru,10.0,0,None,0.0,86,51,0.6,30000,0,1,1,83000
STU-2026-06156,Engineering,A,Chennai,8.82,5,MNC,0.375,74,89,0.68,10000,1,1,1,113000
STU-2026-06157,MBA,A,Chennai,7.17,0,None,0.0,64,64,0.57,15000,0,1,1,111000
STU-2026-06158,Engineering,C,Delhi NCR,5.32,6,Startup,0.315,35,64,0.63,15000,0,0,0,31000
STU-2026-06159,Nursing,C,Pune,6.66,4,SME,0.15,60,71,0.67,25000,0,0,1,39000
STU-2026-06160,Engineering,B,Delhi NCR,8.99,3,SME,0.113,45,83,0.65,20000,1,1,1,65000
STU-2026-06161,Engineering,A,Delhi NCR,8.11,5,MNC,0.375,39,55,0.64,25000,0,1,1,124000
STU-2026-06162,Engineering,B,Hyderabad,8.02,4,Startup,0.21,55,66,0.5,15000,0,0,1,71000
STU-2026-06163,Nursing,C,Mumbai,7.04,2,Startup,0.105,58,79,0.76,20000,0,0,1,32000
STU-2026-06164,Nursing,D,Chennai,5.74,0,None,0.0,72,62,0.72,30000,0,0,1,21000
STU-2026-06165,Nursing,A,Delhi NCR,8.43,5,MNC,0.375,61,65,0.56,15000,0,1,1,114000
STU-2026-06166,Engineering,A,Hyderabad,7.37,6,SME,0.225,64,81,0.57,20000,0,1,1,72000
STU-2026-06167,MBA,C,Chennai,8.39,4,MNC,0.3,68,69,0.51,20000,0,1,1,64000
STU-2026-06168,Engineering,C,Hyderabad,5.59,5,SME,0.188,39,93,0.66,10000,0,0,1,28000
STU-2026-06169,Nursing,C,Chennai,6.85,0,None,0.0,46,69,0.78,30000,0,0,1,19000
STU-2026-06170,Engineering,C,Delhi NCR,6.31,0,None,0.0,51,76,0.58,20000,0,0,1,25000
STU-2026-06171,Engineering,B,Delhi NCR,7.59,0,None,0.0,53,74,0.65,25000,0,1,1,48000
STU-2026-06172,Nursing,C,Delhi NCR,5.25,5,SME,0.188,26,59,0.52,15000,0,0,1,27000
STU-2026-06173,MBA,C,Hyderabad,9.17,1,SME,0.037,40,52,0.52,15000,0,0,1,56000
STU-2026-06174,Nursing,B,Pune,8.06,3,Startup,0.157,53,56,0.74,25000,0,0,1,46000
STU-2026-06175,MBA,D,Pune,6.71,0,None,0.0,27,100,0.71,30000,0,0,0,36000
STU-2026-06176,Engineering,C,Delhi NCR,4.38,1,MNC,0.075,43,59,0.61,15000,0,0,0,0
STU-2026-06177,Nursing,D,Bengaluru,6.77,6,SME,0.225,82,71,0.52,15000,0,0,1,28000
STU-2026-06178,MBA,D,Hyderabad,9.43,0,None,0.0,32,52,0.6,25000,0,0,1,58000
STU-2026-06179,Engineering,C,Delhi NCR,7.71,5,Startup,0.263,89,61,0.53,30000,0,0,1,61000
STU-2026-06180,MBA,D,Pune,5.74,6,MNC,0.45,62,63,0.77,25000,0,0,1,55000
STU-2026-06181,MBA,B,Bengaluru,8.4,3,Startup,0.157,71,53,0.65,25000,0,1,1,65000
STU-2026-06182,Engineering,B,Delhi NCR,9.06,2,Startup,0.105,53,92,0.59,10000,0,1,1,65000
STU-2026-06183,Engineering,D,Pune,7.06,0,None,0.0,44,65,0.51,30000,0,0,0,0
STU-2026-06184,Nursing,A,Pune,7.52,2,MNC,0.15,74,49,0.48,25000,0,0,1,69000
STU-2026-06185,Engineering,D,Pune,5.73,0,None,0.0,71,81,0.62,10000,0,0,1,23000
STU-2026-06186,MBA,C,Mumbai,5.88,2,Startup,0.105,58,84,0.67,10000,0,0,1,44000
STU-2026-06187,MBA,A,Mumbai,7.45,3,Startup,0.157,75,41,0.38,30000,0,0,1,75000
STU-2026-06188,Engineering,C,Delhi NCR,8.43,0,None,0.0,60,52,0.59,20000,0,0,1,52000
STU-2026-06189,MBA,D,Bengaluru,9.34,4,SME,0.15,37,60,0.49,15000,0,0,1,70000
STU-2026-06190,Engineering,C,Chennai,6.92,0,None,0.0,31,89,0.65,25000,0,0,1,35000
STU-2026-06191,MBA,A,Hyderabad,8.0,5,Startup,0.263,69,58,0.48,10000,0,1,1,129000
STU-2026-06192,MBA,A,Mumbai,9.29,6,MNC,0.45,37,73,0.57,20000,0,1,1,213000
STU-2026-06193,Engineering,A,Pune,8.26,0,None,0.0,42,83,0.68,20000,0,0,1,70000
STU-2026-06194,Nursing,D,Hyderabad,7.29,0,None,0.0,39,63,0.71,15000,0,0,0,27000
STU-2026-06195,Engineering,D,Hyderabad,8.21,0,None,0.0,32,43,0.56,25000,0,0,0,43000
STU-2026-06196,Nursing,D,Mumbai,6.17,5,SME,0.188,83,51,0.62,15000,0,0,1,30000
STU-2026-06197,Engineering,D,Mumbai,5.03,5,SME,0.188,51,66,0.75,30000,0,0,0,29000
STU-2026-06198,MBA,A,Mumbai,7.53,0,None,0.0,64,64,0.56,20000,0,0,1,103000
STU-2026-06199,Nursing,B,Hyderabad,6.42,0,None,0.0,38,47,0.49,10000,0,0,1,38000
STU-2026-06200,MBA,B,Bengaluru,8.16,0,None,0.0,39,73,0.54,25000,0,1,1,81000
STU-2026-06201,MBA,A,Mumbai,7.67,2,SME,0.075,81,78,0.46,15000,0,0,1,85000
STU-2026-06202,Nursing,B,Hyderabad,9.15,4,SME,0.15,40,98,0.49,10000,0,0,1,66000
STU-2026-06203,Engineering,A,Chennai,8.94,2,SME,0.075,71,80,0.52,30000,0,1,1,102000
STU-2026-06204,Nursing,D,Hyderabad,6.36,0,None,0.0,42,86,0.64,10000,0,0,0,0
STU-2026-06205,Nursing,B,Hyderabad,8.39,4,SME,0.15,76,64,0.61,10000,0,1,1,38000
STU-2026-06206,MBA,D,Pune,6.32,0,None,0.0,31,68,0.55,20000,0,0,0,32000
STU-2026-06207,Engineering,A,Hyderabad,8.93,5,SME,0.188,72,90,0.77,10000,1,1,1,90000
STU-2026-06208,Engineering,C,Bengaluru,7.21,4,Startup,0.21,22,100,0.66,20000,0,1,1,53000
STU-2026-06209,MBA,C,Bengaluru,4.0,4,Startup,0.21,20,60,0.56,20000,0,0,0,37000
STU-2026-06210,Engineering,C,Pune,4.0,2,SME,0.075,34,63,0.74,15000,0,0,0,24000
STU-2026-06211,MBA,D,Pune,7.07,0,None,0.0,0,80,0.56,30000,0,0,0,48000
STU-2026-06212,Nursing,C,Hyderabad,7.13,0,None,0.0,23,61,0.64,30000,0,0,1,31000
STU-2026-06213,MBA,D,Delhi NCR,5.36,0,None,0.0,14,59,0.58,30000,0,0,0,0
STU-2026-06214,Engineering,C,Pune,6.61,6,MNC,0.45,37,98,0.68,20000,0,1,1,59000
STU-2026-06215,MBA,D,Hyderabad,6.89,0,None,0.0,50,73,0.68,30000,0,0,0,44000
STU-2026-06216,Nursing,C,Bengaluru,7.0,0,None,0.0,0,71,0.47,20000,0,0,0,29000
STU-2026-06217,MBA,D,Pune,4.99,0,None,0.0,39,71,0.68,15000,0,0,0,30000
STU-2026-06218,Engineering,C,Mumbai,6.69,6,Startup,0.315,30,45,0.59,30000,0,0,1,43000
STU-2026-06219,Engineering,D,Delhi NCR,6.54,5,Startup,0.263,38,87,0.6,25000,0,0,1,38000
STU-2026-06220,MBA,A,Mumbai,7.81,5,MNC,0.375,37,66,0.64,15000,0,1,1,169000
STU-2026-06221,Nursing,B,Bengaluru,8.45,6,SME,0.225,85,40,0.76,15000,0,1,1,61000
STU-2026-06222,MBA,D,Hyderabad,7.88,0,None,0.0,41,54,0.74,15000,0,0,0,38000
STU-2026-06223,Engineering,B,Pune,7.27,4,SME,0.15,52,70,0.59,30000,0,1,1,66000
STU-2026-06224,MBA,A,Pune,7.51,1,MNC,0.075,46,64,0.56,30000,0,0,1,87000
STU-2026-06225,MBA,D,Delhi NCR,7.15,5,Startup,0.263,29,56,0.65,25000,0,0,1,50000
STU-2026-06226,Nursing,B,Mumbai,9.28,3,Startup,0.157,100,77,0.55,30000,0,1,1,49000
STU-2026-06227,MBA,C,Chennai,5.75,6,Startup,0.315,0,61,0.48,20000,0,0,1,48000
STU-2026-06228,MBA,D,Hyderabad,7.13,1,Startup,0.052,59,88,0.56,20000,0,0,1,45000
STU-2026-06229,Engineering,B,Pune,8.77,4,SME,0.15,76,90,0.43,25000,0,1,1,87000
STU-2026-06230,MBA,C,Hyderabad,7.5,0,None,0.0,37,63,0.68,25000,0,0,0,60000
STU-2026-06231,Engineering,B,Pune,7.59,0,None,0.0,50,78,0.56,25000,0,0,1,56000
STU-2026-06232,Engineering,C,Pune,7.69,0,None,0.0,44,41,0.46,20000,0,0,0,47000
STU-2026-06233,MBA,B,Mumbai,8.06,0,None,0.0,93,55,0.73,15000,0,0,1,75000
STU-2026-06234,Engineering,D,Pune,7.09,0,None,0.0,46,65,0.61,10000,0,0,0,37000
STU-2026-06235,MBA,B,Mumbai,7.75,1,SME,0.037,67,66,0.57,30000,0,1,1,92000
STU-2026-06236,Engineering,C,Chennai,5.13,1,Startup,0.052,4,74,0.57,25000,0,0,0,31000
STU-2026-06237,MBA,A,Bengaluru,8.7,5,Startup,0.263,54,52,0.52,10000,0,1,1,115000
STU-2026-06238,Nursing,A,Chennai,8.17,2,MNC,0.15,61,65,0.62,15000,0,0,1,62000
STU-2026-06239,Nursing,D,Pune,5.43,0,None,0.0,62,100,0.51,15000,0,0,0,17000
STU-2026-06240,Engineering,D,Chennai,7.07,6,MNC,0.45,25,74,0.67,20000,0,0,1,49000
STU-2026-06241,Engineering,B,Bengaluru,5.71,1,Startup,0.052,55,65,0.58,10000,0,0,1,41000
STU-2026-06242,Nursing,A,Chennai,7.99,1,MNC,0.075,65,74,0.61,20000,0,1,1,77000
STU-2026-06243,Engineering,B,Hyderabad,9.03,0,None,0.0,34,72,0.55,20000,0,1,1,67000
STU-2026-06244,MBA,D,Chennai,6.86,3,SME,0.113,52,66,0.77,25000,0,0,1,50000
STU-2026-06245,MBA,A,Delhi NCR,8.02,4,MNC,0.3,58,82,0.67,15000,0,1,1,137000
STU-2026-06246,MBA,D,Mumbai,7.37,3,MNC,0.225,37,76,0.59,20000,0,0,0,41000
STU-2026-06247,Nursing,B,Mumbai,8.47,1,SME,0.037,55,73,0.6,25000,0,0,1,46000
STU-2026-06248,MBA,C,Mumbai,7.19,0,None,0.0,51,100,0.55,25000,0,1,1,45000
STU-2026-06249,Engineering,A,Hyderabad,8.59,2,MNC,0.15,64,68,0.6,25000,0,1,1,115000
STU-2026-06250,Nursing,D,Delhi NCR,5.79,0,None,0.0,48,81,0.74,15000,0,0,1,22000
STU-2026-06251,MBA,A,Delhi NCR,7.69,2,MNC,0.15,44,53,0.48,10000,0,1,1,101000
STU-2026-06252,MBA,B,Mumbai,8.7,4,Startup,0.21,48,71,0.57,15000,0,0,1,114000
STU-2026-06253,Engineering,B,Pune,8.2,3,Startup,0.157,76,79,0.52,10000,0,1,1,75000
STU-2026-06254,Engineering,B,Bengaluru,9.04,4,Startup,0.21,68,85,0.55,20000,0,1,1,76000
STU-2026-06255,Nursing,A,Pune,8.39,3,Startup,0.157,53,83,0.69,20000,0,1,1,90000
STU-2026-06256,MBA,C,Bengaluru,9.65,0,None,0.0,31,68,0.72,15000,0,0,1,69000
STU-2026-06257,Engineering,B,Pune,9.4,4,SME,0.15,33,58,0.64,10000,0,0,1,76000
STU-2026-06258,Engineering,D,Chennai,6.34,0,None,0.0,64,80,0.43,10000,0,0,0,26000
STU-2026-06259,Engineering,C,Chennai,6.54,6,Startup,0.315,13,77,0.53,30000,0,0,1,49000
STU-2026-06260,MBA,A,Pune,7.42,3,Startup,0.157,88,91,0.63,10000,0,1,1,93000
STU-2026-06261,Engineering,B,Mumbai,8.57,1,Startup,0.052,76,58,0.53,25000,0,1,1,55000
STU-2026-06262,Nursing,B,Bengaluru,6.87,3,MNC,0.225,39,55,0.53,30000,0,1,1,35000
STU-2026-06263,Engineering,B,Mumbai,7.93,3,Startup,0.157,65,85,0.63,30000,0,1,1,60000
STU-2026-06264,MBA,C,Mumbai,7.99,4,Startup,0.21,52,63,0.69,25000,0,0,1,69000
STU-2026-06265,Engineering,D,Hyderabad,6.07,0,None,0.0,53,55,0.57,15000,0,0,0,29000
STU-2026-06266,Engineering,B,Mumbai,7.89,0,None,0.0,38,76,0.45,15000,0,1,1,54000
STU-2026-06267,MBA,C,Pune,8.06,3,SME,0.113,45,74,0.48,20000,0,0,1,65000
STU-2026-06268,Nursing,A,Hyderabad,8.58,0,None,0.0,58,72,0.51,10000,0,1,1,62000
STU-2026-06269,MBA,A,Chennai,7.64,3,SME,0.113,63,75,0.63,20000,0,1,1,116000
STU-2026-06270,Nursing,A,Delhi NCR,8.39,0,None,0.0,62,72,0.72,30000,0,0,1,62000
STU-2026-06271,Engineering,B,Delhi NCR,7.84,3,SME,0.113,28,91,0.63,15000,0,1,1,76000
STU-2026-06272,Engineering,D,Bengaluru,7.29,1,Startup,0.052,0,72,0.62,25000,0,0,0,26000
STU-2026-06273,Nursing,C,Chennai,7.35,0,None,0.0,9,100,0.63,25000,0,0,1,32000
STU-2026-06274,Nursing,A,Mumbai,8.8,5,Startup,0.263,61,85,0.4,10000,0,1,1,94000
STU-2026-06275,MBA,C,Bengaluru,6.62,0,None,0.0,30,66,0.63,25000,0,0,1,43000
STU-2026-06276,Engineering,B,Mumbai,5.8,1,SME,0.037,100,80,0.56,20000,0,1,1,51000
STU-2026-06277,MBA,A,Mumbai,8.59,3,SME,0.113,50,80,0.71,30000,0,0,1,127000
STU-2026-06278,Engineering,B,Bengaluru,7.8,6,SME,0.225,65,71,0.72,25000,0,1,1,71000
STU-2026-06279,Engineering,D,Chennai,7.18,5,Startup,0.263,36,49,0.62,25000,0,0,1,39000
STU-2026-06280,Nursing,A,Pune,8.09,4,Startup,0.21,0,88,0.69,10000,0,0,1,68000
STU-2026-06281,MBA,A,Pune,9.36,2,SME,0.075,37,77,0.55,30000,0,1,1,130000
STU-2026-06282,Engineering,A,Chennai,7.97,0,None,0.0,68,63,0.42,10000,0,0,1,69000
STU-2026-06283,Nursing,C,Chennai,4.88,0,None,0.0,49,67,0.64,30000,0,0,1,23000
STU-2026-06284,Engineering,D,Hyderabad,7.29,2,MNC,0.15,16,79,0.62,10000,0,0,1,38000
STU-2026-06285,MBA,B,Pune,7.88,4,MNC,0.3,58,71,0.6,30000,0,1,1,98000
STU-2026-06286,Nursing,C,Chennai,7.55,0,None,0.0,30,83,0.67,25000,0,0,1,28000
STU-2026-06287,MBA,C,Delhi NCR,7.34,6,Startup,0.315,25,54,0.77,30000,0,0,1,53000
STU-2026-06288,Engineering,C,Pune,5.86,0,None,0.0,46,71,0.79,25000,0,0,0,35000
STU-2026-06289,MBA,C,Mumbai,8.15,4,MNC,0.3,24,81,0.42,10000,0,1,1,87000
STU-2026-06290,MBA,C,Pune,5.98,0,None,0.0,61,90,0.47,15000,0,0,0,51000
STU-2026-06291,MBA,A,Hyderabad,8.25,2,Startup,0.105,69,71,0.69,10000,0,1,1,119000
STU-2026-06292,Engineering,D,Chennai,4.28,1,MNC,0.075,56,81,0.48,30000,0,0,0,0
STU-2026-06293,MBA,A,Chennai,8.61,0,None,0.0,64,40,0.52,30000,0,1,1,122000
STU-2026-06294,Engineering,D,Mumbai,6.1,1,SME,0.037,36,57,0.73,20000,0,0,0,26000
STU-2026-06295,Nursing,A,Hyderabad,7.27,0,None,0.0,35,97,0.58,25000,0,0,1,54000
STU-2026-06296,Engineering,A,Bengaluru,7.7,4,SME,0.15,58,71,0.6,25000,0,0,1,103000
STU-2026-06297,Nursing,B,Hyderabad,6.95,0,None,0.0,47,59,0.49,30000,0,0,1,44000
STU-2026-06298,MBA,D,Pune,5.93,1,MNC,0.075,0,55,0.56,20000,0,0,0,0
STU-2026-06299,Nursing,D,Bengaluru,6.08,5,MNC,0.375,26,70,0.45,10000,0,0,1,36000
STU-2026-06300,Engineering,C,Pune,8.51,6,SME,0.225,25,80,0.66,25000,0,0,1,61000
STU-2026-06301,MBA,D,Mumbai,7.62,4,MNC,0.3,62,58,0.67,20000,0,1,1,64000
STU-2026-06302,Nursing,C,Pune,8.64,5,SME,0.188,0,79,0.63,10000,0,0,1,37000
STU-2026-06303,Nursing,B,Bengaluru,6.99,0,None,0.0,78,54,0.62,10000,0,0,1,38000
STU-2026-06304,Engineering,C,Pune,7.49,0,None,0.0,12,58,0.59,30000,0,0,0,51000
STU-2026-06305,Nursing,D,Delhi NCR,5.84,6,SME,0.225,60,57,0.67,15000,0,0,0,30000
STU-2026-06306,MBA,A,Mumbai,9.11,1,Startup,0.052,49,58,0.65,25000,0,0,1,124000
STU-2026-06307,Nursing,C,Chennai,5.83,6,Startup,0.315,34,60,0.52,15000,0,0,1,37000
STU-2026-06308,MBA,A,Hyderabad,7.02,0,None,0.0,42,83,0.7,10000,0,0,1,100000
STU-2026-06309,MBA,D,Delhi NCR,7.12,3,Startup,0.157,0,64,0.59,25000,0,0,0,38000
STU-2026-06310,Nursing,B,Delhi NCR,6.74,5,SME,0.188,48,62,0.55,20000,0,0,1,47000
STU-2026-06311,Nursing,C,Bengaluru,8.93,3,Startup,0.157,62,90,0.55,30000,0,0,1,50000
STU-2026-06312,Nursing,D,Mumbai,6.78,0,None,0.0,58,57,0.66,15000,0,0,0,22000
STU-2026-06313,Engineering,A,Hyderabad,7.91,6,Startup,0.315,70,82,0.56,20000,0,1,1,112000
STU-2026-06314,MBA,A,Bengaluru,8.79,4,MNC,0.3,80,97,0.55,30000,1,1,1,149000
STU-2026-06315,Engineering,D,Hyderabad,5.49,2,Startup,0.105,24,77,0.67,15000,0,0,0,25000
STU-2026-06316,Nursing,A,Bengaluru,7.77,2,SME,0.075,43,42,0.38,25000,0,0,1,67000
STU-2026-06317,Nursing,B,Mumbai,8.16,4,SME,0.15,33,50,0.55,15000,0,0,1,60000
STU-2026-06318,Nursing,D,Delhi NCR,7.66,0,None,0.0,31,75,0.52,20000,0,0,1,26000
STU-2026-06319,MBA,B,Pune,8.9,1,MNC,0.075,70,58,0.52,30000,0,1,1,68000
STU-2026-06320,Nursing,C,Hyderabad,6.52,3,Startup,0.157,36,77,0.66,30000,0,0,1,24000
STU-2026-06321,Engineering,A,Bengaluru,7.22,4,SME,0.15,48,80,0.66,30000,0,1,1,116000
STU-2026-06322,Engineering,C,Chennai,8.67,0,None,0.0,71,81,0.65,25000,0,0,1,36000
STU-2026-06323,Engineering,B,Bengaluru,6.45,0,None,0.0,56,72,0.59,15000,0,0,1,33000
STU-2026-06324,Engineering,D,Chennai,7.41,0,None,0.0,42,67,0.69,25000,0,0,0,33000
STU-2026-06325,MBA,A,Bengaluru,8.43,3,SME,0.113,43,40,0.48,25000,0,1,1,116000
STU-2026-06326,MBA,A,Delhi NCR,8.19,4,SME,0.15,47,50,0.61,25000,0,1,1,133000
STU-2026-06327,Nursing,D,Hyderabad,5.9,0,None,0.0,0,31,0.56,20000,0,0,0,0
STU-2026-06328,Engineering,A,Bengaluru,8.01,2,Startup,0.105,49,46,0.41,20000,0,1,1,88000
STU-2026-06329,Engineering,C,Bengaluru,6.36,6,MNC,0.45,1,56,0.6,10000,0,0,1,51000
STU-2026-06330,Nursing,C,Pune,8.46,0,None,0.0,26,89,0.62,30000,0,0,1,41000
STU-2026-06331,Engineering,D,Bengaluru,6.05,0,None,0.0,32,52,0.69,20000,0,0,0,32000
STU-2026-06332,Nursing,A,Chennai,8.36,4,SME,0.15,82,59,0.7,20000,0,1,1,74000
STU-2026-06333,MBA,C,Pune,7.67,0,None,0.0,98,82,0.69,30000,0,0,1,56000
STU-2026-06334,MBA,B,Bengaluru,7.4,4,SME,0.15,88,68,0.73,25000,0,0,1,96000
STU-2026-06335,MBA,A,Hyderabad,7.51,3,MNC,0.225,77,57,0.66,25000,0,1,1,137000
STU-2026-06336,Nursing,C,Bengaluru,7.81,5,SME,0.188,25,79,0.69,20000,0,0,1,34000
STU-2026-06337,MBA,A,Mumbai,7.34,1,MNC,0.075,36,54,0.69,20000,0,1,1,76000
STU-2026-06338,Engineering,D,Chennai,6.19,3,SME,0.113,11,83,0.56,15000,0,0,0,0
STU-2026-06339,MBA,C,Hyderabad,7.0,0,None,0.0,55,56,0.57,10000,0,0,0,59000
STU-2026-06340,Engineering,A,Hyderabad,7.85,6,SME,0.225,46,69,0.58,25000,0,1,1,117000
STU-2026-06341,Nursing,A,Bengaluru,9.18,6,SME,0.225,52,75,0.75,15000,1,1,1,75000
STU-2026-06342,MBA,D,Delhi NCR,7.51,0,None,0.0,51,84,0.72,20000,0,0,0,38000
STU-2026-06343,Nursing,A,Mumbai,8.93,0,None,0.0,63,37,0.43,25000,0,1,1,78000
STU-2026-06344,Engineering,B,Delhi NCR,6.15,4,MNC,0.3,82,67,0.5,10000,0,0,1,48000
STU-2026-06345,MBA,C,Chennai,6.06,0,None,0.0,0,69,0.66,15000,0,0,0,0
STU-2026-06346,MBA,C,Delhi NCR,6.82,0,None,0.0,20,80,0.37,15000,0,0,1,35000
STU-2026-06347,Engineering,B,Mumbai,7.29,3,SME,0.113,46,65,0.45,20000,0,1,1,49000
STU-2026-06348,MBA,B,Bengaluru,6.29,5,Startup,0.263,96,75,0.47,10000,0,1,1,71000
STU-2026-06349,MBA,A,Pune,6.85,3,MNC,0.225,45,70,0.73,20000,0,1,1,106000
STU-2026-06350,MBA,D,Mumbai,5.82,5,Startup,0.263,67,84,0.68,20000,0,0,1,32000
STU-2026-06351,MBA,A,Chennai,9.07,4,MNC,0.3,61,65,0.64,15000,0,1,1,127000
STU-2026-06352,Nursing,A,Mumbai,7.94,3,MNC,0.225,22,71,0.73,25000,0,0,1,76000
STU-2026-06353,Engineering,C,Bengaluru,7.6,0,None,0.0,60,59,0.49,10000,0,0,1,51000
STU-2026-06354,Nursing,B,Mumbai,5.79,2,Startup,0.105,36,63,0.5,10000,0,0,1,43000
STU-2026-06355,MBA,C,Pune,5.36,0,None,0.0,36,70,0.57,30000,0,0,0,0
STU-2026-06356,Engineering,C,Pune,6.03,0,None,0.0,24,80,0.64,10000,0,0,0,32000
STU-2026-06357,Nursing,C,Delhi NCR,6.2,0,None,0.0,89,74,0.49,15000,0,0,1,25000
STU-2026-06358,Nursing,B,Pune,7.86,6,MNC,0.45,70,73,0.58,15000,0,1,1,62000
STU-2026-06359,Nursing,C,Hyderabad,4.66,1,Startup,0.052,38,61,0.43,25000,0,0,1,22000
STU-2026-06360,Nursing,C,Hyderabad,6.82,0,None,0.0,31,81,0.48,30000,0,0,0,25000
STU-2026-06361,Engineering,C,Chennai,7.67,0,None,0.0,19,87,0.59,15000,0,0,1,46000
STU-2026-06362,Nursing,A,Chennai,9.05,6,Startup,0.315,41,84,0.41,30000,0,1,1,84000
STU-2026-06363,Engineering,B,Mumbai,6.1,1,SME,0.037,42,60,0.58,10000,0,0,1,48000
STU-2026-06364,Nursing,C,Bengaluru,5.8,5,Startup,0.263,28,66,0.62,30000,0,0,1,35000
STU-2026-06365,Engineering,C,Mumbai,7.08,0,None,0.0,51,75,0.57,10000,0,0,1,35000
STU-2026-06366,Engineering,C,Chennai,4.34,5,SME,0.188,14,91,0.57,15000,0,0,0,28000
STU-2026-06367,Nursing,A,Delhi NCR,8.65,4,Startup,0.21,61,69,0.66,15000,0,1,1,85000
STU-2026-06368,Engineering,A,Bengaluru,8.06,1,MNC,0.075,58,58,0.58,25000,0,1,1,104000
STU-2026-06369,MBA,A,Bengaluru,6.85,0,None,0.0,78,44,0.65,30000,0,0,1,96000
STU-2026-06370,Nursing,C,Chennai,6.65,0,None,0.0,4,90,0.68,30000,0,0,1,26000
STU-2026-06371,Nursing,D,Pune,7.77,0,None,0.0,8,37,0.44,20000,0,0,0,0
STU-2026-06372,Nursing,A,Chennai,7.6,4,MNC,0.3,51,64,0.54,30000,0,0,1,78000
STU-2026-06373,Engineering,B,Chennai,7.24,6,Startup,0.315,46,91,0.58,30000,0,1,1,79000
STU-2026-06374,Engineering,D,Delhi NCR,5.01,6,SME,0.225,39,82,0.59,30000,0,0,0,26000
STU-2026-06375,Engineering,C,Bengaluru,7.03,6,MNC,0.45,0,50,0.8,30000,0,0,1,71000
STU-2026-06376,Nursing,A,Mumbai,8.89,0,None,0.0,68,65,0.64,10000,0,1,1,77000
STU-2026-06377,Nursing,C,Bengaluru,7.0,0,None,0.0,36,77,0.55,20000,0,0,1,27000
STU-2026-06378,MBA,B,Bengaluru,7.15,5,Startup,0.263,39,63,0.53,10000,0,1,1,73000
STU-2026-06379,Nursing,B,Bengaluru,7.88,6,Startup,0.315,41,71,0.63,25000,0,0,1,46000
STU-2026-06380,Engineering,D,Pune,5.65,6,MNC,0.45,7,71,0.62,15000,0,0,0,38000
STU-2026-06381,Engineering,B,Delhi NCR,7.08,3,MNC,0.225,58,61,0.65,15000,0,1,1,72000
STU-2026-06382,Nursing,D,Pune,8.47,4,Startup,0.21,5,60,0.66,25000,0,0,1,39000
STU-2026-06383,Engineering,C,Bengaluru,5.57,6,MNC,0.45,29,75,0.58,30000,0,0,1,44000
STU-2026-06384,Nursing,D,Chennai,6.78,4,SME,0.15,13,85,0.56,25000,0,0,0,31000
STU-2026-06385,MBA,C,Mumbai,6.65,6,Startup,0.315,65,55,0.64,25000,0,0,1,55000
STU-2026-06386,Engineering,A,Mumbai,8.06,3,MNC,0.225,57,73,0.65,20000,0,1,1,101000
STU-2026-06387,Nursing,A,Mumbai,9.47,2,SME,0.075,81,82,0.58,10000,1,1,1,91000
STU-2026-06388,MBA,A,Mumbai,8.23,5,SME,0.188,64,63,0.64,25000,0,1,1,139000
STU-2026-06389,Engineering,C,Pune,6.58,2,Startup,0.105,3,74,0.67,20000,0,0,0,41000
STU-2026-06390,Engineering,D,Delhi NCR,8.41,0,None,0.0,10,66,0.75,10000,0,0,1,35000
STU-2026-06391,MBA,B,Hyderabad,7.49,0,None,0.0,77,67,0.66,25000,0,1,1,73000
STU-2026-06392,Nursing,B,Hyderabad,8.16,6,MNC,0.45,54,56,0.65,15000,0,1,1,61000
STU-2026-06393,Nursing,A,Hyderabad,8.62,0,None,0.0,86,68,0.6,30000,0,1,1,64000
STU-2026-06394,Nursing,B,Pune,7.72,6,SME,0.225,60,65,0.67,15000,0,1,1,73000
STU-2026-06395,MBA,D,Hyderabad,7.05,0,None,0.0,0,53,0.65,10000,0,0,0,37000
STU-2026-06396,MBA,B,Chennai,6.26,3,Startup,0.157,50,73,0.64,15000,0,0,1,75000
STU-2026-06397,Engineering,C,Hyderabad,5.37,0,None,0.0,51,75,0.51,10000,0,0,0,32000
STU-2026-06398,Nursing,D,Chennai,6.13,2,SME,0.075,35,80,0.65,10000,0,0,0,22000
STU-2026-06399,Nursing,B,Delhi NCR,6.57,6,Startup,0.315,77,93,0.52,10000,0,1,1,55000
STU-2026-06400,MBA,A,Pune,8.22,6,MNC,0.45,71,71,0.49,25000,0,1,1,179000
STU-2026-06401,MBA,C,Mumbai,7.18,5,Startup,0.263,81,43,0.64,30000,0,0,1,56000
STU-2026-06402,MBA,D,Bengaluru,8.4,4,Startup,0.21,34,65,0.63,30000,0,0,0,70000
STU-2026-06403,MBA,D,Bengaluru,9.09,2,SME,0.075,63,76,0.58,10000,0,0,1,66000
STU-2026-06404,MBA,C,Mumbai,7.9,3,SME,0.113,51,75,0.63,20000,0,0,1,86000
STU-2026-06405,Nursing,C,Delhi NCR,6.46,2,Startup,0.105,29,87,0.6,30000,0,0,1,37000
STU-2026-06406,MBA,C,Mumbai,7.61,0,None,0.0,58,49,0.64,15000,0,0,0,51000
STU-2026-06407,Nursing,A,Chennai,8.34,1,Startup,0.052,59,80,0.68,20000,0,1,1,54000
STU-2026-06408,Engineering,D,Bengaluru,9.64,3,MNC,0.225,39,88,0.35,10000,0,0,1,42000
STU-2026-06409,Engineering,D,Pune,5.77,0,None,0.0,41,65,0.73,10000,0,0,1,23000
STU-2026-06410,Nursing,B,Pune,7.01,3,SME,0.113,39,87,0.62,30000,0,0,1,45000
STU-2026-06411,Engineering,C,Chennai,6.43,0,None,0.0,19,71,0.57,10000,0,0,1,28000
STU-2026-06412,MBA,B,Pune,7.69,2,MNC,0.15,46,72,0.69,15000,0,0,1,97000
STU-2026-06413,MBA,B,Pune,5.76,4,SME,0.15,91,89,0.51,25000,0,0,1,48000
STU-2026-06414,Engineering,B,Chennai,8.42,0,None,0.0,53,64,0.49,30000,0,1,1,53000
STU-2026-06415,Engineering,B,Hyderabad,7.52,0,None,0.0,64,64,0.54,10000,0,0,1,61000
STU-2026-06416,Nursing,B,Delhi NCR,7.15,3,SME,0.113,93,58,0.68,25000,0,0,1,39000
STU-2026-06417,Nursing,C,Bengaluru,5.82,1,MNC,0.075,12,74,0.59,15000,0,0,0,0
STU-2026-06418,MBA,C,Hyderabad,9.19,0,None,0.0,44,70,0.73,25000,0,1,1,63000
STU-2026-06419,Engineering,A,Mumbai,6.64,2,MNC,0.15,71,56,0.72,10000,0,0,1,73000
STU-2026-06420,Engineering,D,Bengaluru,5.19,1,Startup,0.052,8,68,0.58,20000,0,0,0,0
STU-2026-06421,Nursing,C,Chennai,9.26,1,MNC,0.075,55,70,0.32,30000,0,0,1,62000
STU-2026-06422,Engineering,A,Bengaluru,8.05,3,SME,0.113,44,72,0.46,20000,0,1,1,113000
STU-2026-06423,Nursing,A,Chennai,7.66,0,None,0.0,47,69,0.55,10000,0,0,1,56000
STU-2026-06424,Engineering,A,Hyderabad,7.73,0,None,0.0,87,87,0.74,10000,0,1,1,82000
STU-2026-06425,Nursing,C,Mumbai,5.75,4,MNC,0.3,73,75,0.48,15000,0,0,1,26000
STU-2026-06426,Nursing,C,Pune,4.34,0,None,0.0,50,51,0.52,30000,0,0,0,18000
STU-2026-06427,MBA,D,Chennai,5.94,2,MNC,0.15,78,47,0.45,10000,0,0,1,35000
STU-2026-06428,MBA,D,Mumbai,6.0,0,None,0.0,13,75,0.62,15000,0,0,0,31000
STU-2026-06429,Engineering,C,Bengaluru,5.9,6,Startup,0.315,36,84,0.76,20000,0,0,1,48000
STU-2026-06430,Engineering,B,Delhi NCR,8.48,1,MNC,0.075,36,59,0.65,25000,0,0,1,71000
STU-2026-06431,MBA,A,Mumbai,8.98,3,Startup,0.157,76,54,0.6,10000,0,1,1,118000
STU-2026-06432,Engineering,A,Chennai,6.83,2,MNC,0.15,63,43,0.64,15000,0,1,1,87000
STU-2026-06433,MBA,C,Delhi NCR,6.86,4,SME,0.15,78,75,0.51,20000,0,0,1,73000
STU-2026-06434,Engineering,A,Chennai,7.33,2,SME,0.075,32,79,0.58,15000,0,0,1,66000
STU-2026-06435,Nursing,B,Hyderabad,5.55,4,SME,0.15,31,94,0.6,25000,0,0,0,42000
STU-2026-06436,Engineering,A,Pune,9.19,1,SME,0.037,85,64,0.57,30000,0,1,1,119000
STU-2026-06437,Nursing,D,Chennai,6.13,4,Startup,0.21,21,80,0.72,25000,0,0,1,28000
STU-2026-06438,MBA,D,Delhi NCR,6.93,2,SME,0.075,34,58,0.48,25000,0,0,0,36000
STU-2026-06439,MBA,A,Bengaluru,8.43,5,SME,0.188,84,73,0.51,10000,0,1,1,134000
STU-2026-06440,Nursing,B,Hyderabad,7.99,6,MNC,0.45,50,87,0.71,10000,0,1,1,72000
STU-2026-06441,MBA,D,Bengaluru,8.12,0,None,0.0,28,69,0.61,20000,0,0,0,49000
STU-2026-06442,Engineering,C,Delhi NCR,8.03,0,None,0.0,36,75,0.74,30000,0,0,1,48000
STU-2026-06443,MBA,A,Chennai,7.74,4,SME,0.15,48,75,0.62,15000,0,1,1,116000
STU-2026-06444,MBA,A,Hyderabad,8.57,6,MNC,0.45,93,86,0.63,25000,1,1,1,153000
STU-2026-06445,Nursing,D,Delhi NCR,6.61,1,MNC,0.075,52,71,0.68,10000,0,0,1,24000
STU-2026-06446,MBA,D,Delhi NCR,4.39,5,MNC,0.375,91,60,0.62,30000,0,0,1,42000
STU-2026-06447,Engineering,C,Bengaluru,8.97,6,MNC,0.45,31,88,0.62,10000,1,1,1,87000
STU-2026-06448,MBA,C,Delhi NCR,6.59,2,SME,0.075,20,31,0.67,15000,0,0,1,56000
STU-2026-06449,MBA,A,Chennai,6.32,3,MNC,0.225,35,77,0.78,25000,0,1,1,116000
STU-2026-06450,Engineering,C,Pune,5.56,1,MNC,0.075,45,66,0.72,10000,0,0,0,43000
STU-2026-06451,Nursing,D,Chennai,6.43,0,None,0.0,13,54,0.54,20000,0,0,0,20000
STU-2026-06452,Engineering,D,Hyderabad,5.82,2,MNC,0.15,62,22,0.56,20000,0,0,0,0
STU-2026-06453,MBA,C,Chennai,5.76,0,None,0.0,46,67,0.57,15000,0,0,1,41000
STU-2026-06454,Nursing,C,Delhi NCR,8.97,0,None,0.0,58,55,0.79,10000,0,0,1,49000
STU-2026-06455,MBA,D,Pune,6.48,0,None,0.0,47,76,0.58,30000,0,0,1,48000
STU-2026-06456,Nursing,B,Chennai,5.21,6,MNC,0.45,76,57,0.34,10000,0,0,1,45000
STU-2026-06457,Engineering,A,Pune,8.74,6,SME,0.225,67,83,0.54,10000,0,1,1,122000
STU-2026-06458,MBA,A,Hyderabad,9.28,1,MNC,0.075,61,67,0.59,15000,0,1,1,143000
STU-2026-06459,MBA,D,Mumbai,5.05,3,SME,0.113,50,71,0.44,25000,0,0,0,0
STU-2026-06460,Nursing,A,Delhi NCR,7.52,0,None,0.0,53,92,0.59,10000,0,1,1,69000
STU-2026-06461,Nursing,C,Hyderabad,8.09,0,None,0.0,40,59,0.65,25000,0,0,1,44000
STU-2026-06462,Engineering,D,Delhi NCR,7.84,2,Startup,0.105,45,78,0.62,15000,0,0,1,43000
STU-2026-06463,MBA,C,Pune,6.51,0,None,0.0,88,60,0.65,20000,0,0,1,41000
STU-2026-06464,Nursing,D,Pune,4.66,0,None,0.0,50,62,0.71,10000,0,0,0,16000
STU-2026-06465,Engineering,D,Pune,5.11,2,MNC,0.15,55,60,0.46,15000,0,0,0,22000
STU-2026-06466,MBA,D,Mumbai,4.29,6,Startup,0.315,72,62,0.43,15000,0,0,0,29000
STU-2026-06467,Engineering,D,Bengaluru,8.17,0,None,0.0,0,50,0.7,25000,0,0,0,39000
STU-2026-06468,Nursing,D,Hyderabad,6.21,5,Startup,0.263,91,51,0.63,20000,0,0,1,25000
STU-2026-06469,Nursing,A,Bengaluru,7.6,1,Startup,0.052,75,85,0.52,15000,0,1,1,62000
STU-2026-06470,Nursing,A,Pune,8.61,5,SME,0.188,90,82,0.6,30000,0,1,1,111000
STU-2026-06471,Nursing,B,Delhi NCR,6.71,5,MNC,0.375,66,78,0.66,20000,1,1,1,52000
STU-2026-06472,MBA,A,Delhi NCR,8.12,1,MNC,0.075,91,68,0.69,15000,0,1,1,128000
STU-2026-06473,Engineering,A,Hyderabad,8.78,3,MNC,0.225,52,42,0.43,15000,0,0,1,109000
STU-2026-06474,Engineering,A,Delhi NCR,6.32,6,Startup,0.315,57,72,0.69,20000,0,1,1,97000
STU-2026-06475,Engineering,A,Bengaluru,8.53,5,MNC,0.375,54,68,0.51,25000,0,1,1,92000
STU-2026-06476,Engineering,A,Bengaluru,9.05,4,Startup,0.21,41,72,0.63,15000,0,1,1,84000
STU-2026-06477,Nursing,B,Delhi NCR,7.17,6,Startup,0.315,71,96,0.6,20000,0,1,1,69000
STU-2026-06478,Engineering,C,Bengaluru,7.76,0,None,0.0,74,52,0.65,20000,0,0,1,36000
STU-2026-06479,Engineering,B,Bengaluru,8.08,0,None,0.0,73,63,0.74,20000,0,0,1,58000
STU-2026-06480,MBA,A,Chennai,8.17,0,None,0.0,55,89,0.5,30000,0,1,1,86000
STU-2026-06481,Engineering,B,Mumbai,9.38,4,MNC,0.3,54,58,0.57,15000,0,1,1,100000
STU-2026-06482,Nursing,D,Chennai,6.11,1,MNC,0.075,30,48,0.61,20000,0,0,1,21000
STU-2026-06483,Engineering,B,Mumbai,8.14,3,Startup,0.157,48,54,0.67,15000,0,1,1,76000
STU-2026-06484,Nursing,D,Pune,6.3,2,SME,0.075,31,99,0.63,20000,0,0,0,23000
STU-2026-06485,Engineering,C,Chennai,7.06,0,None,0.0,52,93,0.73,25000,0,0,1,40000
STU-2026-06486,Engineering,A,Pune,8.52,0,None,0.0,48,85,0.58,20000,0,1,1,110000
STU-2026-06487,Nursing,C,Delhi NCR,7.46,4,SME,0.15,46,62,0.59,10000,0,0,1,40000
STU-2026-06488,Nursing,C,Delhi NCR,4.24,0,None,0.0,64,81,0.61,25000,0,0,0,18000
STU-2026-06489,MBA,B,Pune,5.73,6,SME,0.225,76,68,0.75,30000,0,1,1,67000
STU-2026-06490,MBA,A,Hyderabad,8.52,0,None,0.0,40,63,0.61,30000,0,1,1,100000
STU-2026-06491,Nursing,C,Mumbai,6.46,0,None,0.0,41,100,0.57,15000,0,0,1,27000
STU-2026-06492,Engineering,B,Delhi NCR,9.0,5,MNC,0.375,91,99,0.61,20000,1,1,1,77000
STU-2026-06493,Nursing,A,Chennai,7.92,6,SME,0.225,38,77,0.6,20000,0,1,1,65000
STU-2026-06494,Nursing,B,Hyderabad,8.35,3,MNC,0.225,12,66,0.59,25000,0,0,1,60000
STU-2026-06495,MBA,A,Pune,8.06,5,MNC,0.375,71,100,0.63,30000,1,1,1,172000
STU-2026-06496,Nursing,D,Bengaluru,7.39,0,None,0.0,18,45,0.64,20000,0,0,0,30000
STU-2026-06497,Engineering,C,Bengaluru,6.23,0,None,0.0,40,53,0.57,25000,0,0,0,31000
STU-2026-06498,MBA,D,Pune,6.74,0,None,0.0,25,100,0.68,20000,0,0,1,38000
STU-2026-06499,Nursing,D,Delhi NCR,6.93,2,MNC,0.15,29,100,0.59,20000,0,0,1,24000
STU-2026-06500,MBA,C,Mumbai,7.2,0,None,0.0,76,86,0.52,10000,0,0,1,61000
STU-2026-06501,MBA,B,Pune,9.6,4,MNC,0.3,57,88,0.45,25000,0,1,1,98000
STU-2026-06502,MBA,C,Bengaluru,7.29,0,None,0.0,36,74,0.72,30000,0,0,1,53000
STU-2026-06503,Engineering,C,Chennai,5.19,6,Startup,0.315,69,86,0.64,10000,0,0,1,36000
STU-2026-06504,Nursing,A,Bengaluru,7.08,0,None,0.0,66,81,0.8,20000,0,1,1,57000
STU-2026-06505,Engineering,D,Bengaluru,8.14,3,Startup,0.157,69,61,0.57,15000,0,0,1,37000
STU-2026-06506,Nursing,D,Mumbai,8.57,0,None,0.0,42,69,0.62,25000,0,0,1,28000
STU-2026-06507,Engineering,B,Bengaluru,6.74,6,Startup,0.315,91,61,0.51,25000,0,1,1,87000
STU-2026-06508,Engineering,D,Hyderabad,5.81,0,None,0.0,58,66,0.62,15000,0,0,1,20000
STU-2026-06509,MBA,A,Chennai,7.48,2,MNC,0.15,78,71,0.62,25000,0,1,1,96000
STU-2026-06510,Engineering,B,Bengaluru,8.56,6,MNC,0.45,76,74,0.65,30000,1,1,1,84000
STU-2026-06511,MBA,B,Chennai,8.16,5,SME,0.188,95,80,0.58,20000,1,1,1,93000
STU-2026-06512,MBA,B,Pune,8.9,3,MNC,0.225,52,86,0.55,15000,0,1,1,92000
STU-2026-06513,MBA,A,Pune,9.72,3,SME,0.113,56,53,0.61,25000,0,1,1,138000
STU-2026-06514,Nursing,C,Delhi NCR,5.82,3,SME,0.113,66,89,0.44,20000,0,0,1,27000
STU-2026-06515,Nursing,C,Pune,6.16,1,MNC,0.075,53,98,0.56,25000,0,0,1,22000
STU-2026-06516,Nursing,B,Chennai,7.96,0,None,0.0,48,77,0.42,20000,0,0,1,48000
STU-2026-06517,Nursing,B,Pune,6.87,5,MNC,0.375,54,98,0.61,15000,0,1,1,47000
STU-2026-06518,Engineering,C,Mumbai,5.19,0,None,0.0,38,48,0.53,30000,0,0,0,29000
STU-2026-06519,Engineering,D,Chennai,7.2,4,Startup,0.21,55,52,0.51,10000,0,0,0,38000
STU-2026-06520,MBA,D,Delhi NCR,7.68,6,Startup,0.315,77,73,0.74,10000,0,0,1,59000
STU-2026-06521,MBA,D,Delhi NCR,6.07,1,MNC,0.075,0,88,0.59,15000,0,0,1,32000
STU-2026-06522,Nursing,D,Bengaluru,9.71,1,MNC,0.075,34,60,0.58,20000,0,0,1,35000
STU-2026-06523,Engineering,B,Chennai,6.98,2,SME,0.075,24,58,0.71,30000,0,0,1,41000
STU-2026-06524,Engineering,A,Pune,7.36,3,SME,0.113,58,59,0.57,20000,0,0,1,97000
STU-2026-06525,Nursing,C,Bengaluru,7.39,5,SME,0.188,95,64,0.57,15000,0,1,1,40000
STU-2026-06526,MBA,D,Pune,5.67,0,None,0.0,54,76,0.42,20000,0,0,0,33000
STU-2026-06527,Engineering,B,Hyderabad,8.95,6,Startup,0.315,74,62,0.53,15000,0,1,1,56000
STU-2026-06528,Engineering,D,Bengaluru,5.83,2,SME,0.075,75,74,0.52,25000,0,0,0,32000
STU-2026-06529,Nursing,B,Hyderabad,7.58,6,SME,0.225,56,76,0.62,15000,0,1,1,41000
STU-2026-06530,Engineering,C,Mumbai,5.57,0,None,0.0,59,78,0.64,15000,0,0,0,35000
STU-2026-06531,MBA,A,Pune,7.9,2,MNC,0.15,86,59,0.55,20000,0,1,1,132000
STU-2026-06532,Engineering,C,Chennai,6.76,5,SME,0.188,41,64,0.63,25000,0,0,1,40000
STU-2026-06533,MBA,B,Pune,7.63,0,None,0.0,63,100,0.54,20000,0,0,1,74000
STU-2026-06534,MBA,B,Mumbai,6.51,3,MNC,0.225,39,48,0.52,10000,0,0,1,60000
STU-2026-06535,Nursing,B,Mumbai,7.25,2,MNC,0.15,13,77,0.54,30000,0,0,1,51000
STU-2026-06536,MBA,A,Pune,8.5,2,Startup,0.105,47,77,0.75,25000,0,1,1,134000
STU-2026-06537,Engineering,A,Bengaluru,7.31,2,Startup,0.105,84,59,0.52,10000,0,1,1,92000
STU-2026-06538,Nursing,C,Hyderabad,5.99,0,None,0.0,43,59,0.44,15000,0,0,0,24000
STU-2026-06539,Nursing,D,Chennai,5.66,3,SME,0.113,73,56,0.61,10000,0,0,1,21000
STU-2026-06540,Nursing,B,Pune,6.77,1,MNC,0.075,66,77,0.69,30000,0,1,1,38000
STU-2026-06541,Engineering,D,Bengaluru,7.04,0,None,0.0,8,80,0.62,30000,0,0,0,29000
STU-2026-06542,Nursing,D,Mumbai,6.38,1,SME,0.037,46,56,0.57,30000,0,0,0,17000
STU-2026-06543,MBA,C,Bengaluru,5.54,0,None,0.0,23,94,0.52,20000,0,0,0,33000
STU-2026-06544,Nursing,D,Mumbai,5.87,0,None,0.0,4,80,0.47,15000,0,0,0,22000
STU-2026-06545,Engineering,C,Hyderabad,6.71,5,SME,0.188,64,100,0.65,25000,0,0,1,56000
STU-2026-06546,MBA,A,Pune,8.35,5,MNC,0.375,100,62,0.73,15000,1,1,1,206000
STU-2026-06547,Engineering,B,Mumbai,7.22,5,SME,0.188,100,77,0.68,30000,0,1,1,56000
STU-2026-06548,Engineering,D,Mumbai,7.96,3,MNC,0.225,33,72,0.61,25000,0,0,1,48000
STU-2026-06549,MBA,A,Bengaluru,7.74,6,Startup,0.315,62,35,0.7,10000,0,1,1,135000
STU-2026-06550,Engineering,A,Mumbai,6.92,6,SME,0.225,75,59,0.62,25000,0,1,1,94000
STU-2026-06551,MBA,C,Hyderabad,8.1,4,Startup,0.21,44,73,0.67,20000,0,0,1,63000
STU-2026-06552,Nursing,C,Mumbai,7.34,5,MNC,0.375,12,69,0.46,20000,0,0,1,40000
STU-2026-06553,MBA,A,Delhi NCR,7.41,4,MNC,0.3,82,85,0.73,15000,0,1,1,116000
STU-2026-06554,MBA,D,Hyderabad,7.76,0,None,0.0,43,72,0.35,25000,0,0,1,48000
STU-2026-06555,Engineering,D,Bengaluru,6.79,3,MNC,0.225,60,79,0.53,30000,0,0,1,32000
STU-2026-06556,Engineering,C,Chennai,8.55,0,None,0.0,64,58,0.66,20000,0,0,1,44000
STU-2026-06557,Engineering,C,Chennai,6.95,0,None,0.0,61,84,0.83,10000,0,0,1,38000
STU-2026-06558,Nursing,C,Pune,7.47,0,None,0.0,35,61,0.51,25000,0,0,0,0
STU-2026-06559,MBA,C,Chennai,7.68,0,None,0.0,0,57,0.63,20000,0,0,0,73000
STU-2026-06560,Nursing,B,Hyderabad,5.99,1,Startup,0.052,100,91,0.69,25000,0,1,1,37000
STU-2026-06561,MBA,C,Mumbai,4.76,0,None,0.0,53,48,0.55,30000,0,0,0,29000
STU-2026-06562,Nursing,D,Hyderabad,7.94,6,Startup,0.315,35,76,0.6,30000,0,0,1,31000
STU-2026-06563,MBA,D,Delhi NCR,5.39,1,MNC,0.075,36,56,0.74,25000,0,0,0,0
STU-2026-06564,Nursing,D,Pune,9.6,4,Startup,0.21,48,71,0.55,10000,0,0,1,39000
STU-2026-06565,Nursing,D,Hyderabad,7.16,0,None,0.0,61,80,0.72,30000,0,0,1,21000
STU-2026-06566,MBA,C,Bengaluru,4.3,0,None,0.0,45,73,0.79,10000,0,0,0,32000
STU-2026-06567,Engineering,B,Delhi NCR,8.28,1,Startup,0.052,70,83,0.52,20000,0,0,1,62000
STU-2026-06568,MBA,B,Delhi NCR,5.33,4,SME,0.15,59,60,0.63,10000,0,0,1,48000
STU-2026-06569,MBA,D,Mumbai,8.37,0,None,0.0,42,83,0.62,25000,0,0,1,38000
STU-2026-06570,Nursing,B,Pune,8.78,5,Startup,0.263,78,70,0.63,20000,0,1,1,58000
STU-2026-06571,MBA,B,Pune,5.92,5,MNC,0.375,53,72,0.6,10000,0,1,1,65000
STU-2026-06572,Engineering,B,Pune,6.67,3,Startup,0.157,39,76,0.45,10000,0,0,1,49000
STU-2026-06573,Engineering,C,Pune,5.87,2,MNC,0.15,84,88,0.61,15000,0,0,1,50000
STU-2026-06574,Engineering,A,Mumbai,8.04,3,Startup,0.157,65,84,0.4,30000,0,1,1,95000
STU-2026-06575,Nursing,C,Hyderabad,6.96,0,None,0.0,7,75,0.6,15000,0,0,1,34000
STU-2026-06576,Engineering,C,Bengaluru,6.48,0,None,0.0,35,85,0.63,25000,0,0,0,49000
STU-2026-06577,MBA,A,Mumbai,7.41,6,MNC,0.45,100,76,0.54,20000,0,1,1,154000
STU-2026-06578,MBA,B,Pune,5.95,1,SME,0.037,67,99,0.49,15000,0,0,1,50000
STU-2026-06579,Engineering,B,Delhi NCR,8.63,0,None,0.0,61,70,0.72,15000,0,1,1,56000
STU-2026-06580,Nursing,D,Delhi NCR,8.94,2,SME,0.075,2,74,0.52,30000,0,0,0,27000
STU-2026-06581,MBA,D,Chennai,6.74,3,SME,0.113,49,86,0.75,30000,0,0,1,40000
STU-2026-06582,MBA,D,Mumbai,8.05,1,Startup,0.052,25,46,0.69,10000,0,0,1,42000
STU-2026-06583,Engineering,D,Delhi NCR,9.15,1,Startup,0.052,55,77,0.55,15000,0,0,1,34000
STU-2026-06584,Engineering,D,Mumbai,6.39,3,SME,0.113,22,50,0.69,30000,0,0,0,36000
STU-2026-06585,Engineering,D,Delhi NCR,6.47,3,MNC,0.225,65,71,0.55,25000,0,0,1,25000
STU-2026-06586,Nursing,D,Mumbai,8.2,6,Startup,0.315,66,100,0.57,15000,0,0,1,28000
STU-2026-06587,Nursing,D,Pune,7.95,0,None,0.0,58,93,0.51,10000,0,0,1,25000
STU-2026-06588,MBA,D,Chennai,8.41,0,None,0.0,53,47,0.59,20000,0,0,0,40000
STU-2026-06589,Engineering,C,Delhi NCR,5.48,5,Startup,0.263,24,66,0.62,25000,0,0,1,39000
STU-2026-06590,Engineering,B,Delhi NCR,7.83,6,Startup,0.315,35,71,0.74,20000,0,1,1,82000
STU-2026-06591,Engineering,C,Bengaluru,7.28,0,None,0.0,62,74,0.68,20000,0,0,1,46000
STU-2026-06592,Engineering,A,Delhi NCR,8.55,0,None,0.0,40,52,0.56,30000,0,1,1,86000
STU-2026-06593,Nursing,D,Bengaluru,7.17,0,None,0.0,0,73,0.61,20000,0,0,0,0
STU-2026-06594,Nursing,B,Mumbai,7.79,2,MNC,0.15,27,59,0.7,15000,0,0,1,47000
STU-2026-06595,Nursing,B,Mumbai,6.97,1,MNC,0.075,52,72,0.48,25000,0,1,1,35000
STU-2026-06596,Nursing,A,Bengaluru,6.82,2,SME,0.075,80,63,0.61,10000,0,1,1,50000
STU-2026-06597,MBA,C,Hyderabad,6.96,0,None,0.0,56,95,0.55,20000,0,0,1,54000
STU-2026-06598,MBA,D,Pune,7.05,0,None,0.0,37,94,0.43,20000,0,0,0,30000
STU-2026-06599,Engineering,D,Chennai,8.24,4,MNC,0.3,53,49,0.59,20000,0,0,1,33000
STU-2026-06600,MBA,D,Hyderabad,7.03,2,SME,0.075,11,81,0.49,10000,0,0,0,52000
STU-2026-06601,Engineering,D,Chennai,7.97,3,Startup,0.157,53,69,0.45,25000,0,0,1,41000
STU-2026-06602,Nursing,D,Pune,6.44,6,Startup,0.315,2,77,0.48,25000,0,0,1,30000
STU-2026-06603,MBA,D,Chennai,7.98,0,None,0.0,64,100,0.62,25000,0,0,1,43000
STU-2026-06604,MBA,D,Pune,8.6,0,None,0.0,7,57,0.62,20000,0,0,0,56000
STU-2026-06605,Engineering,A,Hyderabad,7.13,3,SME,0.113,59,67,0.49,15000,0,1,1,80000
STU-2026-06606,Nursing,D,Delhi NCR,6.64,0,None,0.0,19,64,0.5,20000,0,0,0,26000
STU-2026-06607,Engineering,A,Pune,9.54,3,SME,0.113,69,65,0.55,30000,0,1,1,112000
STU-2026-06608,Nursing,D,Hyderabad,6.59,0,None,0.0,33,88,0.56,30000,0,0,1,23000
STU-2026-06609,Nursing,D,Bengaluru,6.36,0,None,0.0,20,68,0.65,20000,0,0,0,25000
STU-2026-06610,Nursing,C,Bengaluru,6.29,0,None,0.0,37,51,0.66,25000,0,0,0,33000
STU-2026-06611,Engineering,C,Chennai,7.65,0,None,0.0,42,88,0.64,30000,0,0,1,38000
STU-2026-06612,Engineering,D,Chennai,7.35,0,None,0.0,53,47,0.75,30000,0,0,0,27000
STU-2026-06613,MBA,C,Mumbai,4.0,0,None,0.0,52,45,0.55,25000,0,0,0,29000
STU-2026-06614,Engineering,C,Pune,6.05,4,MNC,0.3,0,68,0.69,30000,0,0,1,57000
STU-2026-06615,Engineering,B,Bengaluru,6.85,1,Startup,0.052,34,75,0.62,15000,0,0,1,48000
STU-2026-06616,Engineering,B,Mumbai,5.0,2,SME,0.075,40,78,0.63,15000,0,0,1,42000
STU-2026-06617,Engineering,A,Mumbai,8.79,0,None,0.0,75,70,0.6,10000,0,0,1,82000
STU-2026-06618,Nursing,C,Chennai,6.06,0,None,0.0,37,56,0.69,20000,0,0,0,30000
STU-2026-06619,MBA,C,Delhi NCR,5.65,3,Startup,0.157,25,60,0.55,15000,0,0,1,44000
STU-2026-06620,Nursing,C,Delhi NCR,6.44,0,None,0.0,21,66,0.62,25000,0,0,0,27000
STU-2026-06621,Engineering,C,Mumbai,8.02,0,None,0.0,47,53,0.59,25000,0,0,1,49000
STU-2026-06622,Nursing,D,Delhi NCR,6.92,0,None,0.0,68,59,0.58,30000,0,0,0,24000
STU-2026-06623,Engineering,C,Mumbai,4.96,5,SME,0.188,48,69,0.62,15000,0,0,1,35000
STU-2026-06624,Nursing,D,Chennai,5.27,6,MNC,0.45,26,69,0.57,20000,0,0,0,33000
STU-2026-06625,MBA,D,Pune,6.92,4,MNC,0.3,50,40,0.67,15000,0,1,1,62000
STU-2026-06626,Nursing,C,Chennai,6.27,5,Startup,0.263,97,70,0.63,20000,0,0,1,32000
STU-2026-06627,Engineering,D,Chennai,4.1,2,Startup,0.105,60,66,0.58,25000,0,0,0,19000
STU-2026-06628,Engineering,A,Hyderabad,8.41,5,MNC,0.375,84,76,0.58,25000,0,1,1,123000
STU-2026-06629,Engineering,C,Pune,5.8,3,SME,0.113,45,80,0.61,25000,0,0,1,35000
STU-2026-06630,MBA,B,Hyderabad,8.15,0,None,0.0,38,58,0.44,30000,0,0,1,85000
STU-2026-06631,MBA,B,Pune,8.83,3,MNC,0.225,91,60,0.63,25000,0,1,1,125000
STU-2026-06632,Nursing,D,Bengaluru,8.36,0,None,0.0,44,61,0.26,30000,0,0,0,21000
STU-2026-06633,Nursing,A,Mumbai,7.04,1,MNC,0.075,98,51,0.49,25000,0,0,1,81000
STU-2026-06634,Engineering,A,Chennai,8.15,5,Startup,0.263,80,73,0.4,15000,1,1,1,112000
STU-2026-06635,Engineering,B,Hyderabad,7.38,4,MNC,0.3,95,65,0.59,10000,0,1,1,83000
STU-2026-06636,Engineering,A,Delhi NCR,8.85,5,MNC,0.375,66,54,0.56,20000,0,1,1,147000
STU-2026-06637,MBA,D,Bengaluru,4.91,6,Startup,0.315,80,89,0.51,25000,0,0,1,33000
STU-2026-06638,Nursing,B,Bengaluru,7.93,0,None,0.0,88,88,0.56,25000,0,1,1,52000
STU-2026-06639,MBA,D,Pune,6.57,0,None,0.0,40,93,0.71,15000,0,0,1,52000
STU-2026-06640,Nursing,B,Chennai,8.05,5,MNC,0.375,67,90,0.8,20000,0,1,1,60000
STU-2026-06641,Engineering,B,Pune,6.48,0,None,0.0,67,83,0.51,15000,0,1,1,45000
STU-2026-06642,Nursing,A,Delhi NCR,7.77,0,None,0.0,83,61,0.46,10000,0,1,1,59000
STU-2026-06643,Nursing,D,Delhi NCR,8.24,0,None,0.0,61,44,0.73,30000,0,0,1,33000
STU-2026-06644,Nursing,C,Mumbai,8.09,2,MNC,0.15,34,63,0.62,15000,0,0,1,45000
STU-2026-06645,MBA,C,Bengaluru,6.27,3,MNC,0.225,27,48,0.66,25000,0,0,1,52000
STU-2026-06646,MBA,C,Mumbai,8.87,6,SME,0.225,55,75,0.68,15000,0,1,1,59000
STU-2026-06647,Nursing,B,Bengaluru,6.93,5,SME,0.188,55,55,0.57,30000,0,0,1,52000
STU-2026-06648,Nursing,D,Mumbai,6.18,0,None,0.0,45,71,0.66,20000,0,0,0,0
STU-2026-06649,Engineering,C,Bengaluru,7.34,0,None,0.0,33,76,0.48,30000,0,0,1,50000
STU-2026-06650,Engineering,D,Pune,7.03,0,None,0.0,22,60,0.66,30000,0,0,0,34000
STU-2026-06651,Engineering,B,Chennai,7.46,6,MNC,0.45,64,69,0.56,15000,0,1,1,84000
STU-2026-06652,MBA,D,Chennai,8.35,4,Startup,0.21,68,74,0.66,20000,0,0,1,57000
STU-2026-06653,MBA,C,Pune,7.21,0,None,0.0,0,76,0.5,25000,0,0,0,47000
STU-2026-06654,Engineering,D,Delhi NCR,6.76,0,None,0.0,7,83,0.62,15000,0,0,1,32000
STU-2026-06655,MBA,C,Delhi NCR,7.48,1,Startup,0.052,19,52,0.66,25000,0,0,0,62000
STU-2026-06656,Engineering,B,Pune,9.21,1,Startup,0.052,79,79,0.63,15000,0,1,1,71000
STU-2026-06657,Nursing,B,Hyderabad,6.93,2,SME,0.075,34,71,0.71,20000,0,0,1,50000
STU-2026-06658,Engineering,D,Chennai,8.26,0,None,0.0,50,76,0.58,15000,0,0,1,35000
STU-2026-06659,Engineering,C,Mumbai,6.84,1,MNC,0.075,43,98,0.66,20000,0,0,1,41000
STU-2026-06660,Engineering,B,Hyderabad,6.79,0,None,0.0,49,84,0.55,15000,0,0,1,46000
STU-2026-06661,MBA,C,Hyderabad,5.92,0,None,0.0,68,72,0.57,20000,0,0,1,44000
STU-2026-06662,MBA,D,Bengaluru,5.9,0,None,0.0,5,90,0.7,30000,0,0,0,38000
STU-2026-06663,Engineering,B,Hyderabad,9.41,1,MNC,0.075,49,53,0.67,25000,0,0,1,76000
STU-2026-06664,Engineering,A,Bengaluru,7.96,3,SME,0.113,73,63,0.72,15000,0,1,1,101000
STU-2026-06665,Nursing,C,Delhi NCR,6.0,0,None,0.0,54,55,0.6,10000,0,0,1,26000
STU-2026-06666,MBA,B,Mumbai,8.68,1,Startup,0.052,59,62,0.62,15000,0,1,1,61000
STU-2026-06667,Engineering,A,Chennai,8.62,6,SME,0.225,41,52,0.65,20000,0,1,1,112000
STU-2026-06668,Nursing,A,Mumbai,7.12,0,None,0.0,47,64,0.62,20000,0,0,1,59000
STU-2026-06669,MBA,B,Pune,8.5,2,Startup,0.105,67,83,0.57,20000,1,1,1,94000
STU-2026-06670,MBA,C,Bengaluru,7.62,6,SME,0.225,84,71,0.54,25000,0,1,1,80000
STU-2026-06671,Nursing,A,Delhi NCR,8.32,0,None,0.0,95,69,0.69,10000,1,1,1,65000
STU-2026-06672,Nursing,A,Pune,8.57,2,Startup,0.105,81,65,0.52,25000,0,1,1,76000
STU-2026-06673,Nursing,B,Delhi NCR,6.99,0,None,0.0,62,78,0.44,30000,0,0,1,41000
STU-2026-06674,Engineering,D,Hyderabad,8.79,0,None,0.0,35,91,0.6,25000,0,0,1,42000
STU-2026-06675,Engineering,A,Hyderabad,9.87,2,SME,0.075,35,77,0.6,20000,0,1,1,119000
STU-2026-06676,Engineering,A,Mumbai,9.08,0,None,0.0,71,89,0.57,10000,0,1,1,79000
STU-2026-06677,Engineering,D,Bengaluru,9.18,2,Startup,0.105,35,66,0.66,30000,0,0,1,42000
STU-2026-06678,Nursing,D,Chennai,8.22,4,Startup,0.21,32,91,0.55,20000,0,0,1,34000
STU-2026-06679,MBA,C,Hyderabad,5.45,0,None,0.0,5,59,0.7,25000,0,0,0,0
STU-2026-06680,Engineering,C,Pune,7.2,2,Startup,0.105,46,45,0.52,20000,0,0,0,46000
STU-2026-06681,MBA,B,Bengaluru,8.97,0,None,0.0,81,65,0.52,20000,0,0,1,79000
STU-2026-06682,MBA,C,Chennai,5.72,6,Startup,0.315,39,70,0.55,30000,0,0,1,48000
STU-2026-06683,MBA,A,Delhi NCR,7.79,4,SME,0.15,89,78,0.65,15000,0,1,1,131000
STU-2026-06684,MBA,A,Pune,9.34,2,Startup,0.105,72,73,0.54,10000,0,1,1,150000
STU-2026-06685,Nursing,C,Mumbai,6.67,4,Startup,0.21,6,39,0.81,30000,0,0,0,31000
STU-2026-06686,Nursing,D,Delhi NCR,8.27,5,Startup,0.263,10,78,0.78,30000,0,1,1,33000
STU-2026-06687,MBA,C,Pune,6.79,0,None,0.0,30,70,0.73,15000,0,0,0,53000
STU-2026-06688,Nursing,B,Pune,7.3,2,MNC,0.15,87,90,0.56,30000,0,1,1,53000
STU-2026-06689,MBA,C,Hyderabad,7.98,0,None,0.0,0,83,0.76,15000,0,0,1,65000
STU-2026-06690,Engineering,A,Hyderabad,9.22,0,None,0.0,64,82,0.6,15000,0,1,1,85000
STU-2026-06691,MBA,A,Chennai,8.34,3,Startup,0.157,98,56,0.66,30000,0,1,1,152000
STU-2026-06692,Nursing,C,Chennai,8.8,0,None,0.0,17,61,0.55,15000,0,0,1,35000
STU-2026-06693,Engineering,D,Pune,7.22,0,None,0.0,19,59,0.52,20000,0,0,0,33000
STU-2026-06694,Engineering,C,Bengaluru,6.51,3,MNC,0.225,19,46,0.76,10000,0,0,1,64000
STU-2026-06695,Engineering,D,Mumbai,7.73,2,Startup,0.105,86,85,0.62,15000,0,0,1,33000
STU-2026-06696,Engineering,B,Mumbai,8.62,0,None,0.0,65,79,0.68,15000,0,1,1,60000
STU-2026-06697,MBA,B,Delhi NCR,8.51,6,MNC,0.45,56,71,0.67,30000,0,1,1,83000
STU-2026-06698,Engineering,B,Hyderabad,8.54,1,MNC,0.075,85,43,0.5,20000,0,1,1,71000
STU-2026-06699,Nursing,D,Bengaluru,6.8,1,Startup,0.052,29,55,0.58,25000,0,0,1,24000
STU-2026-06700,Nursing,C,Bengaluru,7.53,5,Startup,0.263,84,61,0.63,30000,0,1,1,35000
STU-2026-06701,Engineering,C,Pune,7.01,0,None,0.0,87,65,0.71,30000,0,0,1,51000
STU-2026-06702,Engineering,A,Pune,6.88,3,Startup,0.157,61,48,0.53,25000,0,0,1,79000
STU-2026-06703,MBA,D,Pune,5.37,6,SME,0.225,38,77,0.45,15000,0,0,0,52000
STU-2026-06704,MBA,A,Chennai,8.46,6,Startup,0.315,24,49,0.62,15000,0,1,1,130000
STU-2026-06705,Nursing,D,Hyderabad,9.43,0,None,0.0,100,66,0.69,20000,0,1,1,37000
STU-2026-06706,Nursing,A,Hyderabad,7.69,5,MNC,0.375,99,69,0.64,20000,0,1,1,80000
STU-2026-06707,Nursing,D,Bengaluru,7.13,2,Startup,0.105,10,40,0.58,25000,0,0,0,29000
STU-2026-06708,Nursing,B,Bengaluru,7.93,2,Startup,0.105,60,92,0.6,25000,0,0,1,47000
STU-2026-06709,Nursing,B,Pune,8.67,3,SME,0.113,22,69,0.66,25000,0,1,1,63000
STU-2026-06710,Nursing,B,Pune,7.63,6,SME,0.225,70,42,0.5,20000,0,1,1,53000
STU-2026-06711,MBA,B,Bengaluru,7.79,6,MNC,0.45,61,70,0.61,20000,0,1,1,101000
STU-2026-06712,Nursing,C,Pune,5.31,0,None,0.0,25,88,0.58,10000,0,0,1,23000
STU-2026-06713,Engineering,C,Mumbai,6.34,3,SME,0.113,15,64,0.62,25000,0,0,1,41000
STU-2026-06714,Engineering,A,Pune,8.72,4,MNC,0.3,30,83,0.49,30000,0,1,1,125000
STU-2026-06715,Nursing,D,Chennai,4.56,6,SME,0.225,58,85,0.73,25000,0,0,0,20000
STU-2026-06716,Nursing,B,Delhi NCR,8.19,5,Startup,0.263,75,76,0.56,10000,0,1,1,66000
STU-2026-06717,Engineering,C,Mumbai,6.61,4,SME,0.15,20,59,0.74,20000,0,0,1,43000
STU-2026-06718,MBA,A,Bengaluru,8.04,3,MNC,0.225,25,69,0.48,30000,0,1,1,149000
STU-2026-06719,Nursing,B,Chennai,6.52,1,SME,0.037,65,85,0.62,15000,0,0,1,38000
STU-2026-06720,Nursing,A,Mumbai,8.97,6,MNC,0.45,65,70,0.72,20000,1,1,1,82000
STU-2026-06721,MBA,D,Hyderabad,7.56,0,None,0.0,64,51,0.37,15000,0,0,0,43000
STU-2026-06722,Nursing,B,Pune,8.51,5,MNC,0.375,42,78,0.31,30000,0,1,1,61000
STU-2026-06723,Nursing,A,Mumbai,9.88,2,MNC,0.15,22,70,0.41,10000,0,1,1,65000
STU-2026-06724,Engineering,D,Bengaluru,9.56,0,None,0.0,31,67,0.6,20000,0,0,0,51000
STU-2026-06725,Engineering,A,Mumbai,8.71,2,SME,0.075,78,52,0.71,10000,0,1,1,93000
STU-2026-06726,MBA,B,Bengaluru,8.4,0,None,0.0,65,46,0.58,15000,0,0,1,79000
STU-2026-06727,Engineering,D,Chennai,8.03,2,SME,0.075,0,63,0.52,10000,0,0,0,35000
STU-2026-06728,MBA,A,Hyderabad,8.25,1,MNC,0.075,70,75,0.62,25000,0,1,1,155000
STU-2026-06729,Engineering,B,Bengaluru,7.64,0,None,0.0,80,84,0.78,30000,0,1,1,50000
STU-2026-06730,MBA,D,Bengaluru,7.17,0,None,0.0,46,82,0.51,10000,0,0,1,41000
STU-2026-06731,Engineering,C,Hyderabad,7.81,0,None,0.0,48,72,0.62,15000,0,0,1,58000
STU-2026-06732,Engineering,D,Pune,4.38,4,SME,0.15,54,71,0.58,10000,0,0,0,0
STU-2026-06733,Engineering,A,Chennai,8.66,0,None,0.0,58,57,0.6,30000,0,1,1,66000
STU-2026-06734,Nursing,A,Pune,8.27,3,MNC,0.225,72,62,0.63,15000,0,1,1,90000
STU-2026-06735,MBA,C,Hyderabad,6.68,0,None,0.0,60,65,0.8,15000,0,0,1,43000
STU-2026-06736,Nursing,D,Mumbai,6.68,0,None,0.0,22,51,0.67,10000,0,0,0,0
STU-2026-06737,MBA,C,Chennai,5.94,0,None,0.0,6,72,0.38,25000,0,0,0,47000
STU-2026-06738,Nursing,A,Mumbai,6.89,6,MNC,0.45,64,78,0.69,30000,0,1,1,58000
STU-2026-06739,MBA,A,Bengaluru,9.4,5,MNC,0.375,44,62,0.66,10000,0,1,1,160000
STU-2026-06740,MBA,A,Mumbai,8.91,6,SME,0.225,32,62,0.49,30000,0,1,1,165000
STU-2026-06741,Engineering,B,Delhi NCR,8.91,5,SME,0.188,65,78,0.65,10000,0,1,1,81000
STU-2026-06742,Engineering,B,Bengaluru,6.2,0,None,0.0,41,69,0.49,10000,0,0,0,41000
STU-2026-06743,Engineering,C,Hyderabad,8.18,2,MNC,0.15,79,70,0.66,20000,0,0,1,37000
STU-2026-06744,Nursing,A,Hyderabad,7.49,6,SME,0.225,54,72,0.59,20000,0,1,1,65000
STU-2026-06745,Engineering,D,Pune,7.21,0,None,0.0,6,82,0.54,15000,0,0,1,31000
STU-2026-06746,Nursing,A,Bengaluru,7.82,0,None,0.0,49,63,0.66,10000,0,1,1,69000
STU-2026-06747,Engineering,D,Pune,7.36,6,Startup,0.315,41,76,0.72,15000,0,0,1,46000
STU-2026-06748,Nursing,B,Bengaluru,7.92,4,SME,0.15,37,100,0.65,10000,0,1,1,51000
STU-2026-06749,Engineering,A,Pune,6.36,1,MNC,0.075,55,71,0.52,25000,0,0,1,67000
STU-2026-06750,MBA,D,Chennai,7.73,0,None,0.0,71,73,0.54,30000,0,0,1,45000
STU-2026-06751,Engineering,B,Delhi NCR,7.72,0,None,0.0,69,63,0.65,15000,0,1,1,54000
STU-2026-06752,Nursing,D,Delhi NCR,4.74,4,Startup,0.21,18,94,0.43,15000,0,0,1,15000
STU-2026-06753,Engineering,B,Bengaluru,6.73,0,None,0.0,53,97,0.6,30000,0,0,1,43000
STU-2026-06754,MBA,A,Pune,8.62,3,MNC,0.225,50,67,0.56,10000,0,1,1,151000
STU-2026-06755,MBA,A,Delhi NCR,7.49,1,SME,0.037,47,59,0.62,30000,0,1,1,103000
STU-2026-06756,MBA,A,Mumbai,6.45,1,Startup,0.052,75,50,0.53,20000,0,0,1,86000
STU-2026-06757,MBA,A,Hyderabad,8.9,3,MNC,0.225,48,56,0.57,30000,0,1,1,153000
STU-2026-06758,MBA,D,Pune,6.9,0,None,0.0,73,87,0.68,15000,0,0,0,44000
STU-2026-06759,MBA,C,Pune,6.56,0,None,0.0,30,60,0.58,25000,0,0,0,48000
STU-2026-06760,Engineering,A,Hyderabad,8.06,2,MNC,0.15,64,78,0.57,25000,0,1,1,67000
STU-2026-06761,MBA,C,Chennai,7.72,0,None,0.0,42,67,0.72,10000,0,0,0,56000
STU-2026-06762,MBA,B,Delhi NCR,6.54,1,MNC,0.075,73,37,0.68,25000,0,0,1,56000
STU-2026-06763,Engineering,D,Bengaluru,6.88,0,None,0.0,17,76,0.68,30000,0,0,0,25000
STU-2026-06764,MBA,B,Chennai,8.6,0,None,0.0,99,77,0.66,15000,0,1,1,82000
STU-2026-06765,Nursing,A,Mumbai,8.48,5,MNC,0.375,56,90,0.62,15000,1,1,1,88000
STU-2026-06766,Engineering,C,Mumbai,6.73,0,None,0.0,70,72,0.62,15000,0,0,1,36000
STU-2026-06767,Engineering,B,Delhi NCR,6.09,0,None,0.0,91,86,0.72,15000,0,0,1,55000
STU-2026-06768,MBA,A,Mumbai,9.77,5,MNC,0.375,81,95,0.68,20000,1,1,1,186000
STU-2026-06769,Engineering,B,Delhi NCR,6.48,0,None,0.0,48,75,0.62,20000,0,0,1,35000
STU-2026-06770,Engineering,A,Chennai,8.08,6,Startup,0.315,71,81,0.68,25000,0,1,1,103000
STU-2026-06771,Engineering,A,Pune,8.6,0,None,0.0,54,84,0.64,25000,0,1,1,78000
STU-2026-06772,MBA,C,Pune,8.14,5,SME,0.188,54,100,0.65,25000,0,1,1,54000
STU-2026-06773,Engineering,A,Bengaluru,8.45,3,MNC,0.225,54,82,0.63,25000,0,1,1,141000
STU-2026-06774,Nursing,A,Delhi NCR,7.56,5,SME,0.188,79,80,0.8,10000,0,1,1,76000
STU-2026-06775,Engineering,A,Hyderabad,8.88,0,None,0.0,78,92,0.52,10000,0,1,1,115000
STU-2026-06776,Engineering,C,Delhi NCR,4.45,4,SME,0.15,38,72,0.58,25000,0,0,1,31000
STU-2026-06777,MBA,D,Pune,6.34,5,Startup,0.263,24,74,0.72,15000,0,0,1,45000
STU-2026-06778,MBA,D,Chennai,5.97,0,None,0.0,49,75,0.53,25000,0,0,1,43000
STU-2026-06779,Engineering,B,Mumbai,7.55,3,Startup,0.157,66,53,0.67,10000,0,1,1,62000
STU-2026-06780,MBA,D,Mumbai,5.91,0,None,0.0,86,76,0.51,15000,0,0,1,35000
STU-2026-06781,Nursing,B,Hyderabad,7.56,0,None,0.0,80,31,0.42,20000,0,1,1,41000
STU-2026-06782,Engineering,C,Pune,6.29,2,Startup,0.105,7,73,0.63,25000,0,0,1,42000
STU-2026-06783,Nursing,B,Delhi NCR,7.2,6,MNC,0.45,68,87,0.69,10000,0,1,1,61000
STU-2026-06784,Nursing,C,Chennai,6.1,6,MNC,0.45,14,52,0.64,30000,0,0,1,44000
STU-2026-06785,MBA,D,Bengaluru,7.47,0,None,0.0,66,68,0.68,30000,0,0,0,42000
STU-2026-06786,MBA,B,Pune,5.67,5,SME,0.188,61,88,0.61,15000,0,1,1,65000
STU-2026-06787,Engineering,C,Chennai,6.12,0,None,0.0,35,88,0.67,10000,0,0,0,28000
STU-2026-06788,Engineering,C,Mumbai,7.05,5,MNC,0.375,25,67,0.45,30000,0,0,1,55000
STU-2026-06789,Nursing,D,Chennai,6.87,0,None,0.0,19,66,0.61,30000,0,0,0,23000
STU-2026-06790,Nursing,C,Pune,8.46,0,None,0.0,0,73,0.52,20000,0,0,1,35000
STU-2026-06791,MBA,B,Chennai,6.45,5,SME,0.188,56,75,0.88,15000,0,0,1,58000
STU-2026-06792,MBA,D,Chennai,8.37,0,None,0.0,2,70,0.55,15000,0,0,0,47000
STU-2026-06793,Nursing,A,Hyderabad,7.93,4,SME,0.15,81,90,0.64,25000,0,1,1,73000
STU-2026-06794,MBA,B,Bengaluru,8.31,3,MNC,0.225,80,76,0.75,15000,0,1,1,111000
STU-2026-06795,MBA,A,Pune,8.76,1,MNC,0.075,48,73,0.63,25000,0,1,1,118000
STU-2026-06796,MBA,B,Bengaluru,5.98,1,MNC,0.075,46,66,0.54,20000,0,0,1,69000
STU-2026-06797,Nursing,B,Mumbai,7.4,6,MNC,0.45,100,73,0.7,20000,0,1,1,54000
STU-2026-06798,Nursing,C,Bengaluru,7.12,4,MNC,0.3,72,69,0.64,25000,0,0,1,39000
STU-2026-06799,Engineering,D,Bengaluru,6.74,2,Startup,0.105,15,70,0.67,25000,0,0,0,35000
STU-2026-06800,Engineering,C,Delhi NCR,7.67,0,None,0.0,45,70,0.67,20000,0,0,1,42000
STU-2026-06801,Nursing,A,Chennai,8.57,6,Startup,0.315,59,66,0.62,15000,0,1,1,73000
STU-2026-06802,MBA,C,Bengaluru,7.2,0,None,0.0,86,55,0.55,10000,0,1,1,45000
STU-2026-06803,MBA,C,Delhi NCR,8.34,3,Startup,0.157,34,71,0.59,30000,0,0,1,53000
STU-2026-06804,MBA,D,Chennai,7.02,0,None,0.0,30,42,0.71,10000,0,0,0,0
STU-2026-06805,Nursing,C,Bengaluru,9.38,3,Startup,0.157,55,50,0.73,15000,0,0,1,42000
STU-2026-06806,Nursing,A,Delhi NCR,6.76,0,None,0.0,43,59,0.68,30000,0,1,1,42000
STU-2026-06807,Engineering,A,Pune,8.42,4,SME,0.15,23,74,0.82,30000,0,0,1,84000
STU-2026-06808,Engineering,C,Chennai,7.67,0,None,0.0,61,56,0.75,15000,0,0,1,55000
STU-2026-06809,Nursing,D,Bengaluru,7.36,0,None,0.0,72,76,0.67,15000,0,0,1,30000
STU-2026-06810,MBA,B,Chennai,7.47,5,SME,0.188,42,69,0.53,25000,0,0,1,103000
STU-2026-06811,MBA,A,Delhi NCR,8.7,1,MNC,0.075,72,86,0.66,25000,1,1,1,82000
STU-2026-06812,MBA,A,Delhi NCR,7.4,6,MNC,0.45,46,49,0.61,30000,0,1,1,179000
STU-2026-06813,Engineering,C,Pune,7.88,2,SME,0.075,27,77,0.42,15000,0,0,1,49000
STU-2026-06814,Engineering,C,Pune,5.72,5,MNC,0.375,35,60,0.51,20000,0,0,1,52000
STU-2026-06815,MBA,B,Mumbai,8.01,0,None,0.0,51,60,0.56,30000,0,0,1,65000
STU-2026-06816,Engineering,B,Delhi NCR,8.55,3,MNC,0.225,56,81,0.46,25000,0,1,1,88000
STU-2026-06817,Nursing,D,Bengaluru,7.85,0,None,0.0,10,75,0.63,10000,0,0,0,28000
STU-2026-06818,Nursing,A,Delhi NCR,6.94,1,Startup,0.052,41,79,0.6,25000,0,1,1,55000
STU-2026-06819,Nursing,D,Mumbai,7.44,4,SME,0.15,55,82,0.61,25000,0,0,1,27000
STU-2026-06820,Engineering,D,Delhi NCR,5.53,2,MNC,0.15,30,61,0.76,30000,0,0,0,34000
STU-2026-06821,MBA,A,Pune,7.99,4,MNC,0.3,56,76,0.46,20000,0,1,1,109000
STU-2026-06822,MBA,A,Delhi NCR,7.9,1,MNC,0.075,42,90,0.54,15000,0,0,1,104000
STU-2026-06823,MBA,A,Bengaluru,8.85,2,MNC,0.15,93,67,0.55,25000,0,1,1,139000
STU-2026-06824,Engineering,A,Delhi NCR,7.3,2,Startup,0.105,55,69,0.6,15000,0,1,1,71000
STU-2026-06825,Nursing,D,Hyderabad,7.21,6,MNC,0.45,39,69,0.49,10000,0,0,1,31000
STU-2026-06826,Engineering,A,Hyderabad,9.49,1,Startup,0.052,36,81,0.41,30000,0,0,1,94000
STU-2026-06827,Nursing,C,Bengaluru,4.09,0,None,0.0,58,70,0.74,25000,0,0,0,18000
STU-2026-06828,Nursing,D,Pune,6.48,6,Startup,0.315,18,64,0.48,30000,0,0,1,28000
STU-2026-06829,MBA,B,Mumbai,7.4,6,MNC,0.45,100,64,0.63,20000,0,1,1,117000
STU-2026-06830,Engineering,C,Delhi NCR,7.09,0,None,0.0,33,100,0.51,25000,0,0,1,46000
STU-2026-06831,Engineering,D,Bengaluru,5.82,2,MNC,0.15,59,63,0.7,30000,0,0,1,30000
STU-2026-06832,MBA,A,Chennai,7.4,5,Startup,0.263,52,70,0.69,15000,0,1,1,130000
STU-2026-06833,Nursing,C,Chennai,7.22,5,Startup,0.263,61,67,0.62,25000,0,0,1,36000
STU-2026-06834,MBA,D,Chennai,8.01,0,None,0.0,65,88,0.52,25000,0,0,1,53000
STU-2026-06835,Nursing,B,Hyderabad,9.0,3,Startup,0.157,30,70,0.58,25000,0,1,1,39000
STU-2026-06836,MBA,D,Chennai,5.54,6,SME,0.225,76,63,0.47,15000,0,0,1,30000
STU-2026-06837,MBA,D,Pune,8.03,0,None,0.0,1,48,0.62,20000,0,0,0,48000
STU-2026-06838,Nursing,A,Mumbai,9.64,2,SME,0.075,57,94,0.63,20000,1,1,1,52000
STU-2026-06839,Nursing,A,Delhi NCR,8.71,0,None,0.0,70,65,0.79,20000,0,1,1,51000
STU-2026-06840,Engineering,A,Bengaluru,8.83,4,SME,0.15,32,71,0.73,10000,0,1,1,101000
STU-2026-06841,Engineering,C,Hyderabad,6.38,5,SME,0.188,72,52,0.68,25000,0,1,1,47000
STU-2026-06842,MBA,A,Hyderabad,8.01,3,Startup,0.157,57,63,0.53,25000,0,1,1,131000
STU-2026-06843,MBA,A,Pune,9.49,1,MNC,0.075,21,33,0.76,10000,0,1,1,133000
STU-2026-06844,Engineering,A,Hyderabad,8.6,4,MNC,0.3,56,100,0.65,15000,0,1,1,109000
STU-2026-06845,MBA,C,Chennai,6.63,0,None,0.0,21,95,0.61,10000,0,0,0,50000
STU-2026-06846,Nursing,A,Bengaluru,9.35,3,SME,0.113,81,59,0.49,20000,1,1,1,61000
STU-2026-06847,Engineering,C,Hyderabad,7.25,3,Startup,0.157,26,90,0.49,20000,0,0,1,52000
STU-2026-06848,Engineering,C,Bengaluru,7.75,6,MNC,0.45,74,77,0.63,25000,0,1,1,51000
STU-2026-06849,MBA,C,Mumbai,5.74,6,Startup,0.315,8,30,0.68,20000,0,0,1,58000
STU-2026-06850,MBA,D,Bengaluru,7.26,0,None,0.0,42,71,0.77,20000,0,0,1,38000
STU-2026-06851,Nursing,C,Chennai,8.13,2,Startup,0.105,71,80,0.64,10000,0,0,1,30000
STU-2026-06852,Engineering,B,Delhi NCR,5.93,6,SME,0.225,76,53,0.46,20000,0,0,1,50000
STU-2026-06853,MBA,D,Hyderabad,7.25,1,MNC,0.075,51,83,0.56,25000,0,0,1,50000
STU-2026-06854,MBA,B,Bengaluru,7.96,5,SME,0.188,48,74,0.4,15000,0,0,1,80000
STU-2026-06855,Nursing,C,Hyderabad,8.62,4,Startup,0.21,16,72,0.56,15000,0,0,1,47000
STU-2026-06856,Engineering,D,Pune,6.3,0,None,0.0,86,40,0.66,30000,0,0,0,29000
STU-2026-06857,Nursing,A,Bengaluru,8.44,0,None,0.0,80,74,0.7,15000,0,1,1,55000
STU-2026-06858,Nursing,C,Delhi NCR,6.69,0,None,0.0,69,64,0.49,10000,0,0,1,30000
STU-2026-06859,Engineering,C,Mumbai,5.87,0,None,0.0,34,67,0.6,10000,0,0,1,32000
STU-2026-06860,Engineering,C,Bengaluru,7.64,0,None,0.0,27,95,0.77,20000,0,0,1,36000
STU-2026-06861,MBA,C,Bengaluru,7.97,5,Startup,0.263,46,78,0.53,10000,0,0,1,68000
STU-2026-06862,Nursing,B,Chennai,7.8,4,Startup,0.21,35,69,0.47,15000,0,0,1,52000
STU-2026-06863,MBA,B,Hyderabad,8.01,1,Startup,0.052,72,81,0.45,15000,0,1,1,71000
STU-2026-06864,Nursing,D,Chennai,6.11,0,None,0.0,47,65,0.64,20000,0,0,0,19000
STU-2026-06865,Engineering,C,Bengaluru,6.58,0,None,0.0,36,84,0.55,15000,0,0,0,32000
STU-2026-06866,Engineering,C,Pune,5.71,0,None,0.0,6,59,0.76,30000,0,0,0,39000
STU-2026-06867,Nursing,D,Hyderabad,5.66,0,None,0.0,0,75,0.79,25000,0,0,0,20000
STU-2026-06868,Engineering,B,Chennai,5.93,3,SME,0.113,61,68,0.39,15000,0,0,1,41000
STU-2026-06869,Nursing,B,Chennai,5.92,3,MNC,0.225,46,78,0.54,30000,0,1,1,38000
STU-2026-06870,Engineering,D,Mumbai,7.19,4,MNC,0.3,52,93,0.53,15000,0,0,1,37000
STU-2026-06871,Engineering,B,Mumbai,9.22,3,Startup,0.157,39,76,0.76,20000,0,0,1,86000
STU-2026-06872,Engineering,C,Bengaluru,5.61,0,None,0.0,98,42,0.45,25000,0,0,0,27000
STU-2026-06873,Engineering,B,Chennai,8.02,0,None,0.0,96,87,0.62,30000,0,1,1,54000
STU-2026-06874,Engineering,A,Bengaluru,8.51,5,SME,0.188,56,73,0.53,10000,0,1,1,104000
STU-2026-06875,Nursing,B,Chennai,7.5,1,SME,0.037,48,59,0.66,15000,0,0,1,56000
STU-2026-06876,MBA,D,Chennai,8.46,4,Startup,0.21,10,67,0.46,25000,0,0,0,78000
STU-2026-06877,MBA,D,Bengaluru,8.58,3,Startup,0.157,24,89,0.74,25000,0,0,0,64000
STU-2026-06878,MBA,C,Delhi NCR,6.21,0,None,0.0,50,100,0.76,30000,0,0,1,54000
STU-2026-06879,Engineering,B,Delhi NCR,5.58,5,MNC,0.375,70,78,0.67,30000,0,0,1,60000
STU-2026-06880,MBA,C,Bengaluru,7.83,0,None,0.0,0,65,0.51,10000,0,0,1,67000
STU-2026-06881,Engineering,A,Bengaluru,7.71,2,SME,0.075,38,72,0.48,20000,0,0,1,81000
STU-2026-06882,MBA,B,Bengaluru,8.08,5,SME,0.188,66,72,0.76,15000,0,1,1,84000
STU-2026-06883,Engineering,B,Bengaluru,7.2,1,MNC,0.075,45,55,0.46,20000,0,0,1,51000
STU-2026-06884,Nursing,A,Delhi NCR,8.45,5,Startup,0.263,54,70,0.72,20000,0,1,1,71000
STU-2026-06885,Nursing,A,Pune,7.75,0,None,0.0,77,77,0.69,25000,0,1,1,47000
STU-2026-06886,MBA,A,Pune,8.61,0,None,0.0,65,74,0.46,25000,0,1,1,95000
STU-2026-06887,Engineering,D,Pune,7.28,0,None,0.0,51,69,0.7,10000,0,0,1,35000
STU-2026-06888,MBA,A,Chennai,8.74,3,SME,0.113,49,59,0.7,25000,0,1,1,138000
STU-2026-06889,MBA,B,Mumbai,9.22,4,Startup,0.21,73,69,0.47,30000,0,1,1,119000
STU-2026-06890,Engineering,C,Chennai,6.59,0,None,0.0,66,75,0.63,30000,0,0,1,29000
STU-2026-06891,MBA,B,Mumbai,7.07,0,None,0.0,51,79,0.6,20000,0,1,1,68000
STU-2026-06892,Engineering,D,Hyderabad,6.19,0,None,0.0,20,61,0.62,25000,0,0,0,24000
STU-2026-06893,Engineering,C,Bengaluru,8.01,2,MNC,0.15,44,74,0.52,20000,0,0,1,51000
STU-2026-06894,Nursing,B,Pune,5.47,1,MNC,0.075,76,59,0.57,20000,0,0,1,32000
STU-2026-06895,Nursing,B,Hyderabad,6.33,5,SME,0.188,90,47,0.38,10000,0,1,1,33000
STU-2026-06896,Nursing,C,Hyderabad,8.3,0,None,0.0,49,74,0.54,10000,0,0,1,34000
STU-2026-06897,MBA,C,Hyderabad,5.75,6,SME,0.225,70,59,0.65,30000,0,0,1,44000
STU-2026-06898,MBA,C,Pune,7.25,3,Startup,0.157,18,67,0.55,25000,0,0,1,61000
STU-2026-06899,MBA,C,Bengaluru,5.34,0,None,0.0,63,54,0.47,30000,0,0,0,36000
STU-2026-06900,Engineering,A,Delhi NCR,8.48,0,None,0.0,62,46,0.7,20000,0,1,1,90000
STU-2026-06901,Engineering,C,Bengaluru,9.44,6,SME,0.225,72,73,0.46,25000,0,0,1,78000
STU-2026-06902,MBA,C,Delhi NCR,6.32,0,None,0.0,36,53,0.64,10000,0,0,1,55000
STU-2026-06903,Engineering,D,Pune,6.26,3,MNC,0.225,56,69,0.69,10000,0,0,1,31000
STU-2026-06904,Nursing,C,Pune,8.38,0,None,0.0,42,65,0.62,10000,0,0,1,38000
STU-2026-06905,Nursing,B,Pune,7.3,6,Startup,0.315,44,100,0.5,10000,0,1,1,54000
STU-2026-06906,Nursing,B,Hyderabad,6.47,1,SME,0.037,53,50,0.81,20000,0,0,1,36000
STU-2026-06907,Nursing,A,Pune,9.76,6,MNC,0.45,44,89,0.66,25000,0,1,1,103000
STU-2026-06908,Engineering,C,Chennai,7.32,1,SME,0.037,41,71,0.54,15000,0,0,1,41000
STU-2026-06909,Engineering,D,Mumbai,9.15,0,None,0.0,17,63,0.6,20000,0,0,0,45000
STU-2026-06910,Engineering,D,Hyderabad,5.25,6,SME,0.225,13,53,0.44,10000,0,0,0,32000
STU-2026-06911,MBA,C,Delhi NCR,7.91,0,None,0.0,61,67,0.6,15000,0,0,1,70000
STU-2026-06912,MBA,C,Delhi NCR,5.29,6,SME,0.225,100,50,0.55,15000,0,0,1,47000
STU-2026-06913,Engineering,D,Pune,9.16,5,Startup,0.263,65,76,0.7,10000,0,1,1,48000
STU-2026-06914,MBA,A,Pune,8.59,4,SME,0.15,61,57,0.73,30000,0,1,1,106000
STU-2026-06915,Engineering,C,Delhi NCR,5.64,1,SME,0.037,53,86,0.65,20000,0,0,1,29000
STU-2026-06916,MBA,D,Chennai,6.91,0,None,0.0,32,67,0.59,25000,0,0,0,44000
STU-2026-06917,MBA,C,Mumbai,5.59,4,SME,0.15,8,58,0.69,15000,0,0,0,34000
STU-2026-06918,MBA,C,Pune,7.52,3,SME,0.113,39,64,0.58,20000,0,0,0,61000
STU-2026-06919,MBA,A,Chennai,7.19,1,MNC,0.075,53,65,0.68,15000,0,1,1,110000
STU-2026-06920,Nursing,C,Pune,5.37,2,MNC,0.15,37,78,0.72,20000,0,0,0,23000
STU-2026-06921,MBA,A,Hyderabad,8.6,0,None,0.0,92,74,0.49,25000,0,1,1,113000
STU-2026-06922,Nursing,D,Mumbai,7.23,1,MNC,0.075,34,54,0.71,25000,0,0,0,29000
STU-2026-06923,Nursing,D,Chennai,4.67,5,SME,0.188,70,60,0.73,25000,0,0,1,15000
STU-2026-06924,Nursing,D,Hyderabad,7.09,0,None,0.0,81,61,0.77,25000,0,0,1,29000
STU-2026-06925,Nursing,D,Chennai,6.99,0,None,0.0,37,98,0.67,30000,0,0,1,25000
STU-2026-06926,MBA,B,Mumbai,6.94,4,SME,0.15,62,88,0.58,10000,0,0,1,63000
STU-2026-06927,MBA,B,Pune,7.57,2,MNC,0.15,44,49,0.48,20000,0,1,1,79000
STU-2026-06928,Nursing,A,Pune,8.25,2,MNC,0.15,41,61,0.54,10000,0,1,1,55000
STU-2026-06929,Engineering,D,Delhi NCR,8.11,0,None,0.0,40,73,0.69,10000,0,0,1,34000
STU-2026-06930,Engineering,D,Pune,7.53,0,None,0.0,55,75,0.71,10000,0,0,1,38000
STU-2026-06931,Nursing,A,Hyderabad,9.29,4,MNC,0.3,61,71,0.68,25000,0,1,1,100000
STU-2026-06932,Nursing,A,Hyderabad,7.75,3,MNC,0.225,14,79,0.45,25000,0,0,1,82000
STU-2026-06933,Engineering,D,Bengaluru,7.8,0,None,0.0,69,40,0.63,10000,0,0,1,41000
STU-2026-06934,MBA,B,Delhi NCR,8.98,2,SME,0.075,34,70,0.68,20000,0,0,1,113000
STU-2026-06935,MBA,D,Delhi NCR,6.32,0,None,0.0,32,54,0.62,20000,0,0,0,0
STU-2026-06936,Engineering,C,Mumbai,6.5,0,None,0.0,72,49,0.44,20000,0,0,1,44000
STU-2026-06937,Engineering,A,Bengaluru,7.12,2,Startup,0.105,95,76,0.7,15000,0,1,1,99000
STU-2026-06938,Engineering,B,Bengaluru,7.23,5,MNC,0.375,54,77,0.56,25000,0,0,1,75000
STU-2026-06939,MBA,D,Bengaluru,6.42,3,MNC,0.225,21,89,0.84,15000,0,0,0,46000
STU-2026-06940,MBA,D,Mumbai,6.32,0,None,0.0,97,77,0.69,30000,0,0,1,37000
STU-2026-06941,Nursing,B,Mumbai,7.31,5,MNC,0.375,90,82,0.52,25000,0,1,1,53000
STU-2026-06942,Nursing,C,Hyderabad,8.19,4,MNC,0.3,77,100,0.53,10000,0,1,1,43000
STU-2026-06943,Nursing,C,Bengaluru,6.58,6,MNC,0.45,63,69,0.73,10000,0,0,1,45000
STU-2026-06944,Engineering,B,Hyderabad,7.06,4,Startup,0.21,23,55,0.61,30000,0,1,1,59000
STU-2026-06945,Engineering,B,Chennai,7.33,4,Startup,0.21,70,61,0.55,15000,0,1,1,62000
STU-2026-06946,MBA,C,Pune,4.66,0,None,0.0,24,79,0.66,10000,0,0,1,40000
STU-2026-06947,Nursing,B,Bengaluru,6.6,3,SME,0.113,45,59,0.58,30000,0,0,1,40000
STU-2026-06948,MBA,C,Mumbai,5.75,0,None,0.0,60,56,0.5,25000,0,0,1,46000
STU-2026-06949,Nursing,A,Chennai,8.02,0,None,0.0,77,82,0.79,30000,0,1,1,78000
STU-2026-06950,MBA,A,Bengaluru,8.25,2,Startup,0.105,88,91,0.59,15000,0,1,1,108000
STU-2026-06951,Nursing,A,Chennai,8.53,6,Startup,0.315,37,63,0.72,20000,0,1,1,56000
STU-2026-06952,Engineering,D,Chennai,5.2,0,None,0.0,94,88,0.54,25000,0,0,0,19000
STU-2026-06953,Engineering,C,Mumbai,7.41,6,MNC,0.45,89,99,0.44,10000,0,1,1,54000
STU-2026-06954,MBA,D,Hyderabad,6.96,0,None,0.0,7,62,0.51,10000,0,0,0,37000
STU-2026-06955,MBA,A,Bengaluru,7.9,4,Startup,0.21,70,95,0.81,15000,0,1,1,121000
STU-2026-06956,MBA,C,Hyderabad,8.38,5,Startup,0.263,69,83,0.44,15000,0,1,1,80000
STU-2026-06957,Nursing,B,Hyderabad,6.61,2,MNC,0.15,47,79,0.35,10000,0,0,1,38000
STU-2026-06958,MBA,A,Delhi NCR,7.59,4,Startup,0.21,51,48,0.71,25000,0,0,1,121000
STU-2026-06959,MBA,A,Bengaluru,7.52,1,Startup,0.052,100,70,0.39,20000,0,1,1,85000
STU-2026-06960,MBA,D,Delhi NCR,7.98,0,None,0.0,55,92,0.62,15000,0,0,1,46000
STU-2026-06961,Engineering,D,Mumbai,6.09,6,Startup,0.315,67,52,0.6,20000,0,0,1,41000
STU-2026-06962,Nursing,A,Bengaluru,7.44,5,Startup,0.263,52,71,0.75,30000,0,1,1,68000
STU-2026-06963,MBA,B,Chennai,6.15,3,SME,0.113,40,76,0.6,20000,0,0,1,80000
STU-2026-06964,MBA,D,Pune,4.79,1,SME,0.037,98,88,0.57,15000,0,0,1,25000
STU-2026-06965,Nursing,D,Delhi NCR,7.18,1,SME,0.037,94,60,0.58,10000,0,0,1,23000
STU-2026-06966,Nursing,A,Chennai,7.88,3,SME,0.113,38,66,0.61,25000,0,1,1,44000
STU-2026-06967,Nursing,D,Hyderabad,6.61,0,None,0.0,39,98,0.6,15000,0,0,1,21000
STU-2026-06968,Nursing,C,Hyderabad,8.36,4,MNC,0.3,16,78,0.68,10000,0,1,1,62000
STU-2026-06969,Nursing,C,Mumbai,6.1,0,None,0.0,75,87,0.6,25000,0,0,1,26000
STU-2026-06970,Engineering,D,Pune,6.83,0,None,0.0,40,51,0.68,20000,0,0,1,31000
STU-2026-06971,Nursing,B,Pune,9.26,0,None,0.0,51,44,0.79,30000,0,1,1,56000
STU-2026-06972,MBA,A,Pune,7.93,0,None,0.0,67,51,0.58,15000,0,0,1,106000
STU-2026-06973,Engineering,B,Chennai,8.42,5,SME,0.188,39,81,0.62,10000,0,1,1,72000
STU-2026-06974,Engineering,B,Mumbai,8.2,5,SME,0.188,46,45,0.45,25000,0,0,1,55000
STU-2026-06975,MBA,D,Pune,8.66,4,MNC,0.3,38,84,0.68,10000,0,0,1,98000
STU-2026-06976,Engineering,D,Bengaluru,10.0,0,None,0.0,75,56,0.74,20000,0,0,1,55000
STU-2026-06977,Nursing,B,Pune,5.0,4,MNC,0.3,54,88,0.64,25000,0,0,1,37000
STU-2026-06978,Nursing,A,Hyderabad,8.51,1,Startup,0.052,64,64,0.69,25000,0,1,1,67000
STU-2026-06979,Nursing,C,Pune,8.62,2,SME,0.075,36,63,0.74,25000,0,1,1,36000
STU-2026-06980,MBA,D,Mumbai,5.88,0,None,0.0,84,68,0.6,25000,0,0,0,40000
STU-2026-06981,MBA,B,Hyderabad,9.64,4,Startup,0.21,61,100,0.54,30000,0,1,1,119000
STU-2026-06982,Engineering,C,Delhi NCR,5.82,5,SME,0.188,57,62,0.45,30000,0,0,0,38000
STU-2026-06983,MBA,B,Chennai,7.92,3,SME,0.113,33,73,0.62,30000,0,0,1,70000
STU-2026-06984,MBA,A,Mumbai,8.39,3,MNC,0.225,57,85,0.47,10000,0,1,1,107000
STU-2026-06985,Engineering,B,Pune,7.26,4,MNC,0.3,38,56,0.6,20000,0,0,1,86000
STU-2026-06986,MBA,D,Hyderabad,8.21,6,MNC,0.45,60,82,0.61,30000,0,1,1,65000
STU-2026-06987,MBA,A,Delhi NCR,9.9,0,None,0.0,41,53,0.46,10000,0,0,1,96000
STU-2026-06988,MBA,D,Mumbai,7.06,5,Startup,0.263,61,71,0.46,10000,0,0,1,57000
STU-2026-06989,Engineering,A,Mumbai,7.93,6,MNC,0.45,44,47,0.56,10000,0,1,1,117000
STU-2026-06990,MBA,B,Hyderabad,7.98,3,Startup,0.157,54,73,0.65,25000,0,0,1,110000
STU-2026-06991,MBA,B,Chennai,6.76,4,Startup,0.21,70,53,0.61,15000,0,0,1,95000
STU-2026-06992,MBA,B,Hyderabad,7.27,1,SME,0.037,86,74,0.79,30000,0,0,1,75000
STU-2026-06993,MBA,A,Bengaluru,6.06,0,None,0.0,59,85,0.74,30000,0,1,1,75000
STU-2026-06994,MBA,D,Pune,7.45,0,None,0.0,100,71,0.7,15000,0,0,1,49000
STU-2026-06995,Engineering,A,Bengaluru,8.92,3,Startup,0.157,48,82,0.68,15000,0,1,1,106000
STU-2026-06996,Nursing,C,Chennai,8.27,2,Startup,0.105,17,70,0.61,10000,0,0,1,33000
STU-2026-06997,Engineering,A,Hyderabad,8.39,2,Startup,0.105,50,72,0.64,30000,0,0,1,113000
STU-2026-06998,MBA,A,Hyderabad,8.54,6,SME,0.225,43,65,0.75,20000,0,1,1,115000
STU-2026-06999,Engineering,B,Delhi NCR,6.72,5,SME,0.188,72,81,0.64,30000,0,1,1,66000
STU-2026-07000,Engineering,B,Bengaluru,7.19,5,SME,0.188,43,94,0.65,25000,0,0,1,65000
STU-2026-07001,Nursing,D,Pune,6.83,0,None,0.0,31,74,0.51,25000,0,0,1,23000
STU-2026-07002,Engineering,D,Bengaluru,4.87,5,SME,0.188,34,61,0.3,20000,0,0,0,31000
STU-2026-07003,Engineering,B,Delhi NCR,7.39,0,None,0.0,74,70,0.55,15000,0,0,1,44000
STU-2026-07004,Nursing,D,Hyderabad,7.91,0,None,0.0,58,66,0.4,25000,0,0,1,23000
STU-2026-07005,MBA,C,Chennai,6.97,2,MNC,0.15,1,71,0.59,30000,0,0,0,71000
STU-2026-07006,Engineering,B,Pune,7.17,6,SME,0.225,55,78,0.59,15000,0,1,1,54000
STU-2026-07007,Nursing,D,Chennai,6.63,0,None,0.0,0,66,0.74,25000,0,0,0,0
STU-2026-07008,MBA,B,Hyderabad,7.15,0,None,0.0,18,70,0.65,10000,0,0,1,60000
STU-2026-07009,MBA,A,Delhi NCR,6.48,5,MNC,0.375,35,89,0.69,30000,0,1,1,117000
STU-2026-07010,MBA,A,Bengaluru,7.38,1,MNC,0.075,86,59,0.64,25000,0,0,1,99000
STU-2026-07011,Nursing,D,Mumbai,8.3,0,None,0.0,16,81,0.49,25000,0,0,0,28000
STU-2026-07012,MBA,D,Pune,7.97,0,None,0.0,33,79,0.71,15000,0,0,0,35000
STU-2026-07013,Nursing,B,Mumbai,7.14,1,MNC,0.075,85,58,0.7,30000,0,0,1,54000
STU-2026-07014,MBA,C,Pune,9.49,0,None,0.0,66,45,0.36,20000,0,0,1,77000
STU-2026-07015,Nursing,B,Bengaluru,8.0,1,MNC,0.075,46,48,0.69,25000,0,1,1,43000
STU-2026-07016,Engineering,D,Pune,7.79,0,None,0.0,100,67,0.58,25000,0,0,1,34000
STU-2026-07017,Engineering,B,Delhi NCR,8.84,4,SME,0.15,52,70,0.46,15000,0,1,1,64000
STU-2026-07018,MBA,C,Delhi NCR,7.22,4,MNC,0.3,0,85,0.51,15000,0,1,1,81000
STU-2026-07019,MBA,C,Hyderabad,7.44,4,Startup,0.21,2,61,0.51,20000,0,0,0,80000
STU-2026-07020,Engineering,C,Delhi NCR,6.62,0,None,0.0,24,59,0.55,20000,0,0,1,29000
STU-2026-07021,Engineering,C,Pune,6.92,3,SME,0.113,51,44,0.46,30000,0,0,1,54000
STU-2026-07022,Nursing,B,Delhi NCR,8.7,0,None,0.0,48,91,0.57,25000,0,1,1,49000
STU-2026-07023,Nursing,A,Chennai,8.87,0,None,0.0,48,64,0.48,30000,0,1,1,78000
STU-2026-07024,MBA,A,Mumbai,9.0,3,SME,0.113,33,64,0.72,25000,0,1,1,129000
STU-2026-07025,MBA,B,Bengaluru,7.51,3,MNC,0.225,71,74,0.54,20000,0,1,1,70000
STU-2026-07026,MBA,D,Delhi NCR,8.39,4,MNC,0.3,18,78,0.58,20000,0,0,1,75000
STU-2026-07027,Engineering,D,Hyderabad,7.69,0,None,0.0,39,96,0.7,30000,0,0,1,23000
STU-2026-07028,Nursing,B,Hyderabad,7.61,1,SME,0.037,88,79,0.76,15000,0,1,1,43000
STU-2026-07029,MBA,D,Delhi NCR,6.69,2,Startup,0.105,46,82,0.76,20000,0,0,1,53000
STU-2026-07030,Nursing,D,Mumbai,7.6,0,None,0.0,31,73,0.67,20000,0,0,1,22000
STU-2026-07031,Nursing,C,Pune,6.25,0,None,0.0,62,66,0.6,15000,0,0,1,23000
STU-2026-07032,Engineering,B,Bengaluru,7.33,3,MNC,0.225,51,60,0.49,20000,0,0,1,73000
STU-2026-07033,MBA,D,Mumbai,8.14,0,None,0.0,5,94,0.63,20000,0,0,0,44000
STU-2026-07034,MBA,D,Hyderabad,4.55,6,MNC,0.45,0,96,0.53,25000,0,0,1,37000
STU-2026-07035,Engineering,A,Chennai,8.21,2,Startup,0.105,67,39,0.73,15000,0,1,1,86000
STU-2026-07036,MBA,A,Pune,8.57,0,None,0.0,46,73,0.58,30000,0,1,1,107000
STU-2026-07037,Nursing,D,Bengaluru,5.56,6,SME,0.225,49,66,0.42,25000,0,0,0,21000
STU-2026-07038,Nursing,D,Chennai,7.21,0,None,0.0,19,52,0.72,25000,0,0,1,25000
STU-2026-07039,Nursing,B,Bengaluru,7.94,1,MNC,0.075,76,70,0.48,30000,0,1,1,55000
STU-2026-07040,MBA,C,Pune,7.51,4,SME,0.15,41,78,0.58,15000,0,0,1,74000
STU-2026-07041,MBA,A,Hyderabad,7.16,2,MNC,0.15,82,100,0.65,30000,0,1,1,96000
STU-2026-07042,Engineering,B,Chennai,7.0,3,MNC,0.225,56,64,0.47,15000,0,0,1,72000
STU-2026-07043,Nursing,B,Bengaluru,6.2,6,MNC,0.45,64,72,0.57,25000,0,1,1,53000
STU-2026-07044,Engineering,C,Bengaluru,6.35,3,SME,0.113,67,78,0.76,10000,0,0,1,38000
STU-2026-07045,Nursing,C,Delhi NCR,6.55,0,None,0.0,69,68,0.59,20000,0,0,1,22000
STU-2026-07046,Engineering,B,Delhi NCR,7.86,5,MNC,0.375,59,66,0.5,10000,0,1,1,75000
STU-2026-07047,MBA,A,Mumbai,8.6,3,Startup,0.157,77,43,0.48,15000,0,1,1,140000
STU-2026-07048,Engineering,B,Bengaluru,6.04,4,Startup,0.21,77,70,0.67,15000,0,0,1,43000
STU-2026-07049,MBA,C,Hyderabad,6.43,0,None,0.0,33,65,0.56,25000,0,0,1,34000
STU-2026-07050,Nursing,D,Delhi NCR,5.79,0,None,0.0,30,70,0.67,25000,0,0,0,23000
STU-2026-07051,Nursing,D,Chennai,7.38,0,None,0.0,0,45,0.71,15000,0,0,1,28000
STU-2026-07052,Engineering,C,Mumbai,5.82,2,SME,0.075,32,64,0.5,25000,0,0,0,47000
STU-2026-07053,Nursing,C,Pune,6.21,0,None,0.0,72,57,0.45,15000,0,0,1,26000
STU-2026-07054,MBA,D,Pune,8.33,0,None,0.0,77,66,0.73,30000,0,0,1,41000
STU-2026-07055,Nursing,B,Bengaluru,8.57,0,None,0.0,29,70,0.72,15000,0,1,1,45000
STU-2026-07056,MBA,D,Bengaluru,8.01,6,SME,0.225,12,60,0.62,20000,0,0,1,47000
STU-2026-07057,MBA,D,Chennai,9.03,0,None,0.0,0,71,0.62,15000,0,0,0,62000
STU-2026-07058,Engineering,D,Bengaluru,5.91,0,None,0.0,42,75,0.45,30000,0,0,0,0
STU-2026-07059,MBA,D,Mumbai,8.68,0,None,0.0,38,30,0.57,15000,0,0,0,51000
STU-2026-07060,Nursing,D,Bengaluru,4.4,1,MNC,0.075,39,58,0.62,15000,0,0,0,17000
STU-2026-07061,Nursing,D,Delhi NCR,8.48,5,Startup,0.263,95,53,0.56,25000,0,1,1,36000
STU-2026-07062,MBA,A,Chennai,6.02,0,None,0.0,56,89,0.46,15000,0,0,1,55000
STU-2026-07063,MBA,B,Chennai,8.37,0,None,0.0,65,61,0.56,10000,0,0,1,89000
STU-2026-07064,Engineering,A,Pune,7.56,4,Startup,0.21,70,56,0.82,15000,1,1,1,123000
STU-2026-07065,Engineering,C,Delhi NCR,9.43,3,MNC,0.225,24,57,0.8,20000,0,0,1,74000
STU-2026-07066,Engineering,C,Pune,6.06,4,MNC,0.3,25,82,0.4,15000,0,0,1,49000
STU-2026-07067,Nursing,C,Mumbai,6.16,1,SME,0.037,41,73,0.62,10000,0,0,1,24000
STU-2026-07068,Nursing,C,Hyderabad,10.0,0,None,0.0,35,68,0.79,10000,0,0,1,55000
STU-2026-07069,MBA,D,Chennai,6.91,0,None,0.0,27,53,0.47,10000,0,0,0,41000
STU-2026-07070,Engineering,D,Mumbai,7.55,0,None,0.0,47,62,0.73,30000,0,1,1,42000
STU-2026-07071,Engineering,A,Pune,7.91,6,Startup,0.315,70,78,0.76,15000,0,1,1,92000
STU-2026-07072,Nursing,A,Chennai,9.11,2,Startup,0.105,68,53,0.67,20000,1,1,1,70000
STU-2026-07073,Engineering,A,Pune,7.49,4,SME,0.15,61,80,0.59,30000,0,1,1,92000
STU-2026-07074,MBA,C,Pune,8.01,2,MNC,0.15,22,52,0.57,10000,0,0,0,70000
STU-2026-07075,MBA,C,Mumbai,4.38,6,Startup,0.315,29,66,0.5,15000,0,0,0,41000
STU-2026-07076,Engineering,B,Delhi NCR,8.77,3,MNC,0.225,39,75,0.66,25000,0,1,1,74000
STU-2026-07077,Engineering,A,Chennai,7.29,6,Startup,0.315,98,71,0.57,15000,1,1,1,102000
STU-2026-07078,Nursing,C,Mumbai,9.85,0,None,0.0,5,66,0.46,10000,0,0,1,41000
STU-2026-07079,MBA,A,Pune,7.83,1,Startup,0.052,61,64,0.59,30000,0,0,1,129000
STU-2026-07080,MBA,B,Bengaluru,6.39,1,Startup,0.052,64,52,0.52,10000,0,0,1,61000
STU-2026-07081,MBA,D,Hyderabad,7.01,3,Startup,0.157,12,64,0.5,10000,0,0,0,54000
STU-2026-07082,Engineering,B,Delhi NCR,6.11,5,MNC,0.375,61,95,0.72,15000,0,1,1,62000
STU-2026-07083,Engineering,B,Hyderabad,8.24,5,MNC,0.375,67,91,0.59,20000,0,1,1,80000
STU-2026-07084,Nursing,B,Mumbai,9.39,6,Startup,0.315,57,46,0.61,15000,0,1,1,86000
STU-2026-07085,Engineering,D,Pune,5.6,1,MNC,0.075,0,77,0.65,25000,0,0,0,0
STU-2026-07086,Nursing,D,Bengaluru,6.4,0,None,0.0,33,82,0.56,10000,0,0,0,22000
STU-2026-07087,MBA,A,Pune,7.1,6,MNC,0.45,98,84,0.53,20000,0,1,1,112000
STU-2026-07088,Nursing,A,Bengaluru,8.67,3,MNC,0.225,40,66,0.43,10000,0,1,1,89000
STU-2026-07089,Engineering,B,Delhi NCR,7.32,0,None,0.0,64,82,0.62,15000,0,1,1,45000
STU-2026-07090,MBA,C,Hyderabad,7.25,0,None,0.0,45,88,0.6,15000,0,0,1,47000
STU-2026-07091,Engineering,B,Hyderabad,8.99,3,MNC,0.225,13,78,0.6,15000,0,1,1,78000
STU-2026-07092,MBA,D,Delhi NCR,6.73,0,None,0.0,52,58,0.61,30000,0,0,1,33000
STU-2026-07093,Nursing,C,Bengaluru,7.4,5,Startup,0.263,49,58,0.48,30000,0,0,1,41000
STU-2026-07094,Engineering,B,Bengaluru,7.42,5,Startup,0.263,88,64,0.51,20000,0,1,1,59000
STU-2026-07095,Engineering,C,Hyderabad,5.85,0,None,0.0,21,25,0.66,15000,0,0,0,38000
STU-2026-07096,Engineering,A,Hyderabad,9.71,1,Startup,0.052,90,65,0.71,10000,0,1,1,98000
STU-2026-07097,MBA,D,Chennai,5.89,0,None,0.0,33,75,0.76,30000,0,0,1,30000
STU-2026-07098,Engineering,C,Mumbai,5.55,2,Startup,0.105,54,84,0.72,25000,0,0,1,38000
STU-2026-07099,Engineering,A,Mumbai,8.88,4,Startup,0.21,33,74,0.69,20000,0,1,1,109000
STU-2026-07100,MBA,D,Hyderabad,9.93,5,MNC,0.375,88,70,0.58,10000,0,1,1,77000
STU-2026-07101,MBA,A,Pune,9.22,6,MNC,0.45,35,66,0.67,10000,1,1,1,134000
STU-2026-07102,Engineering,C,Delhi NCR,5.66,0,None,0.0,0,57,0.47,30000,0,0,0,33000
STU-2026-07103,Nursing,C,Hyderabad,6.62,0,None,0.0,41,88,0.5,25000,0,0,0,31000
STU-2026-07104,Engineering,D,Delhi NCR,6.33,5,Startup,0.263,15,78,0.4,25000,0,0,0,23000
STU-2026-07105,MBA,A,Pune,8.41,0,None,0.0,91,61,0.52,25000,0,1,1,118000
STU-2026-07106,MBA,A,Delhi NCR,10.0,4,Startup,0.21,63,73,0.74,10000,0,1,1,161000
STU-2026-07107,Engineering,A,Hyderabad,6.26,0,None,0.0,95,76,0.59,10000,0,1,1,53000
STU-2026-07108,Engineering,D,Hyderabad,6.14,5,SME,0.188,54,71,0.64,15000,0,0,1,36000
STU-2026-07109,MBA,B,Hyderabad,6.18,5,SME,0.188,86,63,0.61,20000,0,0,1,65000
STU-2026-07110,Engineering,C,Bengaluru,7.07,3,MNC,0.225,58,84,0.64,25000,0,0,1,52000
STU-2026-07111,Engineering,B,Pune,7.74,6,Startup,0.315,61,78,0.47,25000,0,0,1,89000
STU-2026-07112,MBA,C,Bengaluru,6.64,4,Startup,0.21,50,57,0.73,30000,0,0,1,56000
STU-2026-07113,MBA,A,Bengaluru,8.43,1,Startup,0.052,25,76,0.75,15000,0,1,1,117000
STU-2026-07114,MBA,D,Hyderabad,6.42,0,None,0.0,67,88,0.56,20000,0,0,1,38000
STU-2026-07115,Engineering,C,Chennai,7.28,2,Startup,0.105,21,87,0.66,15000,0,0,1,38000
STU-2026-07116,MBA,D,Delhi NCR,5.53,0,None,0.0,91,87,0.52,30000,0,0,1,29000
STU-2026-07117,Engineering,B,Mumbai,5.8,5,Startup,0.263,18,70,0.76,15000,0,1,1,65000
STU-2026-07118,Nursing,C,Bengaluru,7.8,4,MNC,0.3,48,87,0.4,30000,0,1,1,36000
STU-2026-07119,Nursing,C,Bengaluru,5.7,0,None,0.0,57,84,0.54,30000,0,0,1,26000
STU-2026-07120,MBA,B,Delhi NCR,7.19,1,MNC,0.075,63,100,0.57,10000,0,0,1,73000
STU-2026-07121,MBA,D,Chennai,6.58,0,None,0.0,60,92,0.58,20000,0,0,0,49000
STU-2026-07122,MBA,D,Bengaluru,6.94,6,Startup,0.315,0,98,0.71,25000,0,0,1,63000
STU-2026-07123,Engineering,C,Hyderabad,9.97,1,SME,0.037,14,58,0.55,25000,0,0,1,60000
STU-2026-07124,MBA,A,Hyderabad,7.81,4,Startup,0.21,36,57,0.57,30000,0,1,1,111000
STU-2026-07125,MBA,D,Bengaluru,7.77,1,MNC,0.075,7,22,0.59,15000,0,0,0,41000
STU-2026-07126,Nursing,C,Mumbai,5.6,0,None,0.0,22,55,0.51,15000,0,0,0,0
STU-2026-07127,MBA,A,Mumbai,6.5,6,MNC,0.45,16,100,0.59,20000,0,1,1,118000
STU-2026-07128,Engineering,D,Delhi NCR,6.63,0,None,0.0,48,80,0.48,20000,0,0,0,32000
STU-2026-07129,Engineering,A,Pune,6.65,2,MNC,0.15,86,86,0.39,30000,0,0,1,80000
STU-2026-07130,Nursing,D,Chennai,7.81,0,None,0.0,78,60,0.83,10000,0,0,1,26000
STU-2026-07131,Nursing,D,Hyderabad,7.47,4,Startup,0.21,48,74,0.8,30000,0,0,1,26000
STU-2026-07132,MBA,B,Bengaluru,6.66,3,MNC,0.225,89,80,0.44,10000,0,0,1,76000
STU-2026-07133,Engineering,C,Hyderabad,7.54,4,SME,0.15,23,45,0.49,25000,0,0,1,53000
STU-2026-07134,MBA,A,Bengaluru,9.0,4,SME,0.15,83,61,0.56,15000,0,1,1,141000
STU-2026-07135,Nursing,A,Hyderabad,9.07,5,MNC,0.375,97,82,0.68,15000,1,1,1,93000
STU-2026-07136,MBA,C,Chennai,8.23,0,None,0.0,54,79,0.58,30000,0,0,1,62000
STU-2026-07137,Nursing,A,Hyderabad,8.48,1,SME,0.037,48,69,0.51,30000,0,0,1,63000
STU-2026-07138,MBA,A,Chennai,7.14,6,SME,0.225,48,81,0.75,20000,1,1,1,106000
STU-2026-07139,MBA,B,Pune,8.7,1,SME,0.037,67,66,0.64,20000,0,1,1,78000
STU-2026-07140,Engineering,D,Pune,6.17,0,None,0.0,30,61,0.72,30000,0,0,0,26000
STU-2026-07141,MBA,C,Hyderabad,7.17,0,None,0.0,46,64,0.77,25000,0,0,1,50000
STU-2026-07142,Engineering,D,Mumbai,4.49,0,None,0.0,32,50,0.51,30000,0,0,0,0
STU-2026-07143,MBA,C,Hyderabad,5.73,1,Startup,0.052,38,66,0.56,20000,0,0,0,40000
STU-2026-07144,Engineering,A,Mumbai,8.17,3,MNC,0.225,58,74,0.58,25000,0,1,1,115000
STU-2026-07145,MBA,D,Mumbai,7.52,0,None,0.0,39,88,0.61,10000,0,0,1,43000
STU-2026-07146,Engineering,D,Delhi NCR,7.0,1,Startup,0.052,17,42,0.63,30000,0,0,0,29000
STU-2026-07147,MBA,B,Hyderabad,8.57,6,MNC,0.45,27,62,0.77,15000,0,1,1,110000
STU-2026-07148,Nursing,C,Chennai,7.1,2,Startup,0.105,70,48,0.73,15000,0,0,1,37000
STU-2026-07149,Nursing,C,Delhi NCR,6.06,6,Startup,0.315,82,70,0.47,30000,0,0,1,41000
STU-2026-07150,Nursing,B,Delhi NCR,8.69,0,None,0.0,62,82,0.56,30000,0,1,1,51000
STU-2026-07151,MBA,B,Pune,5.0,3,Startup,0.157,40,73,0.62,25000,0,0,1,54000
STU-2026-07152,Nursing,C,Hyderabad,8.25,4,SME,0.15,49,35,0.79,15000,0,0,0,47000
STU-2026-07153,Nursing,D,Mumbai,4.92,6,Startup,0.315,76,66,0.64,15000,0,0,0,25000
STU-2026-07154,Nursing,B,Delhi NCR,7.92,5,MNC,0.375,72,84,0.62,25000,0,1,1,53000
STU-2026-07155,Nursing,D,Pune,6.27,0,None,0.0,70,57,0.42,20000,0,0,0,23000
STU-2026-07156,Engineering,D,Mumbai,6.44,1,Startup,0.052,55,40,0.3,20000,0,0,0,36000
STU-2026-07157,Engineering,A,Delhi NCR,6.83,0,None,0.0,71,88,0.6,15000,0,1,1,72000
STU-2026-07158,MBA,D,Mumbai,6.48,0,None,0.0,61,99,0.54,10000,0,0,1,32000
STU-2026-07159,Engineering,A,Pune,8.32,4,Startup,0.21,57,87,0.74,20000,0,1,1,120000
STU-2026-07160,Engineering,D,Mumbai,5.95,0,None,0.0,16,77,0.6,15000,0,0,1,19000
STU-2026-07161,MBA,D,Mumbai,7.54,0,None,0.0,55,59,0.5,15000,0,0,0,32000
STU-2026-07162,Nursing,C,Mumbai,8.55,0,None,0.0,100,65,0.54,20000,0,0,1,31000
STU-2026-07163,Engineering,D,Bengaluru,6.09,5,MNC,0.375,70,100,0.53,20000,0,0,1,32000
STU-2026-07164,Engineering,A,Pune,8.56,4,Startup,0.21,67,72,0.56,25000,1,1,1,119000
STU-2026-07165,Engineering,B,Pune,8.22,0,None,0.0,67,67,0.53,20000,0,1,1,65000
STU-2026-07166,MBA,B,Mumbai,8.07,2,SME,0.075,29,75,0.57,10000,0,0,1,89000
STU-2026-07167,MBA,C,Pune,7.01,0,None,0.0,99,77,0.57,25000,0,0,1,41000
STU-2026-07168,Engineering,C,Pune,8.28,0,None,0.0,48,75,0.49,20000,0,0,1,41000
STU-2026-07169,MBA,D,Hyderabad,6.14,0,None,0.0,43,61,0.52,10000,0,0,0,40000
STU-2026-07170,Nursing,B,Pune,8.4,4,SME,0.15,74,77,0.55,10000,0,1,1,40000
STU-2026-07171,MBA,C,Mumbai,7.32,2,Startup,0.105,61,69,0.53,10000,0,0,1,51000
STU-2026-07172,Engineering,C,Mumbai,7.42,4,MNC,0.3,64,77,0.64,10000,0,1,1,62000
STU-2026-07173,Engineering,B,Chennai,6.72,0,None,0.0,29,74,0.69,25000,0,0,1,50000
STU-2026-07174,MBA,D,Pune,8.15,0,None,0.0,37,93,0.73,20000,0,0,1,44000
STU-2026-07175,MBA,A,Delhi NCR,7.92,6,MNC,0.45,63,52,0.46,20000,0,0,1,147000
STU-2026-07176,Engineering,A,Chennai,9.83,5,Startup,0.263,20,67,0.58,15000,0,1,1,152000
STU-2026-07177,MBA,B,Chennai,6.61,0,None,0.0,21,62,0.53,30000,0,0,0,64000
STU-2026-07178,Nursing,D,Mumbai,5.38,0,None,0.0,38,65,0.49,10000,0,0,0,18000
STU-2026-07179,MBA,A,Bengaluru,8.24,5,MNC,0.375,72,74,0.61,20000,0,1,1,121000
STU-2026-07180,MBA,B,Bengaluru,7.66,0,None,0.0,41,82,0.59,25000,0,1,1,61000
STU-2026-07181,MBA,D,Delhi NCR,5.43,0,None,0.0,82,68,0.69,20000,0,0,0,30000
STU-2026-07182,Engineering,D,Mumbai,8.36,0,None,0.0,1,100,0.62,10000,0,0,0,40000
STU-2026-07183,MBA,A,Chennai,9.09,3,Startup,0.157,43,60,0.62,10000,0,1,1,131000
STU-2026-07184,MBA,B,Hyderabad,7.9,1,SME,0.037,77,73,0.53,25000,0,1,1,96000
STU-2026-07185,Nursing,D,Delhi NCR,7.2,0,None,0.0,71,62,0.63,15000,0,0,1,30000
STU-2026-07186,Engineering,C,Chennai,8.27,6,SME,0.225,12,87,0.77,30000,0,0,1,50000
STU-2026-07187,MBA,B,Delhi NCR,7.48,5,MNC,0.375,64,65,0.48,25000,0,1,1,83000
STU-2026-07188,Engineering,C,Pune,6.19,0,None,0.0,43,48,0.45,25000,0,0,0,40000
STU-2026-07189,Nursing,B,Delhi NCR,7.69,1,Startup,0.052,19,91,0.68,10000,0,0,1,46000
STU-2026-07190,MBA,D,Chennai,7.61,1,SME,0.037,98,83,0.63,15000,0,0,1,46000
STU-2026-07191,MBA,C,Hyderabad,7.73,0,None,0.0,37,62,0.66,10000,0,0,0,62000
STU-2026-07192,Engineering,D,Bengaluru,6.28,0,None,0.0,0,63,0.59,20000,0,0,0,31000
STU-2026-07193,MBA,A,Chennai,7.17,0,None,0.0,62,62,0.56,25000,0,0,1,91000
STU-2026-07194,MBA,B,Mumbai,10.0,0,None,0.0,97,55,0.61,20000,0,1,1,95000
STU-2026-07195,MBA,A,Pune,8.93,4,MNC,0.3,57,59,0.72,20000,0,1,1,153000
STU-2026-07196,Engineering,D,Delhi NCR,5.02,0,None,0.0,14,81,0.53,15000,0,0,0,0
STU-2026-07197,Engineering,C,Pune,5.93,0,None,0.0,19,51,0.66,30000,0,0,0,0
STU-2026-07198,Engineering,A,Mumbai,7.73,6,MNC,0.45,63,65,0.56,15000,0,1,1,94000
STU-2026-07199,Nursing,D,Mumbai,6.04,5,Startup,0.263,56,63,0.62,10000,0,0,1,28000
STU-2026-07200,Nursing,C,Bengaluru,5.27,0,None,0.0,51,86,0.54,20000,0,0,0,21000
STU-2026-07201,Nursing,A,Bengaluru,8.35,5,MNC,0.375,72,62,0.4,25000,0,1,1,93000
STU-2026-07202,Nursing,B,Mumbai,9.49,5,MNC,0.375,60,90,0.49,20000,0,1,1,47000
STU-2026-07203,Nursing,A,Delhi NCR,8.5,5,MNC,0.375,42,79,0.55,30000,1,1,1,114000
STU-2026-07204,Engineering,C,Mumbai,4.04,0,None,0.0,55,59,0.66,20000,0,0,0,0
STU-2026-07205,Nursing,A,Delhi NCR,9.35,5,SME,0.188,81,49,0.58,10000,0,1,1,95000
STU-2026-07206,Nursing,A,Delhi NCR,8.19,6,MNC,0.45,76,69,0.66,20000,0,1,1,91000
STU-2026-07207,Nursing,D,Hyderabad,8.18,6,MNC,0.45,75,73,0.59,10000,0,1,1,40000
STU-2026-07208,Engineering,A,Mumbai,9.12,4,SME,0.15,58,71,0.49,20000,0,1,1,124000
STU-2026-07209,MBA,A,Bengaluru,9.58,1,MNC,0.075,62,68,0.7,20000,0,1,1,85000
STU-2026-07210,MBA,D,Pune,7.99,2,SME,0.075,7,70,0.56,10000,0,0,0,49000
STU-2026-07211,Engineering,C,Hyderabad,7.87,2,Startup,0.105,41,91,0.75,15000,0,1,1,49000
STU-2026-07212,Engineering,D,Delhi NCR,6.23,5,Startup,0.263,39,87,0.71,30000,0,0,0,38000
STU-2026-07213,Nursing,C,Hyderabad,4.0,0,None,0.0,40,62,0.52,15000,0,0,0,15000
STU-2026-07214,MBA,A,Hyderabad,8.19,0,None,0.0,41,71,0.7,15000,0,0,1,115000
STU-2026-07215,Engineering,A,Chennai,8.25,6,Startup,0.315,61,65,0.68,20000,0,1,1,109000
STU-2026-07216,MBA,C,Pune,7.04,1,Startup,0.052,59,78,0.57,25000,0,0,1,60000
STU-2026-07217,MBA,D,Hyderabad,9.33,2,MNC,0.15,1,81,0.72,20000,0,0,1,59000
STU-2026-07218,Nursing,C,Mumbai,5.16,0,None,0.0,78,63,0.57,30000,0,0,1,18000
STU-2026-07219,Nursing,D,Delhi NCR,7.78,4,Startup,0.21,21,58,0.62,20000,0,0,1,37000
STU-2026-07220,Engineering,D,Bengaluru,8.1,6,SME,0.225,22,53,0.57,20000,0,0,1,44000
STU-2026-07221,Engineering,B,Bengaluru,5.0,1,Startup,0.052,23,66,0.69,15000,0,0,0,43000
STU-2026-07222,MBA,D,Pune,5.0,0,None,0.0,46,74,0.65,15000,0,0,0,0
STU-2026-07223,MBA,A,Bengaluru,6.96,5,Startup,0.263,75,47,0.52,20000,0,1,1,116000
STU-2026-07224,MBA,C,Delhi NCR,7.24,1,SME,0.037,56,79,0.6,10000,0,0,1,75000
STU-2026-07225,Nursing,C,Hyderabad,6.45,0,None,0.0,48,77,0.55,15000,0,0,1,34000
STU-2026-07226,MBA,A,Hyderabad,7.61,3,SME,0.113,68,83,0.58,20000,0,1,1,124000
STU-2026-07227,Engineering,D,Hyderabad,6.64,5,SME,0.188,0,93,0.5,30000,0,0,1,29000
STU-2026-07228,Engineering,B,Mumbai,6.99,4,Startup,0.21,51,73,0.51,25000,0,1,1,63000
STU-2026-07229,Nursing,B,Bengaluru,8.38,5,Startup,0.263,60,85,0.39,15000,0,1,1,54000
STU-2026-07230,MBA,D,Chennai,6.16,0,None,0.0,53,79,0.59,15000,0,0,0,48000
STU-2026-07231,MBA,B,Mumbai,7.82,4,Startup,0.21,15,82,0.66,15000,0,1,1,96000
STU-2026-07232,MBA,A,Hyderabad,7.48,6,SME,0.225,78,71,0.7,20000,1,1,1,116000
STU-2026-07233,MBA,D,Hyderabad,7.85,1,MNC,0.075,66,72,0.8,15000,0,0,1,44000
STU-2026-07234,Nursing,A,Mumbai,8.41,4,MNC,0.3,77,99,0.66,10000,1,1,1,100000
STU-2026-07235,MBA,B,Hyderabad,7.28,1,MNC,0.075,40,81,0.56,25000,0,1,1,75000
STU-2026-07236,Nursing,C,Delhi NCR,7.65,0,None,0.0,24,89,0.6,20000,0,0,1,32000
STU-2026-07237,Nursing,B,Delhi NCR,6.21,0,None,0.0,55,78,0.45,20000,0,0,1,33000
STU-2026-07238,Nursing,B,Hyderabad,7.74,0,None,0.0,15,73,0.5,15000,0,0,1,33000
STU-2026-07239,Engineering,B,Chennai,6.62,5,Startup,0.263,57,66,0.69,25000,0,0,1,62000
STU-2026-07240,MBA,A,Pune,8.12,4,SME,0.15,51,56,0.71,20000,1,1,1,89000
STU-2026-07241,MBA,D,Chennai,5.69,1,SME,0.037,15,66,0.73,10000,0,0,0,33000
STU-2026-07242,Engineering,A,Delhi NCR,8.21,0,None,0.0,54,81,0.69,15000,0,1,1,57000
STU-2026-07243,Nursing,C,Bengaluru,6.82,5,MNC,0.375,35,85,0.62,25000,0,0,1,37000
STU-2026-07244,Engineering,A,Chennai,8.95,4,SME,0.15,85,46,0.47,25000,0,1,1,103000
STU-2026-07245,Nursing,C,Chennai,8.03,0,None,0.0,46,80,0.53,20000,0,0,1,36000
STU-2026-07246,Engineering,B,Delhi NCR,6.81,2,SME,0.075,80,42,0.62,15000,0,0,1,46000
STU-2026-07247,Engineering,C,Bengaluru,7.98,0,None,0.0,13,53,0.66,25000,0,0,0,53000
STU-2026-07248,MBA,D,Bengaluru,7.57,0,None,0.0,21,85,0.41,20000,0,0,1,35000
STU-2026-07249,MBA,D,Chennai,6.17,0,None,0.0,29,89,0.55,15000,0,0,0,33000
STU-2026-07250,Engineering,C,Bengaluru,5.62,0,None,0.0,14,75,0.6,20000,0,0,1,31000
STU-2026-07251,Nursing,C,Pune,6.55,2,SME,0.075,59,64,0.46,25000,0,0,1,27000
STU-2026-07252,Engineering,B,Hyderabad,7.57,6,SME,0.225,47,55,0.41,25000,0,0,1,34000
STU-2026-07253,Nursing,C,Bengaluru,8.36,1,SME,0.037,66,56,0.76,20000,0,1,1,36000
STU-2026-07254,MBA,C,Chennai,7.29,5,SME,0.188,43,93,0.46,15000,0,0,1,70000
STU-2026-07255,MBA,C,Pune,7.78,1,Startup,0.052,39,91,0.62,30000,0,0,1,65000
STU-2026-07256,Nursing,B,Chennai,7.44,5,Startup,0.263,61,58,0.89,15000,0,1,1,58000
STU-2026-07257,Engineering,A,Bengaluru,9.73,3,Startup,0.157,33,79,0.6,25000,1,1,1,100000
STU-2026-07258,Engineering,D,Chennai,5.9,6,Startup,0.315,39,63,0.55,30000,0,0,1,36000
STU-2026-07259,MBA,D,Chennai,5.86,6,Startup,0.315,30,76,0.63,30000,0,0,0,33000
STU-2026-07260,Nursing,A,Hyderabad,8.16,5,SME,0.188,58,60,0.73,25000,0,1,1,76000
STU-2026-07261,Engineering,D,Chennai,6.37,2,SME,0.075,83,53,0.55,20000,0,0,0,33000
STU-2026-07262,Nursing,C,Chennai,7.59,0,None,0.0,7,60,0.64,30000,0,0,0,31000
STU-2026-07263,Engineering,A,Mumbai,8.34,3,SME,0.113,40,74,0.66,25000,0,1,1,116000
STU-2026-07264,Engineering,B,Chennai,8.23,6,MNC,0.45,59,65,0.78,10000,0,1,1,85000
STU-2026-07265,Nursing,C,Pune,6.31,0,None,0.0,50,100,0.62,25000,0,0,1,28000
STU-2026-07266,Nursing,D,Bengaluru,5.22,0,None,0.0,35,96,0.67,15000,0,0,1,21000
STU-2026-07267,Nursing,D,Delhi NCR,5.95,0,None,0.0,88,43,0.63,30000,0,0,0,0
STU-2026-07268,Nursing,D,Chennai,4.74,0,None,0.0,63,60,0.72,10000,0,0,0,0
STU-2026-07269,Nursing,D,Hyderabad,6.69,2,MNC,0.15,10,65,0.75,10000,0,0,1,28000
STU-2026-07270,Engineering,A,Mumbai,6.92,1,SME,0.037,36,72,0.52,20000,0,1,1,92000
STU-2026-07271,Engineering,D,Chennai,5.62,0,None,0.0,18,52,0.57,10000,0,0,0,26000
STU-2026-07272,MBA,B,Delhi NCR,8.4,0,None,0.0,68,69,0.6,25000,0,1,1,77000
STU-2026-07273,MBA,C,Mumbai,5.99,0,None,0.0,10,72,0.55,30000,0,0,0,43000
STU-2026-07274,Engineering,D,Pune,6.82,0,None,0.0,65,49,0.78,10000,0,0,0,0
STU-2026-07275,Nursing,A,Mumbai,9.36,6,Startup,0.315,64,62,0.45,30000,0,1,1,93000
STU-2026-07276,Nursing,D,Bengaluru,7.03,0,None,0.0,76,71,0.63,15000,0,0,1,23000
STU-2026-07277,MBA,C,Chennai,6.57,4,Startup,0.21,37,79,0.51,20000,0,0,1,60000
STU-2026-07278,Nursing,B,Hyderabad,6.42,5,MNC,0.375,62,62,0.65,10000,0,1,1,45000
STU-2026-07279,MBA,A,Pune,8.81,0,None,0.0,64,64,0.6,25000,0,1,1,110000
STU-2026-07280,Engineering,C,Mumbai,8.37,0,None,0.0,37,49,0.59,15000,0,0,0,46000
STU-2026-07281,MBA,B,Bengaluru,7.14,4,Startup,0.21,96,94,0.61,20000,0,1,1,75000
STU-2026-07282,Nursing,D,Chennai,5.09,0,None,0.0,53,75,0.51,25000,0,0,0,0
STU-2026-07283,Engineering,C,Chennai,7.93,2,Startup,0.105,0,78,0.57,20000,0,0,1,57000
STU-2026-07284,Nursing,D,Delhi NCR,5.75,0,None,0.0,11,92,0.59,10000,0,0,0,22000
STU-2026-07285,Engineering,C,Chennai,5.65,4,SME,0.15,63,80,0.75,10000,0,0,1,37000
STU-2026-07286,MBA,A,Pune,8.8,1,SME,0.037,61,72,0.49,15000,0,1,1,86000
STU-2026-07287,Nursing,A,Pune,8.09,0,None,0.0,86,82,0.61,30000,0,1,1,57000
STU-2026-07288,Nursing,A,Pune,7.47,4,Startup,0.21,76,47,0.44,25000,0,1,1,72000
STU-2026-07289,Nursing,D,Chennai,6.85,0,None,0.0,45,100,0.61,15000,0,0,1,31000
STU-2026-07290,Nursing,A,Pune,8.15,0,None,0.0,95,38,0.48,15000,0,0,1,68000
STU-2026-07291,MBA,B,Delhi NCR,9.27,5,SME,0.188,48,85,0.82,15000,1,1,1,96000
STU-2026-07292,Nursing,A,Bengaluru,8.89,0,None,0.0,67,60,0.64,15000,0,1,1,70000
STU-2026-07293,MBA,C,Chennai,5.15,0,None,0.0,0,66,0.63,20000,0,0,0,0
STU-2026-07294,MBA,D,Chennai,7.43,4,Startup,0.21,41,80,0.69,15000,0,0,1,56000
STU-2026-07295,MBA,A,Pune,7.96,1,SME,0.037,64,100,0.7,10000,0,1,1,104000
STU-2026-07296,Nursing,D,Bengaluru,6.08,2,SME,0.075,10,96,0.65,30000,0,0,0,22000
STU-2026-07297,MBA,D,Pune,8.32,0,None,0.0,29,58,0.64,25000,0,0,1,44000
STU-2026-07298,Nursing,A,Bengaluru,7.72,1,Startup,0.052,69,53,0.55,30000,0,1,1,70000
STU-2026-07299,Nursing,B,Chennai,7.07,2,MNC,0.15,71,87,0.55,30000,1,1,1,55000
STU-2026-07300,MBA,B,Pune,7.77,6,Startup,0.315,56,62,0.77,20000,0,1,1,74000
STU-2026-07301,Engineering,A,Hyderabad,6.83,6,SME,0.225,62,72,0.51,20000,0,0,1,61000
STU-2026-07302,MBA,D,Bengaluru,5.89,1,SME,0.037,31,80,0.59,25000,0,0,1,38000
STU-2026-07303,Engineering,D,Bengaluru,7.42,1,MNC,0.075,64,49,0.55,20000,0,0,1,26000
STU-2026-07304,Nursing,A,Pune,7.96,4,SME,0.15,70,42,0.52,25000,0,1,1,72000
STU-2026-07305,Nursing,A,Delhi NCR,7.74,5,MNC,0.375,64,61,0.77,10000,0,1,1,76000
STU-2026-07306,Engineering,C,Bengaluru,5.01,6,SME,0.225,33,67,0.72,25000,0,0,0,38000
STU-2026-07307,Nursing,B,Hyderabad,7.59,2,Startup,0.105,22,59,0.52,15000,0,1,1,51000
STU-2026-07308,Nursing,C,Hyderabad,6.97,4,Startup,0.21,0,41,0.67,25000,0,0,1,32000
STU-2026-07309,MBA,A,Delhi NCR,8.22,5,SME,0.188,59,73,0.56,30000,0,1,1,146000
STU-2026-07310,Nursing,A,Pune,7.43,0,None,0.0,36,58,0.6,15000,0,0,1,64000
STU-2026-07311,Nursing,D,Hyderabad,7.97,1,Startup,0.052,49,73,0.76,20000,0,0,1,31000
STU-2026-07312,Nursing,B,Pune,7.82,0,None,0.0,57,68,0.73,15000,0,0,1,41000
STU-2026-07313,Nursing,B,Bengaluru,6.76,1,MNC,0.075,68,62,0.63,15000,0,0,1,38000
STU-2026-07314,MBA,B,Pune,6.1,4,MNC,0.3,39,57,0.5,15000,0,0,1,97000
STU-2026-07315,Engineering,B,Pune,6.99,5,Startup,0.263,52,61,0.69,10000,0,1,1,65000
STU-2026-07316,MBA,D,Pune,5.34,0,None,0.0,16,73,0.62,15000,0,0,0,34000
STU-2026-07317,Nursing,A,Hyderabad,7.22,6,SME,0.225,66,74,0.5,20000,0,1,1,75000
STU-2026-07318,Engineering,C,Pune,5.43,4,Startup,0.21,100,78,0.59,20000,0,0,1,42000
STU-2026-07319,MBA,B,Bengaluru,7.09,3,Startup,0.157,53,92,0.55,15000,0,1,1,68000
STU-2026-07320,Nursing,C,Hyderabad,7.11,0,None,0.0,55,95,0.51,10000,0,0,0,29000
STU-2026-07321,MBA,B,Mumbai,6.88,2,MNC,0.15,60,78,0.83,30000,0,0,1,49000
STU-2026-07322,Nursing,B,Hyderabad,7.26,2,Startup,0.105,67,55,0.62,15000,0,0,1,46000
STU-2026-07323,Nursing,D,Hyderabad,7.75,1,Startup,0.052,38,78,0.42,15000,0,0,0,27000
STU-2026-07324,MBA,D,Delhi NCR,5.59,0,None,0.0,40,65,0.55,15000,0,0,0,32000
STU-2026-07325,MBA,C,Chennai,5.5,0,None,0.0,25,81,0.62,25000,0,0,1,44000
STU-2026-07326,MBA,C,Delhi NCR,6.33,0,None,0.0,76,93,0.42,15000,0,0,1,41000
STU-2026-07327,Nursing,B,Mumbai,7.24,1,SME,0.037,44,56,0.69,20000,0,0,1,42000
STU-2026-07328,Nursing,A,Hyderabad,7.12,5,Startup,0.263,85,70,0.67,20000,0,1,1,67000
STU-2026-07329,MBA,C,Delhi NCR,6.88,6,SME,0.225,78,57,0.35,20000,0,0,1,49000
STU-2026-07330,Nursing,A,Chennai,8.97,0,None,0.0,56,82,0.6,30000,0,1,1,71000
STU-2026-07331,Engineering,A,Mumbai,9.38,6,SME,0.225,64,87,0.7,25000,0,1,1,117000
STU-2026-07332,MBA,D,Delhi NCR,6.35,0,None,0.0,72,56,0.53,25000,0,0,0,30000
STU-2026-07333,Engineering,B,Pune,6.91,6,SME,0.225,83,80,0.56,25000,0,1,1,83000
STU-2026-07334,MBA,B,Pune,7.81,3,Startup,0.157,88,83,0.57,20000,0,1,1,91000
STU-2026-07335,Engineering,B,Bengaluru,6.76,4,Startup,0.21,8,57,0.38,20000,0,0,1,45000
STU-2026-07336,Nursing,D,Bengaluru,7.86,0,None,0.0,10,78,0.68,25000,0,0,1,19000
STU-2026-07337,Nursing,B,Bengaluru,8.62,6,Startup,0.315,68,82,0.78,15000,1,1,1,52000
STU-2026-07338,Nursing,A,Hyderabad,8.72,3,MNC,0.225,30,69,0.55,15000,0,1,1,64000
STU-2026-07339,Engineering,D,Delhi NCR,5.13,0,None,0.0,29,67,0.56,25000,0,0,0,25000
STU-2026-07340,Engineering,C,Delhi NCR,7.28,0,None,0.0,30,49,0.6,15000,0,0,1,43000
STU-2026-07341,Engineering,C,Mumbai,8.14,0,None,0.0,71,78,0.62,10000,0,0,1,45000
STU-2026-07342,MBA,D,Bengaluru,6.37,1,SME,0.037,48,49,0.55,25000,0,0,0,34000
STU-2026-07343,Nursing,D,Bengaluru,5.7,3,Startup,0.157,20,66,0.36,30000,0,0,0,0
STU-2026-07344,MBA,D,Bengaluru,7.94,4,Startup,0.21,48,76,0.42,10000,0,0,1,54000
STU-2026-07345,Nursing,C,Hyderabad,7.36,0,None,0.0,68,84,0.54,30000,0,0,1,38000
STU-2026-07346,Engineering,D,Delhi NCR,6.37,0,None,0.0,13,67,0.73,15000,0,0,0,27000
STU-2026-07347,MBA,D,Delhi NCR,5.76,0,None,0.0,64,74,0.69,25000,0,0,1,25000
STU-2026-07348,Nursing,C,Hyderabad,5.89,0,None,0.0,29,71,0.65,20000,0,0,0,23000
STU-2026-07349,Nursing,C,Chennai,7.95,4,MNC,0.3,54,75,0.39,15000,0,1,1,46000
STU-2026-07350,Engineering,C,Delhi NCR,6.61,0,None,0.0,20,61,0.51,30000,0,0,0,0
STU-2026-07351,MBA,A,Pune,7.55,5,Startup,0.263,28,69,0.48,15000,0,1,1,92000
STU-2026-07352,MBA,D,Delhi NCR,8.23,0,None,0.0,61,54,0.59,25000,0,0,0,51000
STU-2026-07353,MBA,B,Pune,9.3,1,MNC,0.075,84,60,0.61,15000,0,1,1,100000
STU-2026-07354,Nursing,C,Hyderabad,8.01,0,None,0.0,56,71,0.59,20000,0,0,1,30000
STU-2026-07355,MBA,A,Hyderabad,7.48,0,None,0.0,53,71,0.59,30000,0,1,1,106000
STU-2026-07356,Nursing,D,Delhi NCR,6.3,0,None,0.0,58,87,0.64,30000,0,0,0,25000
STU-2026-07357,Nursing,B,Bengaluru,7.98,5,MNC,0.375,72,93,0.67,10000,1,1,1,60000
STU-2026-07358,Engineering,C,Hyderabad,6.28,0,None,0.0,69,55,0.79,20000,0,0,1,36000
STU-2026-07359,MBA,A,Pune,9.16,3,SME,0.113,73,51,0.52,20000,0,1,1,134000
STU-2026-07360,MBA,A,Delhi NCR,9.25,1,SME,0.037,66,51,0.55,15000,0,1,1,90000
STU-2026-07361,MBA,C,Bengaluru,5.11,0,None,0.0,31,84,0.58,15000,0,0,0,37000
STU-2026-07362,Nursing,D,Mumbai,6.63,2,SME,0.075,24,83,0.47,15000,0,0,0,29000
STU-2026-07363,Engineering,A,Pune,7.59,2,Startup,0.105,29,38,0.67,15000,0,1,1,82000
STU-2026-07364,Nursing,C,Hyderabad,5.27,3,SME,0.113,36,88,0.47,30000,0,0,1,19000
STU-2026-07365,Engineering,D,Bengaluru,5.44,6,SME,0.225,43,84,0.75,10000,0,0,1,38000
STU-2026-07366,Nursing,D,Mumbai,7.02,5,Startup,0.263,24,88,0.74,20000,0,0,1,33000
STU-2026-07367,Nursing,D,Hyderabad,8.47,5,MNC,0.375,49,70,0.67,25000,0,0,1,45000
STU-2026-07368,Engineering,D,Pune,6.64,0,None,0.0,63,83,0.62,30000,0,0,0,36000
STU-2026-07369,MBA,D,Bengaluru,5.35,5,SME,0.188,16,73,0.35,15000,0,0,1,36000
STU-2026-07370,MBA,D,Pune,8.65,0,None,0.0,85,68,0.73,25000,0,0,1,53000
STU-2026-07371,Nursing,D,Hyderabad,6.23,3,MNC,0.225,57,83,0.58,10000,0,0,1,30000
STU-2026-07372,Nursing,C,Delhi NCR,7.03,6,MNC,0.45,100,68,0.77,25000,0,1,1,31000
STU-2026-07373,Nursing,B,Hyderabad,8.99,5,SME,0.188,81,72,0.64,10000,0,1,1,72000
STU-2026-07374,Nursing,A,Mumbai,7.87,5,MNC,0.375,92,54,0.42,15000,0,1,1,99000
STU-2026-07375,Nursing,B,Pune,7.32,4,SME,0.15,15,48,0.64,15000,0,0,1,56000
STU-2026-07376,MBA,C,Pune,6.89,0,None,0.0,21,75,0.7,20000,0,0,1,48000
STU-2026-07377,Nursing,C,Chennai,6.88,0,None,0.0,59,59,0.67,20000,0,0,1,29000
STU-2026-07378,MBA,D,Mumbai,6.8,0,None,0.0,43,99,0.55,25000,0,0,0,47000
STU-2026-07379,MBA,B,Hyderabad,7.94,6,Startup,0.315,75,55,0.62,15000,0,1,1,87000
STU-2026-07380,MBA,C,Hyderabad,7.55,0,None,0.0,35,60,0.7,30000,0,0,1,55000
STU-2026-07381,Nursing,D,Chennai,7.34,0,None,0.0,73,64,0.63,30000,0,0,1,21000
STU-2026-07382,Nursing,C,Mumbai,6.33,0,None,0.0,12,76,0.52,20000,0,0,0,30000
STU-2026-07383,Engineering,A,Delhi NCR,8.74,0,None,0.0,53,81,0.52,25000,0,1,1,95000
STU-2026-07384,MBA,D,Bengaluru,8.04,0,None,0.0,30,61,0.7,15000,0,0,1,47000
STU-2026-07385,Nursing,C,Mumbai,8.22,6,SME,0.225,89,75,0.54,10000,0,1,1,38000
STU-2026-07386,MBA,A,Bengaluru,9.19,4,SME,0.15,46,67,0.52,25000,0,1,1,140000
STU-2026-07387,MBA,B,Mumbai,8.24,5,MNC,0.375,62,71,0.54,20000,0,1,1,83000
STU-2026-07388,MBA,B,Hyderabad,8.89,1,MNC,0.075,58,95,0.59,25000,0,0,1,83000
STU-2026-07389,Nursing,C,Bengaluru,6.8,0,None,0.0,42,80,0.62,30000,0,0,1,25000
STU-2026-07390,Engineering,A,Delhi NCR,7.87,6,SME,0.225,72,83,0.53,15000,0,1,1,108000
STU-2026-07391,MBA,A,Bengaluru,7.49,4,MNC,0.3,65,76,0.49,10000,0,1,1,134000
STU-2026-07392,MBA,B,Hyderabad,7.05,0,None,0.0,90,96,0.65,30000,0,1,1,55000
STU-2026-07393,MBA,B,Mumbai,6.17,3,SME,0.113,57,51,0.63,30000,0,0,1,66000
STU-2026-07394,Engineering,D,Hyderabad,6.59,4,Startup,0.21,56,75,0.56,15000,0,0,0,37000
STU-2026-07395,Engineering,D,Pune,4.71,0,None,0.0,71,78,0.68,25000,0,0,0,23000
STU-2026-07396,Engineering,D,Pune,6.0,0,None,0.0,44,55,0.59,20000,0,0,0,0
STU-2026-07397,Nursing,C,Pune,6.61,6,Startup,0.315,0,96,0.62,20000,0,0,1,41000
STU-2026-07398,Engineering,A,Delhi NCR,7.16,6,SME,0.225,44,78,0.62,25000,0,1,1,99000
STU-2026-07399,MBA,B,Delhi NCR,7.8,3,MNC,0.225,70,76,0.53,15000,0,1,1,64000
STU-2026-07400,MBA,A,Mumbai,7.79,3,Startup,0.157,55,79,0.65,30000,0,1,1,102000
STU-2026-07401,MBA,B,Bengaluru,8.81,5,Startup,0.263,54,72,0.68,20000,0,1,1,101000
STU-2026-07402,MBA,B,Mumbai,7.18,2,Startup,0.105,50,72,0.42,10000,0,0,1,80000
STU-2026-07403,Engineering,C,Mumbai,7.31,0,None,0.0,75,83,0.64,25000,0,0,1,39000
STU-2026-07404,Nursing,C,Hyderabad,7.4,0,None,0.0,48,64,0.51,25000,0,0,1,37000
STU-2026-07405,MBA,A,Hyderabad,8.29,4,SME,0.15,61,76,0.65,10000,0,1,1,122000
STU-2026-07406,Engineering,C,Chennai,6.19,0,None,0.0,65,64,0.76,25000,0,0,1,36000
STU-2026-07407,MBA,A,Bengaluru,8.81,1,SME,0.037,47,79,0.61,20000,0,1,1,105000
STU-2026-07408,MBA,C,Mumbai,5.97,0,None,0.0,0,63,0.55,20000,0,0,0,42000
STU-2026-07409,MBA,C,Mumbai,6.88,5,SME,0.188,52,78,0.67,15000,0,0,1,61000
STU-2026-07410,Engineering,D,Mumbai,6.87,0,None,0.0,63,80,0.45,30000,0,0,0,23000
STU-2026-07411,Nursing,A,Chennai,6.74,5,Startup,0.263,50,68,0.56,30000,0,0,1,73000
STU-2026-07412,Engineering,C,Pune,5.95,6,SME,0.225,52,60,0.55,30000,0,0,1,39000
STU-2026-07413,Engineering,B,Chennai,7.67,5,MNC,0.375,66,49,0.65,25000,0,0,1,65000
STU-2026-07414,MBA,D,Bengaluru,5.93,3,Startup,0.157,60,46,0.67,20000,0,0,1,40000
STU-2026-07415,Nursing,A,Pune,8.4,0,None,0.0,54,80,0.56,15000,0,0,1,64000
STU-2026-07416,Engineering,C,Mumbai,7.76,3,SME,0.113,52,97,0.57,15000,0,0,1,48000
STU-2026-07417,MBA,C,Chennai,5.87,5,SME,0.188,28,54,0.37,25000,0,0,0,50000
STU-2026-07418,MBA,B,Chennai,8.13,1,SME,0.037,48,62,0.7,10000,0,0,1,76000
STU-2026-07419,MBA,C,Bengaluru,7.95,6,SME,0.225,22,47,0.77,10000,0,0,1,78000
STU-2026-07420,MBA,D,Pune,6.69,3,MNC,0.225,56,33,0.56,20000,0,0,1,37000
STU-2026-07421,Engineering,D,Mumbai,6.4,1,SME,0.037,48,58,0.6,30000,0,0,0,32000
STU-2026-07422,Nursing,D,Bengaluru,6.32,0,None,0.0,19,76,0.63,10000,0,0,0,22000
STU-2026-07423,Nursing,A,Pune,8.47,5,SME,0.188,78,75,0.61,10000,0,1,1,94000
STU-2026-07424,Engineering,A,Bengaluru,7.3,5,Startup,0.263,56,62,0.42,25000,0,1,1,92000
STU-2026-07425,Nursing,A,Chennai,8.23,0,None,0.0,56,81,0.69,10000,0,0,1,80000
STU-2026-07426,MBA,A,Mumbai,8.01,3,Startup,0.157,72,73,0.61,25000,0,1,1,143000
STU-2026-07427,MBA,B,Delhi NCR,8.28,1,MNC,0.075,55,69,0.54,20000,0,1,1,90000
STU-2026-07428,Engineering,D,Mumbai,6.39,0,None,0.0,73,86,0.78,25000,0,0,0,29000
STU-2026-07429,Nursing,D,Pune,6.56,0,None,0.0,100,70,0.73,15000,0,0,1,22000
STU-2026-07430,Nursing,C,Pune,6.87,6,SME,0.225,53,89,0.58,20000,0,0,1,41000
STU-2026-07431,MBA,C,Delhi NCR,5.42,0,None,0.0,46,86,0.64,10000,0,0,0,33000
STU-2026-07432,Nursing,D,Mumbai,8.22,0,None,0.0,36,56,0.71,15000,0,0,1,24000
STU-2026-07433,Nursing,B,Mumbai,10.0,4,MNC,0.3,49,82,0.8,25000,1,1,1,75000
STU-2026-07434,Engineering,C,Bengaluru,5.08,0,None,0.0,91,83,0.46,10000,0,0,1,29000
STU-2026-07435,MBA,C,Pune,6.47,0,None,0.0,26,73,0.68,25000,0,0,0,47000
STU-2026-07436,MBA,A,Delhi NCR,10.0,1,Startup,0.052,70,84,0.5,15000,0,1,1,165000
STU-2026-07437,MBA,C,Delhi NCR,8.21,6,SME,0.225,83,69,0.73,30000,0,0,1,78000
STU-2026-07438,Nursing,B,Hyderabad,8.53,4,SME,0.15,46,86,0.58,30000,0,1,1,53000
STU-2026-07439,MBA,C,Delhi NCR,8.7,0,None,0.0,29,61,0.51,30000,0,0,1,64000
STU-2026-07440,Engineering,B,Chennai,8.14,5,MNC,0.375,45,76,0.66,20000,0,1,1,84000
STU-2026-07441,Nursing,D,Pune,6.7,0,None,0.0,42,62,0.59,30000,0,0,0,29000
STU-2026-07442,Engineering,B,Pune,7.54,4,Startup,0.21,87,91,0.47,15000,0,1,1,82000
STU-2026-07443,MBA,B,Pune,7.68,1,SME,0.037,58,81,0.71,25000,0,1,1,71000
STU-2026-07444,MBA,A,Delhi NCR,6.31,3,MNC,0.225,61,64,0.5,15000,0,0,1,93000
STU-2026-07445,MBA,A,Bengaluru,8.34,3,MNC,0.225,54,77,0.62,20000,1,1,1,121000
STU-2026-07446,MBA,C,Pune,8.94,0,None,0.0,67,92,0.63,15000,0,0,1,59000
STU-2026-07447,Engineering,D,Chennai,8.9,0,None,0.0,67,55,0.7,10000,0,0,1,43000
STU-2026-07448,Engineering,C,Mumbai,7.79,3,Startup,0.157,76,74,0.59,10000,0,0,1,60000
STU-2026-07449,Engineering,C,Delhi NCR,7.75,6,Startup,0.315,40,42,0.36,15000,0,0,1,48000
STU-2026-07450,MBA,C,Mumbai,6.17,0,None,0.0,34,100,0.61,30000,0,0,1,47000
STU-2026-07451,Nursing,A,Hyderabad,6.26,6,SME,0.225,52,52,0.77,15000,0,0,1,55000
STU-2026-07452,Nursing,A,Pune,7.99,0,None,0.0,40,72,0.6,10000,0,1,1,66000
STU-2026-07453,Engineering,D,Bengaluru,7.08,0,None,0.0,50,87,0.44,10000,0,0,1,27000
STU-2026-07454,Nursing,B,Chennai,6.86,4,SME,0.15,62,76,0.65,10000,0,0,1,55000
STU-2026-07455,Nursing,B,Bengaluru,7.08,2,Startup,0.105,46,51,0.46,15000,0,0,1,46000
STU-2026-07456,Engineering,B,Pune,8.1,0,None,0.0,43,53,0.58,25000,0,0,1,63000
STU-2026-07457,Nursing,D,Pune,5.64,0,None,0.0,36,94,0.48,30000,0,0,0,21000
STU-2026-07458,MBA,A,Hyderabad,7.43,3,Startup,0.157,72,50,0.66,30000,0,1,1,87000
STU-2026-07459,MBA,D,Delhi NCR,7.63,2,SME,0.075,18,68,0.66,20000,0,0,0,43000
STU-2026-07460,MBA,B,Mumbai,8.63,4,Startup,0.21,19,91,0.45,25000,0,0,1,101000
STU-2026-07461,Engineering,D,Pune,7.52,6,SME,0.225,47,71,0.56,10000,0,0,1,47000
STU-2026-07462,Nursing,C,Bengaluru,8.21,0,None,0.0,29,35,0.7,25000,0,0,1,36000
STU-2026-07463,MBA,B,Bengaluru,6.93,0,None,0.0,53,61,0.6,10000,0,0,1,72000
STU-2026-07464,MBA,A,Chennai,9.83,2,MNC,0.15,48,46,0.59,25000,0,1,1,155000
STU-2026-07465,MBA,A,Delhi NCR,9.48,1,MNC,0.075,76,43,0.48,30000,0,1,1,122000
STU-2026-07466,Nursing,B,Bengaluru,9.02,0,None,0.0,41,84,0.54,20000,0,1,1,44000
STU-2026-07467,Nursing,A,Hyderabad,8.65,0,None,0.0,81,74,0.79,25000,0,1,1,68000
STU-2026-07468,MBA,C,Hyderabad,7.82,2,MNC,0.15,16,71,0.67,25000,0,0,1,75000
STU-2026-07469,Engineering,A,Mumbai,7.5,2,SME,0.075,66,50,0.53,30000,0,1,1,97000
STU-2026-07470,Nursing,C,Bengaluru,7.43,0,None,0.0,41,77,0.65,20000,0,0,1,29000
STU-2026-07471,MBA,B,Hyderabad,6.54,1,Startup,0.052,56,58,0.66,25000,0,1,1,69000
STU-2026-07472,Engineering,C,Mumbai,4.63,5,MNC,0.375,24,70,0.46,10000,0,0,1,39000
STU-2026-07473,Nursing,D,Pune,8.49,0,None,0.0,85,52,0.59,25000,0,0,1,26000
STU-2026-07474,Engineering,B,Chennai,7.6,1,Startup,0.052,58,79,0.74,25000,0,1,1,55000
STU-2026-07475,Engineering,B,Pune,6.47,6,MNC,0.45,100,84,0.64,15000,0,1,1,87000
STU-2026-07476,MBA,D,Hyderabad,6.61,2,MNC,0.15,0,74,0.48,20000,0,0,0,52000
STU-2026-07477,Engineering,B,Pune,5.83,1,MNC,0.075,42,83,0.55,20000,0,0,1,49000
STU-2026-07478,Engineering,D,Bengaluru,7.87,0,None,0.0,24,32,0.64,30000,0,0,0,0
STU-2026-07479,MBA,A,Mumbai,8.95,4,SME,0.15,59,66,0.67,30000,0,1,1,128000
STU-2026-07480,MBA,A,Pune,8.56,0,None,0.0,65,63,0.55,30000,0,1,1,125000
STU-2026-07481,Nursing,A,Mumbai,7.67,5,Startup,0.263,87,81,0.65,20000,0,1,1,62000
STU-2026-07482,Engineering,D,Hyderabad,8.61,0,None,0.0,64,74,0.62,20000,0,0,1,36000
STU-2026-07483,Engineering,B,Pune,8.03,4,SME,0.15,44,72,0.61,15000,0,1,1,78000
STU-2026-07484,Engineering,C,Mumbai,7.28,0,None,0.0,57,41,0.65,15000,0,0,1,44000
STU-2026-07485,MBA,B,Mumbai,6.97,4,MNC,0.3,83,74,0.53,20000,0,1,1,96000
STU-2026-07486,Engineering,A,Bengaluru,8.13,5,MNC,0.375,60,67,0.7,10000,0,1,1,95000
STU-2026-07487,Engineering,C,Chennai,5.63,2,Startup,0.105,40,60,0.38,10000,0,0,0,34000
STU-2026-07488,MBA,A,Chennai,7.88,0,None,0.0,74,36,0.52,20000,0,1,1,91000
STU-2026-07489,MBA,C,Hyderabad,5.35,6,Startup,0.315,23,77,0.57,30000,0,0,0,54000
STU-2026-07490,Nursing,B,Mumbai,7.87,4,MNC,0.3,35,71,0.47,30000,0,1,1,68000
STU-2026-07491,Engineering,C,Bengaluru,6.45,0,None,0.0,67,59,0.59,15000,0,0,0,37000
STU-2026-07492,Engineering,B,Hyderabad,7.57,6,MNC,0.45,60,69,0.61,20000,0,1,1,57000
STU-2026-07493,MBA,A,Mumbai,9.74,6,SME,0.225,53,69,0.73,15000,1,1,1,166000
STU-2026-07494,Nursing,C,Pune,8.29,3,Startup,0.157,36,84,0.47,15000,0,0,1,45000
STU-2026-07495,Nursing,A,Hyderabad,9.12,3,Startup,0.157,74,73,0.57,30000,0,1,1,78000
STU-2026-07496,MBA,D,Hyderabad,5.24,0,None,0.0,84,85,0.63,25000,0,0,1,33000
STU-2026-07497,Nursing,B,Chennai,6.51,4,MNC,0.3,73,89,0.53,25000,0,0,1,39000
STU-2026-07498,MBA,B,Pune,7.4,3,SME,0.113,36,67,0.53,20000,0,0,1,71000
STU-2026-07499,Nursing,A,Delhi NCR,8.17,3,SME,0.113,72,56,0.63,15000,0,1,1,70000
STU-2026-07500,Nursing,D,Delhi NCR,6.7,0,None,0.0,49,73,0.72,25000,0,0,1,21000
STU-2026-07501,Nursing,D,Mumbai,7.92,1,SME,0.037,48,83,0.59,15000,0,0,0,38000
STU-2026-07502,Engineering,D,Bengaluru,6.08,0,None,0.0,11,81,0.51,10000,0,0,0,28000
STU-2026-07503,Engineering,C,Hyderabad,6.63,1,Startup,0.052,31,94,0.59,15000,0,0,0,46000
STU-2026-07504,Engineering,B,Mumbai,6.78,3,SME,0.113,58,56,0.62,25000,0,0,1,56000
STU-2026-07505,Nursing,D,Delhi NCR,6.98,0,None,0.0,60,81,0.5,10000,0,0,0,27000
STU-2026-07506,Engineering,C,Pune,5.86,0,None,0.0,52,83,0.44,30000,0,0,0,38000
STU-2026-07507,Nursing,B,Bengaluru,7.35,1,Startup,0.052,52,82,0.71,15000,0,0,1,55000
STU-2026-07508,Engineering,D,Mumbai,4.66,2,MNC,0.15,2,63,0.57,25000,0,0,0,0
STU-2026-07509,Nursing,C,Bengaluru,6.16,4,MNC,0.3,22,67,0.54,15000,0,0,1,34000
STU-2026-07510,Engineering,D,Mumbai,6.53,0,None,0.0,38,87,0.55,30000,0,0,0,25000
STU-2026-07511,Engineering,B,Mumbai,7.27,0,None,0.0,70,83,0.76,25000,0,1,1,47000
STU-2026-07512,Engineering,D,Mumbai,6.56,5,Startup,0.263,0,65,0.54,20000,0,0,0,0
STU-2026-07513,MBA,C,Mumbai,9.33,0,None,0.0,31,38,0.57,10000,0,0,1,86000
STU-2026-07514,Nursing,C,Mumbai,6.87,5,SME,0.188,42,88,0.58,10000,0,0,1,39000
STU-2026-07515,Engineering,C,Pune,5.51,2,SME,0.075,78,57,0.54,20000,0,0,1,39000
STU-2026-07516,Engineering,D,Bengaluru,7.61,0,None,0.0,39,74,0.71,20000,0,0,1,31000
STU-2026-07517,Engineering,D,Pune,6.08,0,None,0.0,63,58,0.44,15000,0,0,0,27000
STU-2026-07518,MBA,A,Bengaluru,8.89,1,MNC,0.075,31,75,0.72,15000,0,1,1,124000
STU-2026-07519,Nursing,D,Pune,4.22,1,Startup,0.052,62,82,0.6,25000,0,0,0,0
STU-2026-07520,MBA,D,Mumbai,7.6,0,None,0.0,34,28,0.68,30000,0,0,1,52000
STU-2026-07521,Engineering,B,Delhi NCR,6.22,4,Startup,0.21,22,64,0.65,20000,0,0,1,43000
STU-2026-07522,Engineering,C,Hyderabad,7.67,0,None,0.0,31,79,0.6,25000,0,0,1,43000
STU-2026-07523,Engineering,D,Delhi NCR,6.37,0,None,0.0,29,53,0.65,15000,0,0,1,27000
STU-2026-07524,Nursing,D,Chennai,9.04,5,Startup,0.263,49,74,0.67,20000,0,1,1,36000
STU-2026-07525,Engineering,D,Mumbai,7.47,0,None,0.0,66,64,0.6,25000,0,0,0,32000
STU-2026-07526,Nursing,A,Pune,7.92,5,MNC,0.375,42,69,0.63,10000,0,1,1,74000
STU-2026-07527,MBA,A,Delhi NCR,7.71,1,MNC,0.075,77,61,0.68,10000,0,1,1,113000
STU-2026-07528,MBA,B,Chennai,8.25,2,Startup,0.105,7,83,0.73,30000,0,0,1,89000
STU-2026-07529,MBA,C,Delhi NCR,5.79,4,MNC,0.3,49,100,0.38,10000,0,0,1,60000
STU-2026-07530,Nursing,B,Pune,8.76,0,None,0.0,32,60,0.54,25000,0,0,1,48000
STU-2026-07531,Nursing,C,Mumbai,5.09,1,SME,0.037,34,56,0.59,25000,0,0,0,22000
STU-2026-07532,MBA,C,Delhi NCR,5.56,3,SME,0.113,64,65,0.6,10000,0,0,1,44000
STU-2026-07533,Nursing,C,Pune,6.8,1,MNC,0.075,60,66,0.53,20000,0,0,1,28000
STU-2026-07534,Engineering,A,Chennai,8.14,1,Startup,0.052,39,86,0.52,25000,0,1,1,87000
STU-2026-07535,Engineering,D,Mumbai,7.83,0,None,0.0,21,40,0.44,15000,0,0,1,33000
STU-2026-07536,Nursing,A,Mumbai,9.08,0,None,0.0,34,73,0.63,15000,1,1,1,67000
STU-2026-07537,MBA,B,Hyderabad,6.79,1,SME,0.037,67,56,0.64,30000,0,0,1,58000
STU-2026-07538,Nursing,A,Pune,8.6,0,None,0.0,62,81,0.77,15000,0,1,1,62000
STU-2026-07539,MBA,D,Hyderabad,5.19,0,None,0.0,53,60,0.63,25000,0,0,1,27000
STU-2026-07540,MBA,A,Mumbai,7.82,0,None,0.0,80,81,0.66,10000,0,1,1,79000
STU-2026-07541,Nursing,C,Delhi NCR,5.95,4,SME,0.15,15,79,0.63,10000,0,0,0,27000
STU-2026-07542,Nursing,D,Hyderabad,7.37,2,Startup,0.105,32,61,0.8,10000,0,0,0,31000
STU-2026-07543,Engineering,D,Delhi NCR,7.27,0,None,0.0,2,60,0.68,15000,0,0,0,26000
STU-2026-07544,MBA,A,Mumbai,8.52,4,Startup,0.21,48,77,0.87,20000,0,1,1,145000
STU-2026-07545,Nursing,D,Pune,6.5,0,None,0.0,12,85,0.54,30000,0,0,0,28000
STU-2026-07546,Engineering,B,Bengaluru,7.16,1,SME,0.037,84,76,0.54,25000,0,1,1,49000
STU-2026-07547,MBA,B,Chennai,8.4,0,None,0.0,85,71,0.73,10000,0,1,1,89000
STU-2026-07548,MBA,C,Pune,10.0,0,None,0.0,100,67,0.63,30000,0,0,1,80000
STU-2026-07549,Nursing,C,Mumbai,7.27,3,SME,0.113,21,88,0.57,15000,0,0,1,37000
STU-2026-07550,Engineering,C,Chennai,6.24,0,None,0.0,39,96,0.54,20000,0,0,1,33000
STU-2026-07551,Engineering,A,Pune,7.42,3,Startup,0.157,58,100,0.68,15000,0,1,1,81000
STU-2026-07552,Engineering,A,Pune,7.89,3,SME,0.113,30,97,0.63,20000,0,1,1,93000
STU-2026-07553,Engineering,D,Mumbai,9.31,6,Startup,0.315,47,67,0.78,10000,0,0,1,42000
STU-2026-07554,Engineering,B,Pune,5.97,6,MNC,0.45,56,74,0.68,15000,0,0,1,62000
STU-2026-07555,Nursing,C,Chennai,5.83,0,None,0.0,68,89,0.8,15000,0,0,1,32000
STU-2026-07556,Nursing,A,Chennai,7.65,0,None,0.0,64,54,0.66,25000,0,1,1,37000
STU-2026-07557,Nursing,A,Chennai,9.09,4,SME,0.15,77,62,0.63,20000,0,1,1,71000
STU-2026-07558,MBA,D,Mumbai,8.8,0,None,0.0,11,70,0.46,30000,0,0,1,55000
STU-2026-07559,Engineering,A,Delhi NCR,8.78,0,None,0.0,69,91,0.54,20000,0,1,1,82000
STU-2026-07560,Nursing,C,Chennai,5.18,0,None,0.0,42,68,0.65,20000,0,0,0,0
STU-2026-07561,MBA,B,Bengaluru,7.49,2,Startup,0.105,84,79,0.41,30000,0,1,1,68000
STU-2026-07562,MBA,B,Pune,7.51,4,MNC,0.3,52,96,0.61,10000,0,1,1,90000
STU-2026-07563,Nursing,D,Hyderabad,7.37,2,Startup,0.105,35,82,0.56,15000,0,0,1,30000
STU-2026-07564,Engineering,D,Delhi NCR,6.62,0,None,0.0,61,77,0.68,10000,0,0,1,29000
STU-2026-07565,Nursing,B,Pune,7.64,0,None,0.0,50,85,0.75,10000,0,1,1,52000
STU-2026-07566,Nursing,C,Hyderabad,8.15,0,None,0.0,33,83,0.47,30000,0,0,1,29000
STU-2026-07567,Nursing,D,Delhi NCR,6.67,6,SME,0.225,4,86,0.56,20000,0,0,1,28000
STU-2026-07568,Engineering,A,Delhi NCR,6.72,6,Startup,0.315,50,62,0.6,10000,0,1,1,114000
STU-2026-07569,Nursing,C,Pune,6.52,2,SME,0.075,8,59,0.65,10000,0,0,0,23000
STU-2026-07570,Nursing,C,Pune,6.2,4,Startup,0.21,73,74,0.6,30000,0,0,1,30000
STU-2026-07571,Engineering,D,Bengaluru,7.45,5,SME,0.188,44,82,0.65,15000,0,0,1,43000
STU-2026-07572,MBA,A,Pune,7.73,1,MNC,0.075,59,90,0.6,30000,0,1,1,110000
STU-2026-07573,MBA,C,Mumbai,5.4,6,SME,0.225,46,95,0.52,25000,0,0,1,47000
STU-2026-07574,Engineering,D,Hyderabad,6.74,5,MNC,0.375,38,81,0.49,30000,0,0,1,43000
STU-2026-07575,Nursing,A,Pune,6.79,2,MNC,0.15,68,72,0.51,10000,0,1,1,48000
STU-2026-07576,Engineering,A,Pune,7.65,3,SME,0.113,61,45,0.48,15000,0,0,1,89000
STU-2026-07577,Nursing,B,Bengaluru,7.94,1,MNC,0.075,42,56,0.61,20000,0,0,1,43000
STU-2026-07578,MBA,D,Pune,8.99,0,None,0.0,45,67,0.56,10000,0,0,1,56000
STU-2026-07579,Nursing,B,Hyderabad,5.76,4,MNC,0.3,46,63,0.6,25000,0,0,1,35000
STU-2026-07580,Engineering,D,Chennai,6.7,0,None,0.0,82,70,0.53,20000,0,0,0,28000
STU-2026-07581,Engineering,B,Delhi NCR,6.42,4,SME,0.15,52,78,0.6,25000,0,0,1,40000
STU-2026-07582,Engineering,B,Bengaluru,8.33,4,MNC,0.3,53,72,0.51,25000,0,1,1,73000
STU-2026-07583,MBA,B,Mumbai,6.17,3,SME,0.113,42,70,0.63,15000,0,0,1,52000
STU-2026-07584,Engineering,C,Bengaluru,6.37,0,None,0.0,59,56,0.6,30000,0,0,0,43000
STU-2026-07585,Engineering,D,Delhi NCR,6.19,0,None,0.0,57,85,0.75,30000,0,0,0,22000
STU-2026-07586,MBA,A,Hyderabad,9.13,3,MNC,0.225,80,61,0.28,20000,0,1,1,111000
STU-2026-07587,Engineering,C,Hyderabad,5.81,0,None,0.0,45,75,0.76,20000,0,0,1,28000
STU-2026-07588,Engineering,A,Hyderabad,8.93,6,SME,0.225,68,65,0.6,30000,0,1,1,124000
STU-2026-07589,MBA,D,Hyderabad,8.83,6,SME,0.225,22,76,0.45,15000,0,0,1,67000
STU-2026-07590,MBA,C,Chennai,6.72,4,MNC,0.3,12,70,0.69,25000,0,0,0,79000
STU-2026-07591,Nursing,C,Pune,7.49,0,None,0.0,55,70,0.77,30000,0,0,1,30000
STU-2026-07592,Nursing,A,Pune,8.81,1,MNC,0.075,45,66,0.75,30000,0,1,1,80000
STU-2026-07593,Engineering,A,Bengaluru,9.14,1,SME,0.037,71,58,0.77,10000,0,1,1,106000
STU-2026-07594,Engineering,B,Mumbai,7.56,0,None,0.0,82,99,0.56,25000,0,1,1,56000
STU-2026-07595,MBA,B,Delhi NCR,5.5,6,MNC,0.45,32,76,0.7,15000,0,1,1,83000
STU-2026-07596,MBA,D,Hyderabad,9.91,0,None,0.0,53,66,0.59,30000,0,1,1,46000
STU-2026-07597,MBA,A,Bengaluru,9.19,6,MNC,0.45,60,58,0.45,15000,1,1,1,149000
STU-2026-07598,Engineering,B,Mumbai,7.56,2,SME,0.075,41,99,0.61,20000,0,0,1,56000
STU-2026-07599,Nursing,D,Mumbai,8.47,6,SME,0.225,16,65,0.72,20000,0,0,1,29000
STU-2026-07600,Engineering,A,Bengaluru,8.38,5,Startup,0.263,57,71,0.69,30000,0,1,1,107000
STU-2026-07601,MBA,B,Pune,7.36,1,MNC,0.075,82,59,0.38,10000,0,0,1,78000
STU-2026-07602,MBA,B,Bengaluru,7.08,1,SME,0.037,49,65,0.6,10000,0,0,1,75000
STU-2026-07603,Nursing,B,Pune,5.0,0,None,0.0,71,75,0.65,10000,0,0,0,29000
STU-2026-07604,Nursing,B,Mumbai,6.96,5,Startup,0.263,92,75,0.48,20000,0,0,1,44000
STU-2026-07605,Nursing,B,Hyderabad,8.31,0,None,0.0,83,73,0.61,25000,0,1,1,46000
STU-2026-07606,Nursing,C,Chennai,8.26,0,None,0.0,31,80,0.55,15000,0,0,1,38000
STU-2026-07607,Nursing,A,Mumbai,8.98,2,Startup,0.105,98,31,0.68,10000,0,1,1,82000
STU-2026-07608,Nursing,C,Hyderabad,7.09,0,None,0.0,46,75,0.69,15000,0,0,1,30000
STU-2026-07609,MBA,C,Delhi NCR,6.58,0,None,0.0,41,64,0.78,25000,0,0,0,52000
STU-2026-07610,MBA,A,Mumbai,8.8,2,Startup,0.105,49,74,0.73,20000,0,1,1,150000
STU-2026-07611,Nursing,B,Bengaluru,8.62,5,SME,0.188,46,53,0.62,10000,0,0,1,32000
STU-2026-07612,Nursing,A,Hyderabad,7.81,0,None,0.0,100,63,0.64,30000,0,1,1,60000
STU-2026-07613,Engineering,B,Hyderabad,7.17,1,MNC,0.075,85,71,0.59,30000,0,1,1,48000
STU-2026-07614,MBA,D,Pune,5.28,5,MNC,0.375,0,79,0.58,20000,0,0,1,42000
STU-2026-07615,Nursing,D,Chennai,5.15,0,None,0.0,31,83,0.57,25000,0,0,0,16000
STU-2026-07616,Engineering,C,Pune,7.66,1,Startup,0.052,0,67,0.56,15000,0,0,0,54000
STU-2026-07617,Engineering,A,Pune,7.69,4,Startup,0.21,45,90,0.62,25000,0,1,1,71000
STU-2026-07618,Nursing,D,Mumbai,5.84,6,SME,0.225,92,83,0.49,25000,0,0,1,21000
STU-2026-07619,Engineering,B,Mumbai,8.89,0,None,0.0,15,74,0.63,10000,0,0,1,63000
STU-2026-07620,Nursing,D,Chennai,7.25,0,None,0.0,0,51,0.58,10000,0,0,0,0
STU-2026-07621,Nursing,C,Delhi NCR,6.24,1,SME,0.037,39,56,0.6,15000,0,0,1,31000
STU-2026-07622,MBA,B,Chennai,6.25,0,None,0.0,47,79,0.45,15000,0,0,1,58000
STU-2026-07623,MBA,A,Bengaluru,6.13,5,MNC,0.375,50,75,0.58,25000,0,1,1,111000
STU-2026-07624,Engineering,B,Pune,8.49,6,MNC,0.45,71,59,0.45,10000,0,1,1,75000
STU-2026-07625,MBA,A,Hyderabad,7.78,1,MNC,0.075,64,87,0.73,20000,0,1,1,99000
STU-2026-07626,MBA,B,Mumbai,6.3,1,Startup,0.052,99,66,0.67,15000,0,1,1,57000
STU-2026-07627,MBA,D,Chennai,6.15,0,None,0.0,5,87,0.59,20000,0,0,1,33000
STU-2026-07628,MBA,C,Pune,6.44,0,None,0.0,12,65,0.48,20000,0,0,0,47000
STU-2026-07629,MBA,A,Pune,9.38,2,SME,0.075,31,88,0.5,30000,0,1,1,107000
STU-2026-07630,Engineering,C,Chennai,7.04,4,Startup,0.21,0,60,0.61,30000,0,0,1,33000
STU-2026-07631,Nursing,A,Bengaluru,8.2,0,None,0.0,50,41,0.49,25000,0,0,1,68000
STU-2026-07632,Engineering,A,Hyderabad,8.27,5,SME,0.188,34,42,0.64,30000,0,1,1,125000
STU-2026-07633,Engineering,B,Delhi NCR,7.15,6,Startup,0.315,83,78,0.68,10000,0,1,1,75000
STU-2026-07634,Nursing,A,Hyderabad,6.37,4,SME,0.15,55,60,0.73,20000,0,0,1,54000
STU-2026-07635,MBA,C,Pune,7.76,0,None,0.0,48,73,0.71,25000,0,0,1,51000
STU-2026-07636,Nursing,A,Chennai,7.16,3,MNC,0.225,70,58,0.58,10000,0,1,1,65000
STU-2026-07637,MBA,C,Mumbai,6.27,6,Startup,0.315,33,66,0.5,10000,0,0,1,54000
STU-2026-07638,MBA,C,Pune,7.74,0,None,0.0,15,78,0.62,20000,0,0,1,57000
STU-2026-07639,Engineering,B,Mumbai,7.92,0,None,0.0,55,67,0.66,25000,0,0,1,47000
STU-2026-07640,Nursing,D,Delhi NCR,7.01,5,SME,0.188,0,45,0.78,15000,0,0,1,26000
STU-2026-07641,Engineering,A,Mumbai,9.0,3,SME,0.113,81,77,0.59,10000,0,1,1,115000
STU-2026-07642,MBA,A,Delhi NCR,8.71,5,MNC,0.375,29,100,0.84,25000,0,1,1,166000
STU-2026-07643,Nursing,D,Mumbai,9.25,3,Startup,0.157,65,85,0.46,25000,0,1,1,38000
STU-2026-07644,MBA,C,Hyderabad,7.74,0,None,0.0,14,54,0.59,10000,0,0,0,54000
STU-2026-07645,Engineering,A,Delhi NCR,7.82,0,None,0.0,56,60,0.6,20000,0,0,1,87000
STU-2026-07646,Nursing,D,Delhi NCR,7.11,3,SME,0.113,8,90,0.52,25000,0,0,1,28000
STU-2026-07647,MBA,B,Delhi NCR,8.5,5,Startup,0.263,64,79,0.7,20000,1,1,1,116000
STU-2026-07648,Engineering,C,Pune,7.34,0,None,0.0,6,34,0.59,30000,0,0,0,38000
STU-2026-07649,Nursing,B,Delhi NCR,7.42,2,Startup,0.105,73,61,0.69,25000,0,1,1,46000
STU-2026-07650,MBA,A,Mumbai,9.7,5,MNC,0.375,64,69,0.65,25000,1,1,1,170000
STU-2026-07651,Nursing,C,Chennai,7.33,0,None,0.0,37,68,0.55,30000,0,0,1,39000
STU-2026-07652,Engineering,B,Chennai,6.95,4,Startup,0.21,29,72,0.7,15000,0,1,1,51000
STU-2026-07653,Nursing,C,Mumbai,8.14,1,Startup,0.052,91,60,0.58,30000,0,0,1,47000
STU-2026-07654,MBA,A,Delhi NCR,7.01,3,MNC,0.225,52,82,0.53,25000,0,0,1,110000
STU-2026-07655,Engineering,D,Delhi NCR,9.67,0,None,0.0,34,67,0.49,25000,0,0,1,50000
STU-2026-07656,Nursing,C,Pune,6.07,4,SME,0.15,53,61,0.41,25000,0,0,1,39000
STU-2026-07657,Engineering,A,Chennai,7.24,0,None,0.0,64,90,0.59,15000,0,0,1,75000
STU-2026-07658,Engineering,B,Mumbai,8.99,4,Startup,0.21,50,73,0.49,10000,0,1,1,85000
STU-2026-07659,Engineering,C,Delhi NCR,6.95,1,Startup,0.052,29,77,0.67,30000,0,0,1,40000
STU-2026-07660,MBA,C,Delhi NCR,6.05,0,None,0.0,89,72,0.57,25000,0,0,0,37000
STU-2026-07661,MBA,C,Chennai,6.03,2,Startup,0.105,51,65,0.6,20000,0,0,0,58000
STU-2026-07662,Engineering,B,Bengaluru,6.76,1,MNC,0.075,65,62,0.57,15000,0,0,1,56000
STU-2026-07663,MBA,B,Delhi NCR,6.52,6,SME,0.225,66,68,0.66,20000,0,1,1,71000
STU-2026-07664,MBA,B,Hyderabad,7.87,6,Startup,0.315,51,90,0.56,30000,0,1,1,89000
STU-2026-07665,Engineering,C,Delhi NCR,5.92,5,Startup,0.263,91,77,0.61,10000,0,0,1,50000
STU-2026-07666,Engineering,C,Pune,6.15,0,None,0.0,43,100,0.5,30000,0,0,1,37000
STU-2026-07667,MBA,D,Bengaluru,7.43,5,MNC,0.375,33,61,0.62,20000,0,0,1,38000
STU-2026-07668,Nursing,D,Hyderabad,5.81,0,None,0.0,32,54,0.62,25000,0,0,0,0
STU-2026-07669,Engineering,D,Pune,6.75,6,Startup,0.315,94,88,0.66,25000,0,1,1,40000
STU-2026-07670,MBA,D,Bengaluru,6.73,0,None,0.0,14,89,0.8,10000,0,0,1,47000
STU-2026-07671,MBA,B,Delhi NCR,5.0,3,MNC,0.225,100,68,0.84,30000,0,1,1,63000
STU-2026-07672,Engineering,D,Mumbai,6.39,0,None,0.0,44,41,0.69,30000,0,0,0,0
STU-2026-07673,Nursing,D,Delhi NCR,6.44,0,None,0.0,79,81,0.45,25000,0,0,0,20000
STU-2026-07674,MBA,D,Chennai,6.89,1,SME,0.037,62,79,0.49,30000,0,0,1,45000
STU-2026-07675,Engineering,A,Hyderabad,8.59,0,None,0.0,100,81,0.7,20000,1,1,1,100000
STU-2026-07676,Engineering,D,Delhi NCR,6.14,0,None,0.0,71,64,0.5,30000,0,0,0,33000
STU-2026-07677,Nursing,B,Mumbai,8.12,5,Startup,0.263,81,79,0.62,10000,0,1,1,62000
STU-2026-07678,Nursing,C,Pune,6.08,4,Startup,0.21,8,63,0.65,30000,0,0,0,42000
STU-2026-07679,Engineering,A,Chennai,8.55,6,Startup,0.315,62,61,0.69,15000,0,1,1,121000
STU-2026-07680,Nursing,D,Pune,6.28,0,None,0.0,43,77,0.49,20000,0,0,0,0
STU-2026-07681,MBA,D,Pune,5.68,1,Startup,0.052,62,76,0.56,10000,0,0,1,41000
STU-2026-07682,MBA,D,Pune,8.05,1,MNC,0.075,22,85,0.63,20000,0,0,1,49000
STU-2026-07683,Nursing,A,Chennai,7.37,0,None,0.0,46,53,0.7,20000,0,0,1,49000
STU-2026-07684,MBA,C,Hyderabad,7.42,0,None,0.0,40,86,0.61,30000,0,0,0,49000
STU-2026-07685,Nursing,C,Pune,5.41,2,Startup,0.105,54,86,0.45,25000,0,0,1,30000
STU-2026-07686,Nursing,B,Pune,5.94,3,SME,0.113,51,70,0.71,30000,0,0,1,41000
STU-2026-07687,MBA,C,Delhi NCR,7.52,6,SME,0.225,31,95,0.53,25000,0,0,0,48000
STU-2026-07688,MBA,D,Bengaluru,6.66,0,None,0.0,32,62,0.62,20000,0,0,1,41000
STU-2026-07689,Nursing,C,Bengaluru,7.58,0,None,0.0,13,62,0.67,20000,0,0,1,35000
STU-2026-07690,Engineering,C,Bengaluru,7.54,6,Startup,0.315,44,94,0.55,15000,0,0,1,42000
STU-2026-07691,MBA,D,Bengaluru,7.7,6,SME,0.225,26,89,0.62,15000,0,0,1,45000
STU-2026-07692,MBA,D,Hyderabad,7.82,0,None,0.0,39,74,0.66,30000,0,0,1,39000
STU-2026-07693,Nursing,D,Mumbai,7.43,5,SME,0.188,61,75,0.66,20000,0,0,1,28000
STU-2026-07694,Engineering,D,Pune,6.28,0,None,0.0,96,90,0.6,25000,0,0,1,25000
STU-2026-07695,MBA,A,Chennai,7.72,0,None,0.0,35,74,0.63,25000,0,1,1,96000
STU-2026-07696,MBA,C,Delhi NCR,8.08,6,SME,0.225,56,100,0.77,20000,0,1,1,80000
STU-2026-07697,Engineering,C,Mumbai,5.73,0,None,0.0,47,100,0.65,25000,0,0,0,34000
STU-2026-07698,Nursing,D,Mumbai,5.61,0,None,0.0,19,76,0.67,15000,0,0,0,18000
STU-2026-07699,MBA,D,Pune,5.09,3,MNC,0.225,37,41,0.57,20000,0,0,0,26000
STU-2026-07700,MBA,A,Pune,7.39,5,MNC,0.375,59,67,0.58,30000,0,1,1,98000
STU-2026-07701,Engineering,D,Bengaluru,7.65,4,SME,0.15,32,61,0.41,20000,0,0,0,43000
STU-2026-07702,Engineering,D,Bengaluru,6.97,0,None,0.0,44,65,0.59,15000,0,0,0,32000
STU-2026-07703,MBA,A,Mumbai,7.81,1,Startup,0.052,38,81,0.44,25000,0,1,1,115000
STU-2026-07704,Nursing,D,Hyderabad,6.17,0,None,0.0,66,62,0.54,30000,0,0,0,21000
STU-2026-07705,Nursing,B,Bengaluru,6.54,0,None,0.0,44,69,0.6,10000,0,0,1,42000
STU-2026-07706,Engineering,A,Bengaluru,8.64,6,Startup,0.315,57,64,0.6,30000,0,1,1,105000
STU-2026-07707,Engineering,B,Bengaluru,7.42,4,Startup,0.21,42,58,0.7,15000,0,0,1,56000
STU-2026-07708,Engineering,D,Hyderabad,8.33,2,Startup,0.105,30,91,0.48,30000,0,0,1,47000
STU-2026-07709,MBA,A,Hyderabad,7.48,0,None,0.0,93,64,0.65,25000,0,1,1,118000
STU-2026-07710,Nursing,C,Hyderabad,7.16,1,SME,0.037,92,88,0.68,15000,0,0,1,32000
STU-2026-07711,Nursing,C,Pune,6.42,1,MNC,0.075,41,72,0.51,10000,0,0,1,29000
STU-2026-07712,Engineering,B,Hyderabad,6.49,5,MNC,0.375,76,73,0.68,20000,0,1,1,49000
STU-2026-07713,MBA,C,Hyderabad,5.8,0,None,0.0,81,82,0.44,10000,0,0,1,36000
STU-2026-07714,Nursing,B,Mumbai,5.4,2,SME,0.075,93,71,0.62,10000,0,0,1,27000
STU-2026-07715,MBA,D,Pune,4.89,6,SME,0.225,75,45,0.76,20000,0,0,0,28000
STU-2026-07716,Engineering,B,Hyderabad,7.44,3,MNC,0.225,46,71,0.51,30000,0,0,1,60000
STU-2026-07717,Nursing,B,Chennai,8.36,6,SME,0.225,70,74,0.71,20000,0,1,1,59000
STU-2026-07718,Engineering,C,Pune,6.66,0,None,0.0,22,59,0.61,25000,0,0,1,41000
STU-2026-07719,Engineering,C,Chennai,7.48,3,MNC,0.225,12,78,0.56,15000,0,0,1,57000
STU-2026-07720,Engineering,B,Pune,6.34,2,SME,0.075,63,74,0.7,10000,0,0,1,50000
STU-2026-07721,MBA,B,Mumbai,7.67,3,MNC,0.225,50,62,0.54,20000,0,0,1,110000
STU-2026-07722,MBA,B,Bengaluru,7.41,5,SME,0.188,70,70,0.57,15000,0,1,1,91000
STU-2026-07723,MBA,C,Chennai,6.74,5,MNC,0.375,36,66,0.5,25000,0,0,1,62000
STU-2026-07724,Engineering,D,Hyderabad,8.56,6,Startup,0.315,46,91,0.58,30000,0,0,1,60000
STU-2026-07725,Engineering,C,Hyderabad,6.13,0,None,0.0,72,79,0.75,15000,0,0,1,40000
STU-2026-07726,Nursing,D,Pune,5.91,0,None,0.0,0,83,0.6,25000,0,0,0,21000
STU-2026-07727,MBA,C,Pune,6.83,4,SME,0.15,77,72,0.55,10000,0,0,1,57000
STU-2026-07728,Engineering,C,Mumbai,4.0,0,None,0.0,52,90,0.6,15000,0,0,0,24000
STU-2026-07729,Nursing,D,Hyderabad,8.89,4,Startup,0.21,52,73,0.56,15000,0,0,1,37000
STU-2026-07730,Nursing,C,Mumbai,6.85,4,MNC,0.3,0,59,0.72,10000,0,0,1,24000
STU-2026-07731,Nursing,A,Bengaluru,9.48,0,None,0.0,42,63,0.71,10000,0,1,1,52000
STU-2026-07732,MBA,A,Chennai,8.37,4,MNC,0.3,76,63,0.59,30000,0,1,1,119000
STU-2026-07733,Engineering,B,Hyderabad,7.18,3,MNC,0.225,73,71,0.7,15000,0,1,1,74000
STU-2026-07734,MBA,A,Bengaluru,6.93,4,SME,0.15,54,83,0.59,10000,0,0,1,94000
STU-2026-07735,MBA,D,Bengaluru,4.07,3,MNC,0.225,33,60,0.56,10000,0,0,0,23000
STU-2026-07736,Nursing,B,Delhi NCR,6.78,1,SME,0.037,37,86,0.71,10000,0,0,1,41000
STU-2026-07737,Engineering,A,Chennai,7.24,3,Startup,0.157,64,53,0.6,25000,0,1,1,79000
STU-2026-07738,MBA,B,Mumbai,7.53,4,MNC,0.3,74,97,0.66,10000,1,1,1,94000
STU-2026-07739,Nursing,A,Chennai,9.63,3,SME,0.113,69,74,0.58,15000,0,1,1,88000
STU-2026-07740,Engineering,D,Delhi NCR,5.1,0,None,0.0,58,48,0.67,10000,0,0,0,28000
STU-2026-07741,MBA,B,Mumbai,6.64,0,None,0.0,40,87,0.49,10000,0,0,1,64000
STU-2026-07742,Nursing,D,Bengaluru,6.74,0,None,0.0,44,78,0.65,15000,0,0,0,23000
STU-2026-07743,Nursing,D,Chennai,6.72,1,MNC,0.075,41,49,0.68,10000,0,0,1,27000
STU-2026-07744,Nursing,C,Hyderabad,7.47,0,None,0.0,15,49,0.68,15000,0,0,1,33000
STU-2026-07745,Engineering,B,Bengaluru,7.71,6,Startup,0.315,65,80,0.59,10000,0,0,1,83000
STU-2026-07746,Engineering,D,Mumbai,7.49,0,None,0.0,8,53,0.69,25000,0,0,1,21000
STU-2026-07747,MBA,C,Chennai,7.33,4,MNC,0.3,34,71,0.61,15000,0,0,1,75000
STU-2026-07748,Nursing,C,Mumbai,5.97,3,MNC,0.225,59,85,0.51,20000,0,0,1,32000
STU-2026-07749,Nursing,A,Delhi NCR,9.4,1,MNC,0.075,48,64,0.63,30000,0,1,1,84000
STU-2026-07750,Nursing,A,Mumbai,8.23,3,MNC,0.225,54,75,0.28,10000,0,1,1,76000
STU-2026-07751,MBA,B,Mumbai,7.68,5,Startup,0.263,100,59,0.83,30000,0,1,1,96000
STU-2026-07752,Nursing,D,Mumbai,7.57,2,Startup,0.105,19,45,0.48,25000,0,0,1,25000
STU-2026-07753,Nursing,B,Chennai,5.85,4,Startup,0.21,58,79,0.6,30000,0,1,1,46000
STU-2026-07754,MBA,D,Mumbai,7.49,3,SME,0.113,36,62,0.68,20000,0,0,1,41000
STU-2026-07755,MBA,B,Delhi NCR,8.8,1,Startup,0.052,65,80,0.56,15000,0,1,1,66000
STU-2026-07756,Engineering,C,Pune,8.81,1,Startup,0.052,0,49,0.63,30000,0,0,1,50000
STU-2026-07757,MBA,D,Mumbai,6.16,4,Startup,0.21,20,75,0.6,20000,0,0,1,43000
STU-2026-07758,Engineering,B,Pune,7.08,1,MNC,0.075,75,43,0.34,20000,0,0,1,54000
STU-2026-07759,Nursing,A,Pune,8.51,0,None,0.0,7,70,0.56,30000,0,0,1,47000
STU-2026-07760,Engineering,A,Hyderabad,10.0,3,Startup,0.157,61,52,0.61,25000,1,1,1,96000
STU-2026-07761,Engineering,B,Pune,6.01,5,Startup,0.263,58,70,0.67,20000,0,1,1,63000
STU-2026-07762,Engineering,C,Delhi NCR,5.13,1,Startup,0.052,13,58,0.68,20000,0,0,0,37000
STU-2026-07763,Nursing,B,Hyderabad,8.06,3,MNC,0.225,47,67,0.45,25000,0,1,1,50000
STU-2026-07764,MBA,A,Hyderabad,9.18,6,Startup,0.315,72,99,0.64,10000,1,1,1,151000
STU-2026-07765,Engineering,C,Mumbai,6.34,0,None,0.0,34,85,0.47,30000,0,0,1,27000
STU-2026-07766,Nursing,D,Bengaluru,7.25,0,None,0.0,29,78,0.53,20000,0,0,0,27000
STU-2026-07767,Nursing,D,Mumbai,6.95,0,None,0.0,79,63,0.54,20000,0,0,1,23000
STU-2026-07768,Engineering,D,Chennai,6.3,5,MNC,0.375,50,68,0.57,20000,0,0,1,48000
STU-2026-07769,Engineering,A,Pune,8.08,6,SME,0.225,49,66,0.64,10000,0,1,1,99000
STU-2026-07770,MBA,A,Mumbai,7.51,1,Startup,0.052,98,72,0.59,15000,0,1,1,83000
STU-2026-07771,MBA,C,Hyderabad,6.75,0,None,0.0,59,88,0.56,15000,0,0,1,57000
STU-2026-07772,Nursing,D,Pune,6.85,0,None,0.0,58,76,0.53,10000,0,0,0,27000
STU-2026-07773,Nursing,A,Delhi NCR,6.06,4,MNC,0.3,47,49,0.71,20000,0,1,1,54000
STU-2026-07774,Engineering,A,Pune,10.0,1,SME,0.037,88,73,0.75,25000,0,1,1,102000
STU-2026-07775,MBA,A,Chennai,8.57,1,MNC,0.075,46,51,0.51,25000,0,1,1,127000
STU-2026-07776,MBA,C,Bengaluru,6.39,3,Startup,0.157,0,77,0.73,25000,0,0,0,66000
STU-2026-07777,MBA,A,Hyderabad,8.9,4,Startup,0.21,39,60,0.57,10000,0,1,1,88000
STU-2026-07778,MBA,D,Pune,5.9,0,None,0.0,26,98,0.62,10000,0,0,0,31000
STU-2026-07779,Nursing,B,Bengaluru,7.93,2,Startup,0.105,52,61,0.54,30000,0,1,1,39000
STU-2026-07780,Engineering,C,Bengaluru,5.5,0,None,0.0,17,53,0.52,30000,0,0,0,36000
STU-2026-07781,Engineering,A,Delhi NCR,8.42,0,None,0.0,64,60,0.39,15000,0,1,1,90000
STU-2026-07782,Nursing,C,Hyderabad,5.99,0,None,0.0,13,51,0.62,15000,0,0,0,30000
STU-2026-07783,Engineering,D,Pune,5.83,3,SME,0.113,33,70,0.55,10000,0,0,1,35000
STU-2026-07784,Nursing,A,Bengaluru,7.32,1,Startup,0.052,51,90,0.63,30000,0,1,1,62000
STU-2026-07785,Nursing,C,Delhi NCR,7.59,6,Startup,0.315,50,73,0.6,30000,0,1,1,41000
STU-2026-07786,Nursing,A,Mumbai,8.2,0,None,0.0,91,75,0.59,15000,0,1,1,65000
STU-2026-07787,MBA,D,Bengaluru,5.91,0,None,0.0,46,58,0.78,15000,0,0,0,29000
STU-2026-07788,MBA,A,Chennai,7.89,0,None,0.0,75,54,0.87,30000,0,0,1,116000
STU-2026-07789,Nursing,A,Bengaluru,7.81,6,MNC,0.45,44,78,0.55,10000,1,1,1,69000
STU-2026-07790,MBA,B,Chennai,8.06,0,None,0.0,54,74,0.65,25000,0,0,1,77000
STU-2026-07791,Nursing,B,Pune,8.59,0,None,0.0,69,64,0.46,20000,0,1,1,61000
STU-2026-07792,MBA,C,Hyderabad,7.59,0,None,0.0,69,84,0.56,10000,0,0,1,61000
STU-2026-07793,MBA,D,Pune,4.9,4,SME,0.15,56,89,0.59,25000,0,0,1,30000
STU-2026-07794,Engineering,D,Delhi NCR,6.85,4,SME,0.15,33,77,0.59,15000,0,0,0,32000
STU-2026-07795,MBA,A,Bengaluru,9.75,2,Startup,0.105,71,39,0.72,30000,0,1,1,157000
STU-2026-07796,MBA,B,Bengaluru,8.79,5,MNC,0.375,62,55,0.53,15000,0,1,1,93000
STU-2026-07797,MBA,C,Delhi NCR,6.1,0,None,0.0,53,60,0.74,30000,0,0,0,22000
STU-2026-07798,Engineering,D,Hyderabad,5.87,0,None,0.0,48,83,0.56,30000,0,0,0,27000
STU-2026-07799,MBA,D,Bengaluru,8.89,6,SME,0.225,49,63,0.81,25000,0,0,1,43000
STU-2026-07800,Engineering,B,Chennai,6.11,1,MNC,0.075,71,43,0.65,10000,0,0,1,57000
STU-2026-07801,Nursing,A,Pune,8.33,5,Startup,0.263,27,84,0.74,30000,0,1,1,71000
STU-2026-07802,MBA,B,Chennai,8.0,5,MNC,0.375,74,100,0.69,10000,1,1,1,102000
STU-2026-07803,Engineering,C,Pune,7.26,0,None,0.0,26,62,0.61,20000,0,0,0,26000
STU-2026-07804,Nursing,D,Mumbai,6.0,5,SME,0.188,67,71,0.61,25000,0,0,0,26000
STU-2026-07805,Engineering,D,Delhi NCR,8.79,6,MNC,0.45,75,75,0.51,25000,0,1,1,68000
STU-2026-07806,MBA,A,Delhi NCR,7.02,5,MNC,0.375,25,49,0.55,20000,0,1,1,140000
STU-2026-07807,Nursing,B,Mumbai,7.84,1,MNC,0.075,57,100,0.6,25000,0,1,1,43000
STU-2026-07808,Nursing,A,Bengaluru,9.97,4,Startup,0.21,74,54,0.48,20000,0,1,1,92000
STU-2026-07809,Engineering,B,Mumbai,6.0,1,Startup,0.052,37,86,0.69,10000,0,1,1,37000
STU-2026-07810,Engineering,C,Pune,5.6,0,None,0.0,24,95,0.61,25000,0,0,1,35000
STU-2026-07811,Engineering,A,Hyderabad,8.11,4,Startup,0.21,71,44,0.39,10000,0,1,1,101000
STU-2026-07812,MBA,B,Hyderabad,9.43,0,None,0.0,32,76,0.67,20000,0,1,1,102000
STU-2026-07813,Engineering,D,Bengaluru,6.04,0,None,0.0,61,78,0.72,15000,0,0,0,23000
STU-2026-07814,Engineering,A,Delhi NCR,7.7,5,Startup,0.263,39,62,0.57,10000,0,0,1,100000
STU-2026-07815,MBA,C,Mumbai,5.39,0,None,0.0,38,63,0.59,20000,0,0,0,36000
STU-2026-07816,Engineering,C,Pune,5.87,0,None,0.0,24,85,0.73,25000,0,0,0,33000
STU-2026-07817,Nursing,D,Chennai,4.75,3,MNC,0.225,35,48,0.55,20000,0,0,0,15000
STU-2026-07818,Engineering,B,Hyderabad,6.6,1,SME,0.037,42,45,0.69,20000,0,0,1,65000
STU-2026-07819,Engineering,A,Delhi NCR,7.4,3,MNC,0.225,25,84,0.56,15000,0,1,1,114000
STU-2026-07820,Engineering,A,Pune,8.34,1,Startup,0.052,78,61,0.53,20000,0,1,1,99000
STU-2026-07821,Engineering,C,Pune,6.86,2,MNC,0.15,52,31,0.41,15000,0,0,0,43000
STU-2026-07822,MBA,D,Chennai,5.12,4,SME,0.15,82,70,0.62,30000,0,0,0,28000
STU-2026-07823,Nursing,C,Pune,8.66,0,None,0.0,85,76,0.4,25000,0,0,1,39000
STU-2026-07824,Nursing,B,Mumbai,7.27,2,SME,0.075,18,98,0.52,20000,0,0,1,43000
STU-2026-07825,Engineering,B,Hyderabad,8.68,0,None,0.0,70,50,0.45,10000,0,0,1,62000
STU-2026-07826,MBA,D,Bengaluru,6.23,0,None,0.0,53,60,0.7,10000,0,0,1,32000
STU-2026-07827,MBA,A,Bengaluru,8.51,1,MNC,0.075,87,56,0.58,25000,0,1,1,111000
STU-2026-07828,Engineering,C,Hyderabad,7.76,0,None,0.0,62,76,0.64,20000,0,0,1,47000
STU-2026-07829,Nursing,A,Hyderabad,7.17,4,Startup,0.21,100,90,0.7,30000,0,1,1,71000
STU-2026-07830,MBA,B,Pune,5.81,4,Startup,0.21,35,53,0.61,15000,0,0,1,73000
STU-2026-07831,Engineering,C,Chennai,5.64,6,SME,0.225,66,58,0.56,20000,0,0,1,42000
STU-2026-07832,MBA,D,Hyderabad,5.3,3,MNC,0.225,67,71,0.39,30000,0,0,0,35000
STU-2026-07833,Nursing,C,Mumbai,5.4,4,SME,0.15,74,64,0.65,15000,0,0,1,29000
STU-2026-07834,Nursing,A,Hyderabad,9.54,5,SME,0.188,74,96,0.67,25000,1,1,1,92000
STU-2026-07835,MBA,B,Bengaluru,5.0,1,MNC,0.075,51,68,0.64,15000,0,0,1,52000
STU-2026-07836,Engineering,C,Bengaluru,5.21,2,MNC,0.15,0,52,0.76,15000,0,0,0,30000
STU-2026-07837,Nursing,B,Mumbai,7.61,4,MNC,0.3,28,57,0.67,15000,0,0,1,69000
STU-2026-07838,MBA,A,Hyderabad,6.84,6,MNC,0.45,53,63,0.6,25000,0,1,1,116000
STU-2026-07839,Engineering,C,Mumbai,7.75,0,None,0.0,33,54,0.81,20000,0,0,1,48000
STU-2026-07840,Engineering,D,Pune,7.72,0,None,0.0,38,58,0.62,20000,0,0,0,37000
STU-2026-07841,MBA,A,Pune,8.07,4,MNC,0.3,81,53,0.67,15000,0,1,1,130000
STU-2026-07842,MBA,C,Pune,7.68,5,Startup,0.263,50,80,0.66,25000,0,0,1,63000
STU-2026-07843,Engineering,D,Hyderabad,6.07,0,None,0.0,35,83,0.66,15000,0,0,1,32000
STU-2026-07844,MBA,B,Hyderabad,7.28,0,None,0.0,99,68,0.55,30000,0,1,1,73000
STU-2026-07845,Nursing,B,Bengaluru,6.76,0,None,0.0,57,63,0.61,10000,0,0,1,36000
STU-2026-07846,Nursing,D,Mumbai,7.49,0,None,0.0,5,83,0.55,30000,0,0,0,27000
STU-2026-07847,Nursing,B,Delhi NCR,7.95,1,SME,0.037,58,57,0.55,25000,0,0,1,49000
STU-2026-07848,MBA,A,Hyderabad,7.54,4,MNC,0.3,47,74,0.59,10000,0,1,1,77000
STU-2026-07849,Engineering,D,Bengaluru,6.45,0,None,0.0,61,61,0.65,30000,0,0,0,23000
STU-2026-07850,Nursing,B,Hyderabad,7.92,1,Startup,0.052,59,65,0.68,30000,0,0,1,42000
STU-2026-07851,Nursing,D,Mumbai,5.91,0,None,0.0,16,77,0.57,25000,0,0,0,11000
STU-2026-07852,Nursing,A,Bengaluru,8.94,1,Startup,0.052,67,69,0.47,15000,0,0,1,81000
STU-2026-07853,MBA,B,Hyderabad,7.74,4,Startup,0.21,64,68,0.68,30000,0,1,1,83000
STU-2026-07854,Engineering,D,Hyderabad,6.59,6,Startup,0.315,35,90,0.47,30000,0,0,0,31000
STU-2026-07855,Engineering,B,Chennai,8.18,6,SME,0.225,58,46,0.61,30000,0,0,1,81000
STU-2026-07856,MBA,D,Mumbai,7.75,0,None,0.0,100,52,0.41,10000,0,0,1,51000
STU-2026-07857,Nursing,A,Hyderabad,7.18,5,SME,0.188,35,75,0.77,10000,0,0,1,67000
STU-2026-07858,Nursing,C,Chennai,4.52,0,None,0.0,35,68,0.75,30000,0,0,0,21000
STU-2026-07859,MBA,A,Delhi NCR,7.58,5,MNC,0.375,62,100,0.78,15000,1,1,1,142000
STU-2026-07860,MBA,D,Delhi NCR,6.55,6,Startup,0.315,47,77,0.64,15000,0,0,1,44000
STU-2026-07861,MBA,A,Bengaluru,7.72,0,None,0.0,81,88,0.92,10000,0,1,1,88000
STU-2026-07862,Nursing,A,Pune,7.82,6,SME,0.225,57,93,0.67,25000,0,1,1,73000
STU-2026-07863,MBA,A,Delhi NCR,7.02,5,SME,0.188,72,59,0.54,25000,0,0,1,119000
STU-2026-07864,Nursing,C,Bengaluru,8.25,5,Startup,0.263,23,68,0.55,30000,0,0,1,39000
STU-2026-07865,Engineering,B,Pune,6.4,6,Startup,0.315,87,30,0.65,15000,0,1,1,78000
STU-2026-07866,MBA,A,Bengaluru,8.01,5,SME,0.188,53,58,0.64,25000,0,1,1,102000
STU-2026-07867,Engineering,C,Mumbai,5.92,0,None,0.0,16,55,0.61,20000,0,0,0,37000
STU-2026-07868,MBA,A,Bengaluru,8.32,4,MNC,0.3,36,38,0.49,10000,0,1,1,155000
STU-2026-07869,MBA,B,Mumbai,8.48,6,Startup,0.315,77,86,0.64,25000,1,1,1,108000
STU-2026-07870,Engineering,C,Pune,9.2,3,SME,0.113,24,60,0.58,20000,0,0,1,56000
STU-2026-07871,Engineering,B,Mumbai,8.04,5,MNC,0.375,58,61,0.56,25000,0,1,1,86000
STU-2026-07872,Engineering,A,Delhi NCR,6.86,5,Startup,0.263,90,77,0.66,25000,0,1,1,102000
STU-2026-07873,MBA,B,Mumbai,6.58,1,Startup,0.052,39,100,0.53,30000,0,0,1,80000
STU-2026-07874,MBA,D,Delhi NCR,6.27,1,Startup,0.052,31,84,0.62,25000,0,0,1,37000
STU-2026-07875,MBA,C,Pune,6.17,2,MNC,0.15,32,88,0.57,30000,0,0,1,43000
STU-2026-07876,Nursing,D,Hyderabad,9.25,4,Startup,0.21,48,75,0.69,15000,0,0,1,45000
STU-2026-07877,MBA,C,Chennai,4.98,2,Startup,0.105,25,58,0.41,20000,0,0,0,39000
STU-2026-07878,Nursing,D,Pune,5.49,0,None,0.0,9,71,0.59,30000,0,0,0,15000
STU-2026-07879,Engineering,A,Pune,7.88,0,None,0.0,47,71,0.54,25000,0,1,1,65000
STU-2026-07880,MBA,C,Mumbai,5.12,0,None,0.0,54,81,0.56,10000,0,0,0,34000
STU-2026-07881,Engineering,C,Delhi NCR,8.12,0,None,0.0,35,63,0.7,30000,0,0,1,47000
STU-2026-07882,Engineering,D,Chennai,5.54,2,SME,0.075,57,82,0.47,25000,0,0,0,28000
STU-2026-07883,Nursing,B,Bengaluru,9.44,2,SME,0.075,78,67,0.51,30000,0,0,1,63000
STU-2026-07884,Nursing,D,Bengaluru,7.91,0,None,0.0,24,66,0.6,20000,0,0,1,27000
STU-2026-07885,MBA,D,Bengaluru,5.62,4,MNC,0.3,11,56,0.73,10000,0,0,1,40000
STU-2026-07886,Engineering,C,Pune,4.0,0,None,0.0,19,75,0.64,20000,0,0,0,18000
STU-2026-07887,Nursing,A,Hyderabad,8.34,2,Startup,0.105,40,70,0.52,10000,0,1,1,75000
STU-2026-07888,Nursing,C,Hyderabad,6.63,0,None,0.0,75,64,0.46,15000,0,0,1,29000
STU-2026-07889,MBA,B,Chennai,7.18,6,Startup,0.315,47,78,0.68,10000,0,0,1,95000
STU-2026-07890,Engineering,A,Bengaluru,8.4,4,Startup,0.21,43,70,0.55,25000,0,1,1,94000
STU-2026-07891,Nursing,A,Hyderabad,9.41,1,Startup,0.052,63,44,0.38,30000,0,1,1,92000
STU-2026-07892,Engineering,A,Mumbai,9.18,0,None,0.0,63,59,0.56,10000,0,1,1,110000
STU-2026-07893,MBA,D,Delhi NCR,7.48,5,Startup,0.263,64,80,0.69,20000,0,0,0,47000
STU-2026-07894,MBA,C,Chennai,5.47,0,None,0.0,10,70,0.46,10000,0,0,0,0
STU-2026-07895,Engineering,D,Hyderabad,6.68,4,MNC,0.3,0,63,0.66,25000,0,0,0,44000
STU-2026-07896,Nursing,C,Chennai,5.83,1,SME,0.037,47,53,0.65,20000,0,0,0,28000
STU-2026-07897,Engineering,B,Delhi NCR,6.95,5,SME,0.188,71,83,0.61,30000,0,0,1,59000
STU-2026-07898,MBA,B,Mumbai,6.24,2,MNC,0.15,64,79,0.76,10000,0,1,1,57000
STU-2026-07899,MBA,D,Delhi NCR,7.05,4,SME,0.15,37,88,0.53,10000,0,0,1,39000
STU-2026-07900,Engineering,D,Mumbai,6.67,6,SME,0.225,18,41,0.51,25000,0,0,0,45000
STU-2026-07901,Engineering,A,Pune,7.33,0,None,0.0,48,48,0.72,20000,0,0,1,72000
STU-2026-07902,Engineering,B,Delhi NCR,7.15,0,None,0.0,21,48,0.5,10000,0,0,1,33000
STU-2026-07903,MBA,C,Bengaluru,7.45,0,None,0.0,49,43,0.57,25000,0,0,1,45000
STU-2026-07904,MBA,C,Bengaluru,6.14,0,None,0.0,100,75,0.57,30000,0,0,1,46000
STU-2026-07905,Nursing,C,Chennai,7.62,0,None,0.0,0,36,0.5,15000,0,0,0,33000
STU-2026-07906,MBA,C,Mumbai,4.76,2,Startup,0.105,35,69,0.52,25000,0,0,0,33000
STU-2026-07907,MBA,C,Mumbai,7.36,0,None,0.0,40,53,0.7,25000,0,0,0,39000
STU-2026-07908,Engineering,B,Hyderabad,7.25,5,Startup,0.263,55,71,0.48,15000,0,1,1,85000
STU-2026-07909,Nursing,D,Delhi NCR,6.77,0,None,0.0,48,38,0.56,30000,0,0,0,20000
STU-2026-07910,MBA,C,Hyderabad,6.01,2,MNC,0.15,26,48,0.55,20000,0,0,0,55000
STU-2026-07911,Nursing,A,Chennai,8.46,3,MNC,0.225,67,85,0.52,30000,0,1,1,93000
STU-2026-07912,Nursing,B,Bengaluru,6.6,0,None,0.0,19,60,0.7,10000,0,0,1,34000
STU-2026-07913,MBA,C,Chennai,5.86,0,None,0.0,35,54,0.45,15000,0,0,0,40000
STU-2026-07914,Nursing,B,Hyderabad,8.62,4,SME,0.15,61,52,0.53,20000,0,1,1,52000
STU-2026-07915,MBA,C,Bengaluru,5.49,0,None,0.0,42,58,0.65,15000,0,0,0,32000
STU-2026-07916,Nursing,C,Delhi NCR,8.94,5,Startup,0.263,37,30,0.64,25000,0,0,0,56000
STU-2026-07917,Nursing,C,Chennai,6.87,0,None,0.0,36,69,0.65,25000,0,0,0,29000
STU-2026-07918,MBA,B,Delhi NCR,7.53,4,SME,0.15,1,78,0.67,20000,0,0,1,84000
STU-2026-07919,Nursing,D,Bengaluru,8.61,6,SME,0.225,37,69,0.53,15000,0,0,0,38000
STU-2026-07920,Nursing,C,Mumbai,6.04,1,Startup,0.052,0,68,0.58,25000,0,0,0,27000
STU-2026-07921,Nursing,A,Mumbai,6.88,0,None,0.0,78,75,0.72,30000,0,0,1,56000
STU-2026-07922,MBA,C,Delhi NCR,4.46,5,SME,0.188,17,48,0.62,15000,0,0,0,0
STU-2026-07923,Nursing,B,Mumbai,6.98,3,MNC,0.225,58,63,0.46,10000,0,1,1,48000
STU-2026-07924,Engineering,B,Pune,9.07,3,SME,0.113,38,63,0.6,25000,0,1,1,93000
STU-2026-07925,Engineering,B,Delhi NCR,6.98,1,MNC,0.075,44,69,0.71,20000,0,0,1,58000
STU-2026-07926,Nursing,C,Pune,8.13,5,MNC,0.375,64,85,0.66,20000,0,1,1,39000
STU-2026-07927,Nursing,C,Bengaluru,9.5,0,None,0.0,67,68,0.71,20000,0,0,1,44000
STU-2026-07928,MBA,C,Mumbai,7.51,2,Startup,0.105,62,63,0.69,15000,0,0,1,66000
STU-2026-07929,MBA,C,Mumbai,6.78,4,SME,0.15,0,59,0.68,10000,0,0,0,66000
STU-2026-07930,Nursing,A,Pune,7.23,2,MNC,0.15,74,69,0.58,15000,0,0,1,66000
STU-2026-07931,Nursing,C,Hyderabad,5.59,2,Startup,0.105,24,68,0.56,25000,0,0,1,16000
STU-2026-07932,Nursing,C,Delhi NCR,6.59,6,Startup,0.315,31,70,0.55,15000,0,0,1,36000
STU-2026-07933,Nursing,A,Bengaluru,8.31,1,SME,0.037,78,71,0.47,10000,0,1,1,65000
STU-2026-07934,Engineering,B,Pune,5.85,2,MNC,0.15,46,69,0.8,30000,0,0,1,51000
STU-2026-07935,Engineering,C,Delhi NCR,8.83,0,None,0.0,55,81,0.56,25000,0,0,1,52000
STU-2026-07936,Nursing,B,Pune,9.32,4,MNC,0.3,90,80,0.53,25000,0,1,1,59000
STU-2026-07937,Engineering,C,Mumbai,7.06,0,None,0.0,28,85,0.45,30000,0,0,1,36000
STU-2026-07938,MBA,A,Chennai,8.99,2,Startup,0.105,71,58,0.69,15000,0,1,1,93000
STU-2026-07939,Engineering,D,Pune,5.74,0,None,0.0,0,68,0.59,20000,0,0,0,0
STU-2026-07940,Nursing,B,Bengaluru,8.04,4,MNC,0.3,46,51,0.52,10000,0,0,1,53000
STU-2026-07941,MBA,A,Delhi NCR,8.68,1,Startup,0.052,25,65,0.7,30000,0,1,1,105000
STU-2026-07942,Nursing,B,Pune,9.71,5,Startup,0.263,39,67,0.48,25000,0,1,1,97000
STU-2026-07943,Nursing,C,Bengaluru,9.01,6,MNC,0.45,61,61,0.58,30000,0,1,1,62000
STU-2026-07944,Nursing,D,Bengaluru,6.9,0,None,0.0,44,86,0.73,10000,0,0,0,24000
STU-2026-07945,Nursing,C,Delhi NCR,7.49,0,None,0.0,27,89,0.57,10000,0,0,1,30000
STU-2026-07946,Nursing,B,Hyderabad,7.76,4,SME,0.15,65,95,0.67,30000,0,1,1,48000
STU-2026-07947,Engineering,B,Pune,7.22,6,SME,0.225,60,56,0.59,10000,0,1,1,79000
STU-2026-07948,Engineering,D,Delhi NCR,4.92,0,None,0.0,0,61,0.42,30000,0,0,0,0
STU-2026-07949,Nursing,C,Bengaluru,7.22,0,None,0.0,39,44,0.72,20000,0,0,1,29000
STU-2026-07950,MBA,D,Mumbai,8.02,0,None,0.0,50,69,0.55,20000,0,0,1,43000
STU-2026-07951,Nursing,B,Bengaluru,7.27,1,SME,0.037,36,87,0.76,25000,0,0,1,39000
STU-2026-07952,Nursing,B,Mumbai,8.44,2,SME,0.075,72,63,0.72,20000,0,1,1,41000
STU-2026-07953,MBA,C,Pune,6.72,5,Startup,0.263,67,72,0.48,10000,0,0,1,71000
STU-2026-07954,MBA,D,Delhi NCR,7.13,2,MNC,0.15,40,68,0.71,10000,0,0,1,37000
STU-2026-07955,Engineering,A,Bengaluru,8.95,4,Startup,0.21,70,94,0.59,30000,1,1,1,119000
STU-2026-07956,Nursing,C,Hyderabad,5.46,4,MNC,0.3,66,82,0.54,10000,0,0,1,40000
STU-2026-07957,MBA,A,Chennai,7.81,0,None,0.0,75,54,0.54,20000,0,1,1,104000
STU-2026-07958,Engineering,A,Chennai,8.04,2,MNC,0.15,94,56,0.59,30000,0,1,1,83000
STU-2026-07959,Nursing,A,Delhi NCR,8.61,4,Startup,0.21,81,68,0.53,30000,0,1,1,48000
STU-2026-07960,Engineering,B,Chennai,8.51,6,SME,0.225,65,67,0.43,15000,0,1,1,72000
STU-2026-07961,Nursing,D,Delhi NCR,7.48,4,MNC,0.3,40,46,0.73,15000,0,0,1,37000
STU-2026-07962,MBA,D,Delhi NCR,7.18,0,None,0.0,10,83,0.82,10000,0,0,1,42000
STU-2026-07963,Nursing,C,Bengaluru,5.48,2,SME,0.075,0,65,0.75,25000,0,0,1,25000
STU-2026-07964,Engineering,A,Pune,8.54,5,MNC,0.375,36,72,0.55,10000,0,1,1,116000
STU-2026-07965,MBA,C,Delhi NCR,6.45,3,MNC,0.225,65,99,0.58,30000,0,1,1,46000
STU-2026-07966,Nursing,D,Chennai,6.69,0,None,0.0,8,65,0.67,30000,0,0,1,20000
STU-2026-07967,Nursing,D,Bengaluru,7.35,6,MNC,0.45,71,86,0.63,30000,0,0,1,33000
STU-2026-07968,MBA,A,Hyderabad,7.53,6,MNC,0.45,59,58,0.67,25000,0,1,1,144000
STU-2026-07969,MBA,A,Delhi NCR,6.73,2,SME,0.075,61,63,0.82,25000,0,0,1,90000
STU-2026-07970,Nursing,C,Mumbai,7.26,1,Startup,0.052,16,99,0.79,10000,0,0,1,30000
STU-2026-07971,Nursing,B,Delhi NCR,9.65,0,None,0.0,88,64,0.64,10000,0,0,1,71000
STU-2026-07972,Engineering,B,Mumbai,7.57,4,Startup,0.21,72,56,0.49,15000,0,1,1,88000
STU-2026-07973,Engineering,D,Delhi NCR,6.15,3,Startup,0.157,16,75,0.76,20000,0,0,0,31000
STU-2026-07974,MBA,D,Mumbai,7.8,4,SME,0.15,64,66,0.71,25000,0,0,1,51000
STU-2026-07975,Nursing,D,Mumbai,7.88,6,Startup,0.315,59,54,0.75,10000,0,0,1,43000
STU-2026-07976,Nursing,C,Bengaluru,6.86,0,None,0.0,46,76,0.65,10000,0,0,1,31000
STU-2026-07977,Engineering,A,Bengaluru,8.18,3,Startup,0.157,80,76,0.9,25000,0,1,1,115000
STU-2026-07978,MBA,C,Pune,7.86,0,None,0.0,0,59,0.56,25000,0,0,0,53000
STU-2026-07979,MBA,D,Bengaluru,5.15,5,SME,0.188,12,74,0.79,25000,0,0,0,0
STU-2026-07980,MBA,C,Mumbai,5.34,3,MNC,0.225,27,68,0.45,25000,0,0,0,41000
STU-2026-07981,Nursing,C,Hyderabad,7.18,0,None,0.0,51,68,0.56,15000,0,0,1,31000
STU-2026-07982,Engineering,B,Mumbai,6.52,3,Startup,0.157,91,48,0.53,15000,0,1,1,53000
STU-2026-07983,Engineering,C,Chennai,7.61,0,None,0.0,83,82,0.48,10000,0,0,1,42000
STU-2026-07984,MBA,A,Pune,8.55,3,MNC,0.225,84,58,0.55,25000,0,1,1,129000
STU-2026-07985,Engineering,A,Delhi NCR,9.4,3,MNC,0.225,58,72,0.69,30000,1,1,1,118000
STU-2026-07986,Nursing,A,Pune,9.21,1,SME,0.037,97,68,0.54,25000,1,1,1,86000
STU-2026-07987,Engineering,B,Mumbai,7.51,6,Startup,0.315,73,54,0.71,10000,0,0,1,85000
STU-2026-07988,MBA,A,Pune,7.62,0,None,0.0,27,40,0.55,10000,0,0,1,78000
STU-2026-07989,MBA,D,Mumbai,5.32,0,None,0.0,28,82,0.69,10000,0,0,0,35000
STU-2026-07990,Engineering,D,Pune,7.63,0,None,0.0,30,84,0.47,30000,0,0,1,29000
STU-2026-07991,Engineering,C,Mumbai,6.97,0,None,0.0,70,73,0.6,30000,0,0,1,44000
STU-2026-07992,Nursing,D,Pune,9.36,6,MNC,0.45,56,62,0.58,10000,0,0,1,38000
STU-2026-07993,Nursing,C,Pune,4.0,0,None,0.0,28,49,0.61,30000,0,0,0,0
STU-2026-07994,Nursing,D,Chennai,5.5,0,None,0.0,0,65,0.42,25000,0,0,0,20000
STU-2026-07995,MBA,D,Mumbai,6.53,2,SME,0.075,76,70,0.64,30000,0,0,1,37000
STU-2026-07996,Engineering,A,Hyderabad,7.79,4,SME,0.15,61,50,0.78,30000,0,1,1,89000
STU-2026-07997,MBA,D,Pune,9.3,5,SME,0.188,12,93,0.68,30000,0,1,1,61000
STU-2026-07998,Engineering,C,Bengaluru,6.87,0,None,0.0,31,85,0.64,30000,0,0,1,36000
STU-2026-07999,MBA,D,Hyderabad,6.78,2,Startup,0.105,32,92,0.68,20000,0,0,1,44000
STU-2026-08000,Nursing,B,Chennai,6.67,1,SME,0.037,74,39,0.62,25000,0,0,1,33000
STU-2026-08001,Engineering,C,Delhi NCR,6.24,0,None,0.0,38,70,0.68,20000,0,0,1,35000
STU-2026-08002,Nursing,C,Mumbai,5.13,0,None,0.0,8,74,0.66,15000,0,0,0,25000
STU-2026-08003,Engineering,D,Pune,5.11,6,SME,0.225,50,57,0.51,10000,0,0,0,28000
STU-2026-08004,Engineering,C,Pune,7.33,0,None,0.0,49,66,0.66,30000,0,0,1,41000
STU-2026-08005,Engineering,C,Mumbai,6.91,5,MNC,0.375,25,64,0.72,20000,0,1,1,53000
STU-2026-08006,MBA,C,Hyderabad,7.39,1,SME,0.037,63,63,0.47,15000,0,0,1,62000
STU-2026-08007,MBA,A,Pune,8.8,1,SME,0.037,53,93,0.63,20000,0,1,1,89000
STU-2026-08008,Nursing,B,Chennai,7.2,2,SME,0.075,64,66,0.8,10000,0,1,1,37000
STU-2026-08009,MBA,D,Chennai,4.08,0,None,0.0,46,85,0.79,30000,0,0,0,29000
STU-2026-08010,Engineering,B,Mumbai,6.14,5,MNC,0.375,53,55,0.68,20000,0,0,1,66000
STU-2026-08011,Engineering,A,Chennai,7.21,5,MNC,0.375,95,64,0.64,10000,0,1,1,79000
STU-2026-08012,MBA,D,Hyderabad,5.87,0,None,0.0,61,80,0.71,25000,0,0,0,36000
STU-2026-08013,Nursing,C,Delhi NCR,6.13,1,Startup,0.052,20,62,0.59,30000,0,0,1,32000
STU-2026-08014,Engineering,C,Mumbai,7.43,2,SME,0.075,56,97,0.67,20000,0,0,1,50000
STU-2026-08015,Engineering,D,Hyderabad,8.85,1,SME,0.037,18,64,0.75,10000,0,0,1,47000
STU-2026-08016,Nursing,B,Pune,8.79,5,SME,0.188,35,64,0.72,10000,0,1,1,41000
STU-2026-08017,Engineering,D,Chennai,6.19,0,None,0.0,60,89,0.61,25000,0,0,1,27000
STU-2026-08018,Nursing,A,Delhi NCR,8.92,1,Startup,0.052,89,82,0.59,25000,0,1,1,83000
STU-2026-08019,Nursing,D,Mumbai,6.83,0,None,0.0,60,76,0.74,25000,0,0,1,22000
STU-2026-08020,Nursing,B,Hyderabad,8.9,1,Startup,0.052,69,68,0.46,25000,0,1,1,67000
STU-2026-08021,Engineering,A,Delhi NCR,6.02,6,Startup,0.315,6,82,0.62,30000,0,1,1,75000
STU-2026-08022,Engineering,C,Chennai,4.23,0,None,0.0,19,93,0.55,30000,0,0,0,15000
STU-2026-08023,Nursing,D,Pune,4.63,5,SME,0.188,68,66,0.7,20000,0,0,0,15000
STU-2026-08024,Nursing,D,Bengaluru,6.49,0,None,0.0,26,58,0.52,10000,0,0,0,21000
STU-2026-08025,Engineering,B,Mumbai,6.57,0,None,0.0,96,77,0.62,20000,0,0,1,54000
STU-2026-08026,Engineering,D,Mumbai,7.44,0,None,0.0,14,47,0.37,30000,0,0,1,32000
STU-2026-08027,Nursing,D,Bengaluru,7.51,6,Startup,0.315,45,84,0.59,30000,0,0,1,29000
STU-2026-08028,MBA,D,Pune,6.38,0,None,0.0,0,57,0.48,10000,0,0,0,0
STU-2026-08029,Nursing,C,Hyderabad,6.2,3,SME,0.113,43,83,0.58,15000,0,0,0,20000
STU-2026-08030,Engineering,C,Mumbai,6.99,1,MNC,0.075,23,68,0.63,10000,0,0,1,32000
STU-2026-08031,Engineering,D,Bengaluru,5.59,0,None,0.0,38,53,0.45,30000,0,0,0,22000
STU-2026-08032,Engineering,B,Pune,6.19,4,SME,0.15,37,86,0.53,25000,0,0,1,46000
STU-2026-08033,Engineering,C,Hyderabad,6.74,0,None,0.0,62,82,0.52,15000,0,0,1,51000
STU-2026-08034,MBA,B,Bengaluru,8.5,6,Startup,0.315,55,36,0.55,20000,0,0,1,90000
STU-2026-08035,MBA,B,Chennai,6.53,5,MNC,0.375,55,71,0.53,10000,0,0,1,81000
STU-2026-08036,Engineering,A,Mumbai,7.8,0,None,0.0,22,79,0.53,20000,0,0,1,78000
STU-2026-08037,MBA,D,Hyderabad,6.78,0,None,0.0,44,50,0.63,10000,0,0,0,45000
STU-2026-08038,Nursing,C,Mumbai,7.78,0,None,0.0,73,56,0.73,30000,0,0,1,37000
STU-2026-08039,MBA,C,Bengaluru,7.61,0,None,0.0,51,54,0.7,15000,0,0,1,42000
STU-2026-08040,MBA,C,Mumbai,6.22,2,SME,0.075,10,49,0.69,25000,0,0,0,38000
STU-2026-08041,Engineering,A,Pune,9.78,2,Startup,0.105,51,80,0.71,15000,1,1,1,114000
STU-2026-08042,Nursing,B,Bengaluru,7.46,3,SME,0.113,71,67,0.67,15000,0,0,1,45000
STU-2026-08043,Engineering,B,Hyderabad,9.38,6,Startup,0.315,50,70,0.64,30000,0,1,1,96000
STU-2026-08044,MBA,C,Pune,5.3,0,None,0.0,44,74,0.71,10000,0,0,1,45000
STU-2026-08045,MBA,B,Bengaluru,6.5,1,Startup,0.052,40,75,0.71,20000,0,0,1,56000
STU-2026-08046,Nursing,C,Delhi NCR,4.88,1,Startup,0.052,49,68,0.56,30000,0,0,1,22000
STU-2026-08047,Engineering,C,Mumbai,6.8,0,None,0.0,62,100,0.56,30000,0,0,1,33000
STU-2026-08048,Engineering,D,Bengaluru,7.37,0,None,0.0,13,64,0.57,20000,0,0,1,40000
STU-2026-08049,Nursing,D,Chennai,4.96,0,None,0.0,80,52,0.62,15000,0,0,0,16000
STU-2026-08050,Nursing,D,Mumbai,5.62,2,SME,0.075,82,68,0.62,20000,0,0,0,16000
STU-2026-08051,Nursing,D,Chennai,6.27,0,None,0.0,53,68,0.7,10000,0,0,0,22000
STU-2026-08052,Nursing,A,Delhi NCR,8.63,2,SME,0.075,62,84,0.66,15000,0,1,1,79000
STU-2026-08053,MBA,B,Bengaluru,8.86,6,MNC,0.45,77,96,0.55,25000,1,1,1,95000
STU-2026-08054,MBA,C,Mumbai,7.94,0,None,0.0,41,84,0.77,20000,0,0,1,53000
STU-2026-08055,Engineering,B,Chennai,6.41,6,MNC,0.45,71,66,0.67,15000,0,1,1,59000
STU-2026-08056,MBA,A,Delhi NCR,8.01,4,Startup,0.21,70,72,0.52,20000,1,1,1,122000
STU-2026-08057,MBA,D,Bengaluru,4.09,1,MNC,0.075,63,70,0.58,25000,0,0,0,24000
STU-2026-08058,Nursing,D,Mumbai,8.8,6,Startup,0.315,52,74,0.57,15000,0,1,1,45000
STU-2026-08059,Nursing,B,Hyderabad,8.49,5,SME,0.188,66,85,0.64,10000,0,1,1,59000
STU-2026-08060,Engineering,B,Chennai,9.6,2,SME,0.075,64,89,0.72,30000,0,1,1,96000
STU-2026-08061,MBA,C,Pune,4.19,3,MNC,0.225,0,96,0.54,25000,0,0,0,46000
STU-2026-08062,MBA,C,Delhi NCR,7.04,0,None,0.0,82,64,0.66,15000,0,0,1,62000
STU-2026-08063,Nursing,C,Pune,6.49,0,None,0.0,16,63,0.56,15000,0,0,0,25000
STU-2026-08064,Engineering,A,Hyderabad,9.1,6,MNC,0.45,88,76,0.54,20000,1,1,1,94000
STU-2026-08065,MBA,C,Chennai,7.26,0,None,0.0,23,92,0.46,15000,0,0,0,51000
STU-2026-08066,Nursing,D,Mumbai,7.36,0,None,0.0,85,49,0.57,10000,0,0,0,28000
STU-2026-08067,MBA,A,Hyderabad,7.68,4,MNC,0.3,58,67,0.61,25000,0,1,1,110000
STU-2026-08068,Nursing,B,Hyderabad,7.58,3,MNC,0.225,44,82,0.61,10000,0,0,1,70000
STU-2026-08069,MBA,B,Hyderabad,9.16,5,MNC,0.375,100,65,0.52,10000,1,1,1,136000
STU-2026-08070,MBA,B,Hyderabad,7.7,6,Startup,0.315,18,55,0.64,10000,0,0,1,75000
STU-2026-08071,MBA,B,Pune,7.24,6,Startup,0.315,0,61,0.56,10000,0,0,1,96000
STU-2026-08072,Engineering,B,Pune,7.88,6,MNC,0.45,78,67,0.45,20000,0,1,1,74000
STU-2026-08073,MBA,C,Chennai,5.17,4,MNC,0.3,54,49,0.67,20000,0,0,0,46000
STU-2026-08074,Nursing,A,Chennai,7.75,5,Startup,0.263,83,79,0.52,10000,0,1,1,91000
STU-2026-08075,Engineering,B,Delhi NCR,8.99,0,None,0.0,33,90,0.72,30000,0,1,1,66000
STU-2026-08076,Nursing,A,Chennai,7.76,5,SME,0.188,35,75,0.58,30000,0,1,1,76000
STU-2026-08077,MBA,A,Hyderabad,10.0,0,None,0.0,84,78,0.39,10000,0,1,1,159000
STU-2026-08078,MBA,A,Delhi NCR,7.86,2,MNC,0.15,100,78,0.63,25000,0,1,1,142000
STU-2026-08079,Engineering,B,Pune,6.67,5,SME,0.188,49,42,0.69,20000,0,0,1,59000
STU-2026-08080,Nursing,C,Delhi NCR,7.69,3,MNC,0.225,56,65,0.52,25000,0,0,1,39000
STU-2026-08081,Engineering,A,Bengaluru,7.15,0,None,0.0,63,68,0.56,25000,0,1,1,63000
STU-2026-08082,MBA,D,Bengaluru,4.58,2,MNC,0.15,34,59,0.61,30000,0,0,0,0
STU-2026-08083,Engineering,A,Delhi NCR,8.54,3,SME,0.113,41,55,0.66,15000,0,1,1,80000
STU-2026-08084,Engineering,D,Hyderabad,5.66,3,Startup,0.157,31,53,0.57,30000,0,0,0,26000
STU-2026-08085,Nursing,C,Bengaluru,7.58,0,None,0.0,14,89,0.58,10000,0,0,1,35000
STU-2026-08086,Nursing,A,Mumbai,8.23,6,Startup,0.315,75,40,0.65,20000,0,1,1,84000
STU-2026-08087,MBA,B,Hyderabad,7.41,0,None,0.0,87,42,0.76,15000,0,1,1,70000
STU-2026-08088,Engineering,A,Bengaluru,7.05,3,SME,0.113,27,62,0.66,25000,0,0,1,88000
STU-2026-08089,MBA,D,Mumbai,5.04,0,None,0.0,41,86,0.75,15000,0,0,0,27000
STU-2026-08090,Nursing,B,Mumbai,7.16,0,None,0.0,47,84,0.89,25000,0,0,1,42000
STU-2026-08091,Nursing,A,Pune,8.44,1,Startup,0.052,66,90,0.64,15000,0,0,1,54000
STU-2026-08092,Nursing,B,Bengaluru,6.43,3,SME,0.113,45,68,0.58,30000,0,0,1,30000
STU-2026-08093,Nursing,A,Mumbai,6.5,5,MNC,0.375,29,85,0.57,10000,0,0,1,49000
STU-2026-08094,MBA,B,Mumbai,6.49,1,Startup,0.052,72,77,0.57,20000,0,0,1,47000
STU-2026-08095,Engineering,D,Bengaluru,5.87,1,SME,0.037,54,60,0.76,30000,0,0,1,26000
STU-2026-08096,Engineering,A,Hyderabad,7.99,1,MNC,0.075,100,83,0.61,10000,0,1,1,90000
STU-2026-08097,Engineering,D,Hyderabad,6.78,2,Startup,0.105,13,64,0.46,10000,0,0,0,34000
STU-2026-08098,Engineering,D,Chennai,7.73,0,None,0.0,8,91,0.73,15000,0,0,0,33000
STU-2026-08099,Nursing,A,Mumbai,7.88,4,MNC,0.3,31,66,0.66,15000,0,1,1,59000
STU-2026-08100,Engineering,A,Hyderabad,8.82,1,Startup,0.052,44,60,0.77,25000,0,1,1,84000
STU-2026-08101,Nursing,D,Mumbai,5.37,2,Startup,0.105,64,83,0.55,10000,0,0,0,22000
STU-2026-08102,MBA,D,Bengaluru,7.51,2,MNC,0.15,31,53,0.6,20000,0,0,1,46000
STU-2026-08103,MBA,A,Chennai,8.41,5,MNC,0.375,67,87,0.56,25000,0,1,1,147000
STU-2026-08104,Nursing,B,Chennai,9.19,3,MNC,0.225,25,35,0.59,15000,0,0,1,61000
STU-2026-08105,Engineering,C,Mumbai,6.51,0,None,0.0,65,69,0.68,25000,0,0,0,34000
STU-2026-08106,Nursing,B,Pune,6.68,0,None,0.0,14,72,0.59,10000,0,0,1,37000
STU-2026-08107,Engineering,C,Hyderabad,6.92,0,None,0.0,65,80,0.63,10000,0,1,1,35000
STU-2026-08108,MBA,B,Mumbai,6.14,3,SME,0.113,83,98,0.54,10000,0,1,1,58000
STU-2026-08109,Nursing,C,Mumbai,7.5,0,None,0.0,56,61,0.78,15000,0,1,1,27000
STU-2026-08110,Engineering,D,Pune,7.04,0,None,0.0,63,42,0.6,30000,0,0,0,35000
STU-2026-08111,Engineering,C,Mumbai,6.9,0,None,0.0,31,46,0.54,10000,0,0,1,39000
STU-2026-08112,Nursing,B,Delhi NCR,8.69,6,Startup,0.315,83,86,0.55,25000,0,1,1,54000
STU-2026-08113,MBA,B,Bengaluru,6.24,2,Startup,0.105,84,52,0.47,15000,0,0,1,61000
STU-2026-08114,Nursing,C,Pune,6.58,0,None,0.0,98,55,0.65,15000,0,0,1,32000
STU-2026-08115,Nursing,A,Hyderabad,7.57,5,MNC,0.375,56,72,0.46,10000,0,0,1,80000
STU-2026-08116,Engineering,C,Mumbai,8.41,0,None,0.0,31,67,0.72,25000,0,0,1,54000
STU-2026-08117,MBA,C,Mumbai,10.0,0,None,0.0,26,67,0.64,20000,0,1,1,70000
STU-2026-08118,MBA,B,Chennai,8.23,0,None,0.0,67,69,0.56,25000,0,0,1,112000
STU-2026-08119,MBA,A,Mumbai,6.97,3,SME,0.113,31,74,0.62,20000,0,1,1,87000
STU-2026-08120,MBA,C,Pune,5.57,3,SME,0.113,33,84,0.5,15000,0,0,1,41000
STU-2026-08121,Engineering,A,Hyderabad,6.98,0,None,0.0,34,84,0.54,30000,0,1,1,71000
STU-2026-08122,Engineering,B,Bengaluru,6.13,0,None,0.0,70,58,0.56,10000,0,0,1,37000
STU-2026-08123,MBA,C,Mumbai,6.26,5,SME,0.188,13,52,0.55,10000,0,0,0,51000
STU-2026-08124,MBA,A,Hyderabad,8.71,0,None,0.0,45,48,0.66,25000,0,0,1,143000
STU-2026-08125,MBA,A,Pune,7.87,1,SME,0.037,57,35,0.48,30000,0,0,1,110000
STU-2026-08126,Engineering,D,Pune,6.7,0,None,0.0,56,82,0.7,20000,0,0,1,31000
STU-2026-08127,Engineering,C,Pune,7.49,0,None,0.0,20,56,0.75,25000,0,0,0,46000
STU-2026-08128,Nursing,B,Chennai,7.84,0,None,0.0,38,60,0.56,30000,0,0,1,46000
STU-2026-08129,Nursing,C,Bengaluru,6.76,6,Startup,0.315,45,80,0.66,20000,0,1,1,44000
STU-2026-08130,MBA,D,Bengaluru,6.82,0,None,0.0,56,76,0.62,10000,0,0,0,40000
STU-2026-08131,MBA,D,Mumbai,4.32,2,Startup,0.105,67,75,0.58,20000,0,0,0,30000
STU-2026-08132,Engineering,C,Pune,9.01,0,None,0.0,49,99,0.68,20000,0,0,1,55000
STU-2026-08133,Engineering,C,Delhi NCR,7.27,6,SME,0.225,20,64,0.56,25000,0,0,1,49000
STU-2026-08134,Engineering,D,Delhi NCR,7.12,0,None,0.0,51,89,0.65,10000,0,0,0,43000
STU-2026-08135,MBA,C,Hyderabad,5.97,0,None,0.0,30,79,0.89,10000,0,0,1,39000
STU-2026-08136,Nursing,A,Mumbai,6.89,0,None,0.0,26,70,0.65,30000,0,0,1,55000
STU-2026-08137,Engineering,D,Chennai,5.22,3,Startup,0.157,17,79,0.53,15000,0,0,1,25000
STU-2026-08138,MBA,D,Delhi NCR,8.13,0,None,0.0,97,59,0.85,25000,0,0,1,42000
STU-2026-08139,Nursing,B,Hyderabad,7.2,4,SME,0.15,52,91,0.73,10000,0,1,1,37000
STU-2026-08140,Engineering,A,Hyderabad,8.35,2,Startup,0.105,29,85,0.55,20000,0,1,1,88000
STU-2026-08141,Engineering,A,Delhi NCR,6.8,6,Startup,0.315,78,84,0.61,25000,0,0,1,102000
STU-2026-08142,Engineering,B,Bengaluru,6.76,4,Startup,0.21,70,63,0.56,10000,0,1,1,53000
STU-2026-08143,MBA,A,Pune,8.07,0,None,0.0,70,100,0.59,15000,0,1,1,86000
STU-2026-08144,MBA,B,Delhi NCR,9.19,2,SME,0.075,44,68,0.65,10000,0,0,1,107000
STU-2026-08145,Engineering,C,Chennai,6.01,0,None,0.0,61,86,0.66,25000,0,0,1,47000
STU-2026-08146,Engineering,B,Hyderabad,7.92,0,None,0.0,62,75,0.73,30000,0,1,1,57000
STU-2026-08147,MBA,C,Mumbai,5.71,0,None,0.0,69,50,0.63,20000,0,0,1,40000
STU-2026-08148,Nursing,A,Mumbai,8.16,4,SME,0.15,27,57,0.69,10000,0,0,1,71000
STU-2026-08149,MBA,C,Hyderabad,6.42,0,None,0.0,0,95,0.5,10000,0,0,1,43000
STU-2026-08150,MBA,B,Hyderabad,6.66,5,SME,0.188,55,65,0.58,25000,0,0,1,62000
STU-2026-08151,Nursing,A,Mumbai,9.0,5,MNC,0.375,60,69,0.51,30000,1,1,1,94000
STU-2026-08152,MBA,C,Pune,4.53,2,MNC,0.15,47,59,0.69,25000,0,0,1,42000
STU-2026-08153,MBA,D,Delhi NCR,6.25,4,Startup,0.21,37,74,0.69,20000,0,0,0,44000
STU-2026-08154,MBA,C,Pune,9.04,0,None,0.0,27,70,0.86,10000,0,0,1,50000
STU-2026-08155,Nursing,C,Delhi NCR,6.73,0,None,0.0,82,86,0.5,10000,0,0,1,28000
STU-2026-08156,Nursing,C,Bengaluru,7.77,5,SME,0.188,25,77,0.79,30000,0,0,0,43000
STU-2026-08157,Engineering,C,Pune,8.38,5,SME,0.188,1,59,0.56,15000,0,0,1,50000
STU-2026-08158,Nursing,D,Mumbai,6.35,0,None,0.0,61,92,0.73,30000,0,0,1,28000
STU-2026-08159,MBA,C,Mumbai,9.24,0,None,0.0,44,91,0.64,30000,0,0,1,66000
STU-2026-08160,Nursing,B,Delhi NCR,8.51,2,MNC,0.15,89,79,0.56,15000,0,1,1,39000
STU-2026-08161,Engineering,D,Delhi NCR,7.23,1,SME,0.037,47,54,0.65,10000,0,0,1,27000
STU-2026-08162,Nursing,A,Delhi NCR,7.94,0,None,0.0,88,61,0.6,15000,0,1,1,61000
STU-2026-08163,Nursing,A,Delhi NCR,8.75,0,None,0.0,79,89,0.57,25000,0,1,1,76000
STU-2026-08164,MBA,B,Mumbai,7.38,5,MNC,0.375,46,72,0.54,10000,0,0,1,97000
STU-2026-08165,Engineering,C,Mumbai,6.57,0,None,0.0,44,47,0.58,25000,0,0,0,0
STU-2026-08166,Nursing,D,Pune,5.55,5,MNC,0.375,38,88,0.65,10000,0,0,1,25000
STU-2026-08167,Nursing,A,Chennai,8.0,0,None,0.0,86,53,0.53,10000,0,1,1,59000
STU-2026-08168,MBA,A,Hyderabad,9.75,5,Startup,0.263,74,87,0.44,25000,1,1,1,138000
STU-2026-08169,MBA,C,Delhi NCR,7.66,3,MNC,0.225,31,73,0.49,25000,0,0,0,69000
STU-2026-08170,Nursing,A,Delhi NCR,7.96,4,Startup,0.21,42,45,0.33,25000,0,1,1,71000
STU-2026-08171,Engineering,C,Bengaluru,6.08,0,None,0.0,45,85,0.63,20000,0,0,1,46000
STU-2026-08172,Nursing,C,Pune,6.04,0,None,0.0,5,71,0.57,30000,0,0,1,24000
STU-2026-08173,MBA,D,Hyderabad,6.6,0,None,0.0,18,82,0.61,25000,0,0,0,37000
STU-2026-08174,Engineering,D,Bengaluru,6.77,0,None,0.0,4,87,0.71,25000,0,0,0,31000
STU-2026-08175,Engineering,B,Delhi NCR,6.5,4,MNC,0.3,95,92,0.64,15000,0,1,1,74000
STU-2026-08176,Nursing,A,Hyderabad,9.02,1,Startup,0.052,43,65,0.65,25000,0,1,1,82000
STU-2026-08177,MBA,C,Chennai,7.57,1,Startup,0.052,46,31,0.72,10000,0,0,1,75000
STU-2026-08178,Nursing,B,Delhi NCR,7.02,0,None,0.0,23,67,0.65,25000,0,0,1,47000
STU-2026-08179,MBA,B,Bengaluru,6.84,5,Startup,0.263,58,66,0.88,25000,0,0,1,87000
STU-2026-08180,Nursing,A,Chennai,7.24,4,MNC,0.3,67,56,0.71,20000,0,1,1,76000
STU-2026-08181,Nursing,A,Hyderabad,7.09,0,None,0.0,59,65,0.68,10000,0,0,1,64000
STU-2026-08182,Engineering,C,Bengaluru,7.96,4,SME,0.15,6,67,0.59,15000,0,0,1,47000
STU-2026-08183,MBA,C,Chennai,7.05,4,MNC,0.3,67,74,0.41,30000,0,0,1,74000
STU-2026-08184,Engineering,A,Bengaluru,8.82,5,Startup,0.263,15,73,0.69,15000,0,1,1,126000
STU-2026-08185,MBA,A,Bengaluru,9.85,6,Startup,0.315,59,75,0.51,10000,0,1,1,158000
STU-2026-08186,MBA,B,Pune,8.35,0,None,0.0,45,89,0.49,10000,0,1,1,84000
STU-2026-08187,Nursing,C,Pune,7.11,0,None,0.0,65,59,0.55,15000,0,0,0,31000
STU-2026-08188,Engineering,D,Bengaluru,6.66,0,None,0.0,61,76,0.67,30000,0,0,1,32000
STU-2026-08189,MBA,B,Chennai,9.31,1,Startup,0.052,33,42,0.66,20000,0,0,1,72000
STU-2026-08190,MBA,D,Delhi NCR,7.44,0,None,0.0,15,93,0.62,15000,0,0,0,37000
STU-2026-08191,Engineering,A,Pune,8.37,3,SME,0.113,28,33,0.44,15000,0,1,1,83000
STU-2026-08192,MBA,D,Bengaluru,5.08,0,None,0.0,38,100,0.71,10000,0,0,0,25000
STU-2026-08193,Engineering,C,Bengaluru,5.84,1,MNC,0.075,17,78,0.57,20000,0,0,0,29000
STU-2026-08194,Nursing,C,Pune,9.56,1,Startup,0.052,58,57,0.72,20000,0,0,1,42000
STU-2026-08195,MBA,A,Hyderabad,8.0,1,SME,0.037,64,56,0.61,20000,0,0,1,101000
STU-2026-08196,Engineering,A,Chennai,9.27,0,None,0.0,81,60,0.45,20000,0,0,1,104000
STU-2026-08197,MBA,B,Hyderabad,7.78,2,Startup,0.105,68,95,0.62,10000,0,1,1,63000
STU-2026-08198,MBA,B,Delhi NCR,9.12,1,SME,0.037,57,58,0.62,25000,0,1,1,116000
STU-2026-08199,Engineering,D,Bengaluru,5.64,0,None,0.0,69,75,0.7,30000,0,0,1,28000
STU-2026-08200,Engineering,A,Hyderabad,9.26,0,None,0.0,25,75,0.48,25000,0,1,1,95000
STU-2026-08201,Engineering,B,Hyderabad,6.49,5,SME,0.188,48,49,0.54,10000,0,0,1,65000
STU-2026-08202,MBA,C,Mumbai,5.88,1,SME,0.037,73,79,0.74,30000,0,0,0,46000
STU-2026-08203,Nursing,B,Delhi NCR,8.11,6,MNC,0.45,26,100,0.54,25000,0,1,1,75000
STU-2026-08204,MBA,D,Pune,6.92,0,None,0.0,75,100,0.49,15000,0,0,1,45000
STU-2026-08205,Nursing,D,Bengaluru,4.84,4,SME,0.15,67,96,0.73,10000,0,0,1,23000
STU-2026-08206,Engineering,B,Chennai,7.86,2,SME,0.075,34,62,0.57,15000,0,0,1,62000
STU-2026-08207,Nursing,D,Chennai,6.39,1,SME,0.037,45,93,0.62,10000,0,0,1,15000
STU-2026-08208,MBA,C,Bengaluru,6.95,2,Startup,0.105,67,89,0.71,30000,0,0,1,58000
STU-2026-08209,Nursing,B,Mumbai,6.83,1,MNC,0.075,77,60,0.67,25000,0,0,1,41000
STU-2026-08210,MBA,A,Pune,9.0,0,None,0.0,71,74,0.55,15000,1,1,1,121000
STU-2026-08211,Engineering,C,Mumbai,7.7,4,SME,0.15,42,60,0.64,25000,0,0,1,54000
STU-2026-08212,MBA,A,Bengaluru,5.59,3,SME,0.113,52,70,0.5,10000,0,0,1,75000
STU-2026-08213,MBA,B,Pune,7.49,6,Startup,0.315,49,85,0.65,30000,0,1,1,92000
STU-2026-08214,Nursing,A,Mumbai,10.0,1,MNC,0.075,57,60,0.48,30000,0,1,1,103000
STU-2026-08215,Engineering,D,Pune,5.78,2,SME,0.075,33,65,0.59,30000,0,0,0,0
STU-2026-08216,Nursing,B,Pune,8.31,2,SME,0.075,84,41,0.78,30000,0,1,1,27000
STU-2026-08217,MBA,B,Mumbai,5.33,2,MNC,0.15,57,90,0.63,25000,0,0,1,62000
STU-2026-08218,Nursing,A,Delhi NCR,7.55,3,MNC,0.225,86,68,0.44,30000,0,1,1,75000
STU-2026-08219,MBA,B,Pune,7.21,6,MNC,0.45,52,73,0.64,15000,0,0,1,115000
STU-2026-08220,Engineering,A,Pune,8.1,0,None,0.0,68,71,0.56,20000,0,1,1,84000
STU-2026-08221,Nursing,D,Mumbai,6.89,1,Startup,0.052,0,82,0.58,25000,0,0,1,31000
STU-2026-08222,Nursing,B,Bengaluru,8.32,6,Startup,0.315,61,66,0.85,25000,0,1,1,63000
STU-2026-08223,Nursing,A,Mumbai,8.05,3,Startup,0.157,42,41,0.75,25000,0,0,1,70000
STU-2026-08224,Engineering,A,Delhi NCR,8.12,1,MNC,0.075,89,59,0.63,30000,0,1,1,71000
STU-2026-08225,Engineering,C,Delhi NCR,5.03,0,None,0.0,22,74,0.61,15000,0,0,0,32000
STU-2026-08226,Engineering,B,Pune,6.64,0,None,0.0,57,68,0.52,30000,0,1,1,33000
STU-2026-08227,MBA,C,Hyderabad,8.29,0,None,0.0,60,82,0.61,15000,0,1,1,55000
STU-2026-08228,Engineering,D,Hyderabad,7.27,5,Startup,0.263,42,67,0.61,10000,0,0,1,38000
STU-2026-08229,MBA,B,Bengaluru,9.08,4,Startup,0.21,100,78,0.68,10000,0,1,1,109000
STU-2026-08230,Nursing,D,Bengaluru,7.45,6,SME,0.225,66,93,0.51,20000,0,1,1,32000
STU-2026-08231,Nursing,A,Chennai,8.31,5,SME,0.188,52,64,0.66,30000,0,1,1,83000
STU-2026-08232,Engineering,D,Delhi NCR,6.25,3,MNC,0.225,0,43,0.6,25000,0,0,0,33000
STU-2026-08233,Nursing,C,Chennai,5.97,0,None,0.0,47,68,0.55,25000,0,0,0,22000
STU-2026-08234,MBA,B,Chennai,8.43,6,Startup,0.315,41,80,0.74,25000,0,1,1,96000
STU-2026-08235,Engineering,C,Delhi NCR,7.98,0,None,0.0,71,60,0.44,25000,0,0,1,50000
STU-2026-08236,MBA,D,Chennai,7.28,0,None,0.0,63,52,0.64,30000,0,0,0,45000
STU-2026-08237,MBA,B,Chennai,8.3,3,SME,0.113,80,79,0.63,15000,0,1,1,90000
STU-2026-08238,MBA,A,Hyderabad,7.7,5,SME,0.188,53,76,0.67,15000,0,1,1,99000
STU-2026-08239,MBA,C,Delhi NCR,4.79,5,MNC,0.375,8,62,0.56,15000,0,0,0,39000
STU-2026-08240,Nursing,D,Mumbai,4.62,0,None,0.0,43,72,0.66,20000,0,0,0,17000
STU-2026-08241,MBA,C,Mumbai,6.94,0,None,0.0,62,91,0.53,25000,0,0,1,45000
STU-2026-08242,MBA,A,Bengaluru,8.38,0,None,0.0,81,66,0.5,25000,0,1,1,92000
STU-2026-08243,Nursing,B,Hyderabad,6.43,5,SME,0.188,84,78,0.53,30000,0,0,1,37000
STU-2026-08244,Engineering,D,Mumbai,5.94,2,Startup,0.105,69,68,0.81,25000,0,0,1,27000
STU-2026-08245,Engineering,B,Hyderabad,8.43,2,SME,0.075,27,73,0.48,10000,0,0,1,66000
STU-2026-08246,MBA,B,Pune,8.33,6,MNC,0.45,64,71,0.34,25000,0,1,1,110000
STU-2026-08247,Nursing,A,Hyderabad,8.7,3,Startup,0.157,39,82,0.55,10000,0,1,1,84000
STU-2026-08248,Engineering,D,Mumbai,5.37,5,Startup,0.263,61,50,0.67,10000,0,0,0,30000
STU-2026-08249,MBA,B,Hyderabad,5.0,6,MNC,0.45,48,67,0.75,15000,0,0,1,61000
STU-2026-08250,Engineering,C,Mumbai,7.8,0,None,0.0,27,85,0.63,25000,0,0,1,51000
STU-2026-08251,MBA,C,Bengaluru,7.52,0,None,0.0,62,67,0.66,10000,0,1,1,55000
STU-2026-08252,Engineering,D,Delhi NCR,6.32,0,None,0.0,79,80,0.55,20000,0,0,1,24000
STU-2026-08253,MBA,D,Delhi NCR,7.43,2,SME,0.075,69,86,0.51,15000,0,0,0,47000
STU-2026-08254,Nursing,A,Mumbai,8.76,6,Startup,0.315,38,75,0.45,10000,0,1,1,81000
STU-2026-08255,MBA,D,Mumbai,6.6,3,Startup,0.157,62,82,0.65,25000,0,0,1,46000
STU-2026-08256,Engineering,C,Mumbai,8.54,0,None,0.0,0,69,0.59,25000,0,0,1,52000
STU-2026-08257,Engineering,A,Chennai,8.37,4,MNC,0.3,76,52,0.83,25000,0,1,1,117000
STU-2026-08258,Nursing,A,Chennai,8.04,1,Startup,0.052,62,62,0.62,25000,0,1,1,42000
STU-2026-08259,MBA,A,Chennai,7.94,0,None,0.0,53,100,0.69,20000,0,1,1,111000
STU-2026-08260,Nursing,C,Pune,6.9,6,SME,0.225,49,87,0.78,10000,0,0,1,33000
STU-2026-08261,Nursing,A,Delhi NCR,8.94,6,Startup,0.315,43,76,0.67,30000,0,1,1,78000
STU-2026-08262,MBA,C,Pune,6.25,0,None,0.0,32,54,0.56,20000,0,0,0,49000
STU-2026-08263,MBA,D,Mumbai,7.2,0,None,0.0,47,64,0.57,15000,0,0,0,44000
STU-2026-08264,MBA,B,Pune,6.14,0,None,0.0,62,60,0.78,15000,0,0,1,57000
STU-2026-08265,Engineering,B,Chennai,6.39,6,SME,0.225,33,77,0.78,25000,0,1,1,60000
STU-2026-08266,Nursing,D,Pune,7.03,5,SME,0.188,43,73,0.53,10000,0,0,0,29000
STU-2026-08267,Nursing,D,Delhi NCR,8.59,1,Startup,0.052,59,51,0.57,10000,0,0,1,38000
STU-2026-08268,MBA,A,Bengaluru,9.63,2,Startup,0.105,56,82,0.62,30000,0,1,1,138000
STU-2026-08269,MBA,C,Delhi NCR,6.89,0,None,0.0,69,49,0.65,25000,0,0,1,60000
STU-2026-08270,Engineering,B,Pune,8.07,2,MNC,0.15,45,82,0.73,30000,0,1,1,73000
STU-2026-08271,Engineering,A,Hyderabad,8.04,3,Startup,0.157,48,65,0.61,15000,0,1,1,80000
STU-2026-08272,Engineering,B,Mumbai,6.61,3,SME,0.113,67,48,0.38,20000,0,1,1,46000
STU-2026-08273,MBA,D,Hyderabad,6.57,1,MNC,0.075,63,48,0.46,25000,0,0,0,46000
STU-2026-08274,Engineering,C,Pune,6.77,0,None,0.0,40,66,0.66,30000,0,0,1,56000
STU-2026-08275,MBA,B,Bengaluru,7.35,0,None,0.0,91,85,0.63,15000,0,0,1,64000
STU-2026-08276,MBA,C,Pune,6.39,2,Startup,0.105,49,67,0.54,10000,0,0,1,60000
STU-2026-08277,Nursing,C,Mumbai,4.37,1,Startup,0.052,33,79,0.73,10000,0,0,0,19000
STU-2026-08278,Engineering,D,Pune,6.91,0,None,0.0,57,47,0.4,25000,0,0,1,27000
STU-2026-08279,MBA,C,Hyderabad,9.35,6,MNC,0.45,18,67,0.64,15000,0,0,1,138000
STU-2026-08280,Nursing,B,Delhi NCR,7.11,4,Startup,0.21,43,53,0.64,15000,0,0,1,40000
STU-2026-08281,MBA,A,Hyderabad,7.1,3,Startup,0.157,81,60,0.43,25000,0,1,1,99000
STU-2026-08282,Nursing,A,Bengaluru,9.76,0,None,0.0,50,65,0.62,30000,0,1,1,80000
STU-2026-08283,MBA,C,Delhi NCR,5.58,2,SME,0.075,34,76,0.71,30000,0,0,0,39000
STU-2026-08284,Nursing,C,Delhi NCR,8.65,0,None,0.0,26,69,0.77,30000,0,0,1,36000
STU-2026-08285,Engineering,D,Hyderabad,6.59,0,None,0.0,21,77,0.51,30000,0,0,0,30000
STU-2026-08286,MBA,A,Bengaluru,8.39,4,Startup,0.21,95,48,0.6,20000,0,1,1,118000
STU-2026-08287,Nursing,D,Hyderabad,7.94,5,Startup,0.263,26,74,0.59,30000,0,0,1,35000
STU-2026-08288,Engineering,D,Hyderabad,6.76,0,None,0.0,28,60,0.63,30000,0,0,0,28000
STU-2026-08289,Engineering,C,Mumbai,7.21,2,Startup,0.105,28,93,0.85,30000,0,1,1,55000
STU-2026-08290,Engineering,C,Hyderabad,7.78,0,None,0.0,35,42,0.5,20000,0,0,0,53000
STU-2026-08291,MBA,C,Pune,7.11,0,None,0.0,24,42,0.83,25000,0,0,1,58000
STU-2026-08292,Engineering,D,Bengaluru,6.16,0,None,0.0,37,65,0.61,20000,0,0,1,23000
STU-2026-08293,MBA,B,Pune,7.46,1,MNC,0.075,67,68,0.7,30000,0,0,1,96000
STU-2026-08294,MBA,C,Pune,5.16,2,SME,0.075,12,63,0.54,25000,0,0,0,41000
STU-2026-08295,MBA,A,Pune,8.29,1,SME,0.037,32,68,0.6,15000,0,1,1,114000
STU-2026-08296,Nursing,A,Delhi NCR,8.51,1,MNC,0.075,99,53,0.56,25000,0,1,1,88000
STU-2026-08297,Nursing,B,Hyderabad,9.17,1,MNC,0.075,91,78,0.64,20000,0,1,1,61000
STU-2026-08298,MBA,A,Chennai,7.17,5,SME,0.188,34,64,0.79,20000,0,1,1,103000
STU-2026-08299,Nursing,D,Pune,7.15,0,None,0.0,62,89,0.49,25000,0,0,1,25000
STU-2026-08300,MBA,A,Mumbai,8.46,0,None,0.0,77,82,0.6,30000,0,1,1,125000
STU-2026-08301,Engineering,B,Delhi NCR,8.39,4,SME,0.15,49,81,0.72,25000,0,1,1,73000
STU-2026-08302,Nursing,C,Chennai,8.68,2,MNC,0.15,50,69,0.75,25000,0,0,1,32000
STU-2026-08303,MBA,A,Hyderabad,7.58,4,Startup,0.21,83,78,0.61,25000,0,1,1,121000
STU-2026-08304,Nursing,D,Mumbai,6.53,0,None,0.0,61,64,0.65,15000,0,0,0,19000
STU-2026-08305,Engineering,D,Bengaluru,5.76,1,MNC,0.075,39,60,0.54,10000,0,0,0,28000
STU-2026-08306,Engineering,B,Chennai,5.95,2,Startup,0.105,10,76,0.61,30000,0,0,0,52000
STU-2026-08307,Nursing,D,Delhi NCR,7.32,0,None,0.0,32,99,0.73,20000,0,0,1,24000
STU-2026-08308,MBA,D,Delhi NCR,5.05,3,SME,0.113,71,74,0.68,25000,0,0,0,0
STU-2026-08309,MBA,A,Delhi NCR,8.82,3,Startup,0.157,50,79,0.65,15000,0,1,1,118000
STU-2026-08310,MBA,C,Delhi NCR,7.28,0,None,0.0,19,86,0.53,10000,0,0,1,46000
STU-2026-08311,Nursing,D,Pune,6.99,0,None,0.0,14,58,0.83,30000,0,0,1,25000
STU-2026-08312,Nursing,A,Mumbai,8.61,5,SME,0.188,66,69,0.68,15000,0,1,1,98000
STU-2026-08313,MBA,B,Hyderabad,7.62,0,None,0.0,76,94,0.65,10000,0,0,1,84000
STU-2026-08314,Nursing,B,Mumbai,9.2,4,Startup,0.21,21,68,0.63,10000,0,1,1,50000
STU-2026-08315,MBA,C,Pune,5.74,5,Startup,0.263,0,84,0.74,30000,0,0,1,52000
STU-2026-08316,Engineering,A,Mumbai,8.42,2,MNC,0.15,81,67,0.51,10000,0,1,1,102000
STU-2026-08317,MBA,B,Delhi NCR,6.79,0,None,0.0,69,50,0.58,20000,0,0,1,64000
STU-2026-08318,Engineering,C,Chennai,5.92,0,None,0.0,58,74,0.39,30000,0,0,1,32000
STU-2026-08319,Nursing,C,Chennai,6.17,4,Startup,0.21,19,55,0.62,30000,0,0,1,33000
STU-2026-08320,MBA,A,Chennai,8.96,4,Startup,0.21,72,40,0.51,30000,0,1,1,113000
STU-2026-08321,Nursing,B,Bengaluru,5.0,3,Startup,0.157,97,74,0.53,30000,0,0,1,35000
STU-2026-08322,MBA,B,Mumbai,7.98,0,None,0.0,67,67,0.47,20000,0,0,1,86000
STU-2026-08323,MBA,C,Pune,6.15,0,None,0.0,55,64,0.68,25000,0,0,0,44000
STU-2026-08324,Engineering,D,Chennai,7.35,2,SME,0.075,23,75,0.6,20000,0,0,1,32000
STU-2026-08325,Engineering,D,Delhi NCR,8.0,0,None,0.0,16,74,0.52,15000,0,0,0,40000
STU-2026-08326,Engineering,C,Mumbai,6.45,4,MNC,0.3,0,50,0.38,15000,0,0,0,48000
STU-2026-08327,Nursing,D,Delhi NCR,6.38,2,Startup,0.105,24,73,0.46,25000,0,0,1,24000
STU-2026-08328,MBA,C,Delhi NCR,5.67,0,None,0.0,30,68,0.46,10000,0,0,0,46000
STU-2026-08329,Engineering,A,Bengaluru,8.29,5,Startup,0.263,79,100,0.41,25000,0,1,1,86000
STU-2026-08330,MBA,B,Pune,9.06,6,MNC,0.45,65,60,0.57,10000,1,1,1,130000
STU-2026-08331,Nursing,B,Chennai,8.08,5,MNC,0.375,90,84,0.71,20000,0,1,1,41000
STU-2026-08332,Nursing,B,Delhi NCR,7.6,3,SME,0.113,47,82,0.42,20000,0,1,1,48000
STU-2026-08333,Engineering,C,Chennai,7.22,4,MNC,0.3,55,70,0.57,30000,0,1,1,58000
STU-2026-08334,Nursing,D,Chennai,7.63,4,SME,0.15,38,72,0.6,30000,0,0,0,24000
STU-2026-08335,Engineering,B,Hyderabad,7.38,6,Startup,0.315,22,68,0.51,20000,0,0,1,74000
STU-2026-08336,Engineering,B,Chennai,5.64,1,Startup,0.052,67,63,0.37,20000,0,0,1,47000
STU-2026-08337,Nursing,A,Hyderabad,7.88,3,MNC,0.225,51,72,0.55,20000,0,1,1,60000
STU-2026-08338,Nursing,B,Chennai,6.98,3,SME,0.113,98,73,0.63,20000,0,0,1,41000
STU-2026-08339,MBA,D,Chennai,6.53,0,None,0.0,62,88,0.55,15000,0,0,1,36000
STU-2026-08340,Engineering,D,Hyderabad,7.71,0,None,0.0,52,69,0.7,25000,0,0,1,31000
STU-2026-08341,Engineering,A,Hyderabad,8.21,6,Startup,0.315,56,55,0.58,30000,0,1,1,129000
STU-2026-08342,MBA,B,Chennai,8.41,3,MNC,0.225,76,73,0.54,10000,0,1,1,72000
STU-2026-08343,Engineering,A,Delhi NCR,7.66,4,Startup,0.21,82,63,0.66,15000,0,1,1,103000
STU-2026-08344,Nursing,C,Delhi NCR,4.95,2,SME,0.075,72,53,0.46,10000,0,0,1,23000
STU-2026-08345,Nursing,C,Delhi NCR,6.43,1,SME,0.037,79,81,0.56,15000,0,0,1,33000
STU-2026-08346,Nursing,B,Mumbai,6.54,1,Startup,0.052,89,63,0.51,30000,0,1,1,43000
STU-2026-08347,MBA,B,Mumbai,5.72,3,SME,0.113,58,53,0.68,15000,0,1,1,64000
STU-2026-08348,Nursing,A,Mumbai,7.59,3,SME,0.113,78,69,0.59,15000,0,1,1,66000
STU-2026-08349,Engineering,B,Pune,7.43,0,None,0.0,12,70,0.59,20000,0,0,1,39000
STU-2026-08350,Nursing,C,Chennai,7.41,0,None,0.0,41,77,0.44,20000,0,0,0,23000
STU-2026-08351,Nursing,D,Bengaluru,6.98,3,SME,0.113,31,68,0.46,25000,0,0,0,17000
STU-2026-08352,MBA,D,Delhi NCR,5.19,4,SME,0.15,24,61,0.59,15000,0,0,0,31000
STU-2026-08353,Engineering,B,Hyderabad,7.99,3,MNC,0.225,76,87,0.65,10000,0,1,1,61000
STU-2026-08354,Engineering,C,Mumbai,7.13,5,SME,0.188,31,91,0.61,20000,0,0,1,59000
STU-2026-08355,MBA,D,Hyderabad,6.22,5,MNC,0.375,40,100,0.63,30000,0,0,1,60000
STU-2026-08356,MBA,D,Bengaluru,6.14,5,MNC,0.375,63,65,0.8,30000,0,0,1,54000
STU-2026-08357,MBA,B,Mumbai,8.54,1,SME,0.037,46,96,0.51,30000,0,1,1,73000
STU-2026-08358,Nursing,D,Delhi NCR,7.83,5,SME,0.188,84,77,0.63,30000,0,0,1,32000
STU-2026-08359,MBA,D,Chennai,6.4,1,Startup,0.052,81,82,0.57,20000,0,0,1,55000
STU-2026-08360,MBA,D,Bengaluru,7.13,6,SME,0.225,76,61,0.65,25000,0,0,1,46000
STU-2026-08361,Nursing,D,Mumbai,7.75,2,Startup,0.105,18,52,0.67,10000,0,0,0,28000
STU-2026-08362,Nursing,D,Delhi NCR,4.64,3,MNC,0.225,8,73,0.58,30000,0,0,0,17000
STU-2026-08363,Nursing,A,Chennai,8.07,0,None,0.0,61,67,0.66,25000,0,0,1,67000
STU-2026-08364,MBA,B,Mumbai,8.64,5,MNC,0.375,44,76,0.64,25000,0,1,1,110000
STU-2026-08365,MBA,B,Hyderabad,8.92,0,None,0.0,100,79,0.63,25000,0,1,1,67000
STU-2026-08366,MBA,C,Pune,5.09,2,SME,0.075,11,74,0.58,15000,0,0,1,24000
STU-2026-08367,Engineering,B,Delhi NCR,7.54,3,Startup,0.157,69,83,0.61,10000,0,1,1,67000
STU-2026-08368,Nursing,D,Bengaluru,7.33,5,Startup,0.263,40,100,0.66,10000,0,0,1,28000
STU-2026-08369,Nursing,A,Mumbai,7.93,0,None,0.0,90,33,0.61,10000,0,1,1,66000
STU-2026-08370,Engineering,D,Pune,7.12,5,SME,0.188,78,71,0.59,10000,0,0,1,48000
STU-2026-08371,Nursing,D,Hyderabad,7.62,3,MNC,0.225,65,67,0.61,25000,0,1,1,35000
STU-2026-08372,Engineering,D,Pune,6.51,3,Startup,0.157,41,86,0.71,10000,0,0,0,36000
STU-2026-08373,Engineering,D,Chennai,6.79,3,MNC,0.225,38,90,0.58,25000,0,0,1,33000
STU-2026-08374,MBA,D,Delhi NCR,6.59,0,None,0.0,22,57,0.51,10000,0,0,0,0
STU-2026-08375,Nursing,B,Mumbai,6.74,2,MNC,0.15,68,41,0.53,10000,0,0,1,51000
STU-2026-08376,Engineering,D,Mumbai,6.5,5,MNC,0.375,36,69,0.42,15000,0,0,1,45000
STU-2026-08377,Engineering,C,Bengaluru,7.78,1,MNC,0.075,100,51,0.45,25000,0,0,1,45000
STU-2026-08378,MBA,A,Chennai,7.41,4,SME,0.15,54,61,0.77,20000,1,1,1,83000
STU-2026-08379,Engineering,A,Hyderabad,7.02,3,MNC,0.225,45,60,0.52,30000,0,1,1,83000
STU-2026-08380,Nursing,B,Mumbai,6.15,2,MNC,0.15,39,93,0.56,15000,0,0,1,30000
STU-2026-08381,MBA,D,Chennai,6.24,0,None,0.0,64,79,0.68,20000,0,0,0,29000
STU-2026-08382,MBA,A,Mumbai,9.11,4,MNC,0.3,77,66,0.69,25000,0,1,1,124000
STU-2026-08383,MBA,B,Pune,5.88,5,SME,0.188,67,73,0.55,30000,0,0,1,88000
STU-2026-08384,Engineering,A,Delhi NCR,7.99,0,None,0.0,88,68,0.55,10000,0,1,1,92000
STU-2026-08385,Engineering,A,Pune,8.18,0,None,0.0,83,100,0.53,30000,0,1,1,79000
STU-2026-08386,Engineering,C,Pune,5.68,5,SME,0.188,16,94,0.42,10000,0,0,1,34000
STU-2026-08387,Nursing,A,Chennai,9.62,0,None,0.0,55,65,0.76,10000,0,1,1,80000
STU-2026-08388,Nursing,C,Pune,7.77,0,None,0.0,13,81,0.58,25000,0,0,1,36000
STU-2026-08389,Nursing,C,Hyderabad,5.47,4,Startup,0.21,55,67,0.48,25000,0,0,1,28000
STU-2026-08390,Nursing,A,Bengaluru,8.67,2,Startup,0.105,12,76,0.55,25000,0,1,1,74000
STU-2026-08391,Nursing,C,Chennai,6.4,6,Startup,0.315,36,75,0.69,25000,0,0,1,34000
STU-2026-08392,Nursing,A,Mumbai,9.38,5,SME,0.188,53,76,0.48,30000,0,1,1,73000
STU-2026-08393,Nursing,B,Chennai,6.81,4,SME,0.15,81,87,0.41,20000,0,0,1,48000
STU-2026-08394,Nursing,D,Delhi NCR,6.67,0,None,0.0,78,80,0.57,10000,0,0,1,23000
STU-2026-08395,Nursing,A,Delhi NCR,7.52,2,MNC,0.15,79,81,0.65,20000,0,1,1,57000
STU-2026-08396,Engineering,A,Delhi NCR,8.6,5,MNC,0.375,63,100,0.47,10000,0,1,1,93000
STU-2026-08397,MBA,A,Mumbai,8.03,0,None,0.0,25,88,0.71,25000,0,1,1,88000
STU-2026-08398,MBA,C,Delhi NCR,4.97,0,None,0.0,22,79,0.52,20000,0,0,1,43000
STU-2026-08399,Engineering,D,Delhi NCR,6.8,1,Startup,0.052,28,61,0.76,15000,0,0,0,37000
STU-2026-08400,Nursing,B,Delhi NCR,7.52,0,None,0.0,74,58,0.57,25000,0,0,1,38000
STU-2026-08401,Engineering,B,Mumbai,8.75,0,None,0.0,45,61,0.74,20000,0,1,1,80000
STU-2026-08402,Nursing,B,Mumbai,5.59,2,Startup,0.105,64,71,0.54,15000,0,0,1,33000
STU-2026-08403,Nursing,B,Mumbai,7.66,1,SME,0.037,100,75,0.64,20000,0,1,1,45000
STU-2026-08404,Nursing,A,Hyderabad,7.32,5,SME,0.188,27,70,0.57,25000,0,0,1,83000
STU-2026-08405,Nursing,A,Mumbai,8.29,0,None,0.0,89,37,0.75,20000,0,1,1,76000
STU-2026-08406,Nursing,A,Delhi NCR,8.37,2,MNC,0.15,69,77,0.56,25000,0,1,1,70000
STU-2026-08407,MBA,D,Pune,5.03,0,None,0.0,28,60,0.45,10000,0,0,0,29000
STU-2026-08408,Engineering,D,Mumbai,7.1,5,MNC,0.375,57,66,0.51,10000,0,0,1,25000
STU-2026-08409,Nursing,A,Chennai,8.11,4,Startup,0.21,75,86,0.55,15000,0,0,1,46000
STU-2026-08410,MBA,B,Mumbai,8.14,4,Startup,0.21,53,100,0.46,15000,0,1,1,114000
STU-2026-08411,Nursing,D,Mumbai,7.05,0,None,0.0,0,100,0.76,25000,0,0,0,27000
STU-2026-08412,Engineering,D,Hyderabad,7.8,0,None,0.0,56,49,0.63,25000,0,0,1,38000
STU-2026-08413,MBA,D,Chennai,7.28,1,Startup,0.052,27,56,0.44,25000,0,0,1,42000
STU-2026-08414,Engineering,C,Hyderabad,5.19,4,SME,0.15,64,61,0.51,30000,0,0,0,33000
STU-2026-08415,MBA,B,Chennai,7.96,2,Startup,0.105,42,85,0.65,15000,0,0,1,80000
STU-2026-08416,MBA,D,Pune,6.29,5,SME,0.188,42,93,0.56,30000,0,0,1,38000
STU-2026-08417,Nursing,D,Chennai,7.44,0,None,0.0,47,90,0.52,15000,0,0,1,30000
STU-2026-08418,Nursing,C,Mumbai,6.27,0,None,0.0,37,73,0.58,25000,0,0,1,30000
STU-2026-08419,Engineering,B,Chennai,7.39,0,None,0.0,58,74,0.56,15000,0,0,1,47000
STU-2026-08420,Nursing,D,Chennai,6.75,1,Startup,0.052,51,66,0.52,10000,0,0,0,26000
STU-2026-08421,Nursing,C,Chennai,6.95,1,SME,0.037,96,60,0.58,25000,0,0,1,28000
STU-2026-08422,Nursing,A,Delhi NCR,9.74,1,SME,0.037,60,78,0.6,30000,0,1,1,66000
STU-2026-08423,MBA,B,Bengaluru,9.07,6,Startup,0.315,65,80,0.53,25000,0,1,1,95000
STU-2026-08424,MBA,B,Delhi NCR,8.68,4,MNC,0.3,34,72,0.56,10000,0,0,1,90000
STU-2026-08425,MBA,C,Chennai,7.34,2,MNC,0.15,18,60,0.64,30000,0,0,1,66000
STU-2026-08426,MBA,A,Pune,8.16,0,None,0.0,64,72,0.5,30000,0,1,1,88000
STU-2026-08427,Nursing,A,Pune,8.69,0,None,0.0,63,38,0.7,30000,0,1,1,61000
STU-2026-08428,Engineering,C,Chennai,7.95,4,Startup,0.21,36,79,0.53,10000,0,0,1,57000
STU-2026-08429,Nursing,B,Mumbai,7.9,5,SME,0.188,56,94,0.79,10000,0,0,1,60000
STU-2026-08430,MBA,A,Chennai,7.34,3,MNC,0.225,70,43,0.64,20000,0,1,1,108000
STU-2026-08431,Nursing,B,Pune,7.07,4,SME,0.15,45,59,0.56,10000,0,0,1,47000
STU-2026-08432,Nursing,D,Pune,9.03,2,Startup,0.105,16,72,0.68,25000,0,0,1,23000
STU-2026-08433,Engineering,C,Chennai,4.51,0,None,0.0,0,93,0.66,25000,0,0,0,30000
STU-2026-08434,MBA,D,Bengaluru,6.11,0,None,0.0,98,75,0.59,30000,0,0,1,38000
STU-2026-08435,MBA,C,Bengaluru,8.4,0,None,0.0,75,65,0.62,25000,0,0,1,45000
STU-2026-08436,MBA,D,Delhi NCR,7.8,0,None,0.0,64,40,0.53,15000,0,0,1,46000
STU-2026-08437,Engineering,D,Hyderabad,9.25,0,None,0.0,24,67,0.66,20000,0,0,1,39000
STU-2026-08438,Nursing,D,Mumbai,6.1,6,MNC,0.45,46,67,0.67,30000,0,0,1,17000
STU-2026-08439,MBA,A,Pune,6.8,5,SME,0.188,50,85,0.53,30000,0,1,1,113000
STU-2026-08440,Engineering,C,Delhi NCR,7.45,0,None,0.0,26,53,0.47,15000,0,0,1,45000
STU-2026-08441,MBA,B,Pune,9.34,2,MNC,0.15,43,89,0.55,10000,0,1,1,95000
STU-2026-08442,Engineering,C,Hyderabad,5.74,0,None,0.0,18,69,0.54,30000,0,0,0,29000
STU-2026-08443,MBA,D,Pune,7.65,0,None,0.0,29,95,0.59,10000,0,0,1,54000
STU-2026-08444,MBA,A,Hyderabad,7.8,6,Startup,0.315,52,59,0.62,20000,0,1,1,147000
STU-2026-08445,MBA,D,Delhi NCR,6.74,2,Startup,0.105,61,81,0.55,25000,0,0,0,40000
STU-2026-08446,Nursing,D,Hyderabad,6.81,1,Startup,0.052,48,77,0.6,30000,0,0,0,22000
STU-2026-08447,Engineering,A,Pune,8.61,4,MNC,0.3,47,78,0.66,15000,1,1,1,107000
STU-2026-08448,MBA,B,Chennai,7.17,3,Startup,0.157,14,56,0.5,25000,0,0,1,98000
STU-2026-08449,Engineering,C,Mumbai,7.5,3,Startup,0.157,65,59,0.48,20000,0,0,1,45000
STU-2026-08450,Nursing,C,Chennai,5.77,1,Startup,0.052,45,52,0.68,25000,0,0,0,26000
STU-2026-08451,MBA,C,Hyderabad,6.92,0,None,0.0,28,89,0.44,20000,0,0,1,47000
STU-2026-08452,Engineering,B,Hyderabad,8.42,1,MNC,0.075,64,83,0.59,25000,0,1,1,78000
STU-2026-08453,MBA,A,Pune,8.28,2,MNC,0.15,87,75,0.53,20000,0,1,1,139000
STU-2026-08454,Nursing,C,Hyderabad,5.31,0,None,0.0,60,65,0.47,15000,0,0,0,20000
STU-2026-08455,MBA,C,Bengaluru,6.11,0,None,0.0,24,72,0.56,30000,0,0,1,50000
STU-2026-08456,Nursing,A,Pune,8.63,6,MNC,0.45,96,100,0.57,20000,0,1,1,92000
STU-2026-08457,Engineering,C,Mumbai,6.94,0,None,0.0,96,64,0.63,20000,0,0,1,38000
STU-2026-08458,MBA,D,Mumbai,5.34,1,MNC,0.075,3,90,0.71,30000,0,0,0,38000
STU-2026-08459,Nursing,A,Mumbai,7.15,3,SME,0.113,57,73,0.73,25000,0,1,1,66000
STU-2026-08460,Engineering,A,Chennai,7.82,0,None,0.0,65,89,0.44,30000,0,1,1,78000
STU-2026-08461,Nursing,B,Delhi NCR,6.09,3,SME,0.113,55,89,0.55,10000,0,0,1,29000
STU-2026-08462,Nursing,A,Bengaluru,6.74,1,MNC,0.075,38,85,0.59,25000,0,1,1,66000
STU-2026-08463,MBA,A,Delhi NCR,7.59,5,Startup,0.263,91,62,0.7,15000,1,1,1,124000
STU-2026-08464,Nursing,A,Hyderabad,8.25,0,None,0.0,66,72,0.56,25000,0,1,1,60000
STU-2026-08465,MBA,C,Pune,8.26,3,MNC,0.225,0,63,0.57,30000,0,0,1,75000
STU-2026-08466,Engineering,B,Mumbai,6.15,5,SME,0.188,81,83,0.67,15000,0,1,1,48000
STU-2026-08467,Engineering,A,Pune,7.94,1,SME,0.037,61,80,0.59,30000,0,1,1,79000
STU-2026-08468,MBA,C,Hyderabad,7.14,1,MNC,0.075,34,74,0.42,30000,0,0,1,59000
STU-2026-08469,Engineering,D,Pune,7.43,0,None,0.0,15,59,0.51,15000,0,0,0,37000
STU-2026-08470,MBA,C,Hyderabad,5.96,0,None,0.0,73,90,0.61,15000,0,0,1,32000
STU-2026-08471,Nursing,A,Bengaluru,7.78,4,Startup,0.21,35,56,0.65,25000,0,1,1,81000
STU-2026-08472,Engineering,D,Mumbai,7.09,5,MNC,0.375,53,46,0.47,20000,0,0,1,49000
STU-2026-08473,Nursing,A,Chennai,7.84,5,SME,0.188,33,60,0.51,30000,0,0,1,96000
STU-2026-08474,Engineering,A,Chennai,9.19,1,Startup,0.052,20,41,0.52,15000,0,0,1,135000
STU-2026-08475,MBA,B,Hyderabad,6.7,5,SME,0.188,67,62,0.48,25000,0,1,1,81000
STU-2026-08476,Nursing,B,Chennai,7.44,6,MNC,0.45,100,74,0.55,10000,1,1,1,64000
STU-2026-08477,Engineering,A,Pune,9.5,0,None,0.0,59,25,0.44,30000,0,1,1,89000
STU-2026-08478,Engineering,D,Hyderabad,7.1,2,MNC,0.15,68,73,0.51,30000,0,0,1,38000
STU-2026-08479,MBA,D,Chennai,6.31,0,None,0.0,5,65,0.59,10000,0,0,0,0
STU-2026-08480,MBA,C,Mumbai,5.7,0,None,0.0,22,42,0.61,10000,0,0,0,37000
STU-2026-08481,Nursing,A,Pune,7.11,0,None,0.0,68,78,0.61,15000,0,1,1,60000
STU-2026-08482,MBA,B,Hyderabad,7.4,6,SME,0.225,42,69,0.56,20000,0,0,1,95000
STU-2026-08483,Engineering,D,Bengaluru,5.36,0,None,0.0,44,51,0.51,15000,0,0,0,26000
STU-2026-08484,MBA,B,Chennai,7.66,2,SME,0.075,27,66,0.39,30000,0,0,1,62000
STU-2026-08485,Nursing,D,Chennai,7.47,5,Startup,0.263,44,52,0.64,20000,0,1,1,31000
STU-2026-08486,Nursing,A,Mumbai,8.9,6,MNC,0.45,18,77,0.54,15000,0,1,1,108000
STU-2026-08487,MBA,C,Hyderabad,6.51,4,MNC,0.3,0,93,0.45,30000,0,0,1,62000
STU-2026-08488,Nursing,B,Delhi NCR,7.64,2,SME,0.075,69,72,0.71,30000,0,1,1,38000
STU-2026-08489,Nursing,A,Pune,6.12,0,None,0.0,63,92,0.47,30000,0,0,1,50000
STU-2026-08490,Engineering,C,Delhi NCR,7.38,5,Startup,0.263,68,95,0.62,20000,0,0,1,46000
STU-2026-08491,Engineering,A,Chennai,7.77,5,Startup,0.263,81,62,0.7,10000,0,1,1,105000
STU-2026-08492,MBA,A,Chennai,7.6,5,Startup,0.263,70,66,0.68,10000,0,1,1,123000
STU-2026-08493,MBA,D,Hyderabad,7.77,0,None,0.0,37,71,0.68,15000,0,0,1,34000
STU-2026-08494,Nursing,A,Bengaluru,7.74,5,SME,0.188,22,66,0.65,10000,0,1,1,86000
STU-2026-08495,MBA,C,Delhi NCR,8.34,1,MNC,0.075,46,34,0.67,30000,0,0,1,73000
STU-2026-08496,Nursing,A,Pune,8.45,5,Startup,0.263,73,78,0.84,20000,1,1,1,66000
STU-2026-08497,Nursing,C,Hyderabad,8.09,3,SME,0.113,29,90,0.75,20000,0,0,1,31000
STU-2026-08498,Engineering,A,Hyderabad,7.83,4,MNC,0.3,87,100,0.61,30000,0,1,1,86000
STU-2026-08499,Nursing,D,Delhi NCR,5.4,1,Startup,0.052,46,81,0.45,15000,0,0,0,23000
STU-2026-08500,Engineering,A,Hyderabad,8.7,1,Startup,0.052,93,75,0.64,25000,0,1,1,113000
STU-2026-08501,Engineering,A,Hyderabad,8.63,3,MNC,0.225,49,76,0.64,20000,0,1,1,125000
STU-2026-08502,MBA,C,Chennai,6.91,0,None,0.0,58,78,0.53,30000,0,0,0,44000
STU-2026-08503,Engineering,C,Delhi NCR,6.7,6,Startup,0.315,80,69,0.64,25000,0,1,1,48000
STU-2026-08504,Nursing,A,Chennai,7.87,3,Startup,0.157,81,79,0.54,30000,0,1,1,71000
STU-2026-08505,Nursing,A,Mumbai,8.46,0,None,0.0,85,78,0.5,30000,0,1,1,68000
STU-2026-08506,Engineering,B,Bengaluru,7.64,2,Startup,0.105,43,86,0.38,15000,0,0,1,48000
STU-2026-08507,MBA,C,Pune,7.86,1,MNC,0.075,33,81,0.56,20000,0,0,1,43000
STU-2026-08508,Engineering,A,Pune,8.9,4,MNC,0.3,48,76,0.64,20000,0,1,1,137000
STU-2026-08509,Nursing,C,Pune,7.27,0,None,0.0,43,76,0.61,20000,0,0,1,29000
STU-2026-08510,MBA,D,Bengaluru,7.8,5,Startup,0.263,54,67,0.78,25000,0,0,1,58000
STU-2026-08511,MBA,D,Pune,7.49,0,None,0.0,37,88,0.6,10000,0,0,1,36000
STU-2026-08512,Nursing,B,Delhi NCR,5.7,6,SME,0.225,68,64,0.58,30000,0,0,0,49000
STU-2026-08513,Engineering,A,Chennai,8.28,0,None,0.0,87,49,0.61,25000,0,1,1,87000
STU-2026-08514,Engineering,C,Chennai,7.08,0,None,0.0,5,75,0.52,10000,0,0,0,41000
STU-2026-08515,Nursing,A,Delhi NCR,7.92,2,MNC,0.15,54,87,0.58,15000,0,1,1,69000
STU-2026-08516,Engineering,B,Mumbai,6.39,5,Startup,0.263,63,81,0.63,20000,0,1,1,65000
STU-2026-08517,MBA,B,Bengaluru,6.95,4,SME,0.15,61,91,0.57,15000,0,1,1,81000
STU-2026-08518,Nursing,D,Pune,5.89,0,None,0.0,57,61,0.64,25000,0,0,0,21000
STU-2026-08519,MBA,C,Delhi NCR,6.96,0,None,0.0,43,74,0.55,30000,0,0,0,50000
STU-2026-08520,MBA,C,Pune,8.12,3,MNC,0.225,55,77,0.55,25000,0,0,1,62000
STU-2026-08521,MBA,C,Hyderabad,6.29,0,None,0.0,49,43,0.77,15000,0,0,0,58000
STU-2026-08522,Nursing,D,Delhi NCR,5.79,5,Startup,0.263,19,64,0.56,10000,0,0,0,24000
STU-2026-08523,Engineering,A,Mumbai,8.27,0,None,0.0,42,83,0.74,20000,0,0,1,109000
STU-2026-08524,MBA,C,Pune,7.73,3,MNC,0.225,46,61,0.62,15000,0,0,1,94000
STU-2026-08525,MBA,D,Hyderabad,9.43,2,SME,0.075,2,67,0.61,20000,0,0,1,57000
STU-2026-08526,Nursing,C,Delhi NCR,5.89,0,None,0.0,41,64,0.7,20000,0,0,1,29000
STU-2026-08527,Engineering,C,Delhi NCR,7.94,0,None,0.0,71,77,0.56,25000,0,0,1,53000
STU-2026-08528,Engineering,B,Pune,7.79,0,None,0.0,40,90,0.52,30000,0,0,1,50000
STU-2026-08529,MBA,A,Mumbai,8.45,5,Startup,0.263,79,74,0.54,10000,0,1,1,153000
STU-2026-08530,Engineering,D,Delhi NCR,6.69,3,Startup,0.157,49,68,0.63,30000,0,0,1,48000
STU-2026-08531,MBA,B,Bengaluru,7.9,1,SME,0.037,52,73,0.51,15000,0,0,1,90000
STU-2026-08532,Engineering,B,Delhi NCR,7.8,0,None,0.0,82,46,0.5,30000,0,0,1,51000
STU-2026-08533,MBA,D,Chennai,5.09,0,None,0.0,13,65,0.64,30000,0,0,0,24000
STU-2026-08534,Engineering,A,Chennai,7.4,4,SME,0.15,31,79,0.61,25000,0,0,1,77000
STU-2026-08535,MBA,B,Pune,7.38,0,None,0.0,59,54,0.62,20000,0,0,1,69000
STU-2026-08536,Nursing,A,Hyderabad,8.06,5,MNC,0.375,68,88,0.56,25000,0,1,1,60000
STU-2026-08537,Engineering,C,Bengaluru,9.17,5,Startup,0.263,0,69,0.35,25000,0,0,1,83000
STU-2026-08538,MBA,B,Chennai,8.64,4,Startup,0.21,80,67,0.77,30000,0,1,1,107000
STU-2026-08539,Nursing,B,Chennai,10.0,1,Startup,0.052,82,69,0.65,10000,1,1,1,64000
STU-2026-08540,Nursing,D,Pune,7.74,0,None,0.0,72,100,0.51,20000,0,0,1,28000
STU-2026-08541,Nursing,A,Hyderabad,7.89,1,SME,0.037,47,95,0.5,25000,0,0,1,58000
STU-2026-08542,Nursing,C,Bengaluru,4.66,6,Startup,0.315,19,54,0.61,30000,0,0,1,24000
STU-2026-08543,Nursing,A,Chennai,8.89,3,MNC,0.225,75,37,0.54,10000,0,1,1,89000
STU-2026-08544,Engineering,D,Mumbai,7.48,0,None,0.0,48,57,0.54,25000,0,0,0,35000
STU-2026-08545,MBA,A,Bengaluru,7.91,5,Startup,0.263,71,80,0.57,20000,0,1,1,124000
STU-2026-08546,Nursing,C,Hyderabad,5.46,4,Startup,0.21,20,36,0.56,30000,0,0,0,24000
STU-2026-08547,MBA,C,Hyderabad,7.78,1,SME,0.037,53,78,0.67,15000,0,0,1,58000
STU-2026-08548,MBA,A,Bengaluru,8.86,0,None,0.0,73,85,0.6,30000,0,1,1,118000
STU-2026-08549,Engineering,D,Bengaluru,6.11,0,None,0.0,56,74,0.61,30000,0,0,0,32000
STU-2026-08550,Nursing,B,Delhi NCR,8.42,3,MNC,0.225,49,52,0.62,15000,0,1,1,47000
STU-2026-08551,Nursing,B,Chennai,7.97,3,SME,0.113,44,55,0.69,15000,0,1,1,48000
STU-2026-08552,Engineering,B,Delhi NCR,8.29,1,SME,0.037,74,48,0.61,15000,0,1,1,68000
STU-2026-08553,MBA,C,Delhi NCR,4.0,1,MNC,0.075,13,85,0.54,25000,0,0,0,40000
STU-2026-08554,Engineering,D,Delhi NCR,6.51,3,MNC,0.225,25,55,0.68,20000,0,0,0,34000
STU-2026-08555,Nursing,B,Hyderabad,6.39,2,MNC,0.15,51,59,0.4,25000,0,0,1,46000
STU-2026-08556,Nursing,A,Bengaluru,9.28,4,Startup,0.21,58,71,0.63,10000,1,1,1,74000
STU-2026-08557,Engineering,A,Mumbai,7.19,1,SME,0.037,59,76,0.6,25000,0,0,1,87000
STU-2026-08558,MBA,B,Delhi NCR,7.36,2,Startup,0.105,71,93,0.45,25000,0,0,1,82000
STU-2026-08559,Engineering,B,Chennai,5.47,6,Startup,0.315,52,61,0.64,15000,0,0,1,57000
STU-2026-08560,Engineering,C,Pune,5.52,0,None,0.0,9,70,0.61,25000,0,0,0,39000
STU-2026-08561,Nursing,B,Hyderabad,8.78,6,Startup,0.315,69,82,0.63,10000,1,1,1,68000
STU-2026-08562,Engineering,C,Bengaluru,6.14,0,None,0.0,21,87,0.58,10000,0,0,1,29000
STU-2026-08563,MBA,B,Delhi NCR,8.75,1,Startup,0.052,51,76,0.47,15000,0,0,1,104000
STU-2026-08564,Nursing,B,Chennai,7.06,5,Startup,0.263,80,60,0.7,10000,0,1,1,41000
STU-2026-08565,MBA,C,Hyderabad,7.58,0,None,0.0,64,80,0.59,25000,0,0,0,45000
STU-2026-08566,Engineering,B,Chennai,6.8,3,Startup,0.157,55,87,0.59,25000,0,0,1,36000
STU-2026-08567,Engineering,B,Delhi NCR,6.81,0,None,0.0,50,75,0.45,20000,0,0,1,54000
STU-2026-08568,Nursing,C,Bengaluru,8.4,0,None,0.0,0,58,0.71,25000,0,0,1,31000
STU-2026-08569,Engineering,A,Bengaluru,9.13,1,Startup,0.052,61,80,0.53,20000,0,1,1,82000
STU-2026-08570,Nursing,B,Pune,6.95,6,MNC,0.45,54,72,0.84,15000,1,1,1,53000
STU-2026-08571,MBA,A,Hyderabad,9.38,3,Startup,0.157,38,76,0.53,30000,0,1,1,195000
STU-2026-08572,Nursing,B,Bengaluru,7.11,3,Startup,0.157,47,55,0.52,15000,0,0,1,47000
STU-2026-08573,Nursing,C,Hyderabad,7.05,5,MNC,0.375,48,70,0.54,30000,0,0,1,43000
STU-2026-08574,MBA,B,Hyderabad,7.45,4,Startup,0.21,47,66,0.75,30000,0,1,1,81000
STU-2026-08575,MBA,A,Mumbai,7.61,6,Startup,0.315,59,87,0.6,25000,0,1,1,116000
STU-2026-08576,Nursing,B,Bengaluru,6.33,1,Startup,0.052,75,73,0.67,30000,0,0,1,47000
STU-2026-08577,Nursing,B,Pune,7.75,1,SME,0.037,24,85,0.56,20000,0,0,1,42000
STU-2026-08578,Engineering,C,Delhi NCR,6.68,0,None,0.0,39,45,0.69,20000,0,0,1,41000
STU-2026-08579,Engineering,A,Pune,8.85,1,Startup,0.052,62,75,0.45,25000,0,1,1,97000
STU-2026-08580,Nursing,D,Delhi NCR,7.02,5,SME,0.188,50,91,0.59,30000,0,0,1,29000
STU-2026-08581,Nursing,A,Chennai,8.0,5,Startup,0.263,56,58,0.59,30000,0,1,1,76000
STU-2026-08582,MBA,B,Bengaluru,5.76,3,MNC,0.225,58,57,0.59,10000,0,0,1,66000
STU-2026-08583,MBA,B,Mumbai,7.2,0,None,0.0,47,74,0.64,15000,0,0,1,73000
STU-2026-08584,Nursing,A,Hyderabad,7.87,0,None,0.0,68,69,0.5,10000,0,0,1,71000
STU-2026-08585,MBA,D,Mumbai,8.69,2,Startup,0.105,58,61,0.74,15000,0,0,1,58000
STU-2026-08586,MBA,A,Chennai,9.67,1,Startup,0.052,43,82,0.52,15000,0,1,1,182000
STU-2026-08587,Engineering,B,Hyderabad,8.0,2,MNC,0.15,97,78,0.64,15000,0,1,1,78000
STU-2026-08588,Engineering,D,Chennai,6.83,1,Startup,0.052,42,66,0.59,10000,0,0,0,33000
STU-2026-08589,Nursing,B,Chennai,7.45,3,Startup,0.157,29,78,0.59,15000,0,0,0,37000
STU-2026-08590,Engineering,C,Chennai,6.23,2,Startup,0.105,72,79,0.53,15000,0,0,1,46000
STU-2026-08591,Engineering,B,Bengaluru,6.88,6,MNC,0.45,38,83,0.71,10000,0,1,1,80000
STU-2026-08592,Engineering,A,Bengaluru,8.17,0,None,0.0,48,88,0.53,30000,0,1,1,85000
STU-2026-08593,Nursing,B,Hyderabad,7.33,2,Startup,0.105,49,55,0.58,15000,0,0,1,46000
STU-2026-08594,MBA,A,Chennai,7.24,4,SME,0.15,57,76,0.53,10000,0,1,1,121000
STU-2026-08595,Nursing,B,Delhi NCR,6.29,2,SME,0.075,45,50,0.64,20000,0,0,1,29000
STU-2026-08596,MBA,A,Chennai,7.68,4,MNC,0.3,66,72,0.72,30000,0,1,1,128000
STU-2026-08597,MBA,C,Pune,5.6,4,Startup,0.21,43,67,0.63,10000,0,0,1,54000
STU-2026-08598,Nursing,D,Pune,5.94,3,MNC,0.225,15,73,0.79,25000,0,0,0,21000
STU-2026-08599,Engineering,C,Mumbai,7.08,1,SME,0.037,68,75,0.54,25000,0,0,1,45000
STU-2026-08600,Engineering,A,Pune,7.66,2,Startup,0.105,76,69,0.43,10000,0,1,1,80000
STU-2026-08601,Engineering,D,Bengaluru,8.37,6,Startup,0.315,7,63,0.63,25000,0,1,1,65000
STU-2026-08602,MBA,B,Pune,7.45,0,None,0.0,67,79,0.5,15000,0,0,1,83000
STU-2026-08603,MBA,B,Hyderabad,7.64,0,None,0.0,99,63,0.59,20000,0,1,1,57000
STU-2026-08604,Nursing,D,Chennai,8.13,0,None,0.0,32,74,0.54,25000,0,0,1,33000
STU-2026-08605,Engineering,B,Chennai,7.56,5,MNC,0.375,36,81,0.71,10000,0,1,1,76000
STU-2026-08606,MBA,D,Bengaluru,6.89,2,MNC,0.15,67,68,0.7,15000,0,0,1,38000
STU-2026-08607,Nursing,B,Bengaluru,9.33,1,MNC,0.075,34,59,0.68,30000,0,0,1,51000
STU-2026-08608,MBA,B,Chennai,7.3,0,None,0.0,17,87,0.62,20000,0,0,1,50000
STU-2026-08609,Nursing,A,Pune,7.11,0,None,0.0,28,73,0.62,10000,0,1,1,61000
STU-2026-08610,Nursing,C,Mumbai,7.55,6,MNC,0.45,78,88,0.7,20000,0,1,1,52000
STU-2026-08611,MBA,A,Bengaluru,7.87,2,MNC,0.15,56,96,0.54,30000,0,1,1,110000
STU-2026-08612,Engineering,C,Delhi NCR,6.14,0,None,0.0,28,74,0.63,10000,0,0,1,47000
STU-2026-08613,Nursing,B,Hyderabad,7.13,6,SME,0.225,59,42,0.47,20000,0,0,1,52000
STU-2026-08614,Engineering,C,Pune,7.39,6,SME,0.225,55,89,0.77,15000,0,0,1,46000
STU-2026-08615,Engineering,D,Delhi NCR,7.59,0,None,0.0,63,72,0.58,15000,0,0,1,34000
STU-2026-08616,MBA,B,Bengaluru,8.19,4,SME,0.15,47,58,0.66,30000,0,0,1,89000
STU-2026-08617,MBA,A,Chennai,8.28,5,MNC,0.375,60,60,0.77,20000,0,1,1,135000
STU-2026-08618,Engineering,A,Hyderabad,8.46,3,Startup,0.157,97,71,0.75,30000,0,1,1,88000
STU-2026-08619,MBA,C,Hyderabad,4.23,0,None,0.0,89,44,0.62,30000,0,0,1,35000
STU-2026-08620,Nursing,B,Delhi NCR,7.88,4,MNC,0.3,86,60,0.65,15000,0,1,1,56000
STU-2026-08621,Engineering,B,Mumbai,7.69,0,None,0.0,84,93,0.57,10000,0,0,1,50000
STU-2026-08622,Nursing,D,Mumbai,9.14,5,Startup,0.263,77,54,0.77,30000,0,0,1,44000
STU-2026-08623,MBA,D,Chennai,5.95,0,None,0.0,94,61,0.5,25000,0,0,0,47000
STU-2026-08624,Nursing,C,Bengaluru,7.11,1,Startup,0.052,14,58,0.43,30000,0,0,1,26000
STU-2026-08625,Engineering,C,Chennai,8.13,0,None,0.0,60,68,0.72,20000,0,0,1,48000
STU-2026-08626,Engineering,D,Hyderabad,5.88,0,None,0.0,50,76,0.65,15000,0,0,0,28000
STU-2026-08627,MBA,A,Chennai,8.44,0,None,0.0,87,51,0.5,15000,0,1,1,96000
STU-2026-08628,Nursing,C,Chennai,7.05,3,SME,0.113,12,56,0.81,10000,0,0,1,28000
STU-2026-08629,Engineering,A,Delhi NCR,8.11,4,MNC,0.3,81,88,0.45,20000,0,1,1,112000
STU-2026-08630,Engineering,B,Pune,7.47,4,Startup,0.21,28,48,0.49,30000,0,0,1,63000
STU-2026-08631,Engineering,C,Mumbai,8.23,5,Startup,0.263,23,86,0.6,20000,0,0,1,45000
STU-2026-08632,MBA,A,Bengaluru,9.14,3,MNC,0.225,62,46,0.64,20000,0,1,1,145000
STU-2026-08633,MBA,B,Chennai,7.74,0,None,0.0,84,53,0.66,25000,0,1,1,99000
STU-2026-08634,MBA,C,Chennai,8.06,2,Startup,0.105,49,74,0.76,10000,0,0,1,71000
STU-2026-08635,MBA,B,Delhi NCR,9.69,6,SME,0.225,58,40,0.51,15000,0,1,1,96000
STU-2026-08636,MBA,A,Delhi NCR,7.92,0,None,0.0,54,78,0.51,20000,0,0,1,123000
STU-2026-08637,Engineering,A,Mumbai,7.81,3,SME,0.113,75,70,0.6,25000,0,1,1,64000
STU-2026-08638,Nursing,B,Chennai,7.94,5,SME,0.188,71,83,0.56,20000,0,1,1,33000
STU-2026-08639,Engineering,A,Chennai,7.66,2,Startup,0.105,64,92,0.78,15000,0,1,1,98000
STU-2026-08640,Nursing,D,Delhi NCR,6.62,3,Startup,0.157,0,79,0.78,30000,0,0,0,23000
STU-2026-08641,MBA,A,Pune,8.25,6,SME,0.225,58,100,0.7,25000,0,1,1,74000
STU-2026-08642,MBA,C,Bengaluru,6.63,6,MNC,0.45,86,71,0.68,10000,0,1,1,64000
STU-2026-08643,MBA,A,Pune,9.55,6,MNC,0.45,64,59,0.6,10000,1,1,1,139000
STU-2026-08644,Nursing,A,Mumbai,8.42,0,None,0.0,61,47,0.68,20000,0,1,1,74000
STU-2026-08645,Nursing,A,Delhi NCR,9.11,6,Startup,0.315,59,62,0.46,15000,0,1,1,93000
STU-2026-08646,Engineering,A,Chennai,7.43,3,SME,0.113,72,56,0.42,30000,0,0,1,87000
STU-2026-08647,Nursing,A,Mumbai,7.19,5,MNC,0.375,42,61,0.55,10000,0,1,1,84000
STU-2026-08648,Nursing,A,Pune,7.82,0,None,0.0,39,72,0.65,15000,0,1,1,71000
STU-2026-08649,Nursing,A,Chennai,7.19,3,SME,0.113,57,77,0.51,15000,0,1,1,68000
STU-2026-08650,Engineering,C,Hyderabad,7.1,1,SME,0.037,40,60,0.46,25000,0,0,1,42000
STU-2026-08651,MBA,A,Delhi NCR,7.03,0,None,0.0,61,76,0.53,10000,0,1,1,94000
STU-2026-08652,Engineering,D,Mumbai,6.43,3,SME,0.113,30,65,0.51,15000,0,0,0,29000
STU-2026-08653,Engineering,A,Delhi NCR,7.58,1,MNC,0.075,70,66,0.61,10000,0,0,1,77000
STU-2026-08654,MBA,D,Hyderabad,8.82,0,None,0.0,0,96,0.63,25000,0,0,1,49000
STU-2026-08655,MBA,A,Pune,9.18,3,SME,0.113,14,91,0.63,10000,0,1,1,97000
STU-2026-08656,MBA,A,Delhi NCR,8.02,3,MNC,0.225,13,88,0.5,20000,0,0,1,90000
STU-2026-08657,MBA,A,Hyderabad,8.56,3,SME,0.113,61,59,0.63,15000,0,1,1,90000
STU-2026-08658,MBA,D,Mumbai,6.36,1,Startup,0.052,81,85,0.65,15000,0,0,1,36000
STU-2026-08659,Nursing,D,Mumbai,7.68,0,None,0.0,54,69,0.62,20000,0,0,0,24000
STU-2026-08660,Engineering,A,Mumbai,7.25,4,MNC,0.3,36,77,0.47,25000,0,1,1,112000
STU-2026-08661,Engineering,C,Bengaluru,6.73,5,MNC,0.375,25,85,0.66,20000,0,1,1,44000
STU-2026-08662,Engineering,A,Pune,7.99,0,None,0.0,56,73,0.66,25000,0,1,1,99000
STU-2026-08663,MBA,A,Chennai,7.9,6,Startup,0.315,39,60,0.52,15000,0,1,1,128000
STU-2026-08664,MBA,C,Bengaluru,6.53,0,None,0.0,46,63,0.7,10000,0,0,0,31000
STU-2026-08665,MBA,B,Pune,8.5,2,MNC,0.15,78,89,0.66,10000,0,1,1,87000
STU-2026-08666,MBA,B,Delhi NCR,5.9,5,SME,0.188,63,48,0.85,20000,0,0,1,64000
STU-2026-08667,MBA,B,Delhi NCR,9.01,5,SME,0.188,53,65,0.34,25000,0,0,1,108000
STU-2026-08668,Nursing,A,Chennai,9.54,6,SME,0.225,42,73,0.87,15000,1,1,1,103000
STU-2026-08669,MBA,B,Bengaluru,6.73,1,SME,0.037,91,60,0.51,10000,0,1,1,59000
STU-2026-08670,Nursing,B,Mumbai,7.5,5,MNC,0.375,93,56,0.58,20000,0,1,1,55000
STU-2026-08671,Engineering,A,Hyderabad,8.23,5,MNC,0.375,87,95,0.62,15000,0,1,1,128000
STU-2026-08672,Nursing,D,Chennai,6.81,0,None,0.0,41,55,0.44,30000,0,0,0,20000
STU-2026-08673,Engineering,B,Hyderabad,6.97,3,SME,0.113,90,69,0.71,10000,0,1,1,63000
STU-2026-08674,MBA,C,Hyderabad,6.14,0,None,0.0,69,75,0.57,20000,0,0,1,39000
STU-2026-08675,MBA,B,Delhi NCR,7.21,1,MNC,0.075,59,62,0.76,25000,0,0,1,94000
STU-2026-08676,MBA,C,Chennai,6.88,0,None,0.0,34,62,0.64,15000,0,0,1,30000
STU-2026-08677,Nursing,D,Chennai,6.81,4,Startup,0.21,0,85,0.7,20000,0,0,1,29000
STU-2026-08678,Nursing,A,Mumbai,7.06,0,None,0.0,49,61,0.56,10000,0,1,1,65000
STU-2026-08679,Engineering,B,Chennai,8.11,2,Startup,0.105,54,59,0.61,15000,0,1,1,64000
STU-2026-08680,Engineering,D,Pune,6.01,0,None,0.0,55,81,0.47,30000,0,0,0,31000
STU-2026-08681,Nursing,B,Chennai,8.49,4,SME,0.15,61,75,0.63,10000,0,1,1,45000
STU-2026-08682,Engineering,D,Mumbai,7.12,2,Startup,0.105,18,86,0.49,10000,0,0,1,31000
STU-2026-08683,Nursing,B,Chennai,8.25,6,SME,0.225,69,74,0.8,15000,0,1,1,64000
STU-2026-08684,Engineering,A,Delhi NCR,9.14,2,MNC,0.15,79,60,0.58,30000,0,1,1,103000
STU-2026-08685,Engineering,B,Pune,6.66,6,Startup,0.315,53,92,0.57,15000,0,1,1,58000
STU-2026-08686,Engineering,A,Pune,8.19,2,SME,0.075,77,77,0.74,20000,0,1,1,80000
STU-2026-08687,Nursing,A,Chennai,7.87,0,None,0.0,90,74,0.46,25000,0,1,1,62000
STU-2026-08688,Engineering,D,Hyderabad,7.87,0,None,0.0,80,55,0.76,10000,0,0,1,34000
STU-2026-08689,Engineering,A,Hyderabad,8.32,6,MNC,0.45,36,70,0.58,30000,0,1,1,112000
STU-2026-08690,Engineering,B,Chennai,8.64,4,Startup,0.21,56,55,0.64,25000,0,1,1,78000
STU-2026-08691,Engineering,D,Mumbai,5.32,4,MNC,0.3,0,56,0.71,15000,0,0,1,28000
STU-2026-08692,Engineering,C,Mumbai,6.52,0,None,0.0,57,68,0.69,25000,0,0,1,40000
STU-2026-08693,Nursing,D,Pune,6.41,0,None,0.0,20,87,0.45,20000,0,0,0,22000
STU-2026-08694,MBA,A,Hyderabad,8.89,6,MNC,0.45,42,72,0.46,20000,0,1,1,211000
STU-2026-08695,Engineering,A,Hyderabad,6.63,4,SME,0.15,45,83,0.89,30000,0,1,1,70000
STU-2026-08696,Engineering,C,Mumbai,6.62,5,SME,0.188,9,82,0.7,10000,0,0,1,43000
STU-2026-08697,MBA,C,Pune,5.83,3,MNC,0.225,77,91,0.5,30000,0,0,1,57000
STU-2026-08698,Nursing,C,Mumbai,6.5,3,MNC,0.225,41,48,0.49,25000,0,0,1,31000
STU-2026-08699,Engineering,D,Mumbai,5.42,0,None,0.0,32,57,0.6,15000,0,0,0,24000
STU-2026-08700,Nursing,A,Pune,7.86,5,MNC,0.375,81,81,0.68,30000,0,1,1,78000
STU-2026-08701,Engineering,C,Hyderabad,6.11,2,Startup,0.105,19,86,0.55,25000,0,0,0,40000
STU-2026-08702,Nursing,C,Hyderabad,6.79,0,None,0.0,17,85,0.65,15000,0,0,1,31000
STU-2026-08703,Engineering,D,Pune,8.11,0,None,0.0,36,51,0.58,10000,0,0,0,31000
STU-2026-08704,Engineering,D,Pune,8.74,0,None,0.0,12,52,0.67,20000,0,0,1,30000
STU-2026-08705,Engineering,A,Delhi NCR,8.4,0,None,0.0,49,75,0.57,25000,0,0,1,80000
STU-2026-08706,MBA,B,Chennai,8.13,3,Startup,0.157,99,76,0.56,20000,0,1,1,85000
STU-2026-08707,Nursing,B,Bengaluru,7.12,1,SME,0.037,66,69,0.65,30000,0,0,1,52000
STU-2026-08708,Engineering,D,Mumbai,7.5,5,MNC,0.375,22,85,0.48,15000,0,0,1,41000
STU-2026-08709,MBA,D,Delhi NCR,8.39,4,Startup,0.21,36,61,0.62,25000,0,0,1,72000
STU-2026-08710,MBA,C,Bengaluru,5.0,3,MNC,0.225,72,39,0.69,20000,0,0,1,52000
STU-2026-08711,Engineering,C,Chennai,7.48,4,Startup,0.21,13,81,0.49,15000,0,0,1,48000
STU-2026-08712,Nursing,B,Pune,7.13,0,None,0.0,65,60,0.63,10000,0,0,1,40000
STU-2026-08713,Engineering,A,Pune,7.98,6,MNC,0.45,80,87,0.58,15000,0,1,1,93000
STU-2026-08714,MBA,A,Mumbai,9.1,0,None,0.0,57,96,0.69,15000,0,1,1,119000
STU-2026-08715,Nursing,B,Mumbai,6.35,2,Startup,0.105,47,76,0.57,10000,0,0,1,45000
STU-2026-08716,MBA,A,Hyderabad,8.06,1,SME,0.037,51,57,0.68,25000,0,1,1,143000
STU-2026-08717,MBA,D,Chennai,7.01,3,MNC,0.225,38,77,0.57,25000,0,0,0,50000
STU-2026-08718,MBA,A,Hyderabad,8.57,0,None,0.0,70,77,0.71,25000,0,1,1,115000
STU-2026-08719,MBA,C,Delhi NCR,5.28,1,Startup,0.052,46,67,0.49,15000,0,0,1,43000
STU-2026-08720,Nursing,C,Chennai,7.31,4,SME,0.15,54,72,0.58,10000,0,1,1,37000
STU-2026-08721,MBA,B,Bengaluru,5.0,4,SME,0.15,11,88,0.42,25000,0,0,1,44000
STU-2026-08722,Engineering,D,Mumbai,6.44,0,None,0.0,50,60,0.52,20000,0,0,1,41000
STU-2026-08723,Nursing,A,Bengaluru,8.63,1,SME,0.037,42,83,0.77,15000,0,1,1,53000
STU-2026-08724,Nursing,C,Pune,7.43,0,None,0.0,29,71,0.56,20000,0,0,1,30000
STU-2026-08725,Nursing,B,Mumbai,8.92,5,Startup,0.263,60,67,0.66,25000,0,1,1,68000
STU-2026-08726,Nursing,D,Delhi NCR,6.64,5,SME,0.188,73,85,0.6,15000,0,0,1,26000
STU-2026-08727,Engineering,D,Delhi NCR,7.48,0,None,0.0,61,74,0.52,30000,0,0,0,36000
STU-2026-08728,Engineering,A,Bengaluru,7.62,3,SME,0.113,81,47,0.73,25000,0,1,1,76000
STU-2026-08729,MBA,A,Chennai,7.84,3,MNC,0.225,56,77,0.48,15000,0,1,1,117000
STU-2026-08730,Nursing,D,Bengaluru,6.76,0,None,0.0,58,74,0.56,10000,0,0,1,24000
STU-2026-08731,Nursing,A,Hyderabad,8.0,3,MNC,0.225,62,38,0.69,25000,0,1,1,93000
STU-2026-08732,Nursing,C,Pune,5.83,0,None,0.0,54,41,0.42,15000,0,0,0,23000
STU-2026-08733,Engineering,B,Chennai,8.55,6,SME,0.225,84,89,0.66,10000,0,1,1,63000
STU-2026-08734,Engineering,B,Delhi NCR,8.9,2,SME,0.075,85,49,0.65,25000,0,1,1,91000
STU-2026-08735,Nursing,C,Bengaluru,5.63,3,Startup,0.157,42,73,0.59,10000,0,0,1,35000
STU-2026-08736,MBA,A,Bengaluru,6.89,0,None,0.0,70,70,0.68,25000,0,1,1,78000
STU-2026-08737,MBA,D,Chennai,5.56,0,None,0.0,30,68,0.62,30000,0,0,0,40000
STU-2026-08738,Nursing,D,Mumbai,7.44,0,None,0.0,62,68,0.5,25000,0,0,1,22000
STU-2026-08739,MBA,C,Hyderabad,4.37,4,SME,0.15,54,59,0.57,15000,0,0,1,31000
STU-2026-08740,Nursing,C,Bengaluru,4.88,4,Startup,0.21,70,69,0.73,30000,0,0,1,28000
STU-2026-08741,Engineering,B,Hyderabad,7.66,3,SME,0.113,63,87,0.68,10000,0,1,1,68000
STU-2026-08742,Nursing,C,Chennai,6.06,0,None,0.0,32,79,0.54,20000,0,0,1,27000
STU-2026-08743,Engineering,B,Hyderabad,7.16,2,SME,0.075,74,63,0.69,15000,0,1,1,59000
STU-2026-08744,Nursing,C,Pune,5.72,4,SME,0.15,34,73,0.7,10000,0,0,1,33000
STU-2026-08745,Nursing,A,Delhi NCR,7.6,5,Startup,0.263,67,62,0.75,10000,1,1,1,77000
STU-2026-08746,Engineering,D,Delhi NCR,6.16,2,SME,0.075,2,76,0.62,30000,0,0,0,24000
STU-2026-08747,Nursing,B,Mumbai,7.64,2,MNC,0.15,69,56,0.61,25000,0,0,1,43000
STU-2026-08748,Engineering,D,Hyderabad,6.16,1,SME,0.037,33,89,0.57,10000,0,0,0,33000
STU-2026-08749,MBA,D,Hyderabad,8.03,0,None,0.0,60,91,0.62,10000,0,0,1,41000
STU-2026-08750,Engineering,C,Mumbai,8.48,6,MNC,0.45,38,65,0.56,15000,0,1,1,71000
STU-2026-08751,MBA,C,Mumbai,7.03,0,None,0.0,32,67,0.59,30000,0,0,1,37000
STU-2026-08752,Engineering,C,Delhi NCR,7.34,0,None,0.0,67,42,0.59,10000,0,0,1,37000
STU-2026-08753,Nursing,B,Bengaluru,7.77,5,SME,0.188,41,70,0.73,10000,0,1,1,53000
STU-2026-08754,MBA,D,Chennai,5.27,0,None,0.0,32,43,0.57,20000,0,0,0,24000
STU-2026-08755,Engineering,D,Delhi NCR,6.55,0,None,0.0,20,97,0.64,15000,0,0,1,31000
STU-2026-08756,Engineering,B,Hyderabad,8.26,6,MNC,0.45,82,71,0.55,10000,0,1,1,112000
STU-2026-08757,MBA,D,Pune,7.78,0,None,0.0,0,66,0.64,20000,0,0,1,37000
STU-2026-08758,MBA,A,Mumbai,8.54,2,SME,0.075,52,52,0.73,20000,0,1,1,135000
STU-2026-08759,MBA,D,Chennai,4.89,0,None,0.0,28,79,0.67,15000,0,0,0,32000
STU-2026-08760,MBA,D,Bengaluru,6.45,0,None,0.0,75,75,0.67,25000,0,0,1,40000
STU-2026-08761,Engineering,C,Bengaluru,5.6,4,Startup,0.21,16,62,0.65,10000,0,0,0,37000
STU-2026-08762,MBA,A,Pune,8.14,2,SME,0.075,88,79,0.45,20000,0,1,1,107000
STU-2026-08763,MBA,D,Chennai,6.53,0,None,0.0,40,87,0.52,20000,0,0,0,39000
STU-2026-08764,Nursing,B,Chennai,7.28,2,Startup,0.105,47,59,0.56,20000,0,0,1,42000
STU-2026-08765,Nursing,C,Mumbai,6.68,0,None,0.0,11,63,0.62,15000,0,0,0,33000
STU-2026-08766,Nursing,D,Chennai,6.09,0,None,0.0,84,76,0.42,25000,0,0,1,20000
STU-2026-08767,MBA,B,Mumbai,7.79,1,Startup,0.052,92,81,0.58,25000,0,0,1,86000
STU-2026-08768,Engineering,A,Pune,8.61,1,SME,0.037,83,68,0.63,25000,0,1,1,93000
STU-2026-08769,MBA,A,Chennai,6.99,0,None,0.0,66,76,0.55,30000,0,1,1,102000
STU-2026-08770,Engineering,C,Pune,8.48,2,SME,0.075,14,80,0.73,20000,0,0,1,63000
STU-2026-08771,Nursing,D,Bengaluru,5.93,0,None,0.0,42,44,0.41,15000,0,0,0,0
STU-2026-08772,Nursing,D,Pune,8.5,0,None,0.0,21,58,0.64,20000,0,0,0,34000
STU-2026-08773,MBA,A,Bengaluru,9.69,4,MNC,0.3,16,78,0.39,20000,0,1,1,174000
STU-2026-08774,MBA,A,Bengaluru,7.45,6,MNC,0.45,65,70,0.44,15000,0,1,1,145000
STU-2026-08775,Nursing,B,Pune,7.54,6,Startup,0.315,47,76,0.47,20000,0,0,1,58000
STU-2026-08776,Engineering,B,Chennai,8.53,3,Startup,0.157,50,77,0.62,15000,0,1,1,66000
STU-2026-08777,MBA,C,Delhi NCR,6.62,0,None,0.0,39,92,0.49,20000,0,0,0,69000
STU-2026-08778,Engineering,B,Delhi NCR,7.81,5,SME,0.188,71,80,0.68,15000,0,1,1,77000
STU-2026-08779,Nursing,D,Delhi NCR,8.15,3,MNC,0.225,44,86,0.79,25000,0,0,1,37000
STU-2026-08780,Nursing,C,Chennai,6.1,2,SME,0.075,36,75,0.56,10000,0,0,1,30000
STU-2026-08781,Nursing,C,Pune,8.62,0,None,0.0,18,76,0.54,20000,0,0,1,42000
STU-2026-08782,MBA,D,Pune,8.81,0,None,0.0,29,72,0.68,15000,0,0,1,32000
STU-2026-08783,Nursing,A,Mumbai,7.65,6,SME,0.225,71,67,0.68,25000,0,1,1,70000
STU-2026-08784,MBA,B,Pune,8.1,0,None,0.0,89,85,0.52,15000,0,1,1,76000
STU-2026-08785,Nursing,C,Chennai,5.68,0,None,0.0,67,60,0.59,30000,0,0,1,23000
STU-2026-08786,MBA,A,Delhi NCR,7.93,5,MNC,0.375,67,64,0.75,20000,0,1,1,92000
STU-2026-08787,Nursing,C,Bengaluru,7.81,0,None,0.0,31,58,0.64,30000,0,0,1,30000
STU-2026-08788,Nursing,D,Chennai,8.22,0,None,0.0,62,100,0.55,20000,0,0,1,29000
STU-2026-08789,MBA,C,Bengaluru,6.41,1,MNC,0.075,50,77,0.65,30000,0,0,1,48000
STU-2026-08790,MBA,A,Delhi NCR,7.75,5,SME,0.188,45,69,0.75,25000,1,1,1,142000
STU-2026-08791,Nursing,A,Hyderabad,7.83,4,MNC,0.3,68,39,0.58,20000,0,1,1,101000
STU-2026-08792,Nursing,B,Pune,7.76,0,None,0.0,61,69,0.57,25000,0,1,1,39000
STU-2026-08793,MBA,A,Mumbai,8.64,5,Startup,0.263,89,72,0.57,15000,0,1,1,166000
STU-2026-08794,MBA,A,Delhi NCR,8.31,1,Startup,0.052,48,82,0.53,15000,0,1,1,116000
STU-2026-08795,Engineering,D,Bengaluru,5.83,0,None,0.0,0,77,0.38,25000,0,0,0,0
STU-2026-08796,Engineering,B,Chennai,8.28,4,MNC,0.3,68,68,0.51,10000,0,1,1,87000
STU-2026-08797,MBA,A,Chennai,8.09,2,MNC,0.15,35,57,0.56,30000,0,1,1,121000
STU-2026-08798,Nursing,A,Pune,7.2,6,MNC,0.45,87,59,0.64,25000,0,1,1,111000
STU-2026-08799,Engineering,C,Chennai,8.39,4,SME,0.15,21,71,0.5,30000,0,0,1,59000
STU-2026-08800,Nursing,D,Pune,7.81,4,MNC,0.3,9,59,0.69,10000,0,0,1,31000
STU-2026-08801,Nursing,B,Bengaluru,8.46,5,SME,0.188,35,66,0.49,15000,0,0,1,72000
STU-2026-08802,Engineering,C,Pune,6.73,0,None,0.0,33,62,0.57,30000,0,0,0,39000
STU-2026-08803,MBA,D,Mumbai,6.76,4,MNC,0.3,29,62,0.62,25000,0,0,0,48000
STU-2026-08804,MBA,A,Chennai,7.84,6,SME,0.225,16,83,0.42,20000,0,0,1,140000
STU-2026-08805,MBA,B,Delhi NCR,6.39,3,SME,0.113,18,90,0.54,15000,0,0,1,57000
STU-2026-08806,Engineering,C,Bengaluru,4.83,1,MNC,0.075,32,52,0.64,30000,0,0,0,34000
STU-2026-08807,Engineering,C,Mumbai,6.43,0,None,0.0,75,56,0.61,25000,0,0,1,48000
STU-2026-08808,Engineering,C,Delhi NCR,8.25,0,None,0.0,41,73,0.75,20000,0,0,1,33000
STU-2026-08809,MBA,A,Mumbai,7.43,3,SME,0.113,52,90,0.7,15000,0,1,1,114000
STU-2026-08810,Engineering,A,Hyderabad,7.63,0,None,0.0,100,88,0.61,30000,0,1,1,87000
STU-2026-08811,MBA,A,Pune,8.15,0,None,0.0,24,93,0.72,30000,0,1,1,98000
STU-2026-08812,Engineering,D,Mumbai,6.81,0,None,0.0,0,53,0.78,25000,0,0,0,22000
STU-2026-08813,Nursing,D,Chennai,5.81,1,MNC,0.075,0,58,0.58,10000,0,0,0,24000
STU-2026-08814,MBA,C,Delhi NCR,6.44,0,None,0.0,34,58,0.71,15000,0,0,1,37000
STU-2026-08815,Engineering,D,Delhi NCR,4.74,0,None,0.0,32,67,0.63,20000,0,0,0,0
STU-2026-08816,Engineering,B,Delhi NCR,6.78,6,SME,0.225,58,58,0.69,15000,0,1,1,57000
STU-2026-08817,Nursing,A,Mumbai,8.91,0,None,0.0,53,56,0.53,20000,0,1,1,62000
STU-2026-08818,MBA,D,Pune,6.26,0,None,0.0,11,80,0.65,30000,0,0,1,39000
STU-2026-08819,Engineering,C,Hyderabad,7.3,5,Startup,0.263,55,66,0.61,30000,0,0,1,46000
STU-2026-08820,MBA,D,Mumbai,8.84,0,None,0.0,56,100,0.48,25000,0,0,1,53000
STU-2026-08821,Engineering,C,Pune,6.95,6,MNC,0.45,29,51,0.57,20000,0,0,1,46000
STU-2026-08822,Nursing,B,Bengaluru,7.09,0,None,0.0,68,82,0.57,20000,0,0,1,40000
STU-2026-08823,Engineering,C,Delhi NCR,6.55,0,None,0.0,3,63,0.54,15000,0,0,0,33000
STU-2026-08824,MBA,D,Hyderabad,6.14,6,MNC,0.45,35,80,0.61,25000,0,1,1,41000
STU-2026-08825,Nursing,D,Bengaluru,7.89,0,None,0.0,38,49,0.56,20000,0,0,0,27000
STU-2026-08826,Nursing,C,Chennai,6.43,0,None,0.0,23,54,0.7,30000,0,0,0,28000
STU-2026-08827,Nursing,A,Mumbai,8.34,2,MNC,0.15,62,65,0.75,25000,1,1,1,90000
STU-2026-08828,MBA,B,Hyderabad,7.52,0,None,0.0,59,86,0.52,10000,0,1,1,78000
STU-2026-08829,MBA,A,Delhi NCR,7.98,0,None,0.0,66,79,0.56,30000,0,1,1,122000
STU-2026-08830,MBA,B,Hyderabad,7.24,2,MNC,0.15,50,68,0.48,10000,0,0,1,72000
STU-2026-08831,Nursing,B,Delhi NCR,6.54,2,SME,0.075,95,63,0.65,20000,0,0,1,50000
STU-2026-08832,Engineering,D,Hyderabad,6.57,5,MNC,0.375,9,80,0.63,10000,0,0,1,40000
STU-2026-08833,Nursing,B,Hyderabad,7.61,1,MNC,0.075,30,83,0.61,15000,0,0,1,44000
STU-2026-08834,Engineering,B,Hyderabad,7.22,0,None,0.0,77,56,0.67,30000,0,0,1,38000
STU-2026-08835,Nursing,B,Hyderabad,8.91,5,MNC,0.375,40,72,0.57,10000,0,1,1,69000
STU-2026-08836,MBA,A,Chennai,9.03,6,Startup,0.315,31,80,0.59,30000,0,1,1,141000
STU-2026-08837,MBA,C,Pune,4.88,1,Startup,0.052,0,63,0.72,30000,0,0,0,44000
STU-2026-08838,Engineering,D,Hyderabad,6.89,0,None,0.0,79,92,0.51,15000,0,0,1,28000
STU-2026-08839,Engineering,C,Chennai,6.63,1,MNC,0.075,81,60,0.48,20000,0,0,0,38000
STU-2026-08840,Nursing,C,Pune,10.0,1,SME,0.037,77,27,0.6,15000,0,0,1,51000
STU-2026-08841,Engineering,C,Bengaluru,5.39,4,MNC,0.3,14,61,0.53,20000,0,0,1,38000
STU-2026-08842,MBA,C,Bengaluru,8.0,0,None,0.0,20,83,0.48,10000,0,0,1,53000
STU-2026-08843,Engineering,C,Delhi NCR,7.87,5,SME,0.188,0,58,0.72,30000,0,0,1,40000
STU-2026-08844,Engineering,A,Chennai,7.63,6,MNC,0.45,68,58,0.72,30000,1,1,1,125000
STU-2026-08845,MBA,A,Hyderabad,9.02,2,Startup,0.105,50,92,0.71,20000,0,1,1,97000
STU-2026-08846,Engineering,D,Chennai,4.0,0,None,0.0,65,46,0.51,30000,0,0,0,15000
STU-2026-08847,Engineering,A,Delhi NCR,10.0,3,SME,0.113,65,92,0.7,15000,0,1,1,127000
STU-2026-08848,MBA,A,Hyderabad,8.19,1,Startup,0.052,59,70,0.71,30000,0,1,1,91000
STU-2026-08849,Engineering,A,Mumbai,8.26,6,MNC,0.45,88,67,0.62,25000,1,1,1,162000
STU-2026-08850,Engineering,D,Delhi NCR,7.7,0,None,0.0,92,96,0.58,20000,0,0,1,46000
STU-2026-08851,MBA,B,Chennai,6.36,5,Startup,0.263,75,82,0.57,15000,0,0,1,72000
STU-2026-08852,Engineering,A,Mumbai,8.76,4,MNC,0.3,89,81,0.47,10000,1,1,1,138000
STU-2026-08853,MBA,B,Delhi NCR,7.25,6,MNC,0.45,47,56,0.71,20000,0,0,1,114000
STU-2026-08854,Engineering,B,Delhi NCR,7.05,6,MNC,0.45,66,19,0.42,20000,0,0,1,66000
STU-2026-08855,Nursing,A,Delhi NCR,8.81,4,MNC,0.3,66,99,0.65,20000,0,1,1,105000
STU-2026-08856,MBA,C,Hyderabad,6.24,3,Startup,0.157,27,70,0.76,20000,0,0,1,59000
STU-2026-08857,Engineering,D,Hyderabad,9.15,2,SME,0.075,65,52,0.65,20000,0,1,1,35000
STU-2026-08858,Engineering,C,Chennai,6.78,6,Startup,0.315,13,72,0.71,10000,0,0,1,50000
STU-2026-08859,Engineering,B,Delhi NCR,8.16,0,None,0.0,30,44,0.71,10000,0,0,0,54000
STU-2026-08860,Nursing,A,Bengaluru,8.74,5,MNC,0.375,64,27,0.65,25000,0,1,1,94000
STU-2026-08861,MBA,D,Pune,6.05,5,SME,0.188,23,43,0.56,20000,0,0,1,38000
STU-2026-08862,Engineering,A,Hyderabad,7.9,3,SME,0.113,46,51,0.5,30000,0,1,1,124000
STU-2026-08863,MBA,A,Delhi NCR,8.98,2,SME,0.075,72,100,0.65,20000,1,1,1,128000
STU-2026-08864,Engineering,A,Mumbai,8.56,5,SME,0.188,32,65,0.54,30000,0,1,1,94000
STU-2026-08865,Nursing,B,Delhi NCR,8.93,5,SME,0.188,53,68,0.83,20000,0,1,1,59000
STU-2026-08866,MBA,B,Hyderabad,8.56,5,MNC,0.375,47,64,0.56,15000,0,1,1,117000
STU-2026-08867,MBA,A,Bengaluru,7.44,2,MNC,0.15,68,79,0.55,15000,0,1,1,91000
STU-2026-08868,Engineering,C,Hyderabad,4.99,4,SME,0.15,11,81,0.65,20000,0,0,1,33000
STU-2026-08869,Nursing,C,Bengaluru,6.86,4,Startup,0.21,48,54,0.69,30000,0,0,1,31000
STU-2026-08870,MBA,A,Bengaluru,8.5,1,SME,0.037,75,50,0.71,30000,0,1,1,61000
STU-2026-08871,MBA,A,Delhi NCR,8.98,0,None,0.0,87,53,0.43,10000,0,1,1,105000
STU-2026-08872,Nursing,A,Hyderabad,9.28,0,None,0.0,24,91,0.71,25000,0,1,1,50000
STU-2026-08873,Engineering,D,Mumbai,6.37,0,None,0.0,65,45,0.55,20000,0,0,0,24000
STU-2026-08874,Nursing,C,Delhi NCR,8.36,1,SME,0.037,68,74,0.64,15000,0,0,1,40000
STU-2026-08875,Nursing,B,Chennai,6.9,1,MNC,0.075,56,63,0.74,30000,0,1,1,35000
STU-2026-08876,MBA,C,Bengaluru,8.41,0,None,0.0,20,98,0.76,15000,0,1,1,63000
STU-2026-08877,Nursing,D,Bengaluru,6.46,0,None,0.0,32,76,0.5,20000,0,0,0,0
STU-2026-08878,MBA,A,Delhi NCR,7.88,2,SME,0.075,61,78,0.64,30000,0,1,1,128000
STU-2026-08879,Nursing,D,Mumbai,5.75,0,None,0.0,23,100,0.28,10000,0,0,0,21000
STU-2026-08880,Nursing,B,Chennai,7.5,0,None,0.0,78,81,0.45,20000,0,0,1,39000
STU-2026-08881,Engineering,C,Mumbai,4.25,0,None,0.0,40,80,0.72,25000,0,0,0,22000
STU-2026-08882,Engineering,A,Mumbai,8.38,3,SME,0.113,58,82,0.6,15000,0,1,1,92000
STU-2026-08883,Engineering,C,Chennai,8.35,0,None,0.0,44,61,0.57,25000,0,0,1,39000
STU-2026-08884,Nursing,C,Bengaluru,6.64,4,MNC,0.3,67,78,0.48,15000,0,0,1,30000
STU-2026-08885,Engineering,D,Pune,7.02,5,Startup,0.263,74,71,0.49,30000,0,0,1,42000
STU-2026-08886,Engineering,A,Mumbai,9.07,0,None,0.0,82,54,0.57,15000,0,1,1,85000
STU-2026-08887,Nursing,B,Bengaluru,8.0,1,MNC,0.075,33,74,0.7,25000,0,0,1,49000
STU-2026-08888,MBA,D,Delhi NCR,7.81,6,Startup,0.315,29,79,0.6,25000,0,0,1,67000
STU-2026-08889,Engineering,B,Bengaluru,8.9,6,MNC,0.45,83,84,0.65,25000,1,1,1,95000
STU-2026-08890,Nursing,C,Mumbai,6.0,0,None,0.0,0,46,0.6,20000,0,0,0,0
STU-2026-08891,MBA,D,Bengaluru,7.3,0,None,0.0,84,22,0.5,30000,0,0,1,47000
STU-2026-08892,Engineering,D,Delhi NCR,6.67,6,MNC,0.45,27,79,0.7,20000,0,0,1,54000
STU-2026-08893,Engineering,A,Delhi NCR,8.52,3,MNC,0.225,79,85,0.63,30000,1,1,1,116000
STU-2026-08894,Nursing,C,Bengaluru,6.37,1,Startup,0.052,56,66,0.6,30000,0,0,1,29000
STU-2026-08895,Engineering,D,Bengaluru,7.3,0,None,0.0,36,65,0.79,25000,0,0,0,34000
STU-2026-08896,MBA,B,Mumbai,6.3,0,None,0.0,85,69,0.55,30000,0,0,1,72000
STU-2026-08897,MBA,B,Pune,6.17,1,MNC,0.075,70,84,0.82,20000,0,0,1,54000
STU-2026-08898,Nursing,A,Delhi NCR,7.86,5,SME,0.188,48,42,0.76,10000,0,1,1,70000
STU-2026-08899,MBA,C,Delhi NCR,7.55,0,None,0.0,75,53,0.64,20000,0,0,1,57000
STU-2026-08900,Nursing,C,Chennai,7.15,3,MNC,0.225,28,74,0.63,30000,0,0,1,36000
STU-2026-08901,MBA,C,Bengaluru,5.16,2,MNC,0.15,13,61,0.5,10000,0,0,0,42000
STU-2026-08902,MBA,B,Bengaluru,7.59,2,Startup,0.105,71,72,0.61,30000,0,1,1,67000
STU-2026-08903,MBA,B,Hyderabad,6.67,6,MNC,0.45,53,60,0.42,10000,0,1,1,76000
STU-2026-08904,Engineering,A,Chennai,9.65,2,Startup,0.105,63,47,0.67,20000,0,1,1,114000
STU-2026-08905,Engineering,B,Chennai,7.0,1,Startup,0.052,41,48,0.47,20000,0,0,0,52000
STU-2026-08906,MBA,A,Bengaluru,8.16,0,None,0.0,29,84,0.61,20000,0,1,1,99000
STU-2026-08907,MBA,B,Chennai,9.73,1,MNC,0.075,75,41,0.48,10000,0,1,1,72000
STU-2026-08908,Engineering,C,Mumbai,5.72,0,None,0.0,0,100,0.71,10000,0,0,0,40000
STU-2026-08909,Engineering,A,Bengaluru,9.21,0,None,0.0,86,62,0.57,25000,0,1,1,93000
STU-2026-08910,MBA,C,Bengaluru,5.82,0,None,0.0,13,87,0.67,15000,0,0,0,47000
STU-2026-08911,MBA,D,Hyderabad,7.17,6,MNC,0.45,32,94,0.63,20000,0,1,1,64000
STU-2026-08912,MBA,B,Chennai,8.15,0,None,0.0,38,62,0.75,25000,0,1,1,72000
STU-2026-08913,MBA,A,Chennai,7.12,0,None,0.0,93,86,0.49,10000,0,0,1,117000
STU-2026-08914,Nursing,C,Hyderabad,6.19,0,None,0.0,28,60,0.64,30000,0,0,0,27000
STU-2026-08915,Nursing,D,Hyderabad,5.11,5,Startup,0.263,5,50,0.47,15000,0,0,0,25000
STU-2026-08916,MBA,D,Chennai,6.6,6,Startup,0.315,24,91,0.67,10000,0,0,0,52000
STU-2026-08917,Engineering,B,Delhi NCR,7.8,0,None,0.0,74,100,0.52,25000,0,1,1,71000
STU-2026-08918,Nursing,D,Delhi NCR,8.86,4,Startup,0.21,45,50,0.42,15000,0,0,1,39000
STU-2026-08919,Nursing,D,Chennai,6.95,0,None,0.0,47,85,0.65,15000,0,0,1,22000
STU-2026-08920,Nursing,D,Hyderabad,8.05,0,None,0.0,26,85,0.56,10000,0,0,1,35000
STU-2026-08921,MBA,A,Mumbai,8.73,3,Startup,0.157,88,64,0.61,20000,0,1,1,98000
STU-2026-08922,Engineering,C,Chennai,8.08,0,None,0.0,54,77,0.72,10000,0,0,1,37000
STU-2026-08923,Engineering,A,Bengaluru,9.19,4,MNC,0.3,59,73,0.45,20000,1,1,1,135000
STU-2026-08924,Engineering,B,Chennai,6.92,5,SME,0.188,100,50,0.57,15000,0,1,1,72000
STU-2026-08925,Engineering,B,Bengaluru,6.01,1,Startup,0.052,54,81,0.75,15000,0,1,1,52000
STU-2026-08926,Engineering,A,Pune,8.27,1,Startup,0.052,56,77,0.74,25000,0,1,1,86000
STU-2026-08927,Nursing,D,Delhi NCR,8.17,4,SME,0.15,67,63,0.47,25000,0,0,0,33000
STU-2026-08928,Engineering,D,Mumbai,5.47,0,None,0.0,62,44,0.76,30000,0,0,0,22000
STU-2026-08929,Nursing,C,Mumbai,6.15,1,Startup,0.052,18,93,0.67,25000,0,0,1,23000
STU-2026-08930,Nursing,D,Bengaluru,6.73,0,None,0.0,21,31,0.53,10000,0,0,0,22000
STU-2026-08931,Engineering,D,Mumbai,6.63,0,None,0.0,66,83,0.8,20000,0,0,0,26000
STU-2026-08932,Nursing,D,Mumbai,7.89,0,None,0.0,51,71,0.54,20000,0,0,1,28000
STU-2026-08933,Engineering,B,Pune,5.65,6,Startup,0.315,64,62,0.68,20000,0,1,1,71000
STU-2026-08934,Nursing,C,Chennai,6.8,0,None,0.0,13,33,0.51,30000,0,0,0,32000
STU-2026-08935,Engineering,D,Mumbai,6.07,4,SME,0.15,29,71,0.64,30000,0,0,1,29000
STU-2026-08936,MBA,C,Mumbai,5.91,1,Startup,0.052,91,97,0.55,25000,0,0,1,59000
STU-2026-08937,Nursing,A,Mumbai,9.25,4,SME,0.15,45,72,0.42,20000,0,1,1,82000
STU-2026-08938,Nursing,C,Delhi NCR,7.06,0,None,0.0,23,29,0.62,15000,0,0,1,34000
STU-2026-08939,Nursing,D,Delhi NCR,6.55,5,Startup,0.263,37,74,0.64,15000,0,0,1,18000
STU-2026-08940,MBA,C,Bengaluru,8.48,0,None,0.0,28,52,0.56,15000,0,0,1,55000
STU-2026-08941,MBA,D,Pune,6.15,3,Startup,0.157,32,75,0.52,30000,0,0,1,32000
STU-2026-08942,MBA,D,Mumbai,9.21,0,None,0.0,67,66,0.63,30000,0,0,1,57000
STU-2026-08943,Engineering,D,Mumbai,7.81,6,Startup,0.315,47,84,0.6,25000,0,0,1,42000
STU-2026-08944,Nursing,B,Delhi NCR,8.06,4,Startup,0.21,43,76,0.63,30000,0,1,1,59000
STU-2026-08945,MBA,D,Hyderabad,4.69,3,SME,0.113,23,60,0.53,15000,0,0,0,20000
STU-2026-08946,MBA,B,Chennai,8.92,6,SME,0.225,80,73,0.63,10000,0,1,1,104000
STU-2026-08947,Nursing,A,Delhi NCR,9.1,3,Startup,0.157,56,79,0.51,10000,0,1,1,78000
STU-2026-08948,Engineering,C,Delhi NCR,7.31,6,Startup,0.315,18,77,0.6,20000,0,1,1,57000
STU-2026-08949,Nursing,D,Hyderabad,7.39,0,None,0.0,29,75,0.65,10000,0,0,0,24000
STU-2026-08950,Nursing,D,Hyderabad,5.83,1,Startup,0.052,38,60,0.63,25000,0,0,0,21000
STU-2026-08951,Nursing,A,Delhi NCR,7.44,3,Startup,0.157,83,70,0.6,15000,0,1,1,84000
STU-2026-08952,Engineering,A,Mumbai,8.26,1,Startup,0.052,30,88,0.46,10000,0,0,1,105000
STU-2026-08953,Engineering,D,Bengaluru,6.4,5,MNC,0.375,26,74,0.6,10000,0,0,1,46000
STU-2026-08954,Nursing,B,Hyderabad,8.73,3,Startup,0.157,88,78,0.53,25000,0,1,1,37000
STU-2026-08955,Nursing,B,Delhi NCR,8.53,0,None,0.0,64,64,0.41,20000,0,0,1,35000
STU-2026-08956,MBA,B,Delhi NCR,8.94,1,Startup,0.052,73,50,0.76,25000,0,1,1,92000
STU-2026-08957,MBA,C,Pune,7.22,0,None,0.0,38,65,0.6,25000,0,0,1,53000
STU-2026-08958,MBA,B,Chennai,7.79,4,Startup,0.21,50,87,0.52,15000,0,1,1,83000
STU-2026-08959,Nursing,B,Bengaluru,6.63,0,None,0.0,54,60,0.67,15000,0,0,1,45000
STU-2026-08960,Engineering,C,Mumbai,5.66,0,None,0.0,0,76,0.77,20000,0,0,0,28000
STU-2026-08961,Nursing,D,Mumbai,5.57,0,None,0.0,91,64,0.5,25000,0,0,1,19000
STU-2026-08962,MBA,B,Chennai,5.47,0,None,0.0,100,79,0.45,10000,0,1,1,43000
STU-2026-08963,Nursing,C,Hyderabad,5.47,0,None,0.0,18,99,0.8,10000,0,0,0,29000
STU-2026-08964,Nursing,D,Pune,4.06,4,MNC,0.3,63,90,0.75,20000,0,0,1,20000
STU-2026-08965,Engineering,A,Hyderabad,7.63,2,MNC,0.15,61,68,0.58,30000,0,1,1,93000
STU-2026-08966,MBA,D,Chennai,8.83,5,MNC,0.375,46,100,0.72,15000,0,1,1,71000
STU-2026-08967,Engineering,C,Chennai,5.79,0,None,0.0,44,55,0.73,20000,0,0,0,35000
STU-2026-08968,Engineering,D,Hyderabad,4.06,0,None,0.0,33,64,0.69,10000,0,0,0,21000
STU-2026-08969,Nursing,C,Hyderabad,7.33,3,SME,0.113,71,76,0.46,20000,0,0,1,35000
STU-2026-08970,Engineering,B,Pune,5.0,3,MNC,0.225,40,100,0.57,10000,0,0,1,31000
STU-2026-08971,Nursing,A,Mumbai,7.12,6,MNC,0.45,70,63,0.49,10000,1,1,1,71000
STU-2026-08972,Nursing,D,Pune,5.24,0,None,0.0,41,58,0.52,10000,0,0,0,16000
STU-2026-08973,MBA,A,Pune,6.87,0,None,0.0,71,83,0.57,15000,0,1,1,83000
STU-2026-08974,Engineering,C,Mumbai,4.51,4,Startup,0.21,62,69,0.62,10000,0,0,1,30000
STU-2026-08975,Nursing,D,Pune,6.97,2,SME,0.075,44,89,0.64,25000,0,0,1,31000
STU-2026-08976,Engineering,C,Hyderabad,4.87,0,None,0.0,72,80,0.65,15000,0,0,1,27000
STU-2026-08977,Engineering,C,Chennai,7.52,3,MNC,0.225,14,49,0.65,15000,0,0,1,53000
STU-2026-08978,Engineering,D,Mumbai,5.84,2,MNC,0.15,50,64,0.6,10000,0,0,0,27000
STU-2026-08979,MBA,D,Bengaluru,6.55,0,None,0.0,70,63,0.59,30000,0,0,0,34000
STU-2026-08980,MBA,C,Hyderabad,8.28,5,Startup,0.263,6,69,0.52,30000,0,0,1,76000
STU-2026-08981,Nursing,B,Chennai,8.68,3,MNC,0.225,75,71,0.67,30000,0,1,1,51000
STU-2026-08982,Nursing,D,Mumbai,7.73,0,None,0.0,47,77,0.56,25000,0,0,0,22000
STU-2026-08983,Nursing,D,Chennai,4.0,4,MNC,0.3,22,100,0.68,30000,0,0,0,20000
STU-2026-08984,Nursing,A,Mumbai,7.99,0,None,0.0,52,66,0.53,15000,0,0,1,61000
STU-2026-08985,Engineering,C,Bengaluru,6.88,5,MNC,0.375,73,85,0.45,15000,0,0,1,45000
STU-2026-08986,Nursing,B,Delhi NCR,5.0,2,MNC,0.15,62,79,0.61,15000,0,0,1,30000
STU-2026-08987,MBA,D,Delhi NCR,5.57,0,None,0.0,31,91,0.64,20000,0,0,0,0
STU-2026-08988,Nursing,A,Pune,8.3,6,MNC,0.45,85,81,0.73,20000,0,1,1,95000
STU-2026-08989,MBA,D,Hyderabad,6.38,0,None,0.0,55,57,0.51,10000,0,0,0,31000
STU-2026-08990,MBA,A,Chennai,8.41,0,None,0.0,19,88,0.32,10000,0,1,1,99000
STU-2026-08991,MBA,C,Delhi NCR,5.06,2,Startup,0.105,44,83,0.72,30000,0,0,1,35000
STU-2026-08992,Engineering,B,Chennai,7.7,4,MNC,0.3,24,71,0.63,15000,0,0,1,54000
STU-2026-08993,Engineering,C,Chennai,6.09,0,None,0.0,88,76,0.55,25000,0,0,1,37000
STU-2026-08994,Nursing,A,Delhi NCR,6.96,4,MNC,0.3,30,59,0.55,10000,0,1,1,71000
STU-2026-08995,Engineering,D,Chennai,6.18,6,Startup,0.315,41,40,0.51,20000,0,0,0,31000
STU-2026-08996,MBA,A,Hyderabad,9.19,3,MNC,0.225,73,52,0.47,25000,0,1,1,141000
STU-2026-08997,MBA,A,Bengaluru,8.36,4,Startup,0.21,68,55,0.58,10000,0,1,1,153000
STU-2026-08998,MBA,A,Bengaluru,8.82,2,MNC,0.15,31,42,0.59,25000,0,0,1,112000
STU-2026-08999,Engineering,C,Pune,5.89,3,Startup,0.157,54,47,0.78,10000,0,0,1,43000
STU-2026-09000,MBA,C,Mumbai,6.0,0,None,0.0,2,68,0.47,30000,0,0,0,43000
STU-2026-09001,Engineering,D,Delhi NCR,5.97,6,MNC,0.45,44,86,0.59,15000,0,0,1,42000
STU-2026-09002,Engineering,D,Pune,7.33,1,MNC,0.075,33,91,0.57,25000,0,0,1,32000
STU-2026-09003,Nursing,C,Mumbai,7.82,0,None,0.0,35,74,0.4,30000,0,0,1,35000
STU-2026-09004,Nursing,B,Chennai,8.52,5,MNC,0.375,32,73,0.58,25000,0,1,1,78000
STU-2026-09005,Nursing,C,Bengaluru,6.98,2,SME,0.075,39,79,0.51,15000,0,0,1,33000
STU-2026-09006,MBA,B,Hyderabad,7.63,5,Startup,0.263,81,64,0.55,20000,0,1,1,81000
STU-2026-09007,MBA,D,Mumbai,8.12,0,None,0.0,38,85,0.63,20000,0,0,0,36000
STU-2026-09008,Nursing,D,Bengaluru,5.06,0,None,0.0,18,85,0.73,20000,0,0,0,20000
STU-2026-09009,MBA,B,Pune,6.95,4,SME,0.15,47,82,0.62,30000,0,1,1,75000
STU-2026-09010,Engineering,B,Chennai,7.12,5,MNC,0.375,56,75,0.62,15000,0,0,1,71000
STU-2026-09011,MBA,B,Pune,5.98,1,Startup,0.052,53,56,0.3,30000,0,0,1,52000
STU-2026-09012,Engineering,D,Pune,5.67,4,SME,0.15,81,52,0.45,30000,0,0,0,28000
STU-2026-09013,Engineering,A,Pune,7.69,4,Startup,0.21,42,67,0.76,15000,0,0,1,108000
STU-2026-09014,Engineering,A,Mumbai,9.43,0,None,0.0,47,76,0.59,15000,0,0,1,115000
STU-2026-09015,MBA,C,Mumbai,6.84,6,Startup,0.315,27,47,0.65,10000,0,0,1,70000
STU-2026-09016,MBA,D,Mumbai,7.47,5,MNC,0.375,20,19,0.59,15000,0,0,0,60000
STU-2026-09017,Engineering,D,Mumbai,8.62,0,None,0.0,39,80,0.64,10000,0,0,0,32000
STU-2026-09018,Engineering,D,Delhi NCR,8.18,0,None,0.0,18,76,0.5,15000,0,0,1,39000
STU-2026-09019,MBA,B,Hyderabad,7.2,0,None,0.0,73,74,0.53,15000,0,0,1,74000
STU-2026-09020,Nursing,D,Chennai,8.13,5,Startup,0.263,37,97,0.53,30000,0,0,1,28000
STU-2026-09021,MBA,C,Bengaluru,6.79,0,None,0.0,40,72,0.53,25000,0,0,1,59000
STU-2026-09022,Nursing,B,Hyderabad,6.36,6,MNC,0.45,58,71,0.67,25000,0,0,1,38000
STU-2026-09023,Nursing,B,Bengaluru,6.28,1,SME,0.037,90,60,0.68,25000,0,1,1,35000
STU-2026-09024,Engineering,A,Hyderabad,8.86,5,SME,0.188,35,63,0.38,10000,0,1,1,95000
STU-2026-09025,Nursing,D,Mumbai,9.43,1,SME,0.037,41,82,0.67,30000,0,0,1,39000
STU-2026-09026,Engineering,A,Delhi NCR,8.23,0,None,0.0,70,100,0.62,15000,0,1,1,76000
STU-2026-09027,Engineering,D,Chennai,6.7,0,None,0.0,43,71,0.44,15000,0,0,0,0
STU-2026-09028,MBA,C,Delhi NCR,5.64,2,Startup,0.105,41,71,0.65,20000,0,0,1,41000
STU-2026-09029,Nursing,C,Bengaluru,5.58,0,None,0.0,53,73,0.49,15000,0,0,1,27000
STU-2026-09030,Engineering,D,Bengaluru,7.75,0,None,0.0,64,59,0.69,15000,0,0,1,46000
STU-2026-09031,Engineering,C,Delhi NCR,7.87,0,None,0.0,51,96,0.55,20000,0,0,1,60000
STU-2026-09032,Engineering,A,Pune,8.85,5,MNC,0.375,63,66,0.5,15000,0,1,1,110000
STU-2026-09033,Nursing,D,Delhi NCR,6.52,0,None,0.0,37,85,0.56,10000,0,0,0,25000
STU-2026-09034,Nursing,D,Delhi NCR,7.64,1,Startup,0.052,34,79,0.57,10000,0,0,1,34000
STU-2026-09035,Nursing,D,Bengaluru,6.63,3,SME,0.113,30,70,0.4,20000,0,0,0,26000
STU-2026-09036,Engineering,B,Bengaluru,9.48,4,SME,0.15,62,77,0.63,10000,1,1,1,93000
STU-2026-09037,Nursing,C,Pune,5.06,0,None,0.0,71,56,0.53,15000,0,0,0,28000
STU-2026-09038,Nursing,D,Pune,8.22,4,MNC,0.3,71,86,0.67,10000,0,0,1,38000
STU-2026-09039,Nursing,A,Bengaluru,7.79,2,SME,0.075,43,60,0.84,10000,0,1,1,74000
STU-2026-09040,MBA,B,Bengaluru,9.58,1,SME,0.037,76,58,0.53,10000,0,1,1,124000
STU-2026-09041,Nursing,C,Pune,8.51,0,None,0.0,53,67,0.64,20000,0,0,1,37000
STU-2026-09042,Engineering,D,Bengaluru,5.75,0,None,0.0,18,75,0.48,30000,0,0,0,0
STU-2026-09043,MBA,A,Pune,8.22,6,Startup,0.315,67,87,0.47,20000,0,1,1,166000
STU-2026-09044,MBA,A,Hyderabad,9.54,4,SME,0.15,39,57,0.65,25000,0,1,1,142000
STU-2026-09045,MBA,A,Chennai,7.58,0,None,0.0,74,66,0.57,15000,0,0,1,109000
STU-2026-09046,MBA,C,Delhi NCR,6.37,5,Startup,0.263,39,88,0.5,10000,0,0,1,44000
STU-2026-09047,MBA,B,Pune,6.98,6,Startup,0.315,86,47,0.62,15000,0,1,1,92000
STU-2026-09048,Nursing,C,Bengaluru,6.1,0,None,0.0,12,41,0.76,10000,0,0,0,19000
STU-2026-09049,MBA,B,Pune,6.48,0,None,0.0,38,63,0.84,25000,0,0,1,65000
STU-2026-09050,MBA,D,Delhi NCR,8.24,3,MNC,0.225,86,78,0.74,15000,0,0,1,50000
STU-2026-09051,Engineering,A,Bengaluru,7.37,2,SME,0.075,66,31,0.73,10000,0,0,1,92000
STU-2026-09052,Nursing,D,Bengaluru,5.13,1,SME,0.037,68,91,0.61,30000,0,0,1,15000
STU-2026-09053,Engineering,B,Delhi NCR,7.55,1,Startup,0.052,79,65,0.75,20000,0,0,1,56000
STU-2026-09054,Engineering,A,Chennai,6.66,0,None,0.0,66,67,0.58,20000,0,1,1,66000
STU-2026-09055,Nursing,B,Chennai,10.0,1,SME,0.037,76,70,0.53,15000,0,1,1,62000
STU-2026-09056,Engineering,B,Pune,6.97,0,None,0.0,80,69,0.59,20000,0,0,1,51000
STU-2026-09057,MBA,B,Chennai,7.78,1,MNC,0.075,100,78,0.64,20000,0,1,1,76000
STU-2026-09058,Nursing,D,Chennai,5.64,0,None,0.0,0,39,0.67,20000,0,0,0,19000
STU-2026-09059,Engineering,A,Chennai,10.0,1,SME,0.037,59,35,0.68,10000,0,1,1,118000
STU-2026-09060,MBA,B,Bengaluru,8.68,3,Startup,0.157,25,71,0.52,10000,0,1,1,115000
STU-2026-09061,Nursing,C,Delhi NCR,6.36,2,MNC,0.15,56,57,0.6,30000,0,0,1,40000
STU-2026-09062,Engineering,C,Delhi NCR,5.5,0,None,0.0,42,91,0.41,25000,0,0,1,32000
STU-2026-09063,Nursing,B,Chennai,6.82,1,Startup,0.052,84,96,0.67,30000,0,1,1,31000
STU-2026-09064,Engineering,C,Delhi NCR,7.02,6,MNC,0.45,36,69,0.55,15000,0,0,1,58000
STU-2026-09065,Nursing,C,Delhi NCR,5.32,0,None,0.0,66,59,0.61,30000,0,0,0,25000
STU-2026-09066,MBA,A,Hyderabad,8.68,5,MNC,0.375,70,52,0.58,25000,1,1,1,146000
STU-2026-09067,Nursing,B,Delhi NCR,8.55,5,SME,0.188,60,65,0.62,15000,0,0,1,64000
STU-2026-09068,Engineering,C,Delhi NCR,5.78,0,None,0.0,54,86,0.64,25000,0,0,0,34000
STU-2026-09069,MBA,A,Bengaluru,7.61,5,Startup,0.263,56,62,0.52,10000,0,1,1,142000
STU-2026-09070,Engineering,D,Pune,8.06,4,MNC,0.3,46,92,0.53,25000,0,1,1,54000
STU-2026-09071,Engineering,D,Mumbai,6.85,0,None,0.0,46,86,0.67,15000,0,0,1,29000
STU-2026-09072,Engineering,D,Chennai,5.69,0,None,0.0,43,53,0.67,15000,0,0,0,0
STU-2026-09073,MBA,D,Mumbai,7.17,0,None,0.0,33,63,0.57,20000,0,0,0,0
STU-2026-09074,MBA,A,Pune,7.85,3,MNC,0.225,43,57,0.91,10000,0,1,1,131000
STU-2026-09075,Engineering,A,Pune,7.56,5,Startup,0.263,42,50,0.71,10000,0,1,1,89000
STU-2026-09076,Nursing,D,Hyderabad,7.89,2,SME,0.075,14,64,0.67,25000,0,0,0,26000
STU-2026-09077,MBA,B,Mumbai,7.52,5,Startup,0.263,61,54,0.82,15000,0,0,1,101000
STU-2026-09078,Nursing,B,Mumbai,8.1,1,SME,0.037,44,77,0.52,25000,0,0,1,53000
STU-2026-09079,MBA,D,Delhi NCR,6.13,5,Startup,0.263,50,61,0.62,20000,0,0,1,42000
STU-2026-09080,MBA,C,Mumbai,4.6,1,SME,0.037,60,100,0.61,15000,0,0,0,35000
STU-2026-09081,Nursing,C,Delhi NCR,8.18,0,None,0.0,72,84,0.64,10000,0,0,1,36000
STU-2026-09082,MBA,C,Delhi NCR,5.65,3,Startup,0.157,31,65,0.63,10000,0,0,0,50000
STU-2026-09083,MBA,A,Delhi NCR,6.59,5,SME,0.188,68,88,0.69,20000,0,1,1,110000
STU-2026-09084,Engineering,B,Hyderabad,8.2,2,Startup,0.105,94,75,0.7,25000,0,1,1,59000
STU-2026-09085,MBA,C,Delhi NCR,7.84,0,None,0.0,62,60,0.48,30000,0,0,1,56000
STU-2026-09086,Nursing,A,Hyderabad,8.39,3,MNC,0.225,78,85,0.6,20000,0,1,1,71000
STU-2026-09087,Nursing,A,Hyderabad,7.72,2,Startup,0.105,58,62,0.58,10000,0,1,1,59000
STU-2026-09088,Engineering,C,Chennai,7.19,0,None,0.0,86,67,0.53,30000,0,0,1,36000
STU-2026-09089,Nursing,B,Bengaluru,7.35,0,None,0.0,46,54,0.51,15000,0,0,1,35000
STU-2026-09090,Engineering,D,Pune,8.33,3,MNC,0.225,51,84,0.46,20000,0,0,1,50000
STU-2026-09091,Nursing,C,Hyderabad,8.78,5,Startup,0.263,21,51,0.62,25000,0,0,1,60000
STU-2026-09092,MBA,B,Hyderabad,8.04,4,SME,0.15,54,66,0.59,30000,0,0,1,86000
STU-2026-09093,Engineering,B,Delhi NCR,7.01,6,Startup,0.315,73,57,0.67,15000,0,1,1,70000
STU-2026-09094,MBA,D,Bengaluru,8.3,0,None,0.0,0,77,0.6,15000,0,0,0,40000
STU-2026-09095,Nursing,D,Mumbai,5.1,0,None,0.0,62,82,0.78,10000,0,0,1,13000
STU-2026-09096,MBA,C,Bengaluru,6.61,3,SME,0.113,46,84,0.74,20000,0,0,1,48000
STU-2026-09097,MBA,B,Hyderabad,8.87,3,MNC,0.225,27,54,0.64,25000,0,1,1,76000
STU-2026-09098,Nursing,C,Hyderabad,6.87,2,SME,0.075,54,92,0.64,20000,0,0,0,26000
STU-2026-09099,Nursing,D,Bengaluru,8.45,1,SME,0.037,51,53,0.65,30000,0,0,1,19000
STU-2026-09100,Nursing,D,Chennai,4.28,0,None,0.0,48,100,0.63,20000,0,0,0,0
STU-2026-09101,MBA,C,Mumbai,4.87,0,None,0.0,56,81,0.58,15000,0,0,0,39000
STU-2026-09102,Nursing,C,Bengaluru,8.13,0,None,0.0,57,56,0.69,30000,0,0,1,32000
STU-2026-09103,Nursing,A,Delhi NCR,7.69,0,None,0.0,60,79,0.4,10000,0,0,1,55000
STU-2026-09104,MBA,C,Delhi NCR,8.04,1,SME,0.037,18,65,0.68,25000,0,0,1,73000
STU-2026-09105,MBA,D,Bengaluru,6.62,0,None,0.0,87,100,0.65,15000,0,0,1,41000
STU-2026-09106,Nursing,C,Pune,7.78,0,None,0.0,43,88,0.65,20000,0,0,1,26000
STU-2026-09107,Engineering,C,Bengaluru,7.06,6,Startup,0.315,65,53,0.64,25000,0,0,1,67000
STU-2026-09108,Engineering,B,Delhi NCR,7.16,4,Startup,0.21,64,62,0.59,25000,0,1,1,64000
STU-2026-09109,Engineering,A,Pune,7.63,6,Startup,0.315,56,62,0.56,30000,0,1,1,95000
STU-2026-09110,Nursing,D,Delhi NCR,5.38,0,None,0.0,42,55,0.71,10000,0,0,0,20000
STU-2026-09111,Nursing,A,Pune,8.53,3,MNC,0.225,23,66,0.77,30000,0,1,1,108000
STU-2026-09112,MBA,A,Pune,8.64,0,None,0.0,70,74,0.7,15000,0,1,1,111000
STU-2026-09113,MBA,D,Mumbai,6.28,0,None,0.0,4,82,0.61,10000,0,0,0,33000
STU-2026-09114,MBA,A,Chennai,8.15,4,MNC,0.3,40,71,0.44,30000,0,1,1,112000
STU-2026-09115,Engineering,B,Bengaluru,7.7,0,None,0.0,40,62,0.83,15000,0,1,1,62000
STU-2026-09116,MBA,A,Chennai,9.24,1,MNC,0.075,70,49,0.47,15000,0,0,1,132000
STU-2026-09117,Nursing,C,Mumbai,5.53,0,None,0.0,26,65,0.54,10000,0,0,0,23000
STU-2026-09118,MBA,D,Delhi NCR,6.34,4,MNC,0.3,1,74,0.82,30000,0,0,1,63000
STU-2026-09119,Nursing,A,Chennai,7.75,3,Startup,0.157,55,70,0.58,15000,0,1,1,46000
STU-2026-09120,Engineering,D,Hyderabad,6.25,0,None,0.0,82,63,0.69,30000,0,0,1,28000
STU-2026-09121,Engineering,C,Hyderabad,7.18,4,Startup,0.21,38,38,0.65,25000,0,0,1,39000
STU-2026-09122,Nursing,C,Delhi NCR,7.26,0,None,0.0,48,85,0.57,30000,0,0,1,31000
STU-2026-09123,MBA,C,Bengaluru,7.21,2,MNC,0.15,51,50,0.64,15000,0,0,1,57000
STU-2026-09124,Engineering,C,Chennai,6.94,3,MNC,0.225,100,41,0.59,30000,0,0,1,39000
STU-2026-09125,Engineering,B,Chennai,7.87,2,MNC,0.15,66,46,0.54,30000,0,1,1,51000
STU-2026-09126,Engineering,C,Mumbai,6.27,0,None,0.0,36,70,0.56,10000,0,0,1,36000
STU-2026-09127,MBA,A,Pune,8.77,3,SME,0.113,77,77,0.62,20000,0,1,1,128000
STU-2026-09128,Nursing,A,Bengaluru,9.09,6,SME,0.225,28,50,0.75,15000,0,0,1,85000
STU-2026-09129,MBA,A,Pune,7.76,6,SME,0.225,89,75,0.68,15000,0,1,1,159000
STU-2026-09130,Engineering,C,Chennai,5.91,2,SME,0.075,49,89,0.75,10000,0,0,1,25000
STU-2026-09131,Nursing,D,Mumbai,6.34,2,MNC,0.15,84,59,0.63,30000,0,0,1,25000
STU-2026-09132,Engineering,A,Pune,9.25,4,SME,0.15,65,100,0.7,15000,0,1,1,108000
STU-2026-09133,Nursing,B,Bengaluru,7.83,0,None,0.0,35,54,0.68,25000,0,0,1,35000
STU-2026-09134,MBA,A,Chennai,8.89,0,None,0.0,56,58,0.57,10000,0,1,1,125000
STU-2026-09135,Nursing,A,Bengaluru,8.44,2,SME,0.075,68,53,0.65,30000,0,1,1,91000
STU-2026-09136,Engineering,D,Hyderabad,6.34,1,SME,0.037,96,68,0.59,15000,0,0,1,24000
STU-2026-09137,Nursing,C,Pune,8.39,3,MNC,0.225,42,79,0.76,20000,0,0,1,43000
STU-2026-09138,MBA,C,Delhi NCR,6.97,1,SME,0.037,8,43,0.45,15000,0,0,1,49000
STU-2026-09139,MBA,C,Pune,7.74,5,Startup,0.263,34,46,0.69,15000,0,0,1,76000
STU-2026-09140,Nursing,D,Bengaluru,7.91,0,None,0.0,39,77,0.46,10000,0,1,1,29000
STU-2026-09141,Nursing,B,Bengaluru,8.28,3,SME,0.113,79,68,0.61,15000,0,1,1,48000
STU-2026-09142,Engineering,B,Mumbai,7.89,3,SME,0.113,69,59,0.64,10000,0,0,1,74000
STU-2026-09143,MBA,C,Mumbai,8.68,5,SME,0.188,63,92,0.52,10000,0,0,1,75000
STU-2026-09144,Nursing,B,Hyderabad,7.63,4,MNC,0.3,51,56,0.77,30000,0,0,1,69000
STU-2026-09145,MBA,B,Hyderabad,8.0,5,SME,0.188,64,78,0.75,10000,0,0,1,93000
STU-2026-09146,Engineering,D,Chennai,6.98,0,None,0.0,45,84,0.54,15000,0,0,0,25000
STU-2026-09147,Engineering,B,Pune,6.59,3,MNC,0.225,74,78,0.69,20000,0,0,1,56000
STU-2026-09148,Nursing,A,Bengaluru,9.52,5,Startup,0.263,80,81,0.42,25000,1,1,1,91000
STU-2026-09149,Nursing,B,Bengaluru,7.67,3,SME,0.113,69,72,0.58,20000,0,1,1,52000
STU-2026-09150,Nursing,C,Chennai,7.82,0,None,0.0,70,54,0.55,10000,0,0,1,26000
STU-2026-09151,Engineering,A,Chennai,8.33,6,SME,0.225,44,78,0.52,20000,0,1,1,100000
STU-2026-09152,Nursing,C,Delhi NCR,7.1,5,Startup,0.263,64,85,0.62,25000,0,0,1,53000
STU-2026-09153,Nursing,B,Mumbai,7.41,1,Startup,0.052,65,74,0.64,10000,0,0,1,46000
STU-2026-09154,Nursing,D,Mumbai,8.99,6,MNC,0.45,0,70,0.49,15000,0,0,1,52000
STU-2026-09155,Engineering,D,Pune,6.65,0,None,0.0,42,57,0.36,30000,0,0,0,29000
STU-2026-09156,Engineering,B,Delhi NCR,7.54,6,SME,0.225,0,44,0.45,30000,0,0,1,75000
STU-2026-09157,Nursing,B,Hyderabad,6.34,0,None,0.0,54,61,0.8,15000,0,0,1,33000
STU-2026-09158,Engineering,A,Chennai,7.55,6,MNC,0.45,22,80,0.57,15000,0,1,1,116000
STU-2026-09159,Nursing,D,Bengaluru,4.91,1,MNC,0.075,84,43,0.78,15000,0,0,0,17000
STU-2026-09160,Nursing,D,Bengaluru,7.61,4,Startup,0.21,31,84,0.63,20000,0,0,1,36000
STU-2026-09161,Engineering,B,Pune,7.33,1,SME,0.037,79,78,0.73,10000,0,0,1,68000
STU-2026-09162,MBA,D,Chennai,5.87,2,SME,0.075,0,50,0.57,10000,0,0,0,36000
STU-2026-09163,Engineering,B,Delhi NCR,8.29,0,None,0.0,36,96,0.73,25000,0,1,1,73000
STU-2026-09164,MBA,D,Hyderabad,4.94,2,MNC,0.15,57,81,0.7,15000,0,0,1,35000
STU-2026-09165,MBA,C,Pune,7.29,0,None,0.0,70,61,0.64,15000,0,0,1,51000
STU-2026-09166,Engineering,C,Delhi NCR,4.0,6,Startup,0.315,18,63,0.56,30000,0,0,0,25000
STU-2026-09167,Engineering,C,Pune,6.4,4,MNC,0.3,67,66,0.73,10000,0,1,1,43000
STU-2026-09168,Nursing,B,Hyderabad,8.07,3,SME,0.113,34,54,0.61,10000,0,0,1,62000
STU-2026-09169,Nursing,C,Delhi NCR,6.6,0,None,0.0,44,71,0.78,20000,0,0,1,30000
STU-2026-09170,MBA,C,Bengaluru,7.75,4,MNC,0.3,49,86,0.69,25000,0,0,1,73000
STU-2026-09171,Nursing,B,Delhi NCR,7.66,3,SME,0.113,63,62,0.63,20000,0,0,1,43000
STU-2026-09172,Nursing,D,Delhi NCR,6.66,4,Startup,0.21,47,88,0.67,30000,0,0,1,35000
STU-2026-09173,MBA,C,Chennai,6.1,0,None,0.0,58,81,0.63,10000,0,0,1,44000
STU-2026-09174,MBA,A,Hyderabad,8.74,3,MNC,0.225,32,70,0.67,25000,0,1,1,120000
STU-2026-09175,MBA,D,Delhi NCR,6.7,1,MNC,0.075,13,64,0.63,20000,0,0,1,47000
STU-2026-09176,Nursing,A,Delhi NCR,8.38,3,Startup,0.157,47,68,0.85,30000,0,1,1,61000
STU-2026-09177,MBA,A,Delhi NCR,8.34,4,Startup,0.21,74,83,0.63,25000,0,1,1,125000
STU-2026-09178,Nursing,D,Hyderabad,4.68,0,None,0.0,50,77,0.59,30000,0,0,0,0
STU-2026-09179,Engineering,C,Chennai,5.82,0,None,0.0,0,69,0.92,10000,0,0,0,31000
STU-2026-09180,Nursing,D,Bengaluru,7.06,2,SME,0.075,11,53,0.54,20000,0,0,0,27000
STU-2026-09181,Engineering,C,Mumbai,6.61,0,None,0.0,59,96,0.67,25000,0,0,1,27000
STU-2026-09182,MBA,A,Chennai,6.8,1,SME,0.037,77,59,0.68,30000,0,0,1,96000
STU-2026-09183,Engineering,B,Delhi NCR,8.2,0,None,0.0,44,82,0.53,15000,0,0,1,68000
STU-2026-09184,Engineering,A,Bengaluru,8.71,6,SME,0.225,69,53,0.56,20000,0,1,1,147000
STU-2026-09185,MBA,D,Bengaluru,8.97,4,MNC,0.3,28,60,0.77,20000,0,0,1,62000
STU-2026-09186,Nursing,A,Delhi NCR,8.3,3,SME,0.113,35,85,0.74,25000,0,1,1,83000
STU-2026-09187,Nursing,A,Delhi NCR,7.94,2,SME,0.075,78,92,0.69,30000,0,1,1,68000
STU-2026-09188,MBA,C,Delhi NCR,5.71,5,SME,0.188,86,69,0.72,15000,0,1,1,55000
STU-2026-09189,Nursing,C,Bengaluru,8.21,2,Startup,0.105,17,59,0.73,30000,0,0,1,31000
STU-2026-09190,Nursing,C,Hyderabad,4.81,5,SME,0.188,35,67,0.7,30000,0,0,0,30000
STU-2026-09191,Engineering,D,Hyderabad,5.34,0,None,0.0,10,72,0.61,20000,0,0,0,20000
STU-2026-09192,Nursing,C,Bengaluru,7.22,0,None,0.0,0,37,0.78,25000,0,0,1,31000
STU-2026-09193,Nursing,C,Mumbai,4.37,0,None,0.0,29,77,0.55,10000,0,0,1,20000
STU-2026-09194,Nursing,A,Mumbai,7.46,4,SME,0.15,28,83,0.68,20000,0,1,1,83000
STU-2026-09195,Nursing,D,Bengaluru,7.35,1,MNC,0.075,42,81,0.72,20000,0,0,1,27000
STU-2026-09196,Nursing,D,Bengaluru,7.96,0,None,0.0,42,63,0.61,10000,0,0,0,27000
STU-2026-09197,Nursing,A,Mumbai,7.52,1,Startup,0.052,80,73,0.67,20000,0,1,1,53000
STU-2026-09198,Nursing,D,Chennai,8.39,5,SME,0.188,34,65,0.62,25000,0,0,1,47000
STU-2026-09199,Nursing,C,Mumbai,7.52,0,None,0.0,28,98,0.44,20000,0,0,1,30000
STU-2026-09200,Nursing,D,Delhi NCR,6.79,2,Startup,0.105,49,77,0.64,20000,0,0,1,25000
STU-2026-09201,MBA,C,Bengaluru,8.35,0,None,0.0,0,32,0.67,20000,0,0,0,75000
STU-2026-09202,Engineering,A,Chennai,9.03,3,MNC,0.225,72,63,0.67,30000,0,1,1,115000
STU-2026-09203,Engineering,D,Delhi NCR,6.41,0,None,0.0,46,66,0.7,10000,0,0,1,27000
STU-2026-09204,MBA,D,Bengaluru,6.26,0,None,0.0,8,41,0.69,10000,0,0,0,0
STU-2026-09205,Nursing,C,Delhi NCR,5.34,0,None,0.0,51,59,0.59,10000,0,0,0,25000
STU-2026-09206,Nursing,A,Hyderabad,8.27,3,Startup,0.157,70,64,0.62,25000,0,1,1,99000
STU-2026-09207,Engineering,D,Hyderabad,7.3,6,MNC,0.45,83,66,0.5,25000,0,0,1,48000
STU-2026-09208,Engineering,D,Hyderabad,6.66,0,None,0.0,87,57,0.54,15000,0,0,1,23000
STU-2026-09209,MBA,A,Bengaluru,8.17,3,SME,0.113,63,77,0.63,15000,1,1,1,101000
STU-2026-09210,MBA,C,Delhi NCR,6.03,3,SME,0.113,55,73,0.64,15000,0,0,0,64000
STU-2026-09211,MBA,D,Chennai,7.34,0,None,0.0,0,79,0.49,25000,0,0,1,34000
STU-2026-09212,Nursing,B,Bengaluru,8.51,6,MNC,0.45,36,55,0.61,20000,0,1,1,63000
STU-2026-09213,MBA,C,Hyderabad,4.96,0,None,0.0,32,83,0.79,10000,0,0,1,39000
STU-2026-09214,Nursing,B,Pune,5.81,1,MNC,0.075,59,60,0.45,15000,0,0,1,38000
STU-2026-09215,Nursing,B,Delhi NCR,6.94,6,MNC,0.45,30,60,0.63,10000,0,0,1,46000
STU-2026-09216,Nursing,C,Delhi NCR,5.7,6,Startup,0.315,62,39,0.57,30000,0,0,1,28000
STU-2026-09217,Engineering,C,Pune,5.65,0,None,0.0,65,85,0.61,20000,0,0,1,33000
STU-2026-09218,Nursing,C,Bengaluru,7.29,6,SME,0.225,37,76,0.56,25000,0,0,0,37000
STU-2026-09219,Engineering,B,Pune,8.18,5,SME,0.188,61,75,0.57,20000,0,1,1,74000
STU-2026-09220,Nursing,A,Bengaluru,9.75,6,Startup,0.315,77,81,0.62,30000,0,1,1,117000
STU-2026-09221,MBA,A,Mumbai,8.93,1,SME,0.037,67,69,0.65,10000,0,1,1,132000
STU-2026-09222,Engineering,B,Bengaluru,6.66,5,Startup,0.263,22,52,0.61,15000,0,0,1,61000
STU-2026-09223,Engineering,B,Mumbai,6.2,2,Startup,0.105,66,54,0.65,10000,0,0,1,44000
STU-2026-09224,Nursing,D,Mumbai,5.63,1,MNC,0.075,54,63,0.64,25000,0,0,1,26000
STU-2026-09225,Nursing,D,Hyderabad,7.08,0,None,0.0,12,89,0.75,15000,0,0,0,29000
STU-2026-09226,Nursing,D,Hyderabad,7.2,5,SME,0.188,0,61,0.55,10000,0,0,0,25000
STU-2026-09227,Engineering,B,Bengaluru,6.54,5,MNC,0.375,87,44,0.53,15000,0,1,1,61000
STU-2026-09228,Engineering,C,Delhi NCR,7.28,6,SME,0.225,30,77,0.5,15000,0,0,0,48000
STU-2026-09229,MBA,A,Hyderabad,6.77,5,MNC,0.375,59,53,0.49,25000,0,1,1,125000
STU-2026-09230,MBA,C,Pune,4.96,0,None,0.0,39,68,0.39,10000,0,0,0,40000
STU-2026-09231,MBA,B,Chennai,7.08,5,SME,0.188,54,62,0.64,10000,0,0,1,76000
STU-2026-09232,Engineering,B,Hyderabad,6.69,2,Startup,0.105,100,66,0.67,10000,0,1,1,34000
STU-2026-09233,MBA,A,Chennai,7.9,0,None,0.0,37,85,0.47,15000,0,1,1,117000
STU-2026-09234,Nursing,A,Bengaluru,8.42,6,Startup,0.315,60,64,0.59,15000,0,1,1,88000
STU-2026-09235,MBA,A,Bengaluru,9.04,1,Startup,0.052,43,70,0.59,25000,0,1,1,112000
STU-2026-09236,Nursing,B,Delhi NCR,5.99,6,MNC,0.45,38,35,0.68,25000,0,0,1,48000
STU-2026-09237,Engineering,B,Bengaluru,6.8,5,MNC,0.375,57,70,0.55,15000,0,0,1,83000
STU-2026-09238,MBA,B,Bengaluru,6.25,0,None,0.0,80,46,0.76,20000,0,0,0,62000
STU-2026-09239,Engineering,D,Hyderabad,6.01,0,None,0.0,36,68,0.66,20000,0,0,0,0
STU-2026-09240,MBA,D,Bengaluru,6.76,0,None,0.0,45,60,0.59,25000,0,0,0,42000
STU-2026-09241,MBA,A,Chennai,8.49,0,None,0.0,64,80,0.72,15000,0,1,1,146000
STU-2026-09242,Engineering,B,Mumbai,7.89,3,MNC,0.225,50,100,0.56,25000,0,0,1,66000
STU-2026-09243,Nursing,D,Pune,6.13,0,None,0.0,67,68,0.61,20000,0,0,0,25000
STU-2026-09244,Nursing,B,Pune,7.18,0,None,0.0,56,60,0.56,30000,0,0,1,44000
STU-2026-09245,Engineering,A,Chennai,9.56,6,Startup,0.315,58,66,0.64,10000,0,1,1,117000
STU-2026-09246,Nursing,A,Mumbai,8.46,3,SME,0.113,52,66,0.66,25000,0,1,1,94000
STU-2026-09247,Nursing,C,Mumbai,7.91,5,MNC,0.375,21,64,0.46,30000,0,0,1,55000
STU-2026-09248,MBA,C,Delhi NCR,6.47,0,None,0.0,5,41,0.45,30000,0,0,0,0
STU-2026-09249,MBA,D,Bengaluru,6.8,0,None,0.0,30,80,0.51,25000,0,0,1,38000
STU-2026-09250,Engineering,A,Delhi NCR,8.57,3,MNC,0.225,50,85,0.47,10000,0,1,1,92000
STU-2026-09251,MBA,C,Pune,8.21,0,None,0.0,34,56,0.58,20000,0,0,1,49000
STU-2026-09252,Nursing,A,Delhi NCR,8.33,3,MNC,0.225,57,62,0.47,20000,0,1,1,73000
STU-2026-09253,MBA,C,Delhi NCR,4.0,0,None,0.0,49,76,0.69,20000,0,0,0,29000
STU-2026-09254,MBA,C,Hyderabad,6.22,0,None,0.0,28,80,0.58,20000,0,0,0,42000
STU-2026-09255,Nursing,C,Bengaluru,6.73,0,None,0.0,0,81,0.6,30000,0,0,0,28000
STU-2026-09256,Nursing,D,Delhi NCR,6.68,0,None,0.0,64,84,0.71,10000,0,0,1,21000
STU-2026-09257,Nursing,B,Mumbai,6.59,1,Startup,0.052,46,69,0.6,30000,0,0,1,37000
STU-2026-09258,MBA,B,Mumbai,5.48,5,MNC,0.375,36,55,0.5,15000,0,0,0,86000
STU-2026-09259,MBA,D,Delhi NCR,4.18,0,None,0.0,26,80,0.66,15000,0,0,0,0
STU-2026-09260,Nursing,B,Pune,8.71,2,SME,0.075,81,67,0.6,25000,0,0,1,54000
STU-2026-09261,Nursing,A,Delhi NCR,8.38,2,MNC,0.15,50,80,0.63,20000,1,1,1,64000
STU-2026-09262,Engineering,B,Delhi NCR,8.83,1,SME,0.037,43,78,0.34,15000,0,0,1,73000
STU-2026-09263,Nursing,B,Delhi NCR,7.74,2,Startup,0.105,20,64,0.75,25000,0,1,1,55000
STU-2026-09264,Engineering,B,Bengaluru,9.85,4,MNC,0.3,25,64,0.6,10000,0,1,1,97000
STU-2026-09265,MBA,C,Mumbai,8.36,3,MNC,0.225,43,37,0.67,25000,0,0,1,49000
STU-2026-09266,Engineering,A,Pune,7.71,2,SME,0.075,25,66,0.55,30000,0,0,1,88000
STU-2026-09267,Nursing,D,Pune,5.5,0,None,0.0,73,73,0.57,20000,0,0,1,20000
STU-2026-09268,Engineering,A,Mumbai,8.48,5,MNC,0.375,59,65,0.64,25000,1,1,1,58000
STU-2026-09269,MBA,C,Chennai,9.04,2,Startup,0.105,15,73,0.43,15000,0,0,1,57000
STU-2026-09270,Engineering,A,Hyderabad,9.1,3,MNC,0.225,55,68,0.47,10000,0,1,1,112000
STU-2026-09271,Nursing,C,Hyderabad,7.66,6,SME,0.225,0,57,0.63,30000,0,0,0,42000
STU-2026-09272,Nursing,A,Hyderabad,7.67,0,None,0.0,44,78,0.62,10000,0,0,1,69000
STU-2026-09273,Nursing,C,Bengaluru,7.41,4,SME,0.15,0,65,0.64,30000,0,0,1,18000
STU-2026-09274,Engineering,C,Bengaluru,6.88,1,Startup,0.052,59,69,0.61,20000,0,0,1,32000
STU-2026-09275,Engineering,B,Chennai,8.24,6,SME,0.225,67,46,0.67,20000,0,1,1,79000
STU-2026-09276,MBA,B,Delhi NCR,8.05,0,None,0.0,39,61,0.5,20000,0,0,1,69000
STU-2026-09277,Nursing,D,Chennai,6.1,0,None,0.0,58,95,0.59,30000,0,0,0,21000
STU-2026-09278,MBA,B,Chennai,7.69,0,None,0.0,77,65,0.69,10000,0,1,1,68000
STU-2026-09279,Nursing,B,Bengaluru,8.32,3,MNC,0.225,79,54,0.7,10000,0,1,1,55000
STU-2026-09280,Engineering,A,Chennai,8.11,4,MNC,0.3,85,89,0.65,10000,1,1,1,107000
STU-2026-09281,MBA,B,Bengaluru,10.0,0,None,0.0,46,63,0.63,15000,0,0,1,107000
STU-2026-09282,Engineering,D,Bengaluru,5.03,0,None,0.0,22,64,0.5,25000,0,0,0,18000
STU-2026-09283,Nursing,B,Hyderabad,6.54,4,MNC,0.3,46,83,0.75,15000,0,1,1,38000
STU-2026-09284,Engineering,B,Delhi NCR,6.88,5,SME,0.188,91,70,0.46,25000,0,1,1,56000
STU-2026-09285,Nursing,A,Mumbai,8.14,0,None,0.0,46,56,0.73,10000,0,1,1,66000
STU-2026-09286,Nursing,B,Pune,6.22,3,Startup,0.157,54,61,0.52,30000,0,0,1,38000
STU-2026-09287,MBA,B,Mumbai,8.19,5,SME,0.188,74,63,0.65,10000,0,1,1,80000
STU-2026-09288,MBA,B,Hyderabad,6.44,1,SME,0.037,62,59,0.74,25000,0,1,1,66000
STU-2026-09289,MBA,C,Mumbai,7.09,0,None,0.0,40,100,0.8,20000,0,0,1,49000
STU-2026-09290,Engineering,A,Hyderabad,8.46,0,None,0.0,36,43,0.47,20000,0,0,1,75000
STU-2026-09291,MBA,C,Mumbai,8.55,4,Startup,0.21,3,50,0.42,25000,0,0,1,69000
STU-2026-09292,Engineering,A,Chennai,8.14,2,MNC,0.15,59,61,0.49,25000,0,1,1,83000
STU-2026-09293,Engineering,C,Pune,7.74,0,None,0.0,3,59,0.8,10000,0,0,1,35000
STU-2026-09294,Engineering,A,Bengaluru,9.17,4,SME,0.15,92,86,0.59,20000,0,1,1,110000
STU-2026-09295,MBA,C,Bengaluru,7.29,4,SME,0.15,46,77,0.52,15000,0,0,1,38000
STU-2026-09296,Nursing,C,Pune,7.87,1,SME,0.037,18,66,0.63,30000,0,0,1,29000
STU-2026-09297,MBA,C,Hyderabad,7.11,0,None,0.0,0,82,0.67,25000,0,0,0,47000
STU-2026-09298,Engineering,A,Bengaluru,7.41,0,None,0.0,52,67,0.57,30000,0,1,1,56000
STU-2026-09299,Engineering,B,Bengaluru,6.59,4,MNC,0.3,75,100,0.51,20000,0,1,1,53000
STU-2026-09300,Engineering,A,Bengaluru,7.89,5,MNC,0.375,60,60,0.56,15000,0,1,1,123000
STU-2026-09301,Nursing,A,Mumbai,7.48,0,None,0.0,47,58,0.53,15000,0,0,1,58000
STU-2026-09302,Engineering,D,Mumbai,9.82,0,None,0.0,34,68,0.73,25000,0,0,1,44000
STU-2026-09303,MBA,C,Hyderabad,6.64,2,SME,0.075,45,85,0.73,20000,0,0,1,55000
STU-2026-09304,Engineering,B,Hyderabad,7.71,0,None,0.0,100,63,0.67,20000,0,1,1,66000
STU-2026-09305,MBA,C,Chennai,5.89,4,Startup,0.21,100,95,0.71,15000,0,0,1,58000
STU-2026-09306,Engineering,D,Hyderabad,4.03,0,None,0.0,34,72,0.56,20000,0,0,0,19000
STU-2026-09307,MBA,A,Bengaluru,7.43,2,Startup,0.105,75,76,0.42,20000,0,1,1,107000
STU-2026-09308,Engineering,B,Pune,8.49,0,None,0.0,68,65,0.64,20000,0,1,1,66000
STU-2026-09309,MBA,D,Pune,7.52,6,MNC,0.45,44,77,0.56,15000,0,0,1,70000
STU-2026-09310,MBA,D,Pune,8.54,0,None,0.0,27,75,0.46,20000,0,0,1,57000
STU-2026-09311,Nursing,D,Hyderabad,6.1,0,None,0.0,31,88,0.62,20000,0,0,1,18000
STU-2026-09312,MBA,B,Bengaluru,8.08,2,SME,0.075,57,74,0.56,10000,0,0,1,82000
STU-2026-09313,MBA,D,Delhi NCR,6.1,2,Startup,0.105,97,54,0.65,20000,0,0,1,43000
STU-2026-09314,Nursing,D,Hyderabad,4.0,0,None,0.0,0,62,0.69,20000,0,0,0,0
STU-2026-09315,Engineering,D,Mumbai,6.43,6,Startup,0.315,40,57,0.65,10000,0,0,1,42000
STU-2026-09316,Nursing,B,Delhi NCR,9.02,5,SME,0.188,55,72,0.5,25000,0,0,1,60000
STU-2026-09317,Engineering,A,Mumbai,8.28,1,Startup,0.052,74,79,0.63,25000,1,1,1,85000
STU-2026-09318,MBA,B,Hyderabad,7.31,2,MNC,0.15,66,52,0.67,10000,0,0,1,79000
STU-2026-09319,Nursing,C,Delhi NCR,7.45,3,MNC,0.225,49,76,0.56,10000,0,1,1,31000
STU-2026-09320,MBA,A,Chennai,7.65,2,SME,0.075,49,59,0.43,25000,0,1,1,116000
STU-2026-09321,Nursing,A,Chennai,7.69,5,MNC,0.375,74,68,0.57,30000,0,1,1,82000
STU-2026-09322,Nursing,B,Delhi NCR,6.87,6,Startup,0.315,41,84,0.52,20000,0,1,1,45000
STU-2026-09323,Nursing,B,Pune,6.0,3,SME,0.113,71,63,0.44,30000,0,0,1,30000
STU-2026-09324,MBA,C,Hyderabad,4.41,0,None,0.0,57,92,0.56,30000,0,0,1,35000
STU-2026-09325,Nursing,D,Delhi NCR,7.6,0,None,0.0,36,61,0.63,20000,0,0,1,21000
STU-2026-09326,Engineering,A,Chennai,7.94,3,MNC,0.225,56,66,0.53,25000,0,0,1,95000
STU-2026-09327,Nursing,B,Pune,7.22,5,Startup,0.263,51,80,0.46,30000,0,1,1,37000
STU-2026-09328,MBA,C,Mumbai,6.72,4,SME,0.15,0,57,0.6,25000,0,0,0,43000
STU-2026-09329,MBA,B,Delhi NCR,8.48,5,MNC,0.375,28,68,0.75,20000,0,1,1,109000
STU-2026-09330,Nursing,A,Hyderabad,7.63,4,SME,0.15,46,67,0.4,30000,0,1,1,70000
STU-2026-09331,MBA,C,Mumbai,4.7,0,None,0.0,66,80,0.64,30000,0,0,1,34000
STU-2026-09332,Engineering,B,Delhi NCR,9.03,1,SME,0.037,61,77,0.54,30000,0,0,1,51000
STU-2026-09333,Nursing,B,Pune,7.42,2,Startup,0.105,55,52,0.57,10000,0,0,1,55000
STU-2026-09334,Engineering,A,Chennai,7.65,0,None,0.0,68,96,0.68,30000,0,1,1,80000
STU-2026-09335,MBA,D,Bengaluru,7.02,0,None,0.0,56,71,0.65,30000,0,0,1,34000
STU-2026-09336,MBA,C,Pune,5.22,0,None,0.0,55,68,0.69,15000,0,0,1,27000
STU-2026-09337,Engineering,A,Hyderabad,7.53,4,MNC,0.3,57,55,0.55,15000,0,0,1,94000
STU-2026-09338,Nursing,A,Mumbai,7.43,4,Startup,0.21,67,84,0.64,10000,1,1,1,79000
STU-2026-09339,Nursing,D,Bengaluru,7.88,6,Startup,0.315,38,65,0.73,10000,0,0,1,36000
STU-2026-09340,Nursing,A,Bengaluru,8.06,3,SME,0.113,71,83,0.71,10000,0,1,1,71000
STU-2026-09341,MBA,B,Bengaluru,7.83,6,SME,0.225,89,43,0.6,30000,0,1,1,82000
STU-2026-09342,MBA,A,Mumbai,7.52,4,MNC,0.3,71,33,0.59,15000,0,0,1,113000
STU-2026-09343,Engineering,B,Chennai,7.29,5,Startup,0.263,52,80,0.72,10000,0,1,1,68000
STU-2026-09344,Nursing,C,Pune,8.19,5,MNC,0.375,77,63,0.72,30000,0,0,1,50000
STU-2026-09345,MBA,D,Chennai,8.73,0,None,0.0,42,67,0.58,15000,0,0,1,38000
STU-2026-09346,Nursing,A,Pune,7.89,2,Startup,0.105,77,75,0.72,20000,0,1,1,62000
STU-2026-09347,Nursing,B,Pune,8.08,1,MNC,0.075,34,40,0.54,10000,0,0,1,43000
STU-2026-09348,Engineering,D,Chennai,7.01,6,Startup,0.315,41,42,0.55,25000,0,0,1,45000
STU-2026-09349,MBA,A,Mumbai,7.64,4,MNC,0.3,72,96,0.56,10000,1,1,1,139000
STU-2026-09350,Nursing,B,Bengaluru,7.02,6,SME,0.225,37,95,0.71,25000,0,1,1,57000
STU-2026-09351,MBA,A,Hyderabad,8.64,0,None,0.0,84,43,0.56,10000,0,1,1,155000
STU-2026-09352,Engineering,C,Bengaluru,6.33,1,MNC,0.075,30,80,0.63,25000,0,0,1,26000
STU-2026-09353,Engineering,A,Mumbai,8.01,0,None,0.0,76,35,0.44,15000,0,0,1,90000
STU-2026-09354,Engineering,B,Chennai,6.57,0,None,0.0,36,71,0.48,25000,0,0,1,66000
STU-2026-09355,Nursing,B,Hyderabad,7.13,0,None,0.0,21,63,0.65,10000,0,0,1,45000
STU-2026-09356,Nursing,A,Mumbai,7.72,1,SME,0.037,54,33,0.66,10000,0,0,1,64000
STU-2026-09357,Nursing,D,Hyderabad,5.75,0,None,0.0,38,84,0.56,20000,0,0,0,20000
STU-2026-09358,Nursing,A,Mumbai,7.69,4,Startup,0.21,41,98,0.41,30000,0,1,1,70000
STU-2026-09359,Nursing,D,Mumbai,5.81,0,None,0.0,49,71,0.73,10000,0,0,0,18000
STU-2026-09360,MBA,C,Mumbai,8.01,0,None,0.0,35,78,0.72,25000,0,0,1,52000
STU-2026-09361,Engineering,B,Hyderabad,7.15,0,None,0.0,84,72,0.58,15000,0,1,1,43000
STU-2026-09362,MBA,A,Hyderabad,8.01,2,SME,0.075,58,69,0.56,20000,0,1,1,109000
STU-2026-09363,Nursing,D,Mumbai,8.55,0,None,0.0,0,80,0.59,15000,0,0,1,28000
STU-2026-09364,Engineering,A,Pune,8.6,0,None,0.0,79,42,0.81,15000,0,1,1,90000
STU-2026-09365,MBA,C,Delhi NCR,5.13,5,Startup,0.263,26,90,0.61,20000,0,0,1,43000
STU-2026-09366,MBA,A,Bengaluru,9.78,6,MNC,0.45,57,87,0.58,10000,1,1,1,192000
STU-2026-09367,Nursing,B,Delhi NCR,8.42,3,SME,0.113,75,63,0.72,30000,0,0,1,43000
STU-2026-09368,Engineering,C,Chennai,6.45,0,None,0.0,50,55,0.59,20000,0,0,0,35000
STU-2026-09369,Nursing,C,Mumbai,7.97,2,Startup,0.105,19,52,0.64,15000,0,0,1,51000
STU-2026-09370,MBA,B,Pune,7.69,3,MNC,0.225,80,50,0.65,15000,0,0,1,85000
STU-2026-09371,Engineering,D,Chennai,5.9,0,None,0.0,66,75,0.61,30000,0,0,1,27000
STU-2026-09372,MBA,D,Mumbai,8.04,2,MNC,0.15,85,72,0.63,10000,0,0,1,64000
STU-2026-09373,Engineering,A,Pune,8.3,0,None,0.0,47,83,0.66,15000,0,1,1,94000
STU-2026-09374,Nursing,B,Mumbai,7.71,5,Startup,0.263,65,81,0.46,25000,0,1,1,58000
STU-2026-09375,MBA,D,Delhi NCR,5.78,0,None,0.0,45,90,0.63,15000,0,0,0,27000
STU-2026-09376,Engineering,D,Hyderabad,9.76,0,None,0.0,0,75,0.54,15000,0,0,1,36000
STU-2026-09377,Nursing,A,Mumbai,9.49,3,SME,0.113,57,67,0.57,25000,0,1,1,77000
STU-2026-09378,Engineering,A,Chennai,8.77,4,Startup,0.21,26,59,0.75,25000,0,1,1,100000
STU-2026-09379,MBA,D,Bengaluru,5.27,1,SME,0.037,11,85,0.52,15000,0,0,0,27000
STU-2026-09380,Nursing,D,Chennai,6.65,0,None,0.0,38,59,0.61,30000,0,0,0,0
STU-2026-09381,Nursing,A,Chennai,8.13,0,None,0.0,69,57,0.62,25000,0,1,1,65000
STU-2026-09382,Engineering,D,Delhi NCR,5.19,5,Startup,0.263,42,44,0.54,20000,0,0,0,31000
STU-2026-09383,MBA,C,Chennai,5.35,0,None,0.0,33,82,0.5,25000,0,0,0,0
STU-2026-09384,MBA,D,Pune,7.44,1,MNC,0.075,16,60,0.61,25000,0,0,0,53000
STU-2026-09385,Engineering,C,Bengaluru,6.51,0,None,0.0,42,45,0.66,25000,0,0,0,55000
STU-2026-09386,Nursing,B,Chennai,7.29,5,Startup,0.263,68,80,0.59,15000,0,1,1,69000
STU-2026-09387,Engineering,B,Pune,6.75,4,Startup,0.21,15,50,0.7,20000,0,0,1,82000
STU-2026-09388,Nursing,C,Bengaluru,7.67,0,None,0.0,24,58,0.56,20000,0,0,0,34000
STU-2026-09389,Nursing,C,Pune,7.63,3,SME,0.113,16,47,0.51,20000,0,0,1,41000
STU-2026-09390,Nursing,A,Bengaluru,8.37,1,SME,0.037,93,45,0.58,10000,0,1,1,75000
STU-2026-09391,Engineering,A,Delhi NCR,8.84,4,Startup,0.21,74,90,0.68,30000,0,1,1,103000
STU-2026-09392,MBA,C,Bengaluru,4.77,5,MNC,0.375,65,88,0.48,15000,0,0,1,35000
STU-2026-09393,Engineering,B,Delhi NCR,7.38,3,SME,0.113,43,52,0.6,15000,0,1,1,68000
STU-2026-09394,Engineering,C,Pune,6.5,0,None,0.0,39,98,0.73,15000,0,0,1,40000
STU-2026-09395,Engineering,D,Delhi NCR,5.6,6,Startup,0.315,41,81,0.7,20000,0,0,1,39000
STU-2026-09396,Nursing,B,Chennai,7.65,0,None,0.0,54,99,0.56,15000,0,0,1,38000
STU-2026-09397,Nursing,A,Mumbai,8.78,6,Startup,0.315,40,82,0.51,25000,0,1,1,119000
STU-2026-09398,Engineering,A,Delhi NCR,7.49,4,MNC,0.3,20,91,0.46,10000,0,1,1,111000
STU-2026-09399,MBA,A,Mumbai,8.75,3,SME,0.113,13,65,0.69,30000,0,1,1,102000
STU-2026-09400,Engineering,D,Bengaluru,8.08,0,None,0.0,23,86,0.5,20000,0,0,0,39000
STU-2026-09401,Engineering,C,Bengaluru,7.95,1,Startup,0.052,54,64,0.55,30000,0,1,1,50000
STU-2026-09402,MBA,D,Delhi NCR,6.23,0,None,0.0,53,79,0.46,10000,0,0,1,28000
STU-2026-09403,MBA,B,Hyderabad,6.86,6,Startup,0.315,40,68,0.56,10000,0,0,1,60000
STU-2026-09404,MBA,D,Chennai,6.71,2,MNC,0.15,12,100,0.56,20000,0,0,0,49000
STU-2026-09405,Engineering,A,Chennai,9.26,5,MNC,0.375,36,79,0.7,10000,0,1,1,134000
STU-2026-09406,Engineering,C,Delhi NCR,6.19,0,None,0.0,32,68,0.56,10000,0,0,1,31000
STU-2026-09407,Engineering,D,Pune,7.83,0,None,0.0,73,76,0.42,10000,0,0,1,32000
STU-2026-09408,Nursing,D,Delhi NCR,6.17,0,None,0.0,49,87,0.43,20000,0,0,0,27000
STU-2026-09409,Engineering,D,Chennai,5.48,0,None,0.0,35,61,0.67,15000,0,0,0,0
STU-2026-09410,Nursing,A,Chennai,6.94,4,MNC,0.3,77,74,0.48,15000,0,1,1,56000
STU-2026-09411,MBA,D,Pune,7.91,6,SME,0.225,47,59,0.54,10000,0,0,1,46000
STU-2026-09412,Engineering,C,Bengaluru,8.41,0,None,0.0,69,64,0.57,10000,0,0,1,47000
STU-2026-09413,MBA,C,Bengaluru,7.39,5,Startup,0.263,70,57,0.43,10000,0,0,1,72000
STU-2026-09414,MBA,A,Delhi NCR,8.17,2,Startup,0.105,80,71,0.76,20000,0,1,1,73000
STU-2026-09415,Engineering,B,Mumbai,8.85,6,Startup,0.315,44,72,0.61,25000,0,1,1,80000
STU-2026-09416,Engineering,C,Bengaluru,5.66,2,SME,0.075,14,79,0.68,30000,0,0,0,32000
STU-2026-09417,Nursing,A,Pune,8.65,6,SME,0.225,30,99,0.65,15000,0,1,1,92000
STU-2026-09418,Nursing,C,Delhi NCR,7.56,3,SME,0.113,46,42,0.64,20000,0,0,1,33000
STU-2026-09419,Nursing,D,Delhi NCR,7.95,0,None,0.0,61,74,0.62,30000,0,0,1,29000
STU-2026-09420,MBA,D,Delhi NCR,9.07,0,None,0.0,64,81,0.71,30000,0,0,1,36000
STU-2026-09421,Nursing,D,Bengaluru,6.66,3,SME,0.113,25,75,0.54,25000,0,0,1,24000
STU-2026-09422,Nursing,B,Bengaluru,9.2,3,Startup,0.157,93,48,0.63,20000,0,1,1,62000
STU-2026-09423,Nursing,C,Mumbai,7.5,3,MNC,0.225,8,55,0.52,10000,0,0,1,36000
STU-2026-09424,Engineering,A,Mumbai,8.84,5,SME,0.188,64,57,0.57,25000,0,0,1,141000
STU-2026-09425,Engineering,A,Pune,8.21,3,Startup,0.157,80,82,0.6,20000,0,0,1,90000
STU-2026-09426,Engineering,A,Chennai,8.48,6,SME,0.225,61,86,0.6,30000,1,1,1,90000
STU-2026-09427,MBA,D,Bengaluru,7.42,4,SME,0.15,14,84,0.52,15000,0,0,0,38000
STU-2026-09428,Engineering,B,Hyderabad,7.03,2,SME,0.075,91,81,0.64,10000,0,1,1,47000
STU-2026-09429,Engineering,B,Chennai,6.57,3,MNC,0.225,49,60,0.53,30000,0,0,1,60000
STU-2026-09430,MBA,B,Chennai,6.75,6,MNC,0.45,83,87,0.66,25000,0,1,1,70000
STU-2026-09431,MBA,B,Mumbai,9.79,0,None,0.0,54,82,0.68,20000,0,1,1,82000
STU-2026-09432,Engineering,C,Delhi NCR,7.28,4,MNC,0.3,1,69,0.36,10000,0,0,1,65000
STU-2026-09433,Engineering,A,Chennai,8.2,1,Startup,0.052,31,62,0.66,20000,0,1,1,95000
STU-2026-09434,Engineering,D,Bengaluru,6.59,3,SME,0.113,21,72,0.61,15000,0,0,1,31000
STU-2026-09435,MBA,B,Delhi NCR,7.55,6,MNC,0.45,57,100,0.52,10000,0,1,1,87000
STU-2026-09436,MBA,A,Delhi NCR,9.24,3,Startup,0.157,88,67,0.72,15000,1,1,1,152000
STU-2026-09437,Nursing,D,Hyderabad,5.61,0,None,0.0,44,98,0.75,25000,0,0,1,22000
STU-2026-09438,Engineering,B,Delhi NCR,9.93,5,MNC,0.375,76,60,0.72,20000,0,1,1,109000
STU-2026-09439,Nursing,A,Mumbai,8.29,3,SME,0.113,46,75,0.7,15000,0,1,1,76000
STU-2026-09440,MBA,D,Bengaluru,6.56,4,MNC,0.3,0,69,0.66,30000,0,0,0,0
STU-2026-09441,MBA,C,Bengaluru,6.72,2,MNC,0.15,38,56,0.68,25000,0,0,1,70000
STU-2026-09442,Engineering,B,Mumbai,7.47,5,MNC,0.375,86,58,0.56,30000,0,1,1,69000
STU-2026-09443,MBA,D,Hyderabad,6.61,0,None,0.0,61,70,0.51,25000,0,0,0,36000
STU-2026-09444,MBA,C,Mumbai,7.51,0,None,0.0,32,33,0.68,25000,0,0,1,45000
STU-2026-09445,Nursing,D,Bengaluru,5.44,0,None,0.0,74,66,0.68,30000,0,0,0,20000
STU-2026-09446,MBA,C,Mumbai,5.69,4,SME,0.15,51,75,0.39,30000,0,0,1,42000
STU-2026-09447,Engineering,B,Chennai,8.59,6,Startup,0.315,65,66,0.75,30000,0,0,1,108000
STU-2026-09448,MBA,C,Delhi NCR,9.05,0,None,0.0,30,83,0.65,20000,0,0,0,64000
STU-2026-09449,Nursing,B,Bengaluru,6.23,0,None,0.0,33,66,0.57,10000,0,0,1,31000
STU-2026-09450,Engineering,C,Pune,6.33,6,SME,0.225,74,67,0.55,20000,0,0,1,48000
STU-2026-09451,MBA,A,Bengaluru,8.28,2,MNC,0.15,78,51,0.54,30000,1,1,1,67000
STU-2026-09452,Engineering,D,Chennai,5.99,1,SME,0.037,10,71,0.66,15000,0,0,1,27000
STU-2026-09453,MBA,B,Bengaluru,6.58,3,SME,0.113,31,71,0.81,10000,0,0,1,67000
STU-2026-09454,Nursing,C,Bengaluru,6.96,0,None,0.0,29,91,0.72,10000,0,0,1,34000
STU-2026-09455,MBA,C,Pune,5.98,0,None,0.0,11,60,0.63,10000,0,0,0,46000
STU-2026-09456,MBA,B,Hyderabad,7.61,4,MNC,0.3,33,89,0.55,20000,0,1,1,80000
STU-2026-09457,Nursing,C,Chennai,5.74,0,None,0.0,17,49,0.46,20000,0,0,0,21000
STU-2026-09458,MBA,B,Mumbai,7.85,0,None,0.0,62,83,0.5,20000,0,1,1,63000
STU-2026-09459,MBA,D,Chennai,4.0,0,None,0.0,45,57,0.75,20000,0,0,0,23000
STU-2026-09460,Engineering,C,Pune,7.04,6,Startup,0.315,28,95,0.55,10000,0,0,1,46000
STU-2026-09461,Nursing,B,Mumbai,7.5,2,MNC,0.15,35,73,0.61,20000,0,1,1,51000
STU-2026-09462,Engineering,B,Chennai,7.53,1,Startup,0.052,100,70,0.6,25000,0,1,1,61000
STU-2026-09463,Nursing,C,Pune,6.46,4,Startup,0.21,31,81,0.6,10000,0,0,1,24000
STU-2026-09464,MBA,A,Bengaluru,9.42,3,MNC,0.225,78,69,0.59,25000,1,1,1,126000
STU-2026-09465,Nursing,D,Pune,6.85,0,None,0.0,44,39,0.63,25000,0,0,0,0
STU-2026-09466,Nursing,C,Mumbai,8.1,3,SME,0.113,73,93,0.57,15000,0,0,1,27000
STU-2026-09467,MBA,A,Mumbai,8.74,5,Startup,0.263,30,48,0.57,20000,0,0,1,121000
STU-2026-09468,MBA,B,Bengaluru,7.55,3,Startup,0.157,78,78,0.62,20000,0,1,1,83000
STU-2026-09469,Engineering,C,Mumbai,6.17,0,None,0.0,21,78,0.49,20000,0,0,1,33000
STU-2026-09470,Engineering,C,Bengaluru,5.79,5,Startup,0.263,19,84,0.51,30000,0,0,1,39000
STU-2026-09471,Engineering,C,Hyderabad,8.07,4,MNC,0.3,78,84,0.56,10000,0,1,1,52000
STU-2026-09472,Engineering,A,Hyderabad,8.37,2,MNC,0.15,25,74,0.59,30000,0,1,1,99000
STU-2026-09473,MBA,A,Pune,8.87,5,SME,0.188,45,81,0.65,10000,0,1,1,159000
STU-2026-09474,Nursing,B,Chennai,6.55,6,SME,0.225,70,53,0.72,15000,0,0,1,42000
STU-2026-09475,MBA,A,Hyderabad,8.37,0,None,0.0,75,76,0.68,30000,0,1,1,112000
STU-2026-09476,Nursing,B,Hyderabad,5.73,1,SME,0.037,81,66,0.56,30000,0,1,1,20000
STU-2026-09477,MBA,B,Mumbai,7.6,1,MNC,0.075,15,75,0.53,30000,0,0,0,88000
STU-2026-09478,Engineering,D,Chennai,5.25,0,None,0.0,64,55,0.55,25000,0,0,0,0
STU-2026-09479,Nursing,A,Mumbai,8.54,5,Startup,0.263,49,65,0.59,25000,0,0,1,92000
STU-2026-09480,Nursing,C,Chennai,6.12,0,None,0.0,97,63,0.56,25000,0,0,0,20000
STU-2026-09481,Engineering,C,Hyderabad,7.85,3,MNC,0.225,67,62,0.61,30000,0,1,1,57000
STU-2026-09482,Nursing,B,Bengaluru,7.98,4,Startup,0.21,62,60,0.64,20000,0,1,1,50000
STU-2026-09483,Nursing,A,Pune,8.89,2,MNC,0.15,64,61,0.69,15000,0,1,1,86000
STU-2026-09484,Engineering,D,Delhi NCR,8.9,1,MNC,0.075,86,71,0.59,20000,0,0,1,54000
STU-2026-09485,Engineering,D,Chennai,6.71,2,Startup,0.105,25,56,0.51,20000,0,0,1,38000
STU-2026-09486,Nursing,B,Pune,6.01,3,MNC,0.225,31,72,0.5,10000,0,0,1,51000
STU-2026-09487,Nursing,B,Delhi NCR,8.57,4,SME,0.15,26,55,0.62,20000,0,1,1,48000
STU-2026-09488,Engineering,D,Bengaluru,7.24,4,MNC,0.3,29,96,0.66,25000,0,0,1,33000
STU-2026-09489,Engineering,C,Delhi NCR,5.53,2,Startup,0.105,0,74,0.67,15000,0,0,1,32000
STU-2026-09490,Nursing,A,Chennai,9.22,2,Startup,0.105,92,60,0.72,10000,0,1,1,72000
STU-2026-09491,Engineering,C,Mumbai,8.28,0,None,0.0,10,48,0.56,20000,0,0,1,36000
STU-2026-09492,MBA,A,Chennai,8.59,5,Startup,0.263,44,50,0.66,30000,0,1,1,162000
STU-2026-09493,MBA,C,Pune,7.35,0,None,0.0,35,86,0.64,20000,0,0,1,57000
STU-2026-09494,MBA,C,Delhi NCR,7.45,5,MNC,0.375,13,100,0.61,10000,0,0,1,54000
STU-2026-09495,Nursing,D,Bengaluru,6.95,5,SME,0.188,44,53,0.5,15000,0,0,0,27000
STU-2026-09496,Engineering,B,Delhi NCR,7.71,5,SME,0.188,56,75,0.67,25000,0,1,1,72000
STU-2026-09497,MBA,C,Mumbai,7.14,3,MNC,0.225,47,68,0.53,15000,0,0,1,69000
STU-2026-09498,Engineering,C,Mumbai,7.58,0,None,0.0,53,63,0.58,25000,0,0,1,39000
STU-2026-09499,MBA,A,Hyderabad,8.92,4,Startup,0.21,23,100,0.81,25000,0,1,1,147000
STU-2026-09500,Nursing,D,Chennai,7.82,5,Startup,0.263,21,79,0.73,20000,0,0,0,27000
STU-2026-09501,MBA,D,Pune,7.7,0,None,0.0,33,64,0.57,20000,0,0,0,41000
STU-2026-09502,Engineering,B,Delhi NCR,6.18,6,SME,0.225,86,72,0.61,15000,0,1,1,80000
STU-2026-09503,MBA,A,Mumbai,7.36,4,MNC,0.3,23,70,0.42,30000,0,0,1,139000
STU-2026-09504,Nursing,D,Pune,8.63,3,Startup,0.157,1,56,0.64,15000,0,0,1,38000
STU-2026-09505,Nursing,A,Pune,9.38,6,MNC,0.45,75,68,0.71,15000,1,1,1,109000
STU-2026-09506,Nursing,B,Bengaluru,7.01,4,SME,0.15,63,46,0.7,25000,0,0,1,39000
STU-2026-09507,MBA,C,Delhi NCR,4.01,1,SME,0.037,19,56,0.62,30000,0,0,0,0
STU-2026-09508,MBA,B,Hyderabad,7.06,1,SME,0.037,46,44,0.62,10000,0,0,1,68000
STU-2026-09509,Nursing,B,Chennai,8.33,0,None,0.0,60,65,0.69,10000,0,0,1,43000
STU-2026-09510,Engineering,C,Mumbai,7.6,2,Startup,0.105,20,88,0.62,30000,0,0,1,48000
STU-2026-09511,Engineering,D,Chennai,7.94,4,MNC,0.3,0,89,0.67,15000,0,0,1,53000
STU-2026-09512,Engineering,B,Mumbai,6.23,4,Startup,0.21,50,57,0.69,25000,0,1,1,52000
STU-2026-09513,MBA,D,Chennai,5.27,0,None,0.0,16,71,0.6,30000,0,0,0,0
STU-2026-09514,MBA,D,Hyderabad,5.8,4,SME,0.15,81,61,0.52,30000,0,0,1,36000
STU-2026-09515,MBA,C,Delhi NCR,7.41,6,SME,0.225,18,78,0.67,25000,0,0,1,60000
STU-2026-09516,Nursing,C,Pune,5.71,4,MNC,0.3,27,94,0.63,10000,0,1,1,39000
STU-2026-09517,MBA,A,Pune,9.1,5,Startup,0.263,89,87,0.77,25000,1,1,1,163000
STU-2026-09518,Engineering,A,Pune,8.73,2,MNC,0.15,51,83,0.73,30000,0,1,1,90000
STU-2026-09519,MBA,A,Mumbai,7.76,6,SME,0.225,87,66,0.49,15000,0,1,1,106000
STU-2026-09520,Engineering,D,Chennai,5.94,4,Startup,0.21,5,79,0.58,30000,0,0,0,22000
STU-2026-09521,MBA,C,Bengaluru,8.09,0,None,0.0,38,78,0.75,15000,0,0,1,76000
STU-2026-09522,Engineering,D,Delhi NCR,4.54,0,None,0.0,32,43,0.63,15000,0,0,0,0
STU-2026-09523,Engineering,C,Bengaluru,5.49,0,None,0.0,94,65,0.38,10000,0,0,1,35000
STU-2026-09524,MBA,B,Mumbai,7.02,4,Startup,0.21,76,56,0.56,10000,0,1,1,90000
STU-2026-09525,Engineering,B,Delhi NCR,7.28,0,None,0.0,50,69,0.4,30000,0,0,1,38000
STU-2026-09526,MBA,C,Pune,5.79,0,None,0.0,4,78,0.53,15000,0,0,1,30000
STU-2026-09527,Nursing,D,Chennai,6.51,0,None,0.0,42,77,0.82,10000,0,0,0,20000
STU-2026-09528,Nursing,C,Chennai,9.2,2,SME,0.075,17,77,0.51,30000,0,0,1,37000
STU-2026-09529,MBA,A,Delhi NCR,9.78,2,SME,0.075,37,66,0.57,25000,0,1,1,158000
STU-2026-09530,Nursing,D,Pune,6.93,0,None,0.0,0,57,0.48,30000,0,0,0,20000
STU-2026-09531,MBA,D,Pune,8.82,0,None,0.0,50,87,0.83,10000,0,0,1,38000
STU-2026-09532,Nursing,B,Delhi NCR,7.69,3,Startup,0.157,79,60,0.6,10000,0,1,1,58000
STU-2026-09533,MBA,B,Mumbai,6.92,2,SME,0.075,65,56,0.46,30000,0,1,1,47000
STU-2026-09534,Nursing,B,Chennai,7.69,5,SME,0.188,53,78,0.53,30000,0,1,1,49000
STU-2026-09535,Nursing,C,Bengaluru,8.54,1,MNC,0.075,45,54,0.65,10000,0,0,1,39000
STU-2026-09536,Engineering,C,Hyderabad,5.9,3,MNC,0.225,62,56,0.51,10000,0,0,1,40000
STU-2026-09537,Engineering,C,Mumbai,4.44,4,MNC,0.3,16,76,0.57,15000,0,0,0,34000
STU-2026-09538,MBA,C,Bengaluru,7.35,4,SME,0.15,43,20,0.59,15000,0,0,0,61000
STU-2026-09539,Engineering,A,Bengaluru,9.05,6,MNC,0.45,39,71,0.65,20000,0,1,1,108000
STU-2026-09540,Engineering,C,Chennai,5.36,0,None,0.0,39,61,0.41,30000,0,0,0,25000
STU-2026-09541,Nursing,D,Pune,7.7,0,None,0.0,3,91,0.82,10000,0,0,0,24000
STU-2026-09542,MBA,D,Hyderabad,7.93,6,SME,0.225,67,63,0.56,20000,0,0,1,48000
STU-2026-09543,Nursing,B,Chennai,8.41,1,MNC,0.075,63,59,0.61,10000,0,0,1,69000
STU-2026-09544,MBA,B,Pune,7.25,5,MNC,0.375,75,77,0.58,10000,0,1,1,95000
STU-2026-09545,Nursing,C,Mumbai,9.78,3,MNC,0.225,38,31,0.82,25000,0,0,1,52000
STU-2026-09546,Nursing,D,Bengaluru,6.15,0,None,0.0,25,53,0.4,15000,0,0,0,0
STU-2026-09547,MBA,A,Chennai,8.61,3,SME,0.113,27,78,0.83,25000,0,1,1,97000
STU-2026-09548,Engineering,D,Chennai,7.28,6,Startup,0.315,64,90,0.62,10000,0,0,1,49000
STU-2026-09549,Nursing,D,Pune,7.52,0,None,0.0,48,60,0.7,10000,0,0,0,36000
STU-2026-09550,MBA,C,Pune,6.03,0,None,0.0,60,51,0.55,25000,0,0,0,34000
STU-2026-09551,MBA,D,Hyderabad,6.11,0,None,0.0,49,66,0.72,15000,0,0,0,39000
STU-2026-09552,MBA,C,Chennai,6.09,4,MNC,0.3,68,82,0.7,25000,0,0,1,68000
STU-2026-09553,Engineering,B,Mumbai,5.84,5,MNC,0.375,69,72,0.68,30000,0,1,1,51000
STU-2026-09554,Engineering,D,Pune,5.49,4,MNC,0.3,40,66,0.69,25000,0,0,1,33000
STU-2026-09555,Nursing,A,Mumbai,8.22,0,None,0.0,81,66,0.58,25000,0,0,1,72000
STU-2026-09556,Nursing,D,Bengaluru,6.69,3,Startup,0.157,68,52,0.55,15000,0,0,1,28000
STU-2026-09557,MBA,C,Bengaluru,5.38,0,None,0.0,63,50,0.68,10000,0,0,0,45000
STU-2026-09558,Engineering,D,Hyderabad,6.94,1,Startup,0.052,49,69,0.61,20000,0,0,1,37000
STU-2026-09559,MBA,C,Hyderabad,6.72,0,None,0.0,77,59,0.69,30000,0,0,1,57000
STU-2026-09560,Engineering,D,Hyderabad,6.95,3,SME,0.113,48,75,0.48,30000,0,0,1,53000
STU-2026-09561,MBA,C,Hyderabad,8.73,6,MNC,0.45,21,43,0.61,10000,0,1,1,90000
STU-2026-09562,Engineering,B,Bengaluru,9.39,4,SME,0.15,44,73,0.59,25000,0,1,1,90000
STU-2026-09563,Engineering,B,Pune,8.69,6,Startup,0.315,58,89,0.63,30000,1,1,1,104000
STU-2026-09564,MBA,C,Delhi NCR,6.82,0,None,0.0,23,73,0.7,25000,0,0,0,45000
STU-2026-09565,MBA,B,Mumbai,8.18,3,SME,0.113,8,54,0.54,25000,0,0,1,80000
STU-2026-09566,MBA,B,Mumbai,7.2,1,MNC,0.075,33,97,0.54,15000,0,0,1,84000
STU-2026-09567,Engineering,B,Delhi NCR,6.72,3,MNC,0.225,36,80,0.55,20000,0,0,1,55000
STU-2026-09568,Engineering,B,Bengaluru,7.04,3,MNC,0.225,40,52,0.95,20000,0,0,1,50000
STU-2026-09569,Nursing,A,Hyderabad,9.1,3,Startup,0.157,65,70,0.55,25000,0,1,1,78000
STU-2026-09570,Engineering,A,Delhi NCR,9.11,2,SME,0.075,55,87,0.59,25000,0,1,1,85000
STU-2026-09571,MBA,B,Bengaluru,9.64,3,Startup,0.157,60,70,0.79,25000,0,1,1,112000
STU-2026-09572,MBA,A,Bengaluru,8.25,2,SME,0.075,45,88,0.46,30000,0,0,1,101000
STU-2026-09573,Engineering,D,Mumbai,7.1,0,None,0.0,40,42,0.83,15000,0,0,1,30000
STU-2026-09574,MBA,C,Hyderabad,7.32,6,SME,0.225,51,65,0.64,25000,0,0,1,75000
STU-2026-09575,MBA,A,Chennai,8.26,5,MNC,0.375,66,67,0.56,30000,0,1,1,128000
STU-2026-09576,Nursing,D,Hyderabad,6.24,0,None,0.0,34,85,0.56,15000,0,0,0,20000
STU-2026-09577,Nursing,B,Hyderabad,7.45,2,SME,0.075,94,64,0.66,15000,0,1,1,45000
STU-2026-09578,Nursing,B,Hyderabad,6.54,4,SME,0.15,70,41,0.5,30000,0,0,1,40000
STU-2026-09579,Engineering,D,Hyderabad,6.9,5,MNC,0.375,75,79,0.62,20000,0,0,1,41000
STU-2026-09580,Nursing,A,Pune,7.29,6,Startup,0.315,18,51,0.72,30000,0,0,1,68000
STU-2026-09581,Engineering,D,Delhi NCR,8.03,0,None,0.0,0,61,0.49,15000,0,0,0,40000
STU-2026-09582,Engineering,C,Mumbai,7.49,0,None,0.0,78,78,0.62,30000,0,1,1,29000
STU-2026-09583,Nursing,B,Pune,9.7,4,MNC,0.3,95,68,0.53,20000,0,1,1,67000
STU-2026-09584,Engineering,A,Hyderabad,9.16,1,Startup,0.052,11,100,0.6,30000,0,1,1,81000
STU-2026-09585,MBA,D,Mumbai,7.67,2,Startup,0.105,50,78,0.53,15000,0,0,1,39000
STU-2026-09586,Nursing,C,Mumbai,7.72,4,MNC,0.3,74,74,0.33,15000,0,1,1,44000
STU-2026-09587,MBA,D,Bengaluru,4.0,1,Startup,0.052,0,54,0.6,25000,0,0,0,0
STU-2026-09588,MBA,D,Chennai,5.73,5,Startup,0.263,63,88,0.69,25000,0,0,0,47000
STU-2026-09589,Nursing,B,Chennai,7.02,1,SME,0.037,99,74,0.72,10000,0,1,1,43000
STU-2026-09590,Nursing,A,Delhi NCR,7.91,4,Startup,0.21,84,84,0.57,25000,0,1,1,66000
STU-2026-09591,Nursing,B,Bengaluru,8.32,0,None,0.0,65,74,0.56,15000,0,1,1,36000
STU-2026-09592,Nursing,D,Delhi NCR,7.74,0,None,0.0,65,65,0.46,25000,0,0,1,31000
STU-2026-09593,Engineering,C,Bengaluru,8.93,0,None,0.0,56,61,0.67,10000,0,0,1,53000
STU-2026-09594,Nursing,B,Bengaluru,6.62,0,None,0.0,72,77,0.84,30000,0,0,1,46000
STU-2026-09595,Nursing,D,Pune,8.47,0,None,0.0,41,89,0.52,20000,0,0,1,27000
STU-2026-09596,Engineering,C,Hyderabad,6.61,0,None,0.0,0,97,0.57,30000,0,0,1,39000
STU-2026-09597,MBA,D,Mumbai,6.47,0,None,0.0,8,56,0.58,30000,0,0,0,32000
STU-2026-09598,MBA,A,Pune,7.65,3,Startup,0.157,69,83,0.48,15000,0,1,1,118000
STU-2026-09599,MBA,D,Pune,6.6,5,SME,0.188,31,84,0.62,20000,0,0,0,39000
STU-2026-09600,MBA,B,Pune,5.84,5,Startup,0.263,56,50,0.42,10000,0,0,0,89000
STU-2026-09601,Engineering,D,Bengaluru,5.16,6,SME,0.225,32,71,0.61,20000,0,0,1,29000
STU-2026-09602,Engineering,C,Hyderabad,6.26,1,MNC,0.075,45,73,0.61,30000,0,0,1,35000
STU-2026-09603,Nursing,D,Pune,6.56,6,SME,0.225,7,66,0.54,15000,0,0,1,22000
STU-2026-09604,Nursing,C,Chennai,6.23,3,SME,0.113,27,80,0.47,10000,0,0,1,30000
STU-2026-09605,MBA,A,Delhi NCR,8.94,3,SME,0.113,43,50,0.65,25000,0,0,1,118000
STU-2026-09606,Nursing,B,Delhi NCR,7.26,4,Startup,0.21,72,47,0.57,20000,0,0,1,43000
STU-2026-09607,Engineering,C,Delhi NCR,6.37,0,None,0.0,62,62,0.56,25000,0,0,1,35000
STU-2026-09608,MBA,D,Mumbai,8.41,4,Startup,0.21,0,66,0.68,30000,0,0,1,56000
STU-2026-09609,Nursing,D,Pune,8.32,0,None,0.0,21,77,0.67,15000,0,0,1,29000
STU-2026-09610,Engineering,D,Delhi NCR,5.57,4,SME,0.15,58,51,0.64,10000,0,0,0,28000
STU-2026-09611,MBA,B,Bengaluru,7.3,1,MNC,0.075,70,93,0.61,25000,0,0,1,57000
STU-2026-09612,Engineering,B,Pune,8.66,6,MNC,0.45,64,67,0.61,25000,0,1,1,88000
STU-2026-09613,MBA,D,Chennai,6.0,0,None,0.0,7,54,0.57,30000,0,0,0,32000
STU-2026-09614,Engineering,A,Delhi NCR,8.41,0,None,0.0,82,76,0.8,20000,0,1,1,84000
STU-2026-09615,Engineering,D,Chennai,6.34,1,MNC,0.075,90,88,0.45,25000,0,0,1,33000
STU-2026-09616,Nursing,A,Bengaluru,8.3,1,Startup,0.052,70,56,0.62,20000,0,1,1,64000
STU-2026-09617,Engineering,A,Mumbai,8.97,5,SME,0.188,55,71,0.63,10000,0,1,1,130000
STU-2026-09618,MBA,C,Hyderabad,6.82,3,SME,0.113,31,99,0.34,15000,0,0,1,53000
STU-2026-09619,Nursing,B,Bengaluru,8.07,3,Startup,0.157,61,89,0.64,20000,0,0,1,41000
STU-2026-09620,MBA,C,Bengaluru,6.54,0,None,0.0,55,90,0.53,15000,0,0,0,50000
STU-2026-09621,Engineering,C,Chennai,6.85,5,Startup,0.263,44,53,0.72,20000,0,0,1,52000
STU-2026-09622,Engineering,B,Hyderabad,7.78,5,SME,0.188,71,59,0.51,20000,0,1,1,74000
STU-2026-09623,Nursing,A,Pune,8.47,5,MNC,0.375,83,75,0.56,15000,1,1,1,96000
STU-2026-09624,Engineering,B,Hyderabad,7.98,0,None,0.0,42,55,0.69,25000,0,0,1,42000
STU-2026-09625,Nursing,C,Hyderabad,5.15,4,MNC,0.3,7,86,0.6,20000,0,0,1,27000
STU-2026-09626,Nursing,D,Hyderabad,5.53,0,None,0.0,59,80,0.53,10000,0,0,1,21000
STU-2026-09627,Engineering,D,Bengaluru,5.78,0,None,0.0,33,64,0.63,10000,0,0,0,0
STU-2026-09628,Nursing,A,Bengaluru,7.64,4,Startup,0.21,76,46,0.58,10000,0,0,1,81000
STU-2026-09629,Nursing,A,Mumbai,8.47,2,MNC,0.15,31,54,0.6,25000,0,0,1,63000
STU-2026-09630,Nursing,B,Hyderabad,6.68,0,None,0.0,86,61,0.67,20000,0,0,1,41000
STU-2026-09631,MBA,B,Hyderabad,5.95,5,SME,0.188,46,68,0.62,30000,0,0,1,68000
STU-2026-09632,Nursing,D,Bengaluru,7.41,2,MNC,0.15,40,73,0.5,15000,0,0,0,24000
STU-2026-09633,Nursing,C,Mumbai,4.78,0,None,0.0,46,84,0.51,10000,0,0,1,22000
STU-2026-09634,Nursing,C,Mumbai,6.14,0,None,0.0,31,87,0.37,10000,0,0,1,30000
STU-2026-09635,Nursing,B,Chennai,6.91,0,None,0.0,58,94,0.47,10000,0,0,1,42000
STU-2026-09636,Engineering,D,Mumbai,7.05,0,None,0.0,41,97,0.49,30000,0,0,0,20000
STU-2026-09637,MBA,D,Delhi NCR,5.51,0,None,0.0,23,75,0.7,30000,0,0,0,0
STU-2026-09638,Engineering,C,Delhi NCR,6.63,5,MNC,0.375,75,67,0.65,30000,0,1,1,45000
STU-2026-09639,MBA,C,Delhi NCR,5.44,0,None,0.0,81,79,0.47,30000,0,0,0,38000
STU-2026-09640,Engineering,D,Chennai,8.47,1,SME,0.037,65,86,0.56,20000,0,0,1,35000
STU-2026-09641,MBA,D,Delhi NCR,6.3,1,Startup,0.052,12,57,0.53,25000,0,0,0,40000
STU-2026-09642,MBA,B,Bengaluru,9.17,0,None,0.0,53,79,0.58,10000,0,1,1,69000
STU-2026-09643,MBA,D,Mumbai,6.16,3,Startup,0.157,57,79,0.66,25000,0,0,1,30000
STU-2026-09644,Engineering,C,Mumbai,5.29,2,SME,0.075,54,82,0.67,15000,0,1,1,28000
STU-2026-09645,MBA,A,Pune,8.5,3,Startup,0.157,59,79,0.64,25000,0,1,1,134000
STU-2026-09646,Engineering,C,Mumbai,6.9,5,MNC,0.375,43,87,0.85,30000,0,0,1,65000
STU-2026-09647,MBA,C,Chennai,7.57,0,None,0.0,21,65,0.69,20000,0,0,1,54000
STU-2026-09648,MBA,B,Pune,6.81,2,SME,0.075,45,56,0.55,10000,0,0,1,72000
STU-2026-09649,Nursing,C,Pune,5.81,0,None,0.0,59,56,0.68,25000,0,0,0,32000
STU-2026-09650,Engineering,A,Chennai,8.72,0,None,0.0,77,67,0.66,15000,0,1,1,77000
STU-2026-09651,Engineering,D,Mumbai,6.43,1,MNC,0.075,78,85,0.38,25000,0,0,0,31000
STU-2026-09652,MBA,C,Pune,8.31,0,None,0.0,46,32,0.48,20000,0,0,1,61000
STU-2026-09653,Engineering,C,Chennai,6.96,2,MNC,0.15,68,65,0.67,10000,0,1,1,47000
STU-2026-09654,Engineering,A,Bengaluru,7.48,4,SME,0.15,51,56,0.38,15000,0,0,1,97000
STU-2026-09655,Engineering,D,Pune,6.81,0,None,0.0,74,72,0.69,30000,0,0,0,29000
STU-2026-09656,Engineering,B,Bengaluru,7.23,0,None,0.0,43,93,0.41,30000,0,0,1,63000
STU-2026-09657,Engineering,A,Delhi NCR,8.81,2,MNC,0.15,52,56,0.71,25000,0,1,1,91000
STU-2026-09658,Nursing,A,Bengaluru,9.0,2,MNC,0.15,66,65,0.63,15000,0,1,1,79000
STU-2026-09659,Nursing,D,Delhi NCR,6.98,3,Startup,0.157,0,68,0.54,20000,0,0,0,25000
STU-2026-09660,MBA,D,Pune,6.2,1,SME,0.037,33,72,0.53,20000,0,0,0,41000
STU-2026-09661,Nursing,A,Mumbai,8.78,0,None,0.0,79,61,0.57,20000,0,1,1,63000
STU-2026-09662,Nursing,C,Chennai,5.41,5,MNC,0.375,27,95,0.53,20000,0,0,1,29000
STU-2026-09663,MBA,C,Mumbai,7.47,3,Startup,0.157,49,81,0.85,15000,0,1,1,70000
STU-2026-09664,Nursing,C,Pune,10.0,5,SME,0.188,52,64,0.57,10000,0,1,1,41000
STU-2026-09665,MBA,D,Hyderabad,4.46,6,Startup,0.315,19,82,0.66,30000,0,0,0,39000
STU-2026-09666,Nursing,A,Delhi NCR,8.69,5,MNC,0.375,67,70,0.69,20000,1,1,1,88000
STU-2026-09667,Nursing,A,Delhi NCR,8.85,4,MNC,0.3,47,74,0.64,30000,0,1,1,91000
STU-2026-09668,Nursing,C,Delhi NCR,7.53,0,None,0.0,13,73,0.82,10000,0,0,1,37000
STU-2026-09669,Engineering,A,Pune,8.12,4,MNC,0.3,84,59,0.6,25000,1,1,1,106000
STU-2026-09670,MBA,D,Hyderabad,7.56,3,Startup,0.157,55,40,0.64,20000,0,0,0,55000
STU-2026-09671,Engineering,D,Bengaluru,6.94,0,None,0.0,12,52,0.59,25000,0,0,1,39000
STU-2026-09672,MBA,D,Delhi NCR,7.23,3,SME,0.113,53,79,0.55,30000,0,0,1,52000
STU-2026-09673,Engineering,B,Chennai,6.9,3,MNC,0.225,89,50,0.51,15000,0,1,1,60000
STU-2026-09674,Nursing,A,Pune,8.1,0,None,0.0,73,87,0.66,25000,0,1,1,70000
STU-2026-09675,MBA,C,Hyderabad,7.29,5,SME,0.188,67,100,0.65,10000,0,0,1,71000
STU-2026-09676,Nursing,D,Mumbai,6.62,0,None,0.0,48,75,0.54,15000,0,0,0,15000
STU-2026-09677,Nursing,B,Pune,7.4,3,SME,0.113,71,70,0.55,10000,0,1,1,39000
STU-2026-09678,Nursing,C,Bengaluru,5.53,0,None,0.0,53,79,0.65,20000,0,0,0,28000
STU-2026-09679,Engineering,B,Mumbai,6.38,2,Startup,0.105,54,81,0.69,25000,0,0,1,69000
STU-2026-09680,Engineering,A,Pune,8.1,2,Startup,0.105,62,85,0.76,30000,0,1,1,108000
STU-2026-09681,MBA,D,Bengaluru,6.25,0,None,0.0,82,71,0.63,25000,0,0,0,37000
STU-2026-09682,Nursing,B,Pune,6.77,0,None,0.0,59,70,0.49,15000,0,0,1,26000
STU-2026-09683,Engineering,A,Pune,7.21,1,SME,0.037,60,84,0.56,25000,0,1,1,90000
STU-2026-09684,Nursing,B,Bengaluru,8.33,5,Startup,0.263,76,72,0.55,30000,0,1,1,70000
STU-2026-09685,MBA,B,Mumbai,9.31,6,Startup,0.315,100,93,0.6,25000,0,1,1,124000
STU-2026-09686,MBA,A,Hyderabad,9.08,4,Startup,0.21,9,48,0.55,10000,0,0,1,107000
STU-2026-09687,MBA,B,Hyderabad,7.88,5,SME,0.188,85,67,0.43,25000,0,1,1,72000
STU-2026-09688,Engineering,D,Delhi NCR,5.59,0,None,0.0,64,88,0.57,25000,0,0,1,21000
STU-2026-09689,MBA,A,Pune,8.62,0,None,0.0,52,50,0.51,15000,0,1,1,86000
STU-2026-09690,Nursing,C,Delhi NCR,6.46,0,None,0.0,67,63,0.45,10000,0,0,1,30000
STU-2026-09691,Engineering,A,Hyderabad,7.16,3,Startup,0.157,84,81,0.64,10000,0,1,1,87000
STU-2026-09692,Nursing,B,Delhi NCR,7.83,0,None,0.0,61,83,0.73,15000,0,0,1,39000
STU-2026-09693,Nursing,D,Bengaluru,6.33,0,None,0.0,25,87,0.45,20000,0,0,0,26000
STU-2026-09694,Engineering,A,Pune,7.74,1,SME,0.037,89,87,0.57,25000,0,1,1,72000
STU-2026-09695,Engineering,D,Delhi NCR,5.48,1,Startup,0.052,28,90,0.55,20000,0,0,0,22000
STU-2026-09696,MBA,B,Bengaluru,8.37,3,MNC,0.225,77,59,0.37,10000,0,1,1,102000
STU-2026-09697,Engineering,C,Pune,6.78,3,Startup,0.157,42,75,0.55,10000,0,0,0,50000
STU-2026-09698,MBA,C,Mumbai,5.74,0,None,0.0,10,78,0.49,25000,0,0,0,51000
STU-2026-09699,Engineering,B,Pune,9.09,5,Startup,0.263,84,81,0.72,10000,1,1,1,99000
STU-2026-09700,Nursing,A,Bengaluru,8.4,6,Startup,0.315,77,63,0.61,30000,0,1,1,83000
STU-2026-09701,Engineering,A,Hyderabad,7.95,0,None,0.0,86,56,0.61,10000,0,0,1,57000
STU-2026-09702,Nursing,C,Pune,8.23,6,Startup,0.315,72,63,0.61,20000,0,0,1,44000
STU-2026-09703,Engineering,C,Hyderabad,6.21,0,None,0.0,52,64,0.64,20000,0,0,1,38000
STU-2026-09704,Nursing,C,Delhi NCR,6.95,2,SME,0.075,26,70,0.43,25000,0,0,1,27000
STU-2026-09705,Engineering,D,Hyderabad,4.5,0,None,0.0,37,75,0.73,25000,0,0,0,23000
STU-2026-09706,Engineering,D,Pune,7.92,5,MNC,0.375,61,53,0.65,30000,0,0,1,65000
STU-2026-09707,MBA,B,Hyderabad,8.2,1,Startup,0.052,48,76,0.5,30000,0,0,1,91000
STU-2026-09708,MBA,B,Pune,6.52,2,SME,0.075,56,73,0.58,10000,0,0,1,66000
STU-2026-09709,Nursing,A,Pune,8.32,3,SME,0.113,77,100,0.4,25000,0,1,1,74000
STU-2026-09710,MBA,C,Delhi NCR,8.01,0,None,0.0,49,87,0.45,10000,0,0,1,70000
STU-2026-09711,Nursing,A,Pune,7.51,3,Startup,0.157,2,58,0.64,10000,0,0,1,54000
STU-2026-09712,Nursing,A,Hyderabad,7.62,0,None,0.0,33,52,0.51,30000,0,0,1,38000
STU-2026-09713,MBA,B,Bengaluru,8.87,0,None,0.0,58,53,0.5,15000,0,0,1,82000
STU-2026-09714,MBA,D,Bengaluru,6.98,2,Startup,0.105,35,59,0.6,15000,0,0,0,0
STU-2026-09715,Engineering,B,Pune,6.28,4,SME,0.15,46,50,0.58,20000,0,0,1,67000
STU-2026-09716,Engineering,C,Bengaluru,5.05,0,None,0.0,78,40,0.8,25000,0,0,1,32000
STU-2026-09717,Engineering,C,Hyderabad,5.16,0,None,0.0,32,66,0.59,25000,0,0,1,33000
STU-2026-09718,Engineering,C,Bengaluru,6.6,0,None,0.0,65,88,0.54,15000,0,0,1,50000
STU-2026-09719,Engineering,D,Chennai,6.51,3,SME,0.113,24,68,0.71,15000,0,0,1,32000
STU-2026-09720,Engineering,C,Bengaluru,7.53,5,Startup,0.263,46,68,0.57,15000,0,0,1,51000
STU-2026-09721,MBA,C,Mumbai,6.88,0,None,0.0,39,48,0.55,20000,0,0,0,63000
STU-2026-09722,Nursing,D,Delhi NCR,6.61,0,None,0.0,47,100,0.44,10000,0,0,0,20000
STU-2026-09723,Nursing,D,Mumbai,6.4,5,SME,0.188,34,62,0.48,30000,0,0,1,24000
STU-2026-09724,Nursing,D,Bengaluru,8.22,0,None,0.0,15,99,0.43,10000,0,0,1,24000
STU-2026-09725,Nursing,C,Mumbai,6.84,0,None,0.0,16,38,0.52,15000,0,0,1,25000
STU-2026-09726,Engineering,D,Delhi NCR,7.41,0,None,0.0,40,63,0.8,10000,0,0,1,35000
STU-2026-09727,Nursing,A,Chennai,8.27,3,Startup,0.157,92,48,0.82,20000,1,1,1,78000
STU-2026-09728,Nursing,A,Chennai,8.69,2,SME,0.075,55,72,0.64,20000,0,1,1,88000
STU-2026-09729,MBA,B,Pune,7.72,0,None,0.0,63,57,0.72,25000,0,0,1,66000
STU-2026-09730,Engineering,B,Bengaluru,6.41,0,None,0.0,57,52,0.63,20000,0,0,1,45000
STU-2026-09731,Engineering,C,Pune,7.08,5,MNC,0.375,71,67,0.59,30000,0,0,1,52000
STU-2026-09732,Nursing,C,Hyderabad,6.38,0,None,0.0,21,76,0.59,30000,0,0,1,32000
STU-2026-09733,Nursing,B,Bengaluru,6.45,6,Startup,0.315,43,80,0.57,20000,0,1,1,48000
STU-2026-09734,MBA,C,Bengaluru,5.66,5,Startup,0.263,53,74,0.5,25000,0,0,1,50000
STU-2026-09735,MBA,D,Delhi NCR,7.7,0,None,0.0,69,70,0.43,15000,0,0,1,59000
STU-2026-09736,Nursing,C,Pune,7.66,0,None,0.0,33,76,0.68,15000,0,0,1,39000
STU-2026-09737,MBA,D,Pune,5.44,0,None,0.0,30,77,0.67,25000,0,0,0,29000
STU-2026-09738,Engineering,B,Mumbai,6.83,1,MNC,0.075,45,78,0.6,15000,0,1,1,46000
STU-2026-09739,Nursing,A,Bengaluru,8.07,6,SME,0.225,75,75,0.49,25000,0,1,1,77000
STU-2026-09740,MBA,B,Chennai,9.42,3,MNC,0.225,57,87,0.56,10000,0,1,1,115000
STU-2026-09741,MBA,C,Chennai,4.76,3,Startup,0.157,0,60,0.47,20000,0,0,0,0
STU-2026-09742,MBA,C,Hyderabad,7.69,6,SME,0.225,20,65,0.61,15000,0,0,1,70000
STU-2026-09743,Nursing,D,Hyderabad,7.04,5,SME,0.188,52,63,0.53,15000,0,0,0,31000
STU-2026-09744,MBA,B,Delhi NCR,6.81,2,MNC,0.15,100,81,0.7,30000,0,1,1,79000
STU-2026-09745,Engineering,C,Chennai,7.37,0,None,0.0,54,73,0.54,20000,0,0,0,45000
STU-2026-09746,Engineering,A,Delhi NCR,9.23,0,None,0.0,57,72,0.47,15000,0,1,1,77000
STU-2026-09747,Nursing,C,Pune,5.41,0,None,0.0,42,69,0.68,10000,0,0,1,20000
STU-2026-09748,MBA,B,Chennai,5.56,1,Startup,0.052,41,59,0.66,25000,0,0,1,54000
STU-2026-09749,MBA,D,Mumbai,7.69,0,None,0.0,100,68,0.58,10000,0,0,1,46000
STU-2026-09750,Nursing,A,Mumbai,9.11,1,MNC,0.075,50,64,0.55,15000,0,0,1,77000
STU-2026-09751,Engineering,B,Bengaluru,7.67,3,MNC,0.225,59,98,0.64,15000,0,1,1,76000
STU-2026-09752,Engineering,D,Hyderabad,6.39,2,MNC,0.15,32,67,0.57,15000,0,0,1,44000
STU-2026-09753,Nursing,C,Delhi NCR,6.36,0,None,0.0,42,74,0.55,15000,0,0,0,31000
STU-2026-09754,Engineering,D,Bengaluru,6.19,4,SME,0.15,18,97,0.48,15000,0,0,1,32000
STU-2026-09755,Engineering,C,Delhi NCR,5.34,0,None,0.0,31,67,0.44,25000,0,0,0,32000
STU-2026-09756,Engineering,C,Chennai,6.38,0,None,0.0,52,73,0.73,20000,0,0,0,35000
STU-2026-09757,Engineering,D,Pune,8.0,4,Startup,0.21,54,35,0.43,30000,0,0,1,55000
STU-2026-09758,Nursing,A,Mumbai,7.85,6,Startup,0.315,73,71,0.66,30000,1,1,1,91000
STU-2026-09759,Engineering,B,Bengaluru,8.41,3,MNC,0.225,48,68,0.65,15000,0,1,1,83000
STU-2026-09760,Engineering,D,Bengaluru,4.68,0,None,0.0,70,44,0.52,20000,0,0,0,21000
STU-2026-09761,MBA,A,Bengaluru,9.33,0,None,0.0,37,65,0.4,25000,0,1,1,116000
STU-2026-09762,Nursing,B,Mumbai,6.26,0,None,0.0,86,86,0.61,20000,0,1,1,34000
STU-2026-09763,MBA,A,Hyderabad,8.77,2,MNC,0.15,77,54,0.64,30000,0,1,1,110000
STU-2026-09764,Engineering,C,Delhi NCR,5.27,0,None,0.0,52,66,0.45,15000,0,0,1,34000
STU-2026-09765,MBA,D,Pune,5.39,2,SME,0.075,40,93,0.51,25000,0,0,1,32000
STU-2026-09766,Engineering,B,Bengaluru,7.43,3,MNC,0.225,32,50,0.53,30000,0,1,1,91000
STU-2026-09767,Engineering,A,Hyderabad,10.0,5,SME,0.188,58,65,0.5,25000,1,1,1,109000
STU-2026-09768,Nursing,A,Hyderabad,8.01,1,Startup,0.052,70,77,0.54,30000,0,1,1,59000
STU-2026-09769,MBA,D,Hyderabad,5.8,5,SME,0.188,14,48,0.64,30000,0,0,0,33000
STU-2026-09770,Nursing,B,Chennai,6.27,1,SME,0.037,35,61,0.71,10000,0,0,1,39000
STU-2026-09771,Nursing,C,Hyderabad,8.67,6,Startup,0.315,44,59,0.59,20000,0,0,1,62000
STU-2026-09772,MBA,A,Bengaluru,6.81,6,MNC,0.45,82,44,0.68,30000,0,1,1,162000
STU-2026-09773,Nursing,A,Mumbai,8.74,0,None,0.0,71,56,0.78,10000,1,1,1,88000
STU-2026-09774,MBA,C,Mumbai,5.6,0,None,0.0,35,52,0.54,20000,0,0,0,44000
STU-2026-09775,Nursing,D,Bengaluru,7.44,4,MNC,0.3,0,69,0.65,20000,0,0,1,35000
STU-2026-09776,Engineering,B,Bengaluru,7.99,1,MNC,0.075,55,74,0.86,30000,0,1,1,67000
STU-2026-09777,Nursing,D,Pune,7.67,5,Startup,0.263,42,71,0.7,30000,0,0,1,33000
STU-2026-09778,MBA,C,Bengaluru,5.16,0,None,0.0,59,86,0.66,25000,0,0,1,37000
STU-2026-09779,Engineering,A,Mumbai,8.32,6,Startup,0.315,82,86,0.46,20000,0,1,1,120000
STU-2026-09780,Engineering,C,Chennai,5.19,4,MNC,0.3,63,66,0.67,30000,0,0,1,38000
STU-2026-09781,MBA,C,Chennai,5.5,6,MNC,0.45,26,68,0.59,10000,0,0,1,51000
STU-2026-09782,Engineering,C,Delhi NCR,6.76,0,None,0.0,78,82,0.61,10000,0,0,1,31000
STU-2026-09783,Nursing,A,Bengaluru,8.71,6,MNC,0.45,75,41,0.67,25000,0,1,1,92000
STU-2026-09784,MBA,D,Mumbai,7.87,6,SME,0.225,58,69,0.67,30000,0,0,1,49000
STU-2026-09785,MBA,D,Hyderabad,8.31,0,None,0.0,73,60,0.55,15000,0,0,1,43000
STU-2026-09786,MBA,C,Bengaluru,7.76,0,None,0.0,14,66,0.7,15000,0,0,0,51000
STU-2026-09787,Engineering,A,Delhi NCR,8.5,3,MNC,0.225,24,71,0.72,10000,0,1,1,106000
STU-2026-09788,Engineering,C,Chennai,6.82,5,Startup,0.263,77,91,0.59,10000,0,0,1,56000
STU-2026-09789,MBA,B,Chennai,8.63,1,SME,0.037,88,79,0.56,30000,0,0,1,107000
STU-2026-09790,Engineering,A,Chennai,9.48,6,SME,0.225,45,73,0.58,30000,0,1,1,112000
STU-2026-09791,Nursing,A,Delhi NCR,8.75,0,None,0.0,37,64,0.69,20000,0,0,1,71000
STU-2026-09792,Nursing,A,Delhi NCR,7.76,0,None,0.0,92,75,0.52,10000,0,1,1,60000
STU-2026-09793,Nursing,C,Mumbai,6.96,6,MNC,0.45,62,61,0.74,20000,0,1,1,39000
STU-2026-09794,MBA,C,Chennai,6.28,0,None,0.0,9,75,0.58,30000,0,0,0,33000
STU-2026-09795,Nursing,D,Bengaluru,6.17,3,MNC,0.225,15,77,0.54,15000,0,0,1,24000
STU-2026-09796,Engineering,D,Delhi NCR,8.75,0,None,0.0,41,84,0.59,20000,0,0,1,35000
STU-2026-09797,Nursing,C,Chennai,6.75,0,None,0.0,28,98,0.48,30000,0,0,1,23000
STU-2026-09798,Nursing,B,Delhi NCR,8.24,5,SME,0.188,48,74,0.58,25000,0,0,1,55000
STU-2026-09799,Engineering,C,Bengaluru,6.3,0,None,0.0,54,55,0.65,30000,0,0,1,35000
STU-2026-09800,Engineering,D,Delhi NCR,5.21,3,MNC,0.225,83,77,0.53,20000,0,0,1,22000
STU-2026-09801,Nursing,B,Hyderabad,8.68,6,Startup,0.315,100,82,0.5,30000,0,1,1,77000
STU-2026-09802,Nursing,C,Chennai,6.62,0,None,0.0,30,87,0.54,25000,0,0,1,28000
STU-2026-09803,Nursing,B,Mumbai,7.75,5,SME,0.188,93,63,0.54,30000,0,1,1,42000
STU-2026-09804,Engineering,B,Bengaluru,8.44,4,Startup,0.21,76,70,0.51,10000,0,0,1,66000
STU-2026-09805,MBA,B,Hyderabad,7.27,0,None,0.0,22,100,0.64,25000,0,0,1,66000
STU-2026-09806,Engineering,B,Mumbai,8.24,4,SME,0.15,54,68,0.74,10000,0,1,1,70000
STU-2026-09807,Nursing,D,Chennai,9.23,0,None,0.0,38,62,0.61,10000,0,0,1,26000
STU-2026-09808,Nursing,C,Hyderabad,7.38,0,None,0.0,93,84,0.67,25000,0,0,1,27000
STU-2026-09809,MBA,B,Bengaluru,6.5,0,None,0.0,63,64,0.46,10000,0,0,1,64000
STU-2026-09810,Engineering,C,Bengaluru,7.5,0,None,0.0,19,69,0.64,30000,0,0,0,38000
STU-2026-09811,MBA,A,Hyderabad,8.19,3,SME,0.113,42,65,0.85,15000,0,0,1,142000
STU-2026-09812,MBA,D,Delhi NCR,7.21,2,Startup,0.105,9,80,0.6,15000,0,0,1,50000
STU-2026-09813,MBA,A,Pune,8.36,0,None,0.0,54,88,0.56,10000,0,0,1,77000
STU-2026-09814,MBA,B,Bengaluru,6.26,1,MNC,0.075,76,65,0.52,15000,0,0,1,70000
STU-2026-09815,MBA,D,Hyderabad,7.56,4,Startup,0.21,44,61,0.56,25000,0,0,1,45000
STU-2026-09816,MBA,A,Bengaluru,8.11,2,MNC,0.15,41,75,0.65,10000,0,1,1,125000
STU-2026-09817,MBA,A,Hyderabad,8.38,2,SME,0.075,43,69,0.5,20000,0,0,1,111000
STU-2026-09818,Nursing,C,Bengaluru,6.2,0,None,0.0,55,56,0.88,25000,0,0,1,26000
STU-2026-09819,Engineering,A,Delhi NCR,7.75,2,MNC,0.15,76,67,0.5,30000,0,0,1,100000
STU-2026-09820,Nursing,A,Bengaluru,8.72,6,Startup,0.315,67,67,0.57,30000,1,1,1,87000
STU-2026-09821,Engineering,B,Mumbai,8.62,4,SME,0.15,58,68,0.64,20000,0,1,1,87000
STU-2026-09822,Engineering,D,Pune,6.74,0,None,0.0,31,52,0.67,15000,0,0,0,0
STU-2026-09823,MBA,C,Pune,8.85,6,MNC,0.45,61,59,0.72,20000,0,1,1,98000
STU-2026-09824,Engineering,C,Delhi NCR,6.48,0,None,0.0,54,49,0.61,30000,0,0,0,35000
STU-2026-09825,Nursing,B,Bengaluru,6.81,0,None,0.0,47,89,0.46,20000,0,0,1,32000
STU-2026-09826,Nursing,B,Delhi NCR,8.82,3,SME,0.113,69,49,0.63,15000,0,0,1,57000
STU-2026-09827,Nursing,D,Hyderabad,5.21,6,Startup,0.315,71,40,0.52,30000,0,0,0,25000
STU-2026-09828,MBA,C,Pune,6.21,0,None,0.0,35,60,0.46,30000,0,0,0,36000
STU-2026-09829,Engineering,B,Delhi NCR,5.67,0,None,0.0,73,51,0.75,30000,0,0,1,48000
STU-2026-09830,MBA,A,Chennai,7.29,1,Startup,0.052,100,35,0.51,20000,0,1,1,110000
STU-2026-09831,Engineering,B,Bengaluru,6.77,6,SME,0.225,44,67,0.59,10000,0,0,1,77000
STU-2026-09832,MBA,C,Mumbai,5.98,0,None,0.0,77,76,0.7,20000,0,0,0,49000
STU-2026-09833,MBA,B,Mumbai,8.49,4,Startup,0.21,47,83,0.45,10000,0,1,1,112000
STU-2026-09834,Engineering,D,Bengaluru,6.58,0,None,0.0,33,91,0.4,10000,0,0,0,30000
STU-2026-09835,Engineering,C,Hyderabad,5.84,0,None,0.0,74,56,0.51,10000,0,0,0,0
STU-2026-09836,Engineering,C,Bengaluru,8.13,0,None,0.0,32,65,0.58,30000,0,0,1,58000
STU-2026-09837,Nursing,D,Bengaluru,4.72,4,Startup,0.21,28,53,0.58,15000,0,0,0,15000
STU-2026-09838,MBA,B,Chennai,7.87,0,None,0.0,51,82,0.6,25000,0,0,1,80000
STU-2026-09839,MBA,C,Delhi NCR,5.19,0,None,0.0,9,65,0.57,25000,0,0,0,0
STU-2026-09840,MBA,D,Hyderabad,6.62,4,SME,0.15,38,68,0.43,20000,0,0,0,48000
STU-2026-09841,MBA,D,Chennai,5.18,2,Startup,0.105,13,82,0.76,30000,0,0,0,31000
STU-2026-09842,Nursing,D,Chennai,7.04,0,None,0.0,74,57,0.55,10000,0,0,0,19000
STU-2026-09843,Nursing,B,Bengaluru,8.35,4,SME,0.15,65,40,0.6,30000,0,1,1,56000
STU-2026-09844,Nursing,B,Mumbai,9.1,1,MNC,0.075,49,84,0.73,25000,0,1,1,51000
STU-2026-09845,Nursing,D,Mumbai,8.12,4,MNC,0.3,54,84,0.64,20000,0,0,1,36000
STU-2026-09846,Nursing,C,Hyderabad,6.37,0,None,0.0,50,67,0.63,30000,0,0,0,24000
STU-2026-09847,MBA,A,Delhi NCR,8.67,3,Startup,0.157,68,64,0.74,10000,0,1,1,137000
STU-2026-09848,MBA,A,Bengaluru,8.57,5,Startup,0.263,61,89,0.76,15000,0,1,1,92000
STU-2026-09849,MBA,A,Pune,7.81,2,MNC,0.15,40,63,0.78,30000,1,1,1,99000
STU-2026-09850,MBA,C,Chennai,7.07,0,None,0.0,45,75,0.46,20000,0,0,1,57000
STU-2026-09851,Engineering,A,Hyderabad,7.82,4,MNC,0.3,85,48,0.43,20000,0,1,1,111000
STU-2026-09852,Nursing,B,Hyderabad,7.34,2,SME,0.075,82,60,0.72,20000,0,1,1,56000
STU-2026-09853,MBA,A,Hyderabad,6.78,1,Startup,0.052,50,56,0.68,30000,0,1,1,87000
STU-2026-09854,Engineering,B,Mumbai,8.1,2,Startup,0.105,89,75,0.67,25000,0,0,1,82000
STU-2026-09855,Nursing,A,Mumbai,7.96,0,None,0.0,100,57,0.65,15000,0,1,1,38000
STU-2026-09856,MBA,B,Mumbai,9.28,6,MNC,0.45,75,48,0.64,15000,0,1,1,122000
STU-2026-09857,Nursing,C,Chennai,6.08,3,SME,0.113,38,83,0.68,10000,0,0,1,30000
STU-2026-09858,Nursing,B,Hyderabad,7.37,1,Startup,0.052,41,69,0.53,15000,0,0,1,28000
STU-2026-09859,Engineering,B,Mumbai,7.09,2,Startup,0.105,76,88,0.64,30000,0,0,1,57000
STU-2026-09860,Engineering,B,Bengaluru,6.35,5,SME,0.188,98,64,0.55,20000,0,1,1,56000
STU-2026-09861,Engineering,A,Chennai,9.06,0,None,0.0,38,71,0.65,15000,0,0,1,84000
STU-2026-09862,Nursing,D,Chennai,6.06,0,None,0.0,41,65,0.63,15000,0,0,0,24000
STU-2026-09863,Nursing,D,Hyderabad,9.33,0,None,0.0,2,70,0.71,30000,0,0,0,33000
STU-2026-09864,MBA,D,Pune,6.34,2,MNC,0.15,15,55,0.35,25000,0,0,0,43000
STU-2026-09865,Engineering,C,Bengaluru,5.66,0,None,0.0,33,48,0.65,25000,0,0,0,36000
STU-2026-09866,MBA,C,Mumbai,6.41,0,None,0.0,15,62,0.75,20000,0,0,1,35000
STU-2026-09867,Nursing,D,Delhi NCR,7.89,0,None,0.0,12,59,0.62,15000,0,0,1,24000
STU-2026-09868,Engineering,D,Bengaluru,7.53,4,SME,0.15,70,81,0.5,10000,0,0,1,45000
STU-2026-09869,MBA,C,Hyderabad,8.66,1,SME,0.037,8,75,0.67,30000,0,0,0,74000
STU-2026-09870,Nursing,D,Bengaluru,9.34,0,None,0.0,57,78,0.52,30000,0,0,1,29000
STU-2026-09871,Nursing,A,Mumbai,7.49,1,SME,0.037,55,75,0.51,20000,0,0,1,63000
STU-2026-09872,Engineering,B,Hyderabad,5.38,0,None,0.0,79,73,0.62,20000,0,0,1,46000
STU-2026-09873,Engineering,A,Mumbai,8.69,6,Startup,0.315,66,70,0.54,30000,0,1,1,124000
STU-2026-09874,MBA,B,Bengaluru,7.89,0,None,0.0,63,50,0.33,20000,0,0,1,53000
STU-2026-09875,Engineering,D,Delhi NCR,7.18,3,MNC,0.225,89,75,0.56,20000,0,0,1,37000
STU-2026-09876,MBA,B,Bengaluru,7.46,5,MNC,0.375,81,72,0.57,30000,0,1,1,116000
STU-2026-09877,Nursing,A,Bengaluru,8.45,3,SME,0.113,64,45,0.46,20000,0,0,1,70000
STU-2026-09878,Engineering,D,Mumbai,5.8,5,MNC,0.375,28,57,0.52,25000,0,0,0,38000
STU-2026-09879,Engineering,C,Mumbai,7.64,5,Startup,0.263,42,75,0.65,10000,0,0,1,62000
STU-2026-09880,Nursing,D,Bengaluru,8.23,0,None,0.0,79,41,0.65,30000,0,0,0,34000
STU-2026-09881,Engineering,B,Pune,7.57,0,None,0.0,66,72,0.62,20000,0,1,1,67000
STU-2026-09882,MBA,C,Mumbai,8.73,0,None,0.0,35,38,0.67,25000,0,0,0,59000
STU-2026-09883,MBA,B,Bengaluru,7.44,6,Startup,0.315,60,80,0.51,30000,0,1,1,88000
STU-2026-09884,MBA,A,Chennai,10.0,3,SME,0.113,28,72,0.66,15000,0,1,1,131000
STU-2026-09885,Nursing,C,Mumbai,8.39,2,Startup,0.105,61,58,0.45,25000,0,0,1,42000
STU-2026-09886,Nursing,A,Mumbai,8.66,3,SME,0.113,57,83,0.76,25000,1,1,1,65000
STU-2026-09887,MBA,C,Pune,9.8,0,None,0.0,56,49,0.64,15000,0,0,1,69000
STU-2026-09888,Engineering,A,Mumbai,8.04,2,SME,0.075,74,81,0.54,10000,0,1,1,81000
STU-2026-09889,MBA,C,Chennai,6.59,0,None,0.0,62,88,0.58,10000,0,0,1,50000
STU-2026-09890,Nursing,C,Hyderabad,6.96,0,None,0.0,87,75,0.59,10000,0,0,1,24000
STU-2026-09891,Engineering,A,Delhi NCR,8.02,2,MNC,0.15,65,81,0.62,20000,0,1,1,82000
STU-2026-09892,Engineering,C,Chennai,6.28,4,SME,0.15,46,51,0.74,15000,0,0,1,43000
STU-2026-09893,Nursing,A,Mumbai,8.06,1,SME,0.037,31,71,0.67,10000,0,1,1,75000
STU-2026-09894,Engineering,B,Delhi NCR,7.44,1,Startup,0.052,74,68,0.64,25000,0,1,1,49000
STU-2026-09895,MBA,D,Mumbai,7.58,0,None,0.0,66,100,0.61,10000,0,0,0,32000
STU-2026-09896,MBA,B,Pune,6.61,6,SME,0.225,86,100,0.56,30000,0,1,1,46000
STU-2026-09897,MBA,D,Hyderabad,7.58,4,MNC,0.3,43,66,0.5,30000,0,0,1,45000
STU-2026-09898,Engineering,B,Hyderabad,6.64,4,SME,0.15,35,55,0.48,25000,0,0,1,47000
STU-2026-09899,Nursing,A,Delhi NCR,8.16,1,SME,0.037,38,54,0.49,20000,0,1,1,64000
STU-2026-09900,MBA,B,Mumbai,6.75,5,MNC,0.375,40,50,0.53,15000,0,0,1,81000
STU-2026-09901,Nursing,B,Mumbai,6.79,6,MNC,0.45,44,89,0.58,20000,0,1,1,65000
STU-2026-09902,Nursing,B,Delhi NCR,6.14,1,SME,0.037,50,47,0.61,20000,0,0,1,23000
STU-2026-09903,Nursing,B,Mumbai,8.36,3,Startup,0.157,66,71,0.48,25000,0,1,1,68000
STU-2026-09904,Nursing,D,Hyderabad,6.31,3,MNC,0.225,32,70,0.56,20000,0,0,0,31000
STU-2026-09905,Nursing,D,Bengaluru,6.72,0,None,0.0,47,100,0.75,10000,0,0,0,29000
STU-2026-09906,Engineering,A,Hyderabad,9.3,5,SME,0.188,90,61,0.62,30000,0,1,1,116000
STU-2026-09907,Engineering,B,Delhi NCR,9.25,1,Startup,0.052,63,44,0.56,10000,0,0,1,92000
STU-2026-09908,Nursing,C,Mumbai,5.82,2,SME,0.075,30,64,0.76,10000,0,0,1,29000
STU-2026-09909,Engineering,A,Pune,8.39,4,MNC,0.3,64,71,0.81,25000,0,1,1,66000
STU-2026-09910,Engineering,D,Chennai,7.33,4,SME,0.15,75,73,0.4,25000,0,0,1,32000
STU-2026-09911,Nursing,C,Pune,5.26,0,None,0.0,16,46,0.62,30000,0,0,0,0
STU-2026-09912,Nursing,B,Chennai,6.17,5,SME,0.188,100,62,0.61,25000,0,1,1,45000
STU-2026-09913,Engineering,C,Hyderabad,9.09,1,SME,0.037,23,86,0.65,10000,0,1,1,61000
STU-2026-09914,Nursing,D,Hyderabad,5.87,0,None,0.0,100,36,0.51,15000,0,0,1,21000
STU-2026-09915,Engineering,C,Delhi NCR,6.96,1,Startup,0.052,58,57,0.68,20000,0,0,1,51000
STU-2026-09916,MBA,B,Delhi NCR,7.2,4,MNC,0.3,69,80,0.69,10000,0,1,1,83000
STU-2026-09917,Engineering,D,Bengaluru,5.87,4,MNC,0.3,52,42,0.63,10000,0,0,1,45000
STU-2026-09918,Nursing,A,Pune,7.67,0,None,0.0,64,72,0.49,20000,0,1,1,47000
STU-2026-09919,Nursing,C,Mumbai,7.96,0,None,0.0,55,76,0.54,15000,0,0,1,29000
STU-2026-09920,Engineering,A,Hyderabad,8.24,0,None,0.0,37,67,0.73,25000,0,1,1,73000
STU-2026-09921,Engineering,D,Pune,6.17,5,Startup,0.263,31,57,0.63,15000,0,0,1,33000
STU-2026-09922,MBA,B,Mumbai,9.43,3,SME,0.113,60,75,0.63,30000,0,0,1,104000
STU-2026-09923,Engineering,C,Hyderabad,4.0,6,SME,0.225,45,72,0.45,10000,0,0,0,27000
STU-2026-09924,MBA,D,Mumbai,6.62,3,SME,0.113,36,61,0.61,25000,0,0,1,41000
STU-2026-09925,Engineering,B,Pune,7.45,3,Startup,0.157,73,100,0.58,20000,0,0,1,55000
STU-2026-09926,Engineering,D,Delhi NCR,7.52,0,None,0.0,78,56,0.6,25000,0,0,1,30000
STU-2026-09927,MBA,A,Delhi NCR,9.43,1,MNC,0.075,83,75,0.56,10000,1,1,1,140000
STU-2026-09928,Engineering,A,Pune,7.85,0,None,0.0,79,76,0.43,30000,0,0,1,65000
STU-2026-09929,Nursing,A,Chennai,9.02,5,SME,0.188,46,79,0.82,15000,1,1,1,77000
STU-2026-09930,MBA,D,Pune,5.91,2,Startup,0.105,32,55,0.49,15000,0,0,0,40000
STU-2026-09931,MBA,C,Bengaluru,6.17,0,None,0.0,34,77,0.67,25000,0,0,0,33000
STU-2026-09932,Engineering,C,Mumbai,6.34,2,MNC,0.15,12,83,0.55,20000,0,0,1,39000
STU-2026-09933,Nursing,C,Hyderabad,7.17,0,None,0.0,23,77,0.65,30000,0,0,1,30000
STU-2026-09934,MBA,A,Hyderabad,9.22,6,SME,0.225,66,60,0.54,30000,0,1,1,173000
STU-2026-09935,Nursing,B,Mumbai,6.38,2,Startup,0.105,75,48,0.54,15000,0,0,1,34000
STU-2026-09936,Engineering,D,Hyderabad,8.56,0,None,0.0,55,52,0.67,15000,0,0,0,39000
STU-2026-09937,Engineering,A,Mumbai,8.9,2,SME,0.075,74,69,0.57,30000,0,1,1,101000
STU-2026-09938,Nursing,B,Mumbai,8.3,3,MNC,0.225,100,63,0.68,10000,0,1,1,53000
STU-2026-09939,Engineering,D,Pune,7.67,0,None,0.0,20,74,0.58,20000,0,0,1,38000
STU-2026-09940,Nursing,A,Mumbai,7.78,1,Startup,0.052,60,68,0.49,25000,0,1,1,58000
STU-2026-09941,MBA,A,Bengaluru,7.3,4,SME,0.15,44,66,0.61,25000,0,0,1,127000
STU-2026-09942,Engineering,A,Hyderabad,8.69,1,MNC,0.075,58,52,0.58,25000,0,1,1,81000
STU-2026-09943,Nursing,A,Delhi NCR,7.27,4,SME,0.15,75,65,0.69,10000,0,1,1,72000
STU-2026-09944,Nursing,A,Hyderabad,8.77,5,Startup,0.263,69,88,0.61,20000,0,1,1,68000
STU-2026-09945,Nursing,B,Pune,6.85,0,None,0.0,75,64,0.62,30000,0,0,1,39000
STU-2026-09946,MBA,A,Pune,6.37,4,Startup,0.21,36,96,0.63,25000,0,0,1,100000
STU-2026-09947,Engineering,D,Chennai,8.96,0,None,0.0,47,71,0.42,15000,0,0,1,31000
STU-2026-09948,Nursing,D,Chennai,5.33,5,SME,0.188,4,96,0.67,20000,0,0,1,17000
STU-2026-09949,Nursing,B,Chennai,7.69,1,Startup,0.052,40,56,0.65,20000,0,0,1,47000
STU-2026-09950,Nursing,D,Hyderabad,5.29,1,SME,0.037,43,75,0.53,20000,0,0,0,14000
STU-2026-09951,Engineering,B,Delhi NCR,5.34,2,Startup,0.105,100,73,0.56,25000,0,1,1,38000
STU-2026-09952,Engineering,C,Mumbai,6.93,4,Startup,0.21,68,53,0.55,20000,0,0,1,54000
STU-2026-09953,Engineering,C,Pune,7.05,0,None,0.0,69,83,0.57,20000,0,0,1,43000
STU-2026-09954,Nursing,A,Hyderabad,8.79,6,SME,0.225,89,54,0.41,30000,0,1,1,89000
STU-2026-09955,Nursing,D,Pune,7.3,5,SME,0.188,26,66,0.52,20000,0,0,1,27000
STU-2026-09956,Engineering,A,Bengaluru,9.51,1,SME,0.037,86,81,0.6,15000,1,1,1,103000
STU-2026-09957,Nursing,D,Mumbai,6.99,0,None,0.0,0,74,0.47,20000,0,0,0,25000
STU-2026-09958,Nursing,A,Delhi NCR,7.48,1,MNC,0.075,70,86,0.51,15000,0,1,1,50000
STU-2026-09959,MBA,C,Bengaluru,5.4,6,MNC,0.45,48,81,0.45,30000,0,1,1,52000
STU-2026-09960,Nursing,A,Delhi NCR,8.37,0,None,0.0,49,66,0.75,25000,0,1,1,49000
STU-2026-09961,Engineering,C,Pune,6.12,6,SME,0.225,100,64,0.64,15000,0,1,1,48000
STU-2026-09962,MBA,D,Bengaluru,4.0,0,None,0.0,48,96,0.6,15000,0,0,0,0
STU-2026-09963,MBA,B,Bengaluru,6.48,0,None,0.0,56,80,0.89,30000,0,0,1,65000
STU-2026-09964,Engineering,B,Delhi NCR,5.96,3,Startup,0.157,26,63,0.64,25000,0,0,1,52000
STU-2026-09965,Nursing,C,Bengaluru,6.47,2,MNC,0.15,39,66,0.47,10000,0,0,0,38000
STU-2026-09966,Nursing,C,Delhi NCR,5.81,4,SME,0.15,34,88,0.57,25000,0,0,1,25000
STU-2026-09967,Engineering,D,Pune,8.67,6,MNC,0.45,46,70,0.58,10000,0,1,1,60000
STU-2026-09968,MBA,A,Hyderabad,5.64,6,SME,0.225,51,75,0.5,30000,0,0,1,84000
STU-2026-09969,Nursing,C,Pune,8.71,0,None,0.0,55,75,0.48,10000,0,0,1,42000
STU-2026-09970,MBA,A,Hyderabad,8.73,1,MNC,0.075,32,91,0.51,10000,0,1,1,170000
STU-2026-09971,Engineering,C,Pune,6.3,2,Startup,0.105,44,62,0.62,25000,0,0,1,39000
STU-2026-09972,Nursing,D,Bengaluru,6.45,0,None,0.0,68,51,0.61,30000,0,0,0,21000
STU-2026-09973,Engineering,B,Hyderabad,6.61,0,None,0.0,31,37,0.55,25000,0,0,1,55000
STU-2026-09974,Nursing,C,Delhi NCR,5.2,0,None,0.0,44,78,0.64,10000,0,0,1,15000
STU-2026-09975,MBA,C,Delhi NCR,6.66,0,None,0.0,38,78,0.74,25000,0,0,1,45000
STU-2026-09976,MBA,B,Mumbai,7.63,3,SME,0.113,60,76,0.65,25000,0,1,1,85000
STU-2026-09977,Engineering,D,Delhi NCR,6.54,0,None,0.0,4,53,0.37,15000,0,0,0,36000
STU-2026-09978,Engineering,B,Mumbai,8.53,5,SME,0.188,56,85,0.69,15000,0,0,1,66000
STU-2026-09979,Nursing,B,Hyderabad,8.04,3,MNC,0.225,50,59,0.68,25000,0,0,1,75000
STU-2026-09980,Engineering,A,Chennai,9.48,4,SME,0.15,56,89,0.62,25000,0,1,1,145000
STU-2026-09981,Nursing,A,Chennai,8.51,1,SME,0.037,42,77,0.77,15000,0,1,1,70000
STU-2026-09982,Engineering,C,Hyderabad,6.44,2,MNC,0.15,49,55,0.52,15000,0,0,1,43000
STU-2026-09983,Nursing,D,Pune,8.13,4,Startup,0.21,36,82,0.56,25000,0,0,1,40000
STU-2026-09984,Nursing,C,Pune,6.66,0,None,0.0,49,61,0.66,30000,0,0,0,0
STU-2026-09985,MBA,B,Bengaluru,5.87,3,SME,0.113,71,45,0.55,20000,0,1,1,68000
STU-2026-09986,Engineering,D,Chennai,9.67,5,SME,0.188,42,69,0.6,30000,0,0,1,51000
STU-2026-09987,Nursing,A,Pune,7.19,4,SME,0.15,83,81,0.48,20000,0,1,1,68000
STU-2026-09988,MBA,C,Hyderabad,7.13,0,None,0.0,14,71,0.66,25000,0,0,1,64000
STU-2026-09989,Nursing,C,Pune,7.1,3,MNC,0.225,9,54,0.73,30000,0,0,1,37000
STU-2026-09990,Engineering,C,Bengaluru,7.26,0,None,0.0,42,66,0.45,15000,0,0,1,53000
STU-2026-09991,MBA,D,Hyderabad,7.0,6,SME,0.225,32,64,0.65,30000,0,0,1,53000
STU-2026-09992,MBA,A,Pune,6.7,2,SME,0.075,95,82,0.58,30000,0,1,1,86000
STU-2026-09993,MBA,B,Delhi NCR,8.36,0,None,0.0,20,78,0.63,30000,0,0,1,64000
STU-2026-09994,MBA,D,Hyderabad,4.76,0,None,0.0,96,72,0.79,20000,0,0,1,28000
STU-2026-09995,Nursing,A,Delhi NCR,8.39,4,SME,0.15,82,88,0.65,25000,1,1,1,87000
STU-2026-09996,MBA,C,Pune,7.2,2,SME,0.075,25,77,0.53,25000,0,0,1,59000
STU-2026-09997,Nursing,A,Mumbai,8.14,0,None,0.0,86,60,0.39,30000,0,1,1,63000
STU-2026-09998,Nursing,D,Bengaluru,6.91,0,None,0.0,20,42,0.52,30000,0,0,0,23000
STU-2026-09999,MBA,A,Pune,7.93,5,SME,0.188,26,97,0.59,25000,1,1,1,128000
